PROP_ID,location,AREA,PRICE,BEDROOM_NUM,MIN_AREA_SQFT,MAX_AREA_SQFT,AMENITIES,AGE,FLOOR_NUM,TOTAL_FLOOR,BALCONY_NUM,TOTAL_LANDMARK_COUNT,REGISTERED_DAYS,PROPERTY_TYPE,FURNISH,FACING,VERIFIED,LAT,LNG
Z70135726,unknown,unknown,6925000.0,2.0,1215.0,1215.0,,0.0,2.0,5.0,1.0,9.0,30.0,flat,semi-furnished,west,0,17.575957,78.471167
O68605880,unknown,unknown,9000000.0,3.0,1658.0,1658.0,,12.0,9.0,30.0,3.0,17.0,60.0,flat,furnished,east,0,17.4664197,78.285342
J70589382,unknown,unknown,55000000.0,3.0,3609.0,3609.0,,20.0,0.0,1.0,1.0,15.0,21.0,villa,semi-furnished,west,0,17.43411,78.202315
L70486922,unknown,unknown,6000000.0,2.0,1190.0,1190.0,,2.5,4.0,4.0,2.0,50.0,21.0,flat,furnished,unknown,1,17.330779,78.547919
L67639676,unknown,unknown,4500000.0,2.0,565.0,565.0,,7.5,1.0,2.0,1.0,49.0,30.0,house,furnished,south,0,17.4044157,78.5105026
O70292194,unknown,unknown,5750000.0,2.0,1205.0,1205.0,,0.0,4.0,5.0,1.0,9.0,30.0,flat,semi-furnished,east,0,17.442022,78.650225
H68852068,unknown,unknown,10500000.0,2.0,1685.0,1685.0,,2.5,2.0,5.0,3.0,37.0,90.0,flat,semi-furnished,east,1,17.388287,78.370072
L70154648,unknown,unknown,21100000.0,2.0,1746.0,1746.0,,7.5,0.0,1.0,0.0,50.0,30.0,villa,unfurnished,north,1,17.43604,78.5746
I70486924,unknown,unknown,49000000.0,7.0,2403.0,2403.0,,0.0,2.0,3.0,4.0,46.0,21.0,villa,furnished,west,1,17.4769491,78.5598292
C69164030,chandanagar,chandanagar,8200000.0,3.0,1325.0,1325.0,,7.5,3.0,4.0,2.0,47.0,90.0,flat,semi-furnished,east,0,17.49182,78.32617
X67304012,kondapur,kondapur,13600000.000000002,2.0,1433.0,1433.0,,12.0,13.0,22.0,2.0,15.0,28.0,flat,unfurnished,east,0,17.4838748,78.3078633
Y68733022,ramachandrapuram,ramachandrapuram,33000000.0,2.0,2034.0,2034.0,,7.5,0.0,,0.0,43.0,90.0,villa,unfurnished,unknown,0,17.519291,78.306542
X70195614,unknown,unknown,55000000.0,5.0,4000.0,4000.0,,7.5,2.0,3.0,2.0,47.0,21.0,villa,semi-furnished,north,1,17.491639,78.55049
A70165738,vasanthapuri colony,vasanthapuri colony,14500000.0,2.0,1764.0,1764.0,,7.5,0.0,1.0,0.0,50.0,30.0,villa,semi-furnished,south,1,17.4472745,78.5413355
X70527162,unknown,unknown,52000000.0,6.0,2250.0,2250.0,,0.0,1.0,2.0,1.0,50.0,21.0,villa,furnished,unknown,0,17.3761525,78.5462098
B69752348,saidabad,saidabad,9450000.0,3.0,1536.0,1536.0,,2.5,4.0,5.0,2.0,0.0,30.0,house,semi-furnished,north,1,,
E70251248,unknown,unknown,12000000.0,3.0,1770.0,1770.0,,0.0,3.0,5.0,2.0,17.0,30.0,flat,unfurnished,unknown,1,17.391267,78.355303
K69001786,unknown,unknown,31800000.0,2.0,2862.0,2862.0,,7.5,0.0,1.0,0.0,49.0,90.0,villa,semi-furnished,south,1,17.3447337,78.5182911
T69020844,unknown,unknown,23500000.0,10.0,1800.0,1800.0,,2.5,1.0,2.0,2.0,17.0,90.0,villa,semi-furnished,unknown,1,17.311940823733476,78.47302608769566
U70253934,unknown,unknown,7400000.0,2.0,1312.0,1312.0,,20.0,3.0,5.0,1.0,0.0,28.0,flat,semi-furnished,west,1,,
P69087720,gowlidoddy,gowlidoddy,7000000.0,2.0,1200.0,1200.0,,0.0,2.0,5.0,2.0,29.0,30.0,flat,semi-furnished,east,1,17.427296,78.325424
P70032258,unknown,unknown,22000000.0,3.0,1600.0,1600.0,,20.0,1.0,2.0,2.0,15.0,30.0,villa,semi-furnished,east,0,17.178249,78.481973
E69040910,haripuri colony,haripuri colony,10000000.0,3.0,1652.0,1652.0,,12.0,2.0,2.0,0.0,48.0,90.0,flat,semi-furnished,unknown,0,17.361493,78.550751
D70845120,unknown,unknown,6000000.0,3.0,1765.0,1765.0,,7.5,4.0,5.0,1.0,33.0,,flat,semi-furnished,north,0,17.349841,78.419243
F70104886,unknown,unknown,6400000.0,2.0,1150.0,1150.0,,2.5,4.0,4.0,1.0,50.0,30.0,flat,semi-furnished,unknown,1,17.509181,78.3521088
R70782184,unknown,unknown,17000000.0,3.0,2270.0,2270.0,,0.0,5.0,5.0,2.0,50.0,7.0,flat,furnished,east,0,17.4011618,78.37569
X68240850,vikarabad,vikarabad,6200000.0,2.0,1647.0,1647.0,,20.0,1.0,2.0,2.0,49.0,60.0,villa,semi-furnished,east,0,17.33671,77.9044
T70704020,unknown,unknown,28000000.0,3.0,2400.0,2400.0,,7.5,1.0,2.0,1.0,50.0,,villa,semi-furnished,north-east,1,17.516967,78.379773
C69255432,bhel,bhel,30000000.0,3.0,2700.0,2700.0,,7.5,0.0,1.0,1.0,50.0,5.0,villa,semi-furnished,unknown,1,17.495438,78.2960172
H66055656,unknown,unknown,7000000.0,3.0,1530.0,1530.0,,12.0,3.0,4.0,2.0,3.0,14.0,flat,semi-furnished,north-east,0,17.20869,78.47603
T67560280,unknown,unknown,8800000.0,2.0,1134.0,1134.0,,7.5,0.0,1.0,0.0,50.0,30.0,villa,semi-furnished,unknown,1,17.324113,78.5519
O69826972,manikonda,manikonda,7500000.0,3.0,1475.0,1475.0,,7.5,1.0,4.0,2.0,50.0,60.0,flat,semi-furnished,north,1,17.4011618,78.37569
E69511338,unknown,unknown,8500000.0,6.0,567.0,567.0,,7.5,2.0,3.0,2.0,50.0,60.0,villa,semi-furnished,unknown,1,17.42761,78.5054
S69137150,unknown,unknown,75000000.0,4.0,4500.0,4500.0,,7.5,2.0,3.0,3.0,50.0,60.0,villa,furnished,east,1,17.4760126,78.4737003
X68950712,unknown,unknown,35000000.0,5.0,1980.0,1980.0,,2.5,1.0,2.0,1.0,47.0,90.0,villa,unfurnished,unknown,0,17.48718,78.5786
W68358280,unknown,unknown,16900000.0,3.0,2600.0,2600.0,,12.0,12.0,40.0,1.0,25.0,120.0,flat,semi-furnished,unknown,0,17.3923634,78.3621784
T69412044,unknown,unknown,20000000.0,3.0,2200.0,2200.0,,20.0,2.0,4.0,4.0,50.0,60.0,flat,semi-furnished,north-east,0,17.374194,78.553525
E59935034,unknown,unknown,17500000.0,4.0,1215.0,1215.0,,0.0,1.0,2.0,2.0,47.0,30.0,villa,semi-furnished,west,1,17.49479,78.39964
M69038394,unknown,unknown,35000000.0,5.0,2700.0,2700.0,,20.0,0.0,1.0,4.0,46.0,7.0,villa,unfurnished,unknown,1,17.4876857,78.5483395
F69495770,osman nagar,osman nagar,22500000.0,3.0,2350.0,2350.0,,2.5,0.0,1.0,3.0,1.0,30.0,flat,furnished,unknown,1,17.442791,78.278282
M64851662,bandlaguda jagir,bandlaguda jagir,9792000.0,2.0,1440.0,1440.0,,12.0,8.0,15.0,1.0,11.0,120.0,flat,semi-furnished,east,0,17.311940823733476,78.47302608769566
C68497634,gowdavalli,gowdavalli,33000000.0,4.0,4310.0,4310.0,,12.0,0.0,1.0,3.0,6.0,120.0,villa,unfurnished,east,0,17.611834,78.465146
U69981340,unknown,unknown,7000000.0,3.0,1475.0,1475.0,,7.5,2.0,4.0,2.0,50.0,30.0,flat,furnished,unknown,1,17.5139295,78.3850518
Q59657036,unknown,unknown,7000000.0,2.0,1160.0,1160.0,,20.0,3.0,5.0,2.0,8.0,30.0,flat,semi-furnished,east,1,17.5468498,78.3650231
C70888390,unknown,unknown,13500000.0,3.0,1611.0,1611.0,,7.5,1.0,2.0,1.0,50.0,5.0,villa,unfurnished,unknown,0,17.4930942,78.5036065
Y68428578,aminpur,aminpur,6700000.0,3.0,1039.0,1039.0,,12.0,4.0,13.0,1.0,50.0,7.0,flat,unfurnished,east,0,17.517266,78.315699
S67613742,unknown,unknown,17800000.0,3.0,1923.0,1923.0,,7.5,7.0,30.0,1.0,50.0,14.0,flat,furnished,unknown,1,17.408229,78.374398
D70454790,sanath nagar,sanath nagar,16000000.0,3.0,1645.0,1645.0,,7.5,3.0,5.0,2.0,50.0,5.0,flat,furnished,north-east,0,17.456088,78.435077
Q69645956,lecturers colony,lecturers colony,15000000.0,2.0,1440.0,1440.0,,12.0,1.0,2.0,1.0,50.0,14.0,villa,semi-furnished,unknown,0,17.333085,78.59372
G68700538,unknown,unknown,12500000.0,3.0,1600.0,1600.0,,20.0,1.0,5.0,2.0,8.0,120.0,flat,semi-furnished,east,1,17.3697735,78.5618265
Z67081250,unknown,unknown,17500000.0,3.0,2700.0,2700.0,,12.0,2.0,3.0,1.0,1.0,180.0,villa,semi-furnished,east,0,17.41821,78.29459
Z69064706,unknown,unknown,15500000.0,4.0,1350.0,1350.0,,12.0,1.0,2.0,1.0,6.0,60.0,villa,semi-furnished,east,0,17.529701,78.333031
T69224052,unknown,unknown,21000000.0,3.0,1993.0,1993.0,,0.0,9.0,35.0,1.0,10.0,90.0,flat,furnished,east,0,17.41341,78.339447
Y63791854,unknown,unknown,40000000.0,4.0,9360.0,9360.0,,0.0,1.0,2.0,2.0,0.0,60.0,house,semi-furnished,east,0,17.3423568,78.3011735
N69115044,unknown,unknown,15000000.0,2.0,1125.0,1125.0,,7.5,0.0,1.0,2.0,49.0,90.0,villa,semi-furnished,east,1,17.49565,78.466262
A69661186,unknown,unknown,9600000.0,3.0,1248.0,1248.0,,7.5,4.0,4.0,2.0,50.0,60.0,flat,semi-furnished,east,1,17.3964311,78.4815879
I66377216,unknown,unknown,63000000.0,4.0,2871.0,2871.0,,0.0,2.0,3.0,3.0,11.0,60.0,villa,semi-furnished,west,0,17.453581,78.291189
K68312936,unknown,unknown,70000000.0,2.0,3114.0,3114.0,,7.5,1.0,2.0,2.0,50.0,30.0,villa,semi-furnished,unknown,1,17.4106,78.46241
Q69959424,sainikpuri,sainikpuri,139000000.0,3.0,11205.0,11205.0,,7.5,0.0,1.0,4.0,47.0,30.0,villa,semi-furnished,north-east,1,17.4891865,78.5420732
Z69900422,unknown,unknown,12500000.0,3.0,1525.0,1525.0,,20.0,2.0,5.0,2.0,33.0,21.0,flat,furnished,west,1,17.406421,78.616398
F68989936,ameerpet,ameerpet,23500000.0,3.0,2249.0,2249.0,,20.0,9.0,11.0,2.0,15.0,90.0,flat,semi-furnished,west,0,17.43271,78.444297
R70137376,kollur,kollur,57500000.0,4.0,4255.0,4255.0,,12.0,2.0,3.0,3.0,0.0,30.0,villa,semi-furnished,west,0,17.448266,78.249577
T69840498,miyapur,miyapur,8400000.0,3.0,1526.0,1526.0,,7.5,2.0,5.0,3.0,20.0,30.0,flat,unfurnished,west,1,17.526992,78.344595
I68858486,unknown,unknown,13000000.0,3.0,3150.0,3150.0,,2.5,1.0,2.0,1.0,49.0,7.0,villa,semi-furnished,unknown,1,17.497983,78.459688
V69164044,unknown,unknown,18000000.0,4.0,2564.0,2564.0,,2.5,1.0,2.0,3.0,49.0,90.0,flat,furnished,unknown,0,17.505486,78.540761
E68579892,unknown,unknown,21000000.0,4.0,1620.0,1620.0,,0.0,1.0,2.0,1.0,50.0,90.0,villa,semi-furnished,east,1,17.536121,78.289779
O64665652,unknown,unknown,9500000.0,3.0,1530.0,1530.0,,12.0,3.0,5.0,2.0,46.0,90.0,flat,semi-furnished,east,0,17.483151,78.567007
S70534776,unknown,unknown,15000000.0,3.0,1945.0,1945.0,,0.0,3.0,5.0,2.0,49.0,7.0,flat,semi-furnished,east,1,17.465743,78.345041
E70193926,unknown,unknown,6500000.0,3.0,1550.0,1550.0,,7.5,3.0,5.0,2.0,50.0,30.0,flat,furnished,unknown,0,17.510933,78.533058
C69523960,shilpa hills,shilpa hills,31100000.0,3.0,2705.0,2705.0,,2.5,13.0,18.0,1.0,47.0,60.0,flat,furnished,west,1,17.463222,78.373772
E69386292,kompally,kompally,17000000.0,4.0,3000.0,3000.0,,2.5,1.0,2.0,2.0,37.0,28.0,villa,furnished,unknown,1,17.5386495,78.4803923
F68862282,unknown,unknown,38000000.0,3.0,2700.0,2700.0,,20.0,1.0,2.0,3.0,0.0,4.0,villa,semi-furnished,west,0,17.443354,78.182044
G68182512,unknown,unknown,9650000.0,3.0,1520.0,1520.0,,20.0,5.0,6.0,2.0,43.0,30.0,flat,unfurnished,west,0,17.519291,78.306542
N69132882,kompally,kompally,14900000.0,3.0,1820.0,1820.0,,20.0,3.0,9.0,1.0,10.0,90.0,flat,semi-furnished,east,0,17.538237,78.480804
K68543692,pedso 2,pedso 2,4800000.0,2.0,1040.0,1040.0,,2.5,1.0,5.0,1.0,33.0,120.0,flat,furnished,east,0,17.509831,78.542499
T69881530,unknown,unknown,16500000.0,3.0,1920.0,1920.0,,2.5,12.0,14.0,2.0,48.0,30.0,flat,furnished,west,1,17.42278,78.34724
K68218934,peerzadiguda,peerzadiguda,12500000.0,5.0,1506.0,1506.0,,7.5,1.0,2.0,2.0,33.0,90.0,villa,semi-furnished,north-east,1,17.406421,78.616398
O69566610,unknown,unknown,17600000.0,3.0,1725.0,1725.0,,0.0,6.0,12.0,1.0,0.0,60.0,flat,semi-furnished,west,0,,
R69506944,masab tank,masab tank,12500000.0,3.0,1500.0,1500.0,,7.5,2.0,4.0,1.0,49.0,60.0,flat,semi-furnished,unknown,1,17.3996648,78.4496168
Y70563288,kukatpally,kukatpally,7500000.0,3.0,200.0,200.0,,0.0,1.0,3.0,0.0,47.0,7.0,house,semi-furnished,unknown,0,17.4948,78.3996
T70141892,unknown,unknown,7400000.0,2.0,1230.0,1230.0,,2.5,4.0,5.0,2.0,47.0,21.0,flat,furnished,east,1,17.49479,78.39964
G68688720,vijayapuri colony,vijayapuri colony,14000000.0,2.0,1251.0,1251.0,,7.5,1.0,2.0,2.0,7.0,90.0,villa,furnished,south,1,17.4208136218379,78.6406221360118
N69617562,unknown,unknown,7100000.0,2.0,1145.0,1145.0,,12.0,3.0,5.0,2.0,9.0,60.0,flat,semi-furnished,east,0,17.5468498,78.3650231
W70166330,new maruthi nagar,new maruthi nagar,4800000.0,2.0,850.0,850.0,,7.5,1.0,3.0,1.0,50.0,14.0,flat,semi-furnished,north,0,17.377228,78.534817
M69962790,p&t colony,p&t colony,50000000.0,10.0,2000.0,2000.0,,2.5,2.0,3.0,3.0,39.0,30.0,villa,semi-furnished,south,0,17.357233,78.404825
V70308808,unknown,unknown,8500000.0,2.0,1185.0,1185.0,,20.0,4.0,8.0,1.0,8.0,2.0,flat,furnished,east,0,17.549696,78.478157
G70929570,barkatpura,barkatpura,9500000.0,2.0,750.0,750.0,,7.5,2.0,4.0,2.0,50.0,4.0,flat,furnished,north-east,0,17.3915153,78.4972145
Z67267722,manikonda,manikonda,80000000.0,4.0,3000.0,3000.0,,20.0,0.0,1.0,0.0,0.0,21.0,villa,furnished,unknown,0,,
A69246312,unknown,unknown,6000000.0,2.0,1420.0,1420.0,,7.5,3.0,4.0,3.0,50.0,60.0,flat,semi-furnished,east,1,17.448505,78.514838
B70440280,kukatpally,kukatpally,13000000.0,3.0,1800.0,1800.0,,2.5,3.0,15.0,2.0,47.0,14.0,flat,furnished,east,1,17.49479,78.39964
R70210716,unknown,unknown,11800000.0,3.0,1815.0,1815.0,,12.0,3.0,5.0,2.0,49.0,30.0,flat,unfurnished,east,0,17.349881,78.555418
G70147870,srinivasa colony,srinivasa colony,30000000.0,3.0,375.0,375.0,,7.5,0.0,1.0,0.0,50.0,30.0,villa,semi-furnished,unknown,1,17.412143,78.571477
V70080958,unknown,unknown,4900000.0,2.0,1000.0,1000.0,,7.5,2.0,4.0,2.0,47.0,30.0,flat,semi-furnished,east,1,17.367175,78.52609
Q59307880,unknown,unknown,7000000.0,2.0,1020.0,1020.0,,2.5,1.0,5.0,2.0,50.0,30.0,flat,furnished,unknown,1,17.36928,78.55331
J54275534,unknown,unknown,25000000.0,6.0,4200.0,4200.0,,2.5,2.0,3.0,2.0,50.0,90.0,villa,furnished,east,0,17.414894,78.55985
W69679638,nagole,nagole,4500000.0,1.0,540.0,540.0,,2.5,0.0,1.0,1.0,50.0,30.0,villa,unfurnished,unknown,1,17.3697735,78.5618265
O68822816,unknown,unknown,3800000.0,2.0,819.0,819.0,,7.5,1.0,4.0,1.0,49.0,90.0,flat,semi-furnished,unknown,0,17.38504,78.48667
E67753284,unknown,unknown,9700000.0,3.0,1525.0,1525.0,,20.0,7.0,15.0,1.0,15.0,7.0,flat,semi-furnished,east,1,17.568049,78.47042
X68079088,nallagandla,nallagandla,10900000.0,3.0,1754.0,1754.0,,12.0,13.0,14.0,2.0,11.0,150.0,flat,unfurnished,west,0,17.459904,78.306975
J69245166,unknown,unknown,17500000.0,3.0,1818.0,1818.0,,2.5,3.0,5.0,3.0,49.0,90.0,flat,furnished,east,0,17.456025,78.448549
H70138100,unknown,unknown,8000000.0,2.0,927.0,927.0,,2.5,5.0,5.0,2.0,48.0,30.0,flat,semi-furnished,unknown,0,17.419033,78.444699
L69789776,unknown,unknown,22500000.0,3.0,2385.0,2385.0,,20.0,8.0,15.0,4.0,49.0,60.0,flat,semi-furnished,east,1,17.407219,78.390645
K69973190,unknown,unknown,6500000.0,2.0,918.0,918.0,,12.0,5.0,10.0,1.0,4.0,30.0,flat,semi-furnished,unknown,0,17.520188,78.344915
M70265918,unknown,unknown,18600000.0,3.0,1695.0,1695.0,,0.0,16.0,31.0,1.0,15.0,30.0,flat,furnished,north,1,17.4223092,78.3512067
N66766374,unknown,unknown,23800000.0,4.0,1692.0,1692.0,,12.0,2.0,3.0,2.0,37.0,60.0,villa,semi-furnished,unknown,1,17.538237,78.480804
R66998550,unknown,unknown,8000000.0,2.0,5445.0,5445.0,,20.0,0.0,1.0,2.0,0.0,30.0,house,semi-furnished,unknown,0,17.42169,78.21842
S69853956,bachupally,bachupally,25000000.0,3.0,1800.0,1800.0,,0.0,1.0,2.0,1.0,0.0,30.0,villa,semi-furnished,west,1,,
L70400788,unknown,unknown,59500000.0,9.0,11000.0,11000.0,,0.0,2.0,5.0,1.0,49.0,30.0,villa,unfurnished,north,1,17.499527,78.4767399
Z67938154,pragathi nagar,pragathi nagar,6500000.0,4.0,1600.0,1600.0,,7.5,4.0,4.0,3.0,50.0,90.0,flat,furnished,unknown,1,17.5186369,78.3962529
Z65999992,unknown,unknown,5800000.0,2.0,1225.0,1225.0,,12.0,1.0,5.0,1.0,50.0,60.0,flat,semi-furnished,east,0,17.5203424,78.3970205
G70538418,migh colony,migh colony,9240000.0,3.0,1320.0,1320.0,,7.5,3.0,5.0,1.0,50.0,7.0,flat,furnished,west,0,17.425309,78.505037
X69383392,bachupally,bachupally,9255000.0,3.0,1353.0,1353.0,,12.0,17.0,33.0,1.0,15.0,60.0,flat,unfurnished,west,0,17.53969,78.3581
G67080818,unknown,unknown,8800000.0,3.0,1790.0,1790.0,,20.0,3.0,5.0,3.0,49.0,150.0,flat,semi-furnished,east,0,17.505811,78.539781
U70961086,unknown,unknown,25000000.0,3.0,2500.0,2500.0,,7.5,1.0,2.0,2.0,47.0,3.0,villa,furnished,unknown,0,17.427863,78.43395
P70101300,unknown,unknown,17000000.0,7.0,1080.0,1080.0,,12.0,2.0,3.0,1.0,50.0,30.0,villa,semi-furnished,west,0,17.52198,78.44962
F62875618,unknown,unknown,10500000.0,3.0,1680.0,1680.0,,0.0,5.0,5.0,1.0,5.0,30.0,flat,furnished,east,0,17.394129,78.358085
W70909222,gachibowli,gachibowli,13500000.0,3.0,1495.0,1495.0,,0.0,9.0,12.0,1.0,15.0,4.0,flat,unfurnished,east,0,17.4359437,78.3416731
J70499502,nagaram,nagaram,10200000.0,3.0,1725.0,1725.0,,12.0,1.0,4.0,2.0,27.0,14.0,flat,semi-furnished,east,0,17.485206408706663,78.60681438946276
N70289204,kokapet,kokapet,16200000.000000002,3.0,1905.0,1905.0,,12.0,35.0,35.0,2.0,7.0,14.0,flat,semi-furnished,east,0,17.395671,78.335513
P69949730,unknown,unknown,12200000.0,3.0,1683.0,1683.0,,7.5,1.0,10.0,2.0,50.0,30.0,flat,furnished,east,1,17.472876,78.310177
Q70244858,unknown,unknown,9000000.0,2.0,840.0,840.0,,12.0,5.0,5.0,1.0,50.0,30.0,flat,semi-furnished,east,0,17.36821,78.506278
U70696880,unknown,unknown,44000000.0,4.0,3800.0,3800.0,,12.0,1.0,2.0,2.0,5.0,14.0,villa,furnished,east,0,17.640228766466283,78.4828090954698
G70278470,unknown,unknown,10500000.0,3.0,1725.0,1725.0,,12.0,4.0,17.0,2.0,12.0,21.0,flat,semi-furnished,east,0,17.442196,78.280067
S70787420,unknown,unknown,19700000.0,3.0,2230.0,2230.0,,20.0,6.0,9.0,1.0,10.0,,flat,semi-furnished,west,0,17.5222,78.49005
U67086746,unknown,unknown,18500000.0,3.0,1650.0,1650.0,,0.0,1.0,2.0,2.0,10.0,14.0,villa,semi-furnished,west,0,17.55936,78.371912
A69864082,cherlapally,cherlapally,18000000.0,3.0,3258.0,3258.0,,7.5,0.0,1.0,1.0,43.0,30.0,villa,furnished,east,1,17.45723,78.58832
S69128264,isnapur,isnapur,2750000.0,1.0,625.0,625.0,,0.0,3.0,5.0,1.0,6.0,30.0,flat,semi-furnished,north-east,0,17.548606,78.210422
I70413442,manchirevula village,manchirevula village,7495000.0,3.0,1375.0,1375.0,,20.0,2.0,5.0,2.0,1.0,21.0,flat,semi-furnished,west,0,17.3673066,78.3443972
X63664278,unknown,unknown,7800000.0,2.0,1815.0,1815.0,,12.0,0.0,1.0,2.0,1.0,7.0,villa,semi-furnished,east,0,17.280656,78.635099
J69053896,ramachandrapuram,ramachandrapuram,27000000.0,6.0,6400.0,6400.0,,2.5,2.0,4.0,4.0,43.0,14.0,villa,semi-furnished,west,1,17.519291,78.306542
A70622832,unknown,unknown,18500000.0,4.0,200.0,200.0,,20.0,1.0,2.0,2.0,47.0,5.0,villa,semi-furnished,west,0,17.48718,78.5786
U69991082,unknown,unknown,11500000.0,3.0,1894.0,1894.0,,0.0,5.0,10.0,4.0,49.0,7.0,flat,semi-furnished,east,1,17.5133928,78.4672905
L60448322,unknown,unknown,32000000.0,5.0,1800.0,1800.0,,20.0,2.0,3.0,1.0,6.0,60.0,villa,semi-furnished,east,1,17.349758,78.360196
Y68700450,unknown,unknown,11000000.0,3.0,1525.0,1525.0,,20.0,7.0,14.0,1.0,15.0,60.0,flat,semi-furnished,unknown,1,17.5681507,78.4702537
Q70935182,unknown,unknown,10000000.0,2.0,1425.0,1425.0,,7.5,1.0,5.0,1.0,50.0,5.0,flat,semi-furnished,unknown,0,17.447717,78.503656
O68852932,shaikpet,shaikpet,19000000.0,3.0,2100.0,2100.0,,0.0,8.0,22.0,2.0,49.0,90.0,flat,semi-furnished,east,1,17.4059875,78.3908428
N69873164,nagole,nagole,14000000.0,6.0,3350.0,3350.0,,20.0,2.0,3.0,2.0,12.0,30.0,villa,semi-furnished,unknown,1,17.3704242,78.6035628
O70955214,nizampet,nizampet,29500000.0,4.0,1503.0,1503.0,,7.5,2.0,3.0,2.0,0.0,,villa,furnished,unknown,1,,
T70290020,unknown,unknown,8690000.0,3.0,1580.0,1580.0,,12.0,5.0,5.0,3.0,6.0,30.0,flat,semi-furnished,east,0,17.349758,78.360196
I69217542,unknown,unknown,15500000.0,2.0,1314.0,1314.0,,0.0,21.0,31.0,1.0,12.0,60.0,flat,semi-furnished,west,1,17.398775,78.355493
L69776464,bachupally,bachupally,6800000.0,2.0,1180.0,1180.0,,20.0,4.0,4.0,0.0,9.0,14.0,flat,semi-furnished,unknown,1,17.551816,78.3860695
C70273370,unknown,unknown,15100000.0,3.0,1686.0,1686.0,,0.0,3.0,5.0,2.0,15.0,21.0,flat,semi-furnished,west,1,17.507256,78.37092
J70560494,beeramguda,beeramguda,8500000.0,2.0,1126.0,1126.0,,2.5,0.0,1.0,1.0,50.0,,villa,furnished,north,0,17.5090182,78.3001801
H69310878,vaidehi nagar,vaidehi nagar,4600000.0,2.0,1160.0,1160.0,,2.5,4.0,4.0,2.0,50.0,60.0,flat,furnished,north-east,1,17.3209895023955,78.5715980869923
W48194055,unknown,unknown,5200000.0,2.0,1090.0,1090.0,,0.0,5.0,5.0,1.0,15.0,120.0,flat,semi-furnished,unknown,1,17.495165,78.442782
E69031400,anjanadri nagar,anjanadri nagar,6500000.0,2.0,1800.0,1800.0,,7.5,1.0,2.0,2.0,30.0,60.0,house,semi-furnished,west,0,17.3471456259219,78.6030086945502
M70831398,unknown,unknown,15000000.0,4.0,1980.0,1980.0,,7.5,1.0,2.0,1.0,50.0,3.0,villa,furnished,west,0,17.497737,78.501152
J70332504,unknown,unknown,9600000.0,3.0,1600.0,1600.0,,0.0,4.0,5.0,1.0,37.0,30.0,flat,unfurnished,north,0,17.388287,78.370072
L68544238,unknown,unknown,7250000.0,3.0,1367.0,1367.0,,12.0,7.0,20.0,2.0,11.0,30.0,flat,semi-furnished,unknown,0,17.529715,78.259844
J69904130,unknown,unknown,17900000.0,3.0,1965.0,1965.0,,20.0,23.0,30.0,2.0,12.0,30.0,flat,semi-furnished,west,1,17.45227,78.299843
X69662134,unknown,unknown,15500000.0,2.0,1290.0,1290.0,,20.0,14.0,24.0,1.0,12.0,30.0,flat,semi-furnished,east,0,17.45753,78.36247
B70020520,kondapur,kondapur,10200000.0,2.0,1121.0,1121.0,,0.0,3.0,6.0,2.0,49.0,30.0,flat,furnished,unknown,1,17.4609913,78.3532083
Q70944066,unknown,unknown,12500000.0,4.0,2715.0,2715.0,,12.0,4.0,15.0,2.0,0.0,,flat,semi-furnished,west,0,17.443354,78.182044
P70630544,unknown,unknown,8500000.0,3.0,1350.0,1350.0,,2.5,3.0,5.0,3.0,47.0,14.0,flat,unfurnished,unknown,1,17.503176,78.394379
W70511604,unknown,unknown,40000000.0,4.0,4100.0,4100.0,,7.5,5.0,5.0,0.0,48.0,14.0,flat,furnished,west,1,17.428113,78.436765
J70681720,unknown,unknown,4700000.0,2.0,1053.0,1053.0,,12.0,2.0,5.0,2.0,12.0,14.0,flat,semi-furnished,unknown,0,17.318429,78.451794
C70681422,unknown,unknown,6700000.0,3.0,1500.0,1500.0,,12.0,1.0,5.0,3.0,12.0,14.0,flat,semi-furnished,unknown,0,17.318429,78.451794
E69763266,gandimaisamma,gandimaisamma,5900000.0,2.0,1200.0,1200.0,,12.0,8.0,14.0,2.0,8.0,30.0,flat,semi-furnished,west,0,17.587951,78.443155
R69863360,unknown,unknown,8800000.0,3.0,1350.0,1350.0,,2.5,3.0,5.0,1.0,47.0,30.0,flat,furnished,east,1,17.4948,78.3996
A68834658,unknown,unknown,6200000.0,2.0,1335.0,1335.0,,0.0,3.0,4.0,2.0,10.0,60.0,flat,semi-furnished,north,1,17.5468498,78.3650231
G63234538,5th phase kphb,5th phase kphb,21500000.0,3.0,2259.0,2259.0,,20.0,31.0,35.0,3.0,8.0,21.0,flat,semi-furnished,east,0,17.4747519,78.391788
L68738686,bachupally,bachupally,7000000.0,2.0,1135.0,1135.0,,20.0,2.0,5.0,1.0,15.0,90.0,flat,semi-furnished,east,1,17.555911,78.384207
F70273426,unknown,unknown,16399999.999999998,2.0,2080.0,2080.0,,2.5,0.0,1.0,0.0,50.0,21.0,villa,unfurnished,unknown,1,17.366281,78.459663
F69003460,unknown,unknown,8700000.0,2.0,1210.0,1210.0,,0.0,4.0,5.0,1.0,17.0,60.0,flat,furnished,west,1,17.4664197,78.285342
V70600384,"b.n.reddy nagar,vinayaka hills,road no:-14, almas guda","b.n.reddy nagar,vinayaka hills,road no:-14, almas guda",9200000.0,2.0,1350.0,1350.0,,2.5,0.0,1.0,1.0,0.0,21.0,villa,semi-furnished,north,0,,
R70295976,unknown,unknown,7500000.0,2.0,1140.0,1140.0,,7.5,2.0,5.0,1.0,48.0,21.0,flat,furnished,unknown,0,17.42702,78.49646
L69747478,kondapur,kondapur,11500000.0,3.0,1600.0,1600.0,,2.5,2.0,6.0,1.0,49.0,30.0,flat,semi-furnished,east,1,17.4609913,78.3532083
J65701504,unknown,unknown,12000000.0,2.0,2767.0,2767.0,,7.5,0.0,1.0,4.0,18.0,150.0,villa,semi-furnished,north,0,17.513195,78.596818
S70075978,unknown,unknown,12500000.0,3.0,1575.0,1575.0,,0.0,3.0,5.0,2.0,49.0,3.0,flat,furnished,east,0,17.409201,78.365617
N69584878,unknown,unknown,8850000.0,4.0,1901.0,1901.0,,12.0,2.0,7.0,2.0,49.0,60.0,flat,semi-furnished,unknown,0,17.3984424,78.4174852
E70500778,kompally,kompally,5900000.0,2.0,842.0,842.0,,20.0,2.0,5.0,2.0,5.0,21.0,flat,semi-furnished,east,1,17.53942,78.513112
G69393488,malakpet,malakpet,9700000.0,6.0,963.0,963.0,,2.5,1.0,2.0,2.0,49.0,60.0,villa,unfurnished,unknown,1,17.376286,78.494843
S65899008,unknown,unknown,9000000.0,3.0,1600.0,1600.0,,7.5,3.0,5.0,2.0,50.0,60.0,flat,semi-furnished,west,0,17.3969265,78.4901118
C68402314,unknown,unknown,5200000.0,3.0,1350.0,1350.0,,7.5,1.0,3.0,2.0,0.0,120.0,flat,unfurnished,east,0,,
D70442848,unknown,unknown,7000000.0,2.0,1032.0,1032.0,,7.5,1.0,5.0,2.0,48.0,21.0,flat,furnished,west,1,17.4275766,78.4585875
R69717976,bolarum,bolarum,7600000.0,2.0,1140.0,1140.0,,20.0,2.0,5.0,2.0,50.0,3.0,flat,semi-furnished,north,0,17.5182555,78.5082769
I70161990,nagole,nagole,10500000.0,3.0,1134.0,1134.0,,7.5,1.0,1.0,3.0,50.0,30.0,house,furnished,unknown,1,17.3697735,78.5618265
F69646190,unknown,unknown,24000000.0,3.0,3330.0,3330.0,,12.0,37.0,45.0,1.0,13.0,60.0,flat,semi-furnished,east,0,17.395955,78.358762
S69175998,unknown,unknown,13200000.0,3.0,2200.0,2200.0,,12.0,2.0,5.0,3.0,49.0,90.0,flat,semi-furnished,east,1,17.3464806,78.5509583
R55120800,unknown,unknown,12300000.0,3.0,1513.0,1513.0,,20.0,5.0,5.0,2.0,50.0,14.0,flat,furnished,east,1,17.47946,78.33037
V70007764,unknown,unknown,7500000.0,3.0,1400.0,1400.0,,20.0,3.0,5.0,1.0,16.0,30.0,flat,semi-furnished,west,0,17.3676045,78.3742678
O67908910,shaikpet,shaikpet,17500000.0,3.0,2100.0,2100.0,,20.0,16.0,22.0,2.0,49.0,30.0,flat,semi-furnished,west,1,17.406722,78.394564
Q68280836,moula ali,moula ali,7500000.0,2.0,1240.0,1240.0,,12.0,1.0,4.0,2.0,0.0,120.0,flat,semi-furnished,north-east,0,,
E69735788,unknown,unknown,20000000.0,2.0,1998.0,1998.0,,7.5,0.0,,0.0,50.0,30.0,villa,furnished,west,1,17.44751,78.538724
Z70160228,moula ali,moula ali,12500000.0,3.0,1593.0,1593.0,,12.0,1.0,5.0,2.0,47.0,30.0,flat,semi-furnished,west,0,17.4670305,78.5571881
N69360226,unknown,unknown,9075000.0,3.0,1960.0,1960.0,,12.0,5.0,5.0,1.0,37.0,60.0,flat,semi-furnished,east,1,17.538237,78.480804
J70041254,jawahar nagar,jawahar nagar,3925000.0,2.0,870.0,870.0,,7.5,2.0,3.0,2.0,49.0,30.0,flat,furnished,north-east,1,17.4406386,78.4282972
G68656386,aminpur,aminpur,16500000.0,4.0,2600.0,2600.0,,20.0,1.0,2.0,2.0,48.0,5.0,villa,semi-furnished,east,1,17.517028,78.323802
W68587058,pragathi nagar,pragathi nagar,5200000.0,2.0,1103.0,1103.0,,7.5,3.0,4.0,2.0,0.0,60.0,flat,furnished,east,1,,
E62435212,unknown,unknown,13000000.0,2.0,1279.0,1279.0,,0.0,14.0,27.0,2.0,7.0,3.0,flat,semi-furnished,west,0,17.47699,78.39062
X69114326,unknown,unknown,7000000.0,2.0,1150.0,1150.0,,2.5,5.0,5.0,2.0,50.0,90.0,flat,semi-furnished,west,1,17.40665,78.37
I69492152,unknown,unknown,13500000.0,4.0,1458.0,1458.0,,20.0,1.0,2.0,2.0,50.0,60.0,villa,furnished,north,1,17.327119,78.589535
O69817780,unknown,unknown,6000000.0,2.0,1107.0,1107.0,,20.0,4.0,5.0,1.0,50.0,4.0,flat,semi-furnished,west,1,17.435821,78.560357
W70059548,unknown,unknown,11500000.0,3.0,1685.0,1685.0,,20.0,5.0,15.0,1.0,15.0,30.0,flat,semi-furnished,east,0,17.538237,78.480804
A68951172,pocharam,pocharam,4795000.0,3.0,1360.0,1360.0,,7.5,2.0,7.0,1.0,10.0,60.0,flat,furnished,east,0,17.42468,78.666781
R69857704,krishna reddy pet,krishna reddy pet,14000000.0,3.0,1540.0,1540.0,,2.5,1.0,2.0,2.0,50.0,30.0,villa,furnished,unknown,1,17.536121,78.289779
X70244930,unknown,unknown,13000000.0,3.0,1050.0,1050.0,,12.0,4.0,5.0,1.0,50.0,30.0,flat,semi-furnished,north,0,17.398686,78.505806
S69914056,unknown,unknown,13000000.0,3.0,1675.0,1675.0,,20.0,5.0,5.0,2.0,26.0,60.0,flat,semi-furnished,east,0,17.40223,78.3444
J69600862,unknown,unknown,13500000.0,3.0,1830.0,1830.0,,7.5,9.0,9.0,2.0,50.0,60.0,flat,furnished,unknown,1,17.431317,78.513772
W70798234,unknown,unknown,9400000.0,2.0,1090.0,1090.0,,0.0,3.0,6.0,1.0,25.0,7.0,flat,unfurnished,unknown,0,17.3923634,78.3621784
P70141344,hastinapuram,hastinapuram,6500000.0,2.0,1000.0,1000.0,,12.0,5.0,5.0,1.0,50.0,3.0,flat,semi-furnished,east,1,17.324113,78.5519
P70269896,chandrayangutta,chandrayangutta,12100000.0,3.0,2106.0,2106.0,,7.5,0.0,1.0,1.0,19.0,,villa,furnished,unknown,1,17.3154003,78.4711424
I68737504,unknown,unknown,25000000.0,2.0,1800.0,1800.0,,7.5,0.0,1.0,1.0,50.0,90.0,villa,unfurnished,south,1,17.5068072,78.5014759
T70454394,miyapur,miyapur,5800000.0,2.0,918.0,918.0,,12.0,12.0,12.0,1.0,4.0,14.0,flat,unfurnished,north,0,17.509181,78.3521088
U69364950,unknown,unknown,3900000.0,2.0,910.0,910.0,,20.0,5.0,5.0,1.0,10.0,6.0,flat,semi-furnished,east,0,17.5316,78.26729
H70312174,mahendra hills,mahendra hills,12900000.0,3.0,1405.0,1405.0,,20.0,2.0,5.0,1.0,50.0,30.0,flat,semi-furnished,east,1,17.454981,78.519109
G69994684,unknown,unknown,13500000.0,2.0,1044.0,1044.0,,7.5,1.0,2.0,2.0,48.0,30.0,villa,furnished,south,1,17.46825,78.44908
Q64419448,vanasthalipuram,vanasthalipuram,12000000.0,3.0,2000.0,2000.0,,12.0,1.0,4.0,3.0,50.0,60.0,flat,semi-furnished,north-east,1,17.3253751,78.574602
X69030436,marredpally,marredpally,5900000.0,2.0,1000.0,1000.0,,7.5,5.0,5.0,1.0,50.0,90.0,flat,furnished,east,1,17.44704,78.50547
H69845816,beeramguda,beeramguda,27500000.0,5.0,5800.0,5800.0,,20.0,2.0,3.0,3.0,35.0,30.0,villa,semi-furnished,east,1,17.526205,78.304924
W68083292,pragathi nagar,pragathi nagar,8500000.0,3.0,1680.0,1680.0,,20.0,3.0,4.0,1.0,50.0,60.0,flat,semi-furnished,east,1,17.5203424,78.3970205
Y66831554,unknown,unknown,9200000.0,2.0,1200.0,1200.0,,7.5,4.0,5.0,2.0,50.0,90.0,flat,semi-furnished,unknown,1,17.3956121,78.4920818
H70430022,harithavanam colony,harithavanam colony,5200000.0,2.0,1075.0,1075.0,,0.0,1.0,5.0,2.0,11.0,14.0,flat,semi-furnished,east,1,17.543522,78.366315
K69018584,injapur,injapur,9200000.0,3.0,1350.0,1350.0,,20.0,1.0,2.0,2.0,33.0,90.0,villa,semi-furnished,west,1,17.307541,78.590305
G69242048,unknown,unknown,79000000.0,4.0,342.0,342.0,,7.5,1.0,2.0,2.0,41.0,90.0,villa,semi-furnished,west,0,17.454727,78.368947
S45359197,new malakpet,new malakpet,120000000.0,5.0,750.0,750.0,,2.5,2.0,3.0,2.0,50.0,4.0,villa,semi-furnished,unknown,0,17.36821,78.506278
K70494490,attapur,attapur,11000000.0,2.0,1062.0,1062.0,,7.5,0.0,1.0,0.0,49.0,21.0,villa,semi-furnished,west,1,17.369071,78.433106
G69943542,unknown,unknown,47500000.0,5.0,300.0,300.0,,12.0,2.0,3.0,2.0,0.0,30.0,villa,semi-furnished,east,0,,
B70991400,unknown,unknown,13899999.999999998,4.0,2600.0,2600.0,,0.0,1.0,2.0,1.0,1.0,,villa,semi-furnished,unknown,0,17.27395,78.59163
B68312946,unknown,unknown,12500000.0,3.0,1700.0,1700.0,,12.0,1.0,5.0,1.0,8.0,60.0,flat,unfurnished,east,0,17.533129,78.365514
H69136012,nallagandla,nallagandla,8800000.0,2.0,1214.0,1214.0,,20.0,9.0,14.0,2.0,11.0,90.0,flat,semi-furnished,east,1,17.459904,78.306975
V67585032,madinaguda,madinaguda,12000000.0,3.0,1670.0,1670.0,,2.5,4.0,4.0,3.0,49.0,90.0,flat,semi-furnished,east,1,17.490589,78.342543
L67352032,yellareddyguda,yellareddyguda,5400000.0,2.0,980.0,980.0,,2.5,2.0,5.0,2.0,50.0,90.0,flat,semi-furnished,north,1,17.4312892,78.4465453
Y69320534,unknown,unknown,11000000.0,3.0,2000.0,2000.0,,0.0,1.0,4.0,2.0,50.0,60.0,flat,furnished,unknown,0,17.4478104,78.5263305
W70176310,ramakrishnapuram,ramakrishnapuram,25000000.0,3.0,2400.0,2400.0,,7.5,0.0,,1.0,47.0,30.0,villa,furnished,unknown,0,17.47392,78.53698
T70584750,unknown,unknown,11500000.0,3.0,1420.0,1420.0,,0.0,9.0,10.0,2.0,49.0,21.0,flat,furnished,north,0,17.510262,78.335388
H64974268,medchal,medchal,4800000.0,2.0,1295.0,1295.0,,20.0,2.0,5.0,0.0,0.0,21.0,house,semi-furnished,east,0,,
R70895396,pragathi nagar,pragathi nagar,29500000.0,3.0,2133.0,2133.0,,7.5,1.0,2.0,1.0,50.0,6.0,villa,furnished,east,0,17.5203424,78.3970205
U70698630,unknown,unknown,20000000.0,3.0,2300.0,2300.0,,0.0,6.0,9.0,3.0,45.0,,flat,semi-furnished,unknown,1,17.442908,78.470008
T69114312,unknown,unknown,16000000.0,3.0,1945.0,1945.0,,20.0,8.0,12.0,1.0,15.0,60.0,flat,unfurnished,west,1,17.388564,78.336152
O65026378,unknown,unknown,5800000.0,2.0,1025.0,1025.0,,20.0,2.0,5.0,2.0,50.0,,flat,semi-furnished,east,1,17.4018092,78.5601892
V70741186,unknown,unknown,13000000.0,3.0,1845.0,1845.0,,20.0,6.0,12.0,2.0,50.0,3.0,flat,semi-furnished,east,1,17.321852,78.549902
R70402136,lb nagar,lb nagar,8280000.0,3.0,1725.0,1725.0,,20.0,4.0,4.0,2.0,49.0,30.0,flat,furnished,north,0,17.3464806,78.5509583
Y70013838,nizampet,nizampet,12000000.0,3.0,963.0,963.0,,7.5,1.0,2.0,1.0,50.0,4.0,villa,semi-furnished,west,1,17.5179636,78.3813785
K69747318,mansoorabad,mansoorabad,12500000.0,3.0,1525.0,1525.0,,12.0,2.0,5.0,2.0,50.0,60.0,flat,semi-furnished,east,0,17.349561,78.561578
I69298228,unknown,unknown,7900000.0,3.0,1500.0,1500.0,,20.0,2.0,5.0,2.0,17.0,60.0,flat,semi-furnished,east,1,17.311940823733476,78.47302608769566
O70508536,unknown,unknown,15600000.0,3.0,1495.0,1495.0,,7.5,9.0,9.0,1.0,49.0,7.0,flat,furnished,west,1,17.4609913,78.3532083
Q70697582,unknown,unknown,10000000.0,2.0,1485.0,1485.0,,7.5,0.0,1.0,3.0,50.0,7.0,villa,semi-furnished,east,1,17.323048,78.534004
F69506842,hyder nagar,hyder nagar,12500000.0,3.0,1650.0,1650.0,,2.5,4.0,5.0,3.0,47.0,21.0,flat,furnished,unknown,1,17.50203,78.3828
S69769978,medipally,medipally,5200000.0,2.0,1062.0,1062.0,,0.0,2.0,4.0,2.0,49.0,60.0,flat,semi-furnished,east,1,17.40777,78.6025
Y66969796,unknown,unknown,12500000.0,4.0,2367.0,2367.0,,7.5,0.0,1.0,2.0,46.0,90.0,villa,semi-furnished,north,1,17.48082,78.566038
N67643918,unknown,unknown,12500000.0,2.0,1250.0,1250.0,,12.0,10.0,19.0,1.0,9.0,30.0,flat,unfurnished,unknown,0,17.467762,78.408146
S69158938,unknown,unknown,14600000.0,3.0,2350.0,2350.0,,20.0,2.0,4.0,2.0,47.0,90.0,flat,furnished,east,1,17.492624,78.5435
J68660928,unknown,unknown,6500000.0,2.0,1020.0,1020.0,,2.5,2.0,5.0,1.0,50.0,90.0,flat,furnished,north-east,1,17.4478104,78.5263305
J68716204,sri balaji layout,sri balaji layout,7500000.0,3.0,1611.0,1611.0,,7.5,3.0,5.0,2.0,50.0,30.0,flat,furnished,west,1,17.525542,78.423112
Q69594600,unknown,unknown,7000000.0,2.0,1280.0,1280.0,,12.0,7.0,10.0,2.0,49.0,60.0,flat,semi-furnished,north,0,17.499527,78.4767399
L68402768,ameerpet,ameerpet,9940000.0,3.0,1420.0,1420.0,,7.5,1.0,6.0,3.0,50.0,30.0,flat,furnished,north,0,17.436393,78.445017
K69632824,unknown,unknown,7500000.0,2.0,994.0,994.0,,0.0,4.0,10.0,1.0,15.0,60.0,flat,semi-furnished,unknown,1,17.325907,78.424158
V70560714,unknown,unknown,38000000.0,4.0,3888.0,3888.0,,12.0,2.0,3.0,1.0,0.0,14.0,villa,semi-furnished,east,0,17.443855,78.250431
Z69140466,nizampet,nizampet,4500000.0,2.0,1155.0,1155.0,,7.5,2.0,5.0,1.0,50.0,90.0,flat,furnished,east,1,17.5179636,78.3813785
B69251168,aminpur,aminpur,7800000.0,2.0,1161.0,1161.0,,2.5,2.0,3.0,1.0,9.0,60.0,flat,furnished,east,1,17.531639,78.339914
S69636816,unknown,unknown,6300000.0,3.0,1150.0,1150.0,,7.5,1.0,4.0,2.0,46.0,60.0,flat,furnished,north,1,17.41363,78.4894
W69677530,unknown,unknown,16000000.0,3.0,1350.0,1350.0,,20.0,1.0,2.0,1.0,6.0,5.0,villa,furnished,west,1,17.529701,78.333031
K68043010,santosh nagar,santosh nagar,6300000.0,2.0,950.0,950.0,,2.5,5.0,6.0,1.0,45.0,30.0,flat,semi-furnished,north,1,17.39336,78.438999
N70194782,kapra,kapra,7000000.0,3.0,1143.0,1143.0,,2.5,1.0,5.0,1.0,45.0,30.0,flat,semi-furnished,north-east,0,17.48879,78.57167
M69032774,unknown,unknown,6300000.0,2.0,1020.0,1020.0,,0.0,2.0,4.0,2.0,0.0,90.0,flat,furnished,east,1,,
P69905994,unknown,unknown,9000000.0,3.0,1490.0,1490.0,,7.5,3.0,5.0,2.0,47.0,14.0,flat,furnished,east,1,17.503046,78.385331
T69492220,unknown,unknown,6743000.000000001,2.0,1226.0,1226.0,,20.0,2.0,6.0,1.0,15.0,14.0,flat,semi-furnished,east,0,17.505396,78.555038
L68306082,sr naik nagar,sr naik nagar,16500000.0,3.0,2700.0,2700.0,,7.5,0.0,1.0,0.0,50.0,120.0,villa,semi-furnished,west,1,17.53274,78.44489
C70666028,unknown,unknown,30000000.0,3.0,3128.0,3128.0,,12.0,9.0,10.0,3.0,5.0,14.0,flat,semi-furnished,unknown,0,17.38499,78.371036
C69038206,injapur,injapur,7000000.0,2.0,1350.0,1350.0,,0.0,0.0,1.0,1.0,33.0,90.0,villa,semi-furnished,west,1,17.307541,78.590305
L69794682,manikonda,manikonda,11500000.0,2.0,1237.0,1237.0,,0.0,1.0,5.0,1.0,49.0,60.0,flat,semi-furnished,east,1,17.389452,78.37297
E69336586,unknown,unknown,12000000.0,2.0,1330.0,1330.0,,20.0,12.0,24.0,1.0,50.0,60.0,flat,semi-furnished,east,1,17.4018092,78.5601892
D68997030,unknown,unknown,6000000.0,2.0,1050.0,1050.0,,7.5,2.0,4.0,2.0,50.0,90.0,flat,furnished,unknown,1,17.4154884,78.5717631
V66690788,unknown,unknown,7200000.0,3.0,1530.0,1530.0,,2.5,5.0,10.0,2.0,49.0,90.0,flat,furnished,west,1,17.510262,78.335388
U70375294,unknown,unknown,6500000.0,2.0,1000.0,1000.0,,0.0,4.0,5.0,2.0,50.0,14.0,flat,semi-furnished,east,1,17.517996,78.3772782
N69844838,unknown,unknown,8730000.0,3.0,1586.0,1586.0,,20.0,3.0,6.0,2.0,15.0,14.0,flat,semi-furnished,east,0,17.5051199,78.5533689
Z69345362,unknown,unknown,13000000.0,3.0,1350.0,1350.0,,0.0,1.0,2.0,1.0,48.0,21.0,villa,furnished,north-east,0,17.5316,78.26729
J69600724,unknown,unknown,5000000.0,2.0,1200.0,1200.0,,2.5,4.0,5.0,1.0,49.0,21.0,flat,unfurnished,unknown,1,17.395154,78.450713
W69106190,unknown,unknown,5800000.0,3.0,1512.0,1512.0,,20.0,3.0,5.0,2.0,3.0,90.0,flat,semi-furnished,east,0,17.47661,78.173427
D70832204,appa junction,appa junction,70000000.0,4.0,4950.0,4950.0,,0.0,1.0,2.0,1.0,6.0,5.0,villa,semi-furnished,west,0,17.349758,78.360196
B70760392,raviryal,raviryal,22000000.0,3.0,2400.0,2400.0,,20.0,0.0,1.0,0.0,0.0,6.0,villa,semi-furnished,east,0,17.215822,78.512751
V67277236,unknown,unknown,26000000.0,3.0,1350.0,1350.0,,0.0,2.0,5.0,2.0,50.0,120.0,villa,semi-furnished,north-east,1,17.413809,78.55837
U68600626,unknown,unknown,4500000.0,2.0,757.0,757.0,,7.5,4.0,5.0,0.0,50.0,14.0,flat,furnished,west,1,17.50445,78.35406
E68820138,unknown,unknown,37000000.0,4.0,14400.0,14400.0,,20.0,1.0,2.0,4.0,0.0,60.0,house,furnished,south,0,,
P65597298,unknown,unknown,22500000.0,4.0,2790.0,2790.0,,7.5,0.0,1.0,3.0,50.0,60.0,villa,furnished,east,0,17.476228,78.500036
K69349656,unknown,unknown,25000000.0,4.0,4000.0,4000.0,,0.0,1.0,2.0,2.0,37.0,60.0,villa,furnished,east,1,17.538237,78.480804
X69544624,unknown,unknown,6500000.0,2.0,918.0,918.0,,12.0,8.0,10.0,1.0,4.0,30.0,flat,unfurnished,north-east,0,17.520188,78.344915
U69696076,miyapur,miyapur,13500000.0,3.0,1960.0,1960.0,,2.5,9.0,9.0,2.0,50.0,7.0,flat,furnished,unknown,1,17.5058932,78.363879
K69820918,sri balaji layout,sri balaji layout,11500000.0,2.0,1350.0,1350.0,,2.5,0.0,1.0,1.0,50.0,14.0,villa,semi-furnished,unknown,1,17.525542,78.423112
I69151586,mallapur,mallapur,4400000.0,2.0,1065.0,1065.0,,7.5,3.0,5.0,2.0,50.0,90.0,flat,semi-furnished,east,1,17.4448978,78.5655922
K69639220,madhapur,madhapur,12000000.0,2.0,1150.0,1150.0,,0.0,2.0,5.0,2.0,47.0,7.0,flat,furnished,north,1,17.442544,78.399097
Y69652312,unknown,unknown,13400000.0,3.0,2476.0,2476.0,,12.0,2.0,3.0,3.0,8.0,14.0,villa,semi-furnished,east,0,17.558119,78.278593
V70572338,nizampet,nizampet,12000000.0,3.0,1555.0,1555.0,,0.0,2.0,5.0,2.0,50.0,14.0,flat,semi-furnished,west,1,17.526432,78.379597
P69893336,west marredpally,west marredpally,81300000.00000001,6.0,5229.0,5229.0,,7.5,1.0,2.0,2.0,50.0,30.0,villa,unfurnished,east,1,17.449237,78.5007657
J68924686,unknown,unknown,35000000.0,2.0,2178.0,2178.0,,7.5,0.0,1.0,2.0,50.0,3.0,villa,furnished,north-east,1,17.4587517,78.4787947
B67779274,narapally,narapally,6480000.0,3.0,1620.0,1620.0,,12.0,9.0,15.0,2.0,11.0,14.0,flat,semi-furnished,east,0,17.4219,78.63155
P70476832,unknown,unknown,13000000.0,3.0,2059.0,2059.0,,20.0,6.0,47.0,3.0,12.0,28.0,flat,semi-furnished,unknown,0,17.50788,78.36159
T70183920,unknown,unknown,18200000.0,4.0,3000.0,3000.0,,2.5,1.0,2.0,3.0,22.0,30.0,villa,furnished,north-east,0,17.337367,78.402863
D70816832,unknown,unknown,7800000.0,3.0,1719.0,1719.0,,20.0,4.0,5.0,1.0,50.0,7.0,flat,semi-furnished,east,0,17.327119,78.589535
P35810683,kompally,kompally,42500000.0,4.0,3500.0,3500.0,,2.5,1.0,2.0,2.0,37.0,90.0,villa,semi-furnished,west,1,17.538237,78.480804
F69332950,unknown,unknown,3700000.0,2.0,840.0,840.0,,0.0,6.0,8.0,2.0,27.0,30.0,flat,furnished,east,1,17.485206408706663,78.60681438946276
H68977972,bachupally,bachupally,8900000.0,3.0,1356.0,1356.0,,20.0,2.0,5.0,2.0,8.0,90.0,flat,unfurnished,west,1,17.547081,78.374564
H68911118,unknown,unknown,19900000.0,2.0,1809.0,1809.0,,7.5,0.0,1.0,2.0,50.0,90.0,villa,furnished,west,1,17.507212,78.357962
N70253050,unknown,unknown,4342000.0,3.0,1503.0,1503.0,,20.0,1.0,2.0,2.0,0.0,30.0,villa,semi-furnished,north-east,0,17.233562897673416,78.54189608906688
W69389412,unknown,unknown,7800000.0,2.0,1135.0,1135.0,,0.0,8.0,10.0,1.0,50.0,60.0,flat,furnished,north,1,17.509389,78.366634
K67279316,unknown,unknown,5000000.0,2.0,1098.0,1098.0,,20.0,0.0,,1.0,10.0,21.0,villa,furnished,west,0,17.4639176,78.6242289
C68240428,unknown,unknown,25000000.0,2.0,1980.0,1980.0,,7.5,0.0,0.0,0.0,50.0,150.0,villa,unfurnished,west,0,17.491595,78.2920407
L67757164,unknown,unknown,6278000.0,3.0,1460.0,1460.0,,12.0,1.0,5.0,2.0,50.0,150.0,flat,semi-furnished,east,0,17.327119,78.589535
D70043276,unknown,unknown,11000000.0,3.0,1525.0,1525.0,,20.0,11.0,15.0,1.0,15.0,30.0,flat,semi-furnished,east,0,17.538237,78.480804
L68900164,unknown,unknown,6200000.0,2.0,1050.0,1050.0,,20.0,5.0,5.0,2.0,50.0,90.0,flat,semi-furnished,unknown,0,17.4011618,78.37569
D65415784,unknown,unknown,10500000.0,4.0,110.0,110.0,,20.0,1.0,2.0,2.0,50.0,300.0,villa,semi-furnished,east,0,17.5090182,78.3001801
O69139698,unknown,unknown,8900000.0,3.0,1400.0,1400.0,,20.0,2.0,5.0,1.0,49.0,60.0,flat,semi-furnished,west,0,17.490589,78.342543
M69679336,unknown,unknown,13799999.999999998,2.0,1590.0,1590.0,,20.0,6.0,12.0,1.0,15.0,7.0,flat,semi-furnished,east,0,17.453593,78.299753
W69561250,unknown,unknown,28700000.0,4.0,2729.0,2729.0,,20.0,20.0,35.0,2.0,10.0,14.0,flat,semi-furnished,west,0,17.4359437,78.3416731
V69497938,peerzadiguda,peerzadiguda,8200000.0,2.0,999.0,999.0,,0.0,0.0,1.0,0.0,33.0,30.0,villa,semi-furnished,unknown,1,17.406421,78.616398
K70030308,sai harsha nagar,sai harsha nagar,38400000.0,3.0,3450.0,3450.0,,12.0,1.0,2.0,2.0,22.0,30.0,villa,semi-furnished,east,0,17.369796,78.389502
E69797870,unknown,unknown,50000000.0,7.0,3300.0,3300.0,,2.5,2.0,3.0,3.0,28.0,5.0,villa,semi-furnished,south,0,17.5021392,78.5761477
E69969806,old safilguda,old safilguda,4600000.0,2.0,900.0,900.0,,7.5,1.0,5.0,0.0,47.0,30.0,flat,furnished,east,1,17.47163,78.548318
Z70519206,unknown,unknown,48000000.0,3.0,2835.0,2835.0,,2.5,1.0,2.0,1.0,46.0,4.0,villa,furnished,east,0,17.504749,78.327887
Y69963660,unknown,unknown,10000000.0,3.0,1730.0,1730.0,,12.0,7.0,9.0,1.0,0.0,30.0,flat,semi-furnished,east,0,,
H59379082,boosareddy guda,boosareddy guda,8000000.0,3.0,1210.0,1210.0,,7.5,2.0,3.0,2.0,48.0,30.0,flat,semi-furnished,east,0,17.43993,78.49827
Z70901352,unknown,unknown,7308000.0,2.0,1260.0,1260.0,,12.0,2.0,6.0,1.0,50.0,7.0,flat,unfurnished,unknown,0,17.3697735,78.5618265
H70901268,unknown,unknown,5490000.0,2.0,1220.0,1220.0,,12.0,2.0,5.0,2.0,11.0,7.0,flat,unfurnished,unknown,0,17.4219,78.63155
O70900916,unknown,unknown,19400000.0,2.0,2500.0,2500.0,,12.0,0.0,1.0,2.0,11.0,7.0,villa,unfurnished,unknown,0,17.4219,78.63155
I70900398,unknown,unknown,7994000.0,2.0,1355.0,1355.0,,12.0,10.0,14.0,1.0,50.0,7.0,flat,unfurnished,unknown,0,17.4018092,78.5601892
G70703670,hari hara puram,hari hara puram,24000000.0,3.0,3000.0,3000.0,,0.0,1.0,2.0,2.0,50.0,14.0,villa,furnished,unknown,0,17.3143977209215,78.564439181194
S70544082,unknown,unknown,33200000.0,4.0,3170.0,3170.0,,2.5,2.0,10.0,2.0,38.0,21.0,flat,furnished,west,0,17.437012,78.371384
T70307764,unknown,unknown,15000000.0,3.0,1900.0,1900.0,,12.0,2.0,5.0,3.0,50.0,30.0,flat,semi-furnished,north-east,0,17.391354,78.506462
Y70255344,unknown,unknown,39100000.0,3.0,2900.0,2900.0,,2.5,1.0,5.0,1.0,46.0,30.0,flat,semi-furnished,east,0,17.419523,78.440145
N33923203,unknown,unknown,17000000.0,4.0,1950.0,1950.0,,0.0,3.0,18.0,2.0,14.0,30.0,flat,unfurnished,east,0,17.423059,78.340611
Q69746834,unknown,unknown,16500000.0,10.0,1200.0,1200.0,,2.5,2.0,3.0,4.0,50.0,60.0,villa,unfurnished,unknown,0,17.5090182,78.3001801
I69486876,unknown,unknown,20500000.0,4.0,2235.0,2235.0,,7.5,2.0,4.0,4.0,50.0,30.0,flat,semi-furnished,north-east,0,17.401423,78.381206
H68679336,kollur,kollur,17500000.0,3.0,2500.0,2500.0,,12.0,1.0,2.0,3.0,0.0,90.0,villa,semi-furnished,east,0,17.4344695,78.2425939
N68580838,unknown,unknown,22000000.0,3.0,2556.0,2556.0,,7.5,0.0,1.0,2.0,49.0,90.0,villa,semi-furnished,south,0,17.343347,78.513876
F69550240,beeramguda,beeramguda,30000000.0,4.0,2240.0,2240.0,,7.5,2.0,3.0,2.0,50.0,30.0,villa,semi-furnished,east,1,17.5090182,78.3001801
K70431644,unknown,unknown,16500000.0,3.0,1980.0,1980.0,,20.0,2.0,4.0,2.0,49.0,28.0,house,semi-furnished,north,0,17.4419073,78.4375362
D70985782,miyapur,miyapur,7000000.0,2.0,1145.0,1145.0,,0.0,1.0,4.0,1.0,50.0,,flat,semi-furnished,north,1,17.5077568,78.3678528
K70968074,kondapur,kondapur,20700000.0,3.0,1885.0,1885.0,,20.0,7.0,10.0,2.0,4.0,3.0,flat,furnished,east,0,17.453031,78.367548
E70925694,kukatpally,kukatpally,10300000.0,3.0,1575.0,1575.0,,12.0,4.0,5.0,2.0,47.0,5.0,flat,semi-furnished,west,0,17.49479,78.39964
X70923384,unknown,unknown,9200000.0,3.0,1503.0,1503.0,,2.5,4.0,5.0,2.0,46.0,5.0,flat,semi-furnished,west,0,17.498994,78.554515
Y68779182,unknown,unknown,5000000.0,2.0,842.0,842.0,,20.0,3.0,5.0,1.0,5.0,7.0,flat,semi-furnished,unknown,0,17.53942,78.513112
J70785464,unknown,unknown,10000000.0,3.0,1960.0,1960.0,,20.0,1.0,4.0,1.0,10.0,7.0,flat,semi-furnished,east,0,17.5324584,78.5291706
O70297716,manikonda,manikonda,9500000.0,2.0,1270.0,1270.0,,0.0,5.0,5.0,2.0,49.0,14.0,flat,semi-furnished,west,1,17.407926,78.362813
S70764794,somajiguda,somajiguda,36500000.0,3.0,3200.0,3200.0,,7.5,9.0,11.0,2.0,49.0,7.0,flat,semi-furnished,east,0,17.42226,78.461683
N68773698,unknown,unknown,6850000.0,2.0,1050.0,1050.0,,7.5,5.0,5.0,1.0,45.0,14.0,flat,furnished,unknown,1,17.458907,78.352402
L67854684,kompally,kompally,32000000.0,4.0,1962.0,1962.0,,2.5,1.0,2.0,2.0,37.0,14.0,villa,furnished,unknown,1,17.538237,78.480804
D70646368,unknown,unknown,24000000.0,4.0,3000.0,3000.0,,20.0,2.0,3.0,2.0,6.0,14.0,villa,semi-furnished,west,0,17.611834,78.465146
Y70644298,film nagar,film nagar,16000000.0,3.0,2400.0,2400.0,,2.5,2.0,3.0,2.0,50.0,2.0,flat,unfurnished,unknown,0,17.414864,78.409714
C70623790,unknown,unknown,7500000.0,3.0,1600.0,1600.0,,0.0,1.0,5.0,1.0,50.0,21.0,flat,furnished,east,0,17.324294,78.530504
V70559290,manik sai enclave,manik sai enclave,45000000.0,4.0,3699.0,3699.0,,7.5,1.0,2.0,3.0,47.0,21.0,villa,furnished,east,1,17.4965983,78.545183
Q70506550,unknown,unknown,9000000.0,2.0,880.0,880.0,,20.0,1.0,2.0,1.0,6.0,21.0,villa,semi-furnished,north,0,17.5444119,78.2301588
W70426600,kokapet,kokapet,20500000.0,4.0,2049.0,2049.0,,12.0,31.0,34.0,1.0,13.0,30.0,flat,semi-furnished,east,0,17.396947,78.340246
K70369262,unknown,unknown,8500000.0,3.0,1800.0,1800.0,,7.5,3.0,3.0,2.0,49.0,6.0,flat,furnished,unknown,0,17.401462,78.462863
L70305484,unknown,unknown,7800000.0,2.0,1266.0,1266.0,,12.0,4.0,5.0,2.0,49.0,30.0,flat,semi-furnished,east,0,17.4609913,78.3532083
Q70190248,unknown,unknown,7000000.0,2.0,1350.0,1350.0,,20.0,0.0,1.0,0.0,1.0,30.0,villa,semi-furnished,unknown,0,17.5227762257577,78.6210684465697
Y67680048,unknown,unknown,15800000.0,3.0,2092.0,2092.0,,0.0,5.0,5.0,2.0,50.0,30.0,flat,semi-furnished,north,1,17.4011618,78.37569
L70012150,ap textbook colony,ap textbook colony,6000000.0,2.0,1150.0,1150.0,,7.5,1.0,4.0,2.0,50.0,30.0,flat,furnished,north-east,0,17.460537,78.497056
L70006958,bandlaguda jagir,bandlaguda jagir,110000000.0,5.0,4347.0,4347.0,,12.0,2.0,3.0,4.0,15.0,30.0,villa,semi-furnished,west,0,17.356369,78.381678
C69808574,unknown,unknown,11000000.0,4.0,1350.0,1350.0,,12.0,1.0,2.0,1.0,48.0,60.0,villa,semi-furnished,unknown,0,17.5316,78.26729
R69695524,tarnaka,tarnaka,57500000.0,7.0,2763.0,2763.0,,2.5,1.0,2.0,3.0,0.0,30.0,house,semi-furnished,north-east,0,,
H63223862,unknown,unknown,53000000.0,4.0,2448.0,2448.0,,12.0,1.0,2.0,1.0,15.0,60.0,villa,semi-furnished,west,0,17.465956,78.261911
P69276350,kokapet,kokapet,42200000.0,4.0,2255.0,2255.0,,12.0,28.0,29.0,4.0,12.0,30.0,flat,semi-furnished,unknown,0,17.40223,78.3444
G69223450,unknown,unknown,11000000.0,2.0,1200.0,1200.0,,2.5,2.0,14.0,2.0,50.0,90.0,flat,furnished,west,0,17.475959,78.385051
O69042612,unknown,unknown,14900000.0,4.0,1602.0,1602.0,,7.5,1.0,2.0,4.0,50.0,14.0,villa,unfurnished,west,0,17.474201,78.513363
V68617960,unknown,unknown,10000000.0,3.0,1573.0,1573.0,,12.0,3.0,3.0,2.0,50.0,120.0,flat,semi-furnished,north,0,17.48469,78.49716
I68575806,anand banjara colony,anand banjara colony,12000000.0,2.0,1250.0,1250.0,,7.5,2.0,4.0,1.0,47.0,120.0,flat,semi-furnished,east,0,17.412809,78.436157
U65462610,"marri ram reddy colony, old bowenpally","marri ram reddy colony, old bowenpally",18500000.0,5.0,115.0,115.0,,20.0,2.0,3.0,3.0,0.0,90.0,villa,furnished,south,0,,
W67688096,unknown,unknown,7948000.0,2.0,1255.0,1255.0,,20.0,1.0,8.0,1.0,15.0,28.0,flat,semi-furnished,unknown,0,17.54698,78.362081
K70975806,unknown,unknown,15000000.0,3.0,1800.0,1800.0,,12.0,1.0,2.0,1.0,11.0,3.0,villa,semi-furnished,east,0,17.4626216,78.6313624
B70124892,unknown,unknown,10000000.0,3.0,1750.0,1750.0,,7.5,3.0,4.0,1.0,39.0,30.0,flat,semi-furnished,unknown,0,17.4480919,78.3787508
S68634226,kompally,kompally,5900000.0,2.0,900.0,900.0,,20.0,3.0,5.0,2.0,0.0,21.0,house,furnished,east,1,,
A70820326,unknown,unknown,9500000.0,4.0,900.0,900.0,,20.0,1.0,2.0,2.0,14.0,,villa,furnished,east,0,17.29849,78.43683
G69304496,unknown,unknown,8000000.0,2.0,1140.0,1140.0,,2.5,3.0,5.0,1.0,47.0,14.0,flat,furnished,west,1,17.500334,78.3275388
X70186654,sbh colony,sbh colony,7800000.0,3.0,1425.0,1425.0,,7.5,5.0,7.0,1.0,0.0,30.0,flat,furnished,south,0,,
J67381198,unknown,unknown,7200000.0,2.0,1230.0,1230.0,,2.5,3.0,5.0,2.0,21.0,30.0,flat,furnished,north,1,17.3858754,78.361176
Z69880124,unknown,unknown,7800000.0,3.0,1300.0,1300.0,,20.0,4.0,5.0,2.0,46.0,30.0,flat,furnished,east,1,17.4913644,78.5544917
G69840742,beeramguda,beeramguda,14000000.0,2.0,1350.0,1350.0,,20.0,0.0,1.0,2.0,50.0,60.0,villa,semi-furnished,east,0,17.5090182,78.3001801
L69072370,unknown,unknown,11200000.000000002,3.0,1540.0,1540.0,,12.0,8.0,9.0,2.0,12.0,60.0,flat,semi-furnished,east,0,17.531253,78.390583
H68662248,unknown,unknown,9000000.0,2.0,1250.0,1250.0,,0.0,11.0,15.0,2.0,37.0,90.0,flat,semi-furnished,east,1,17.538237,78.480804
Z68765700,unknown,unknown,26000000.0,6.0,1350.0,1350.0,,7.5,1.0,2.0,4.0,50.0,120.0,villa,furnished,south,0,17.509181,78.3521088
N68598918,unknown,unknown,6700000.0,2.0,1270.0,1270.0,,2.5,5.0,5.0,1.0,50.0,120.0,flat,furnished,west,0,17.50231,78.353671
E68483532,kollur,kollur,14000000.0,3.0,2000.0,2000.0,,20.0,0.0,1.0,3.0,0.0,30.0,villa,semi-furnished,east,0,17.4344695,78.2425939
N67344132,unknown,unknown,9300000.0,3.0,1617.0,1617.0,,20.0,6.0,8.0,2.0,1.0,150.0,flat,semi-furnished,west,0,17.442196,78.280067
E70883940,gandimaisamma,gandimaisamma,4200000.0,2.0,1115.0,1115.0,,12.0,4.0,6.0,1.0,13.0,7.0,flat,semi-furnished,unknown,0,17.5789054,78.4268758
C70584464,hafeezpet,hafeezpet,9900000.0,3.0,1725.0,1725.0,,7.5,4.0,4.0,1.0,49.0,21.0,flat,furnished,east,0,17.518637,78.340735
Y70061656,unknown,unknown,13000000.0,3.0,1650.0,1650.0,,20.0,5.0,5.0,2.0,18.0,21.0,flat,semi-furnished,east,0,17.392278,78.353868
N69928864,unknown,unknown,8000000.0,2.0,1440.0,1440.0,,12.0,14.0,15.0,2.0,11.0,60.0,flat,semi-furnished,unknown,0,17.48054,78.661259
Z69926420,moosarambagh,moosarambagh,13000000.0,3.0,1629.0,1629.0,,20.0,1.0,1.0,3.0,0.0,6.0,house,semi-furnished,west,0,,
I69794588,bhagya nagar colony,bhagya nagar colony,9500000.0,3.0,1620.0,1620.0,,7.5,1.0,5.0,2.0,47.0,60.0,flat,semi-furnished,south,0,17.494913,78.403112
W69778298,unknown,unknown,8000000.0,3.0,1353.0,1353.0,,12.0,4.0,33.0,1.0,15.0,60.0,flat,semi-furnished,north-east,0,17.5468498,78.3650231
L62731568,unknown,unknown,7500000.0,2.0,1150.0,1150.0,,20.0,1.0,5.0,2.0,50.0,14.0,flat,unfurnished,west,0,17.3197608,78.5909239
W64363974,unknown,unknown,9000000.0,2.0,1310.0,1310.0,,20.0,4.0,5.0,2.0,50.0,60.0,flat,semi-furnished,north,0,17.407322,78.539665
E65557984,unknown,unknown,12500000.0,4.0,120.0,120.0,,20.0,1.0,2.0,3.0,5.0,30.0,villa,semi-furnished,east,0,17.62948,78.4943
G70720854,unknown,unknown,18000000.0,5.0,1800.0,1800.0,,0.0,1.0,2.0,3.0,10.0,14.0,villa,semi-furnished,west,0,17.532558,78.529251
Q69124836,unknown,unknown,8330000.0,2.0,1220.0,1220.0,,20.0,3.0,5.0,1.0,49.0,90.0,flat,semi-furnished,east,0,17.4609913,78.3532083
V69123940,unknown,unknown,5550000.0,2.0,1125.0,1125.0,,12.0,3.0,5.0,1.0,50.0,90.0,flat,semi-furnished,east,0,17.4011618,78.37569
X70514064,unknown,unknown,9500000.0,2.0,1250.0,1250.0,,0.0,5.0,5.0,2.0,50.0,21.0,flat,furnished,west,0,17.4655716,78.3504793
J70900316,unknown,unknown,4824000.0,2.0,1072.0,1072.0,,12.0,3.0,14.0,1.0,10.0,7.0,flat,unfurnished,east,0,17.44007494380667,78.64775831900772
S70050632,unknown,unknown,9500000.0,3.0,1620.0,1620.0,,12.0,8.0,9.0,1.0,0.0,30.0,flat,semi-furnished,east,0,,
G69963380,unknown,unknown,9500000.0,3.0,1670.0,1670.0,,12.0,12.0,15.0,0.0,0.0,30.0,flat,semi-furnished,east,0,,
V69963132,unknown,unknown,10000000.0,3.0,1980.0,1980.0,,12.0,7.0,9.0,2.0,10.0,30.0,flat,semi-furnished,east,0,17.5468498,78.3650231
I70597430,unknown,unknown,5500000.0,2.0,999.0,999.0,,0.0,0.0,1.0,2.0,6.0,21.0,villa,semi-furnished,west,0,17.302603,78.609452
O66976866,turkayamjal,turkayamjal,11000000.0,4.0,1170.0,1170.0,,20.0,0.0,1.0,1.0,1.0,30.0,villa,semi-furnished,east,0,17.27395,78.59163
X70581388,unknown,unknown,16000000.0,2.0,156.0,156.0,,12.0,1.0,2.0,1.0,50.0,7.0,villa,semi-furnished,unknown,0,17.4930942,78.5036065
R69003406,manikonda,manikonda,45000000.0,4.0,4358.0,4358.0,,2.5,7.0,15.0,2.0,50.0,90.0,flat,furnished,east,1,17.4104698,78.3759994
Y68746178,tatianaram,tatianaram,14500000.0,4.0,1350.0,1350.0,,20.0,1.0,2.0,2.0,6.0,90.0,villa,semi-furnished,east,0,17.361288,78.606466
X69473006,bowrampet,bowrampet,5900000.0,2.0,1122.0,1122.0,,0.0,2.0,5.0,2.0,5.0,,flat,unfurnished,east,0,17.563203,78.401403
U69029788,unknown,unknown,18900000.0,3.0,1795.0,1795.0,,12.0,1.0,5.0,2.0,49.0,90.0,flat,semi-furnished,east,0,17.411437,78.456327
Q70881010,unknown,unknown,16200000.000000002,3.0,1685.0,1685.0,,2.5,12.0,14.0,1.0,49.0,7.0,flat,furnished,east,0,17.4920867,78.3354855
D70494866,unknown,unknown,9000000.0,2.0,1440.0,1440.0,,12.0,0.0,,0.0,1.0,28.0,villa,furnished,unknown,0,17.280656,78.635099
R70294242,moti nagar,moti nagar,14500000.0,3.0,1583.0,1583.0,,12.0,3.0,15.0,1.0,9.0,30.0,flat,semi-furnished,west,0,17.630194,78.484155
Z68428520,unknown,unknown,14500000.0,3.0,1969.0,1969.0,,2.5,1.0,9.0,1.0,50.0,120.0,flat,furnished,west,0,17.408766,78.389884
Z69490840,jubilee hills,jubilee hills,15600000.0,3.0,1950.0,1950.0,,20.0,3.0,22.0,2.0,49.0,60.0,flat,semi-furnished,north,0,17.405666,78.403781
T69643692,unknown,unknown,45000000.0,5.0,3060.0,3060.0,,7.5,1.0,2.0,4.0,0.0,60.0,villa,unfurnished,east,0,,
O69358522,unknown,unknown,9800000.0,3.0,1660.0,1660.0,,2.5,4.0,5.0,1.0,50.0,60.0,flat,furnished,unknown,1,17.368876,78.55348
X70585552,unknown,unknown,15300000.0,3.0,1535.0,1535.0,,12.0,15.0,19.0,1.0,25.0,21.0,flat,semi-furnished,east,0,17.3923634,78.3621784
C69968566,unknown,unknown,14500000.0,2.0,1279.0,1279.0,,0.0,13.0,32.0,2.0,7.0,30.0,flat,furnished,west,0,17.47699,78.39062
E65971872,unknown,unknown,21500000.0,3.0,2120.0,2120.0,,12.0,9.0,36.0,3.0,7.0,90.0,flat,semi-furnished,west,0,17.40223,78.3444
M67832050,unknown,unknown,8500000.0,3.0,1590.0,1590.0,,12.0,1.0,5.0,2.0,10.0,90.0,flat,semi-furnished,west,0,17.432619,78.268889
Z70480176,unknown,unknown,15900000.0,3.0,2180.0,2180.0,,12.0,2.0,40.0,3.0,15.0,28.0,flat,semi-furnished,east,0,17.396115,78.357941
U70784994,unknown,unknown,5600000.0,2.0,1050.0,1050.0,,0.0,3.0,4.0,1.0,27.0,7.0,flat,semi-furnished,west,0,17.485206408706663,78.60681438946276
U70279908,unknown,unknown,7200000.0,2.0,1200.0,1200.0,,12.0,4.0,5.0,2.0,17.0,30.0,flat,semi-furnished,east,0,17.4664197,78.285342
S68937856,banjara hills,banjara hills,25000000.0,3.0,2939.0,2939.0,,2.5,1.0,12.0,2.0,44.0,90.0,flat,semi-furnished,north,0,17.4062722,78.436657
G68688800,banjara hills,banjara hills,15000000.0,3.0,1740.0,1740.0,,7.5,3.0,5.0,1.0,50.0,120.0,flat,furnished,north,0,17.3885146,78.4781313
D65274060,turkayamjal,turkayamjal,5500000.0,2.0,1200.0,1200.0,,20.0,1.0,5.0,2.0,1.0,300.0,flat,semi-furnished,east,0,17.27395,78.59163
W65113466,almas guda,almas guda,8300000.0,2.0,1350.0,1350.0,,2.5,0.0,1.0,0.0,23.0,6.0,villa,semi-furnished,west,0,17.31144,78.53485
G69102958,unknown,unknown,45000000.0,10.0,2200.0,2200.0,,7.5,1.0,2.0,4.0,47.0,60.0,villa,furnished,west,0,17.49182,78.32617
T70976946,unknown,unknown,3800000.0,2.0,905.0,905.0,,12.0,2.0,10.0,1.0,12.0,2.0,flat,furnished,east,0,17.44804,78.68884
L70980388,unknown,unknown,5300000.0,3.0,1105.0,1105.0,,12.0,4.0,5.0,1.0,10.0,3.0,flat,semi-furnished,east,0,17.501856,78.624757
X70980246,unknown,unknown,6800000.0,3.0,1326.0,1326.0,,12.0,4.0,6.0,1.0,10.0,3.0,flat,semi-furnished,east,0,17.338049,78.612393
L70956060,unknown,unknown,7600000.0,3.0,1533.0,1533.0,,12.0,7.0,9.0,2.0,10.0,4.0,flat,semi-furnished,unknown,0,17.533744,78.428685
D70934330,unknown,unknown,5800000.0,3.0,1360.0,1360.0,,20.0,4.0,8.0,2.0,4.0,4.0,flat,semi-furnished,east,0,17.448427,78.687648
Z70945728,unknown,unknown,7588000.0,3.0,1533.0,1533.0,,12.0,3.0,9.0,2.0,10.0,4.0,flat,semi-furnished,unknown,0,17.533744,78.428685
E69227194,east anand bagh,east anand bagh,24000000.0,5.0,3240.0,3240.0,,7.5,1.0,2.0,4.0,50.0,60.0,villa,semi-furnished,unknown,0,17.459103,78.541334
T66208030,unknown,unknown,40000000.0,3.0,2700.0,2700.0,,20.0,1.0,2.0,4.0,10.0,7.0,villa,furnished,west,0,17.5468498,78.3650231
U70449514,unknown,unknown,10200000.0,3.0,1490.0,1490.0,,2.5,4.0,5.0,2.0,50.0,30.0,flat,semi-furnished,west,0,17.43125,78.53602
E69658326,unknown,unknown,14500000.0,3.0,1870.0,1870.0,,12.0,6.0,9.0,2.0,26.0,60.0,flat,semi-furnished,unknown,0,17.40223,78.3444
O70148482,unknown,unknown,4600000.0,2.0,1100.0,1100.0,,20.0,2.0,5.0,2.0,49.0,30.0,house,semi-furnished,east,0,17.38504,78.48667
H69235242,aminpur,aminpur,5000000.0,2.0,1206.0,1206.0,,20.0,3.0,5.0,1.0,6.0,60.0,flat,semi-furnished,west,0,17.529701,78.333031
N68862702,unknown,unknown,6200000.0,2.0,441.0,441.0,,7.5,1.0,1.0,1.0,50.0,30.0,house,semi-furnished,east,0,17.398686,78.505806
X66469716,subhash chandra nagar,subhash chandra nagar,4800000.0,2.0,1010.0,1010.0,,20.0,4.0,5.0,2.0,0.0,90.0,house,semi-furnished,east,0,,
L70894808,pocharam,pocharam,3200000.0,2.0,1000.0,1000.0,,0.0,4.0,4.0,1.0,10.0,5.0,flat,semi-furnished,east,0,17.44007494380667,78.64775831900772
J70195602,miyapur,miyapur,10800000.0,3.0,1730.0,1730.0,,12.0,8.0,8.0,3.0,14.0,14.0,flat,semi-furnished,west,0,17.534325,78.331096
X60547880,tellapur,tellapur,16900000.0,3.0,2250.0,2250.0,,0.0,9.0,14.0,4.0,9.0,60.0,flat,furnished,east,0,17.453725,78.290418
K69853852,unknown,unknown,7500000.0,3.0,1692.0,1692.0,,0.0,5.0,5.0,2.0,41.0,30.0,flat,furnished,north-east,1,17.533096,78.477854
X66456738,hafeezpet,hafeezpet,14800000.0,3.0,1490.0,1490.0,,0.0,6.0,14.0,2.0,50.0,14.0,flat,semi-furnished,west,0,17.484046,78.358808
X70656824,unknown,unknown,8000000.0,3.0,1250.0,1250.0,,20.0,4.0,5.0,2.0,46.0,14.0,flat,semi-furnished,north-east,0,17.39188,78.42895
O70982718,unknown,unknown,50000000.0,4.0,2412.0,2412.0,,20.0,2.0,3.0,4.0,1.0,,villa,unfurnished,unknown,0,17.450947,78.281192
E67661964,unknown,unknown,7800000.0,3.0,1395.0,1395.0,,2.5,2.0,5.0,2.0,50.0,30.0,flat,furnished,west,0,17.399182,78.367828
O70651060,ramdas nagar,ramdas nagar,3700000.0,2.0,915.0,915.0,,7.5,3.0,3.0,1.0,46.0,14.0,flat,semi-furnished,north-east,0,17.4883448,78.5596971
L68461090,unknown,unknown,4400000.0,2.0,1100.0,1100.0,,12.0,1.0,6.0,2.0,13.0,60.0,flat,semi-furnished,east,0,17.5789054,78.4268758
V65557932,unknown,unknown,19400000.0,4.0,265.0,265.0,,20.0,1.0,2.0,2.0,33.0,30.0,villa,semi-furnished,east,0,17.543776,78.47752
O69035962,unknown,unknown,22500000.0,4.0,1890.0,1890.0,,2.5,1.0,2.0,1.0,0.0,90.0,villa,semi-furnished,west,0,17.16954,78.47093
X69709244,unknown,unknown,4800000.0,1.0,675.0,675.0,,0.0,2.0,4.0,1.0,50.0,60.0,villa,unfurnished,unknown,0,17.327119,78.589535
K69125962,unknown,unknown,11000000.0,4.0,1368.0,1368.0,,2.5,2.0,3.0,3.0,6.0,21.0,villa,semi-furnished,west,1,17.296883,78.5638198
M69140140,unknown,unknown,7900000.0,2.0,850.0,850.0,,2.5,5.0,5.0,1.0,50.0,14.0,flat,semi-furnished,west,1,17.407379,78.376946
H70850874,unknown,unknown,15700000.0,3.0,2800.0,2800.0,,12.0,14.0,40.0,2.0,17.0,7.0,flat,semi-furnished,east,0,17.4664197,78.285342
L68832558,unknown,unknown,35000000.0,10.0,7200.0,7200.0,,2.5,2.0,4.0,4.0,17.0,30.0,villa,furnished,west,0,17.4664197,78.285342
V69323754,unknown,unknown,29000000.0,3.0,2070.0,2070.0,,7.5,1.0,2.0,2.0,10.0,60.0,villa,semi-furnished,west,0,17.5468498,78.3650231
M70666280,unknown,unknown,10800000.0,2.0,1972.0,1972.0,,12.0,1.0,2.0,1.0,0.0,14.0,villa,semi-furnished,east,0,17.233562897673416,78.54189608906688
T69264380,kokapet,kokapet,12500000.0,2.0,1270.0,1270.0,,0.0,6.0,12.0,2.0,12.0,90.0,flat,furnished,west,0,17.399482,78.34253
Y70812332,esamiya bazaar,esamiya bazaar,8720000.0,2.0,1090.0,1090.0,,7.5,4.0,4.0,2.0,49.0,4.0,flat,furnished,east,1,17.382054,78.488296
L70480768,unknown,unknown,9000000.0,2.0,1440.0,1440.0,,12.0,0.0,,0.0,50.0,28.0,villa,furnished,west,0,17.327119,78.589535
Y70547428,unknown,unknown,8900000.0,2.0,1255.0,1255.0,,2.5,5.0,5.0,2.0,49.0,2.0,flat,furnished,unknown,0,17.505811,78.539781
A70164866,unknown,unknown,108000000.0,3.0,3240.0,3240.0,,7.5,1.0,2.0,1.0,50.0,30.0,villa,furnished,north-east,0,17.3915153,78.4972145
G69944220,unknown,unknown,30000000.0,3.0,250.0,250.0,,0.0,1.0,2.0,4.0,37.0,30.0,villa,unfurnished,unknown,1,17.538237,78.480804
O68889676,unknown,unknown,7500000.0,2.0,1185.0,1185.0,,0.0,5.0,5.0,2.0,6.0,90.0,flat,semi-furnished,east,0,17.542319,78.226934
F70793016,unknown,unknown,17000000.0,6.0,3700.0,3700.0,,20.0,2.0,3.0,4.0,0.0,2.0,villa,furnished,east,0,17.42169,78.21842
W68205274,unknown,unknown,9000000.0,3.0,1640.0,1640.0,,7.5,2.0,4.0,3.0,50.0,60.0,flat,furnished,unknown,1,17.478433,78.392116
D70070546,patancheru,patancheru,9164000.0,3.0,1410.0,1410.0,,12.0,8.0,14.0,2.0,8.0,30.0,flat,semi-furnished,north-east,0,17.5362492,78.2396486
Y69787092,unknown,unknown,4500000.0,2.0,1040.0,1040.0,,7.5,2.0,3.0,1.0,0.0,30.0,flat,furnished,north-east,1,,
Z69515506,hydershakote,hydershakote,8500000.0,2.0,900.0,900.0,,2.5,0.0,1.0,2.0,28.0,60.0,villa,semi-furnished,east,0,17.36174,78.39844
K70932136,unknown,unknown,7000000.0,3.0,1260.0,1260.0,,20.0,5.0,11.0,1.0,2.0,4.0,flat,semi-furnished,east,0,17.584501,78.478388
N70069812,unknown,unknown,18500000.0,4.0,1800.0,1800.0,,12.0,1.0,2.0,2.0,50.0,30.0,villa,semi-furnished,unknown,0,17.5090182,78.3001801
E69346018,unknown,unknown,11800000.0,2.0,1295.0,1295.0,,20.0,3.0,6.0,1.0,11.0,60.0,flat,semi-furnished,west,1,17.3875745,78.3654151
U69953690,unknown,unknown,10000000.0,3.0,1525.0,1525.0,,20.0,1.0,15.0,1.0,15.0,7.0,flat,unfurnished,unknown,1,17.568049,78.47042
P67273758,unknown,unknown,11000000.0,2.0,1315.0,1315.0,,20.0,21.0,30.0,1.0,12.0,30.0,flat,unfurnished,east,1,17.45227,78.299843
T70467794,unknown,unknown,18300000.0,3.0,2035.0,2035.0,,20.0,1.0,10.0,1.0,50.0,30.0,flat,semi-furnished,east,0,17.416278,78.579471
Q68813502,sayeedabad colony,sayeedabad colony,25500000.0,3.0,2790.0,2790.0,,7.5,0.0,1.0,0.0,49.0,90.0,villa,unfurnished,north,0,17.3566145,78.5105746
R70700222,unknown,unknown,7488000.0,3.0,1560.0,1560.0,,12.0,1.0,5.0,1.0,47.0,14.0,flat,semi-furnished,north-east,0,17.4985957,78.5731826
N69505432,unknown,unknown,20500000.0,3.0,1957.0,1957.0,,20.0,13.0,32.0,1.0,26.0,30.0,flat,semi-furnished,east,1,17.40223,78.3444
M70050728,bachupally,bachupally,40000000.0,3.0,3200.0,3200.0,,0.0,1.0,2.0,2.0,10.0,30.0,villa,semi-furnished,east,0,17.5468498,78.3650231
W67834126,medipally,medipally,15000000.0,2.0,1620.0,1620.0,,0.0,1.0,2.0,4.0,49.0,,villa,semi-furnished,north-east,1,17.40777,78.6025
V68553928,unknown,unknown,6200000.0,2.0,1100.0,1100.0,,2.5,2.0,5.0,2.0,50.0,21.0,flat,furnished,west,0,17.519349,78.399539
H65287068,unknown,unknown,7700000.0,4.0,1350.0,1350.0,,12.0,1.0,2.0,4.0,11.0,30.0,villa,unfurnished,unknown,0,17.234817,78.642111
P70178832,unknown,unknown,12700000.0,7.0,1530.0,1530.0,,0.0,2.0,3.0,4.0,50.0,30.0,villa,unfurnished,unknown,0,17.4154884,78.5717631
J69867734,hi tech city,hi tech city,11700000.0,2.0,1160.0,1160.0,,20.0,26.0,32.0,1.0,13.0,30.0,flat,semi-furnished,unknown,1,17.465823,78.407845
C66884864,dammaiguda,dammaiguda,14500000.0,3.0,2500.0,2500.0,,7.5,1.0,2.0,1.0,27.0,150.0,villa,furnished,north-east,0,17.4944038,78.5933196
N70080690,unknown,unknown,18000000.0,3.0,2000.0,2000.0,,20.0,18.0,31.0,1.0,13.0,30.0,flat,semi-furnished,north,0,17.465823,78.407845
R70437232,cherlapally,cherlapally,7600000.0,4.0,900.0,900.0,,20.0,1.0,2.0,2.0,24.0,4.0,villa,semi-furnished,north-east,0,17.472514,78.609601
F70571538,unknown,unknown,6400000.0,3.0,1365.0,1365.0,,0.0,2.0,5.0,1.0,17.0,21.0,flat,semi-furnished,west,1,17.360594,78.377846
F68677644,gundlapochampalli,gundlapochampalli,16800000.0,3.0,1440.0,1440.0,,2.5,0.0,1.0,3.0,11.0,120.0,villa,semi-furnished,west,0,17.56664,78.485091
J69979830,unknown,unknown,12800000.0,3.0,1915.0,1915.0,,20.0,6.0,13.0,2.0,15.0,30.0,flat,furnished,east,0,17.4478104,78.5263305
G70359692,shamshabad,shamshabad,7500000.0,3.0,1530.0,1530.0,,12.0,3.0,5.0,2.0,0.0,30.0,flat,semi-furnished,east,0,17.2494091,78.4183466
N69979574,unknown,unknown,7500000.0,3.0,1461.0,1461.0,,12.0,3.0,5.0,2.0,6.0,30.0,flat,semi-furnished,east,0,17.5564,78.36389
M70050204,unknown,unknown,8000000.0,2.0,1375.0,1375.0,,12.0,8.0,9.0,1.0,0.0,30.0,flat,semi-furnished,west,0,,
Y68882830,unknown,unknown,11500000.0,3.0,1600.0,1600.0,,2.5,2.0,5.0,1.0,50.0,60.0,flat,semi-furnished,west,1,17.3952927,78.3675219
K68757022,nallagandla,nallagandla,5999000.0,2.0,1250.0,1250.0,,2.5,1.0,5.0,3.0,15.0,120.0,flat,semi-furnished,unknown,0,17.455021,78.302556
I70940500,nizampet,nizampet,5000000.0,2.0,1100.0,1100.0,,7.5,2.0,4.0,1.0,50.0,4.0,flat,furnished,east,0,17.5179636,78.3813785
P70645332,unknown,unknown,6200000.0,3.0,1370.0,1370.0,,7.5,3.0,5.0,1.0,47.0,14.0,flat,furnished,west,0,17.496027,78.545371
H70401228,unknown,unknown,8710000.0,2.0,1321.0,1321.0,,12.0,15.0,40.0,1.0,0.0,30.0,flat,semi-furnished,east,0,,
R70206672,unknown,unknown,13000000.0,3.0,1650.0,1650.0,,20.0,5.0,5.0,2.0,18.0,30.0,flat,semi-furnished,east,0,17.392278,78.353868
I69014506,unknown,unknown,10700000.0,2.0,1396.0,1396.0,,20.0,16.0,20.0,1.0,4.0,90.0,flat,semi-furnished,west,0,17.357201,78.371351
S70031272,bachupally,bachupally,4300000.0,2.0,1008.0,1008.0,,7.5,4.0,5.0,1.0,10.0,30.0,flat,semi-furnished,unknown,0,17.5468498,78.3650231
T70743924,unknown,unknown,35500000.0,3.0,2835.0,2835.0,,12.0,4.0,21.0,3.0,11.0,14.0,flat,semi-furnished,east,0,17.4609913,78.3532083
A70581204,unknown,unknown,57000000.0,4.0,2448.0,2448.0,,20.0,2.0,3.0,2.0,15.0,21.0,villa,semi-furnished,west,1,17.4666281,78.2638739
I70159032,unknown,unknown,68000000.0,4.0,4000.0,4000.0,,12.0,31.0,42.0,3.0,12.0,30.0,flat,semi-furnished,east,0,17.4480919,78.3787508
L70058588,unknown,unknown,18500000.0,2.0,1492.0,1492.0,,20.0,4.0,34.0,1.0,26.0,30.0,flat,furnished,west,0,17.40223,78.3444
F69911688,kukatpally,kukatpally,9350000.0,2.0,1261.0,1261.0,,20.0,5.0,13.0,2.0,47.0,21.0,flat,semi-furnished,east,1,17.49479,78.39964
X69401578,unknown,unknown,26000000.0,3.0,2700.0,2700.0,,12.0,1.0,2.0,2.0,17.0,30.0,villa,semi-furnished,west,0,17.4664197,78.285342
Z63218670,unknown,unknown,4800000.0,2.0,1010.0,1010.0,,20.0,1.0,5.0,2.0,48.0,30.0,flat,semi-furnished,unknown,0,17.43993,78.49827
K70289690,unknown,unknown,6811000.0,2.0,1285.0,1285.0,,12.0,8.0,14.0,2.0,10.0,30.0,flat,semi-furnished,east,0,17.443855,78.250431
G70196116,narsingi,narsingi,13700000.000000002,3.0,1954.0,1954.0,,20.0,6.0,14.0,3.0,5.0,14.0,flat,semi-furnished,west,0,17.381705,78.347364
F70481128,unknown,unknown,5500000.0,2.0,1150.0,1150.0,,20.0,3.0,5.0,1.0,1.0,28.0,flat,semi-furnished,east,0,17.280656,78.635099
P70070288,patancheru,patancheru,6920999.999999999,2.0,1065.0,1065.0,,12.0,9.0,14.0,1.0,8.0,30.0,flat,semi-furnished,north-east,0,17.5362492,78.2396486
Z70498142,unknown,unknown,7000000.0,3.0,1800.0,1800.0,,7.5,2.0,5.0,2.0,47.0,14.0,flat,furnished,unknown,0,17.492624,78.5435
O69630124,karmanghat,karmanghat,4800000.0,2.0,1017.0,1017.0,,2.5,5.0,5.0,2.0,49.0,60.0,flat,semi-furnished,east,1,17.3417656,78.5305907
V69905238,unknown,unknown,12000000.0,2.0,1377.0,1377.0,,2.5,1.0,6.0,3.0,50.0,30.0,flat,unfurnished,unknown,1,17.461703,78.436274
V68904214,chintal,chintal,2700000.0,1.0,575.0,575.0,,0.0,1.0,1.0,0.0,0.0,90.0,house,furnished,unknown,0,,
E70909302,unknown,unknown,7248000.0,3.0,1510.0,1510.0,,12.0,3.0,5.0,2.0,13.0,4.0,flat,semi-furnished,east,0,17.5789054,78.4268758
K65874390,unknown,unknown,145000000.0,3.0,3600.0,3600.0,,7.5,1.0,2.0,2.0,46.0,30.0,villa,semi-furnished,west,0,17.4164707,78.4382469
L69091924,unknown,unknown,2300000.0,2.0,715.0,715.0,,2.5,1.0,2.0,1.0,0.0,90.0,flat,semi-furnished,west,0,17.6577589,78.5967949
N70070764,patancheru,patancheru,10300000.0,3.0,1585.0,1585.0,,12.0,7.0,14.0,2.0,8.0,30.0,flat,semi-furnished,north-east,0,17.5362492,78.2396486
Q70825296,unknown,unknown,7344000.0,3.0,1530.0,1530.0,,12.0,3.0,5.0,1.0,46.0,7.0,flat,semi-furnished,east,0,17.48095,78.57034
F70825242,unknown,unknown,7344000.0,3.0,13770.0,13770.0,,12.0,1.0,5.0,1.0,49.0,7.0,flat,semi-furnished,east,0,17.4630853,78.5699888
X70700848,unknown,unknown,7344000.0,3.0,1530.0,1530.0,,12.0,2.0,5.0,1.0,47.0,14.0,flat,semi-furnished,north,0,17.4985957,78.5731826
B65692560,unknown,unknown,9300000.0,2.0,3000.0,3000.0,,20.0,0.0,1.0,2.0,3.0,28.0,villa,furnished,north-east,1,17.20534,78.4523
M71015994,bachupally,bachupally,8600000.0,3.0,1755.0,1755.0,,12.0,4.0,14.0,2.0,10.0,,flat,semi-furnished,east,0,17.5468498,78.3650231
D70530798,sri ram nagar colony,sri ram nagar colony,53300000.0,4.0,3045.0,3045.0,,7.5,2.0,4.0,1.0,45.0,14.0,flat,furnished,west,0,17.408816,78.44313
D68598368,geological survey of india colony,geological survey of india colony,8000000.0,3.0,1700.0,1700.0,,2.5,1.0,6.0,2.0,44.0,120.0,flat,furnished,west,0,17.366353,78.58283
J69978192,mokila,mokila,20300000.0,3.0,2384.0,2384.0,,20.0,1.0,2.0,1.0,8.0,30.0,villa,semi-furnished,east,0,17.428952,78.197469
D68911078,unknown,unknown,10400000.0,2.0,1530.0,1530.0,,20.0,0.0,1.0,1.0,13.0,14.0,villa,semi-furnished,east,1,17.5587337,78.2674059
P70549988,unknown,unknown,35300000.0,3.0,2350.0,2350.0,,20.0,20.0,21.0,1.0,4.0,21.0,flat,furnished,unknown,0,17.4570123,78.3645684
N70644026,sainikpuri,sainikpuri,5500000.0,3.0,1194.0,1194.0,,20.0,9.0,9.0,2.0,45.0,14.0,flat,semi-furnished,north,0,17.49948,78.56325
O69913142,unknown,unknown,9650000.0,2.0,1232.0,1232.0,,2.5,3.0,4.0,2.0,49.0,21.0,flat,unfurnished,west,0,17.446213,78.393682
U67908530,kollur,kollur,14000000.0,3.0,2000.0,2000.0,,20.0,0.0,1.0,1.0,0.0,60.0,villa,semi-furnished,east,0,,
A69605648,unknown,unknown,10500000.0,3.0,1560.0,1560.0,,2.5,4.0,4.0,0.0,49.0,60.0,flat,furnished,north,0,17.47234,78.419588
T69639488,unknown,unknown,17000000.0,4.0,1350.0,1350.0,,20.0,1.0,2.0,2.0,50.0,30.0,villa,unfurnished,unknown,0,17.5090182,78.3001801
D70105122,unknown,unknown,22900000.0,3.0,2540.0,2540.0,,0.0,4.0,18.0,1.0,10.0,30.0,flat,furnished,east,1,17.3887844,78.348562
U70968810,mallampet,mallampet,4410000.0,2.0,1225.0,1225.0,,12.0,4.0,5.0,1.0,6.0,3.0,flat,semi-furnished,east,0,17.5564,78.36389
M70737860,unknown,unknown,26000000.0,5.0,1926.0,1926.0,,0.0,2.0,3.0,3.0,26.0,14.0,villa,semi-furnished,east,0,17.51069,78.547467
V70179588,unknown,unknown,15000000.0,3.0,1989.0,1989.0,,20.0,0.0,1.0,1.0,50.0,30.0,villa,unfurnished,unknown,0,17.4154884,78.5717631
U70076518,unknown,unknown,15500000.0,4.0,2803.0,2803.0,,12.0,2.0,3.0,2.0,50.0,30.0,villa,semi-furnished,east,0,17.536121,78.289779
Z70070070,unknown,unknown,16700000.0,4.0,1647.0,1647.0,,12.0,1.0,2.0,2.0,50.0,30.0,villa,semi-furnished,unknown,0,17.5090182,78.3001801
I70577264,unknown,unknown,26000000.0,4.0,3000.0,3000.0,,12.0,1.0,2.0,2.0,3.0,21.0,villa,semi-furnished,east,0,17.20869,78.47603
L70558666,unknown,unknown,22000000.0,5.0,2500.0,2500.0,,20.0,1.0,2.0,2.0,41.0,7.0,villa,unfurnished,unknown,1,17.5322955,78.4862663
Q70895782,unknown,unknown,4900000.0,2.0,1050.0,1050.0,,7.5,1.0,4.0,2.0,50.0,4.0,flat,semi-furnished,west,1,17.5213398,78.3949566
V70798058,unknown,unknown,24000000.0,5.0,1499.0,1499.0,,20.0,2.0,3.0,4.0,50.0,7.0,villa,semi-furnished,west,0,17.5068072,78.5014759
R70511084,unknown,unknown,12800000.0,3.0,1850.0,1850.0,,7.5,4.0,5.0,2.0,46.0,14.0,flat,furnished,unknown,1,17.4164707,78.4382469
V66756198,unknown,unknown,6500000.0,3.0,1450.0,1450.0,,2.5,4.0,9.0,2.0,49.0,30.0,flat,furnished,west,0,17.499527,78.4767399
P69585572,unknown,unknown,5290000.0,2.0,1150.0,1150.0,,12.0,1.0,3.0,2.0,50.0,60.0,flat,semi-furnished,east,1,17.524382,78.427235
J69386258,unknown,unknown,13000000.0,3.0,1665.0,1665.0,,20.0,2.0,22.0,1.0,13.0,60.0,flat,semi-furnished,west,0,17.407552,78.337696
Z70583446,unknown,unknown,76000000.0,4.0,3800.0,3800.0,,0.0,2.0,3.0,2.0,50.0,7.0,villa,semi-furnished,east,1,17.450436,78.424385
N70942418,shaikpet,shaikpet,17500000.0,3.0,2100.0,2100.0,,20.0,1.0,4.0,2.0,49.0,5.0,house,furnished,north,0,17.4066129,78.3941767
B70899970,dr as rao nagar,dr as rao nagar,24000000.0,6.0,4250.0,4250.0,,20.0,2.0,4.0,4.0,46.0,7.0,villa,furnished,west,0,17.4769491,78.5598292
J70899714,dr as rao nagar,dr as rao nagar,14500000.0,3.0,2150.0,2150.0,,20.0,2.0,4.0,2.0,46.0,7.0,house,furnished,north,0,17.4769491,78.5598292
U70846782,narsingi,narsingi,9200000.0,2.0,1275.0,1275.0,,0.0,2.0,6.0,1.0,25.0,4.0,flat,furnished,west,0,17.3923634,78.3621784
L68540982,nagole,nagole,6700000.0,3.0,1460.0,1460.0,,20.0,2.0,5.0,2.0,50.0,120.0,house,semi-furnished,west,1,17.3697735,78.5618265
E69260572,unknown,unknown,14000000.0,4.0,1350.0,1350.0,,20.0,1.0,2.0,2.0,0.0,60.0,villa,semi-furnished,unknown,0,17.298731,77.98301
Y70740040,patancheruvu,patancheruvu,12000000.0,3.0,2800.0,2800.0,,12.0,1.0,2.0,2.0,46.0,14.0,villa,semi-furnished,north-east,0,17.5330867548758,78.2682745858627
X70718238,muthangi,muthangi,11900000.0,4.0,2800.0,2800.0,,12.0,1.0,2.0,2.0,6.0,14.0,villa,semi-furnished,east,0,17.542319,78.226934
E69663704,unknown,unknown,5900000.0,3.0,1299.0,1299.0,,2.5,3.0,4.0,2.0,49.0,60.0,flat,unfurnished,unknown,1,17.346091,78.50495
M69664194,unknown,unknown,19900000.0,4.0,3392.0,3392.0,,12.0,1.0,2.0,3.0,50.0,7.0,villa,semi-furnished,east,0,17.5090182,78.3001801
C70484296,unknown,unknown,30000000.0,3.0,1800.0,1800.0,,12.0,1.0,2.0,2.0,50.0,28.0,villa,semi-furnished,east,0,17.4011618,78.37569
P70482916,unknown,unknown,21000000.0,3.0,200.0,200.0,,12.0,1.0,2.0,2.0,17.0,28.0,villa,semi-furnished,east,0,17.4664197,78.285342
S70482238,unknown,unknown,21000000.0,3.0,1800.0,1800.0,,12.0,1.0,2.0,2.0,0.0,28.0,villa,semi-furnished,east,0,17.443855,78.250431
C70324826,unknown,unknown,13000000.0,2.0,2200.0,2200.0,,12.0,0.0,1.0,2.0,4.0,30.0,villa,semi-furnished,unknown,0,17.322272,78.643697
S70157820,patancheruvu,patancheruvu,38000000.0,5.0,4027.0,4027.0,,12.0,1.0,2.0,3.0,46.0,30.0,villa,semi-furnished,east,0,17.5330867548758,78.2682745858627
A70923880,unknown,unknown,17500000.0,4.0,1575.0,1575.0,,7.5,1.0,2.0,1.0,49.0,3.0,villa,semi-furnished,unknown,0,17.343347,78.513876
M71000528,unknown,unknown,9626000.0,3.0,1660.0,1660.0,,12.0,6.0,14.0,2.0,50.0,2.0,flat,semi-furnished,east,0,17.397083,78.371015
C69684908,unknown,unknown,9406000.0,2.0,1325.0,1325.0,,12.0,3.0,13.0,1.0,25.0,2.0,flat,semi-furnished,east,0,17.3923634,78.3621784
Q70995490,unknown,unknown,9999000.0,2.0,1250.0,1250.0,,12.0,3.0,30.0,1.0,26.0,2.0,flat,unfurnished,unknown,0,17.40223,78.3444
A70994162,unknown,unknown,11299999.999999998,3.0,1875.0,1875.0,,12.0,1.0,5.0,2.0,50.0,2.0,flat,unfurnished,unknown,0,17.4011618,78.37569
X70993888,unknown,unknown,9120000.0,3.0,1900.0,1900.0,,12.0,2.0,5.0,2.0,50.0,2.0,flat,unfurnished,unknown,0,17.3697735,78.5618265
H70993782,unknown,unknown,9450000.0,3.0,1350.0,1350.0,,12.0,3.0,5.0,2.0,25.0,2.0,flat,semi-furnished,unknown,0,17.3923634,78.3621784
X70993554,unknown,unknown,9156000.0,2.0,1308.0,1308.0,,12.0,2.0,5.0,2.0,25.0,2.0,flat,semi-furnished,unknown,0,17.3923634,78.3621784
K70956352,unknown,unknown,22000000.0,3.0,2000.0,2000.0,,20.0,0.0,1.0,2.0,1.0,4.0,villa,semi-furnished,east,0,17.492871,78.239079
M70679548,unknown,unknown,8500000.0,2.0,1250.0,1250.0,,12.0,8.0,17.0,2.0,50.0,14.0,flat,semi-furnished,east,0,17.509181,78.3521088
R70415362,unknown,unknown,101000000.0,5.0,3900.0,3900.0,,0.0,1.0,2.0,4.0,17.0,30.0,villa,semi-furnished,east,0,17.4664197,78.285342
W70386932,unknown,unknown,14200000.0,3.0,2167.0,2167.0,,12.0,0.0,1.0,2.0,0.0,30.0,villa,semi-furnished,north-east,0,17.626354,78.400816
S70327878,unknown,unknown,10500000.0,3.0,1400.0,1400.0,,12.0,3.0,16.0,2.0,49.0,30.0,flat,semi-furnished,east,0,17.4609913,78.3532083
V70327850,unknown,unknown,9310000.0,2.0,1225.0,1225.0,,12.0,3.0,16.0,2.0,49.0,30.0,flat,semi-furnished,east,0,17.4609913,78.3532083
K70327754,unknown,unknown,8400000.0,2.0,1355.0,1355.0,,12.0,3.0,30.0,2.0,17.0,30.0,flat,semi-furnished,unknown,0,17.4664197,78.285342
P70327712,unknown,unknown,10500000.0,3.0,1695.0,1695.0,,12.0,3.0,30.0,2.0,17.0,30.0,flat,semi-furnished,east,0,17.4664197,78.285342
D70295128,unknown,unknown,11500000.0,2.0,1330.0,1330.0,,20.0,6.0,12.0,2.0,15.0,30.0,flat,semi-furnished,east,0,17.40223,78.3444
L70198134,unknown,unknown,8558000.0,3.0,1556.0,1556.0,,12.0,3.0,5.0,2.0,25.0,30.0,flat,semi-furnished,unknown,0,17.3923634,78.3621784
G70197496,unknown,unknown,12700000.0,3.0,1500.0,1500.0,,12.0,3.0,5.0,1.0,25.0,30.0,flat,semi-furnished,unknown,0,17.3923634,78.3621784
V70197146,unknown,unknown,12700000.0,3.0,1500.0,1500.0,,12.0,3.0,5.0,1.0,50.0,30.0,flat,semi-furnished,unknown,0,17.3973794,78.3856447
X70195666,unknown,unknown,11100000.000000002,2.0,1304.0,1304.0,,12.0,3.0,11.0,2.0,33.0,30.0,flat,semi-furnished,unknown,0,17.411744,78.341175
P70155196,unknown,unknown,5082000.0,2.0,1210.0,1210.0,,12.0,3.0,11.0,1.0,6.0,30.0,flat,unfurnished,unknown,0,17.529701,78.333031
I70155106,unknown,unknown,5082000.0,2.0,1210.0,1210.0,,12.0,3.0,11.0,1.0,50.0,30.0,flat,unfurnished,unknown,0,17.5090182,78.3001801
U70155016,unknown,unknown,5082000.0,2.0,1210.0,1210.0,,12.0,3.0,11.0,2.0,48.0,30.0,flat,unfurnished,unknown,0,17.5316,78.26729
F70154892,unknown,unknown,8300000.0,2.0,1222.0,1222.0,,12.0,3.0,7.0,1.0,50.0,30.0,flat,unfurnished,unknown,0,17.4011618,78.37569
X70055312,unknown,unknown,27200000.000000004,4.0,1800.0,1800.0,,12.0,0.0,1.0,2.0,0.0,30.0,villa,semi-furnished,unknown,0,17.443855,78.250431
C70055242,unknown,unknown,15400000.0,3.0,2083.0,2083.0,,12.0,0.0,1.0,2.0,50.0,30.0,villa,unfurnished,unknown,0,17.5090182,78.3001801
C70362732,unknown,unknown,247000000.0,3.0,2757.0,2757.0,,20.0,0.0,1.0,2.0,0.0,30.0,villa,semi-furnished,east,0,17.443354,78.182044
X70533534,unknown,unknown,9900000.0,3.0,2050.0,2050.0,,12.0,4.0,8.0,4.0,10.0,21.0,flat,semi-furnished,east,0,17.500211,78.556387
A70718466,kollur,kollur,6000000.0,3.0,1794.0,1794.0,,12.0,5.0,12.0,1.0,6.0,14.0,flat,semi-furnished,east,0,17.443855,78.250431
L70718186,muthangi,muthangi,9900000.0,3.0,2340.0,2340.0,,12.0,1.0,2.0,2.0,6.0,14.0,villa,semi-furnished,east,0,17.542319,78.226934
Q69339460,unknown,unknown,4900000.0,2.0,1010.0,1010.0,,20.0,3.0,5.0,1.0,50.0,60.0,flat,semi-furnished,east,0,17.3984312,78.5078739
Y69563594,unknown,unknown,17000000.0,3.0,135.0,135.0,,20.0,1.0,2.0,2.0,50.0,60.0,villa,semi-furnished,north-east,1,17.474201,78.513363
E70528536,unknown,unknown,9000000.0,2.0,1440.0,1440.0,,12.0,0.0,,0.0,0.0,21.0,villa,furnished,east,0,17.233562897673416,78.54189608906688
Q70698590,unknown,unknown,7600000.0,3.0,1650.0,1650.0,,20.0,4.0,5.0,1.0,49.0,14.0,flat,semi-furnished,east,0,17.505811,78.539781
X70739912,kollur,kollur,6700000.0,3.0,1994.0,1994.0,,12.0,6.0,12.0,2.0,6.0,14.0,flat,semi-furnished,east,0,17.443855,78.250431
R70718294,kollur,kollur,23500000.0,4.0,3800.0,3800.0,,12.0,2.0,3.0,3.0,0.0,14.0,villa,semi-furnished,north-east,0,17.443855,78.250431
S70684206,kollur,kollur,6480000.0,3.0,2025.0,2025.0,,12.0,7.0,18.0,2.0,0.0,14.0,flat,semi-furnished,north-east,0,17.443855,78.250431
Z70683980,tellapur,tellapur,5648000.0,3.0,1765.0,1765.0,,12.0,5.0,18.0,1.0,17.0,14.0,flat,semi-furnished,unknown,0,17.4664197,78.285342
X70683370,unknown,unknown,26500000.0,4.0,3940.0,3940.0,,12.0,2.0,3.0,3.0,17.0,14.0,villa,semi-furnished,north-east,0,17.4664197,78.285342
S69031324,unknown,unknown,13500000.0,3.0,1900.0,1900.0,,20.0,4.0,5.0,4.0,49.0,90.0,flat,furnished,west,1,17.499527,78.4767399
Q62136274,unknown,unknown,3500000.0,2.0,1000.0,1000.0,,7.5,4.0,5.0,2.0,47.0,30.0,flat,semi-furnished,south,0,17.48718,78.5786
A67814462,kowkur,kowkur,4800000.0,3.0,1250.0,1250.0,,2.5,2.0,5.0,1.0,25.0,28.0,flat,furnished,unknown,0,17.527169,78.536787
L68833986,unknown,unknown,7500000.0,2.0,1350.0,1350.0,,20.0,0.0,1.0,1.0,5.0,90.0,villa,semi-furnished,east,0,17.283031,78.553635
O69796130,unknown,unknown,50000000.0,7.0,2160.0,2160.0,,2.5,1.0,2.0,3.0,47.0,5.0,villa,semi-furnished,south,0,17.498675,78.573707
Y69798302,unknown,unknown,4400000.0,2.0,1100.0,1100.0,,7.5,4.0,10.0,1.0,8.0,5.0,flat,semi-furnished,north,0,17.441208,78.650905
Y70431496,unknown,unknown,7500000.0,2.0,1350.0,1350.0,,20.0,0.0,1.0,1.0,11.0,30.0,villa,semi-furnished,east,0,17.4626216,78.6313624
Q69981510,kollur,kollur,27200000.000000004,4.0,3200.0,3200.0,,12.0,2.0,3.0,3.0,0.0,30.0,villa,semi-furnished,west,0,17.443855,78.250431
H69964814,unknown,unknown,20000000.0,4.0,4200.0,4200.0,,12.0,7.0,9.0,3.0,0.0,30.0,flat,semi-furnished,west,0,,
V70552864,unknown,unknown,9383000.0,3.0,1915.0,1915.0,,12.0,8.0,15.0,1.0,0.0,21.0,flat,semi-furnished,unknown,0,17.443855,78.250431
C70552718,unknown,unknown,6762000.0,2.0,1380.0,1380.0,,12.0,8.0,15.0,1.0,0.0,21.0,flat,semi-furnished,unknown,0,17.443855,78.250431
V70398776,unknown,unknown,7300000.0,2.0,999.0,999.0,,0.0,0.0,1.0,1.0,9.0,4.0,villa,unfurnished,north,0,17.443395,78.597343
L62472208,unknown,unknown,14900000.0,3.0,1215.0,1215.0,,7.5,1.0,2.0,2.0,50.0,90.0,villa,furnished,unknown,0,17.449237,78.5007657
J68877738,unknown,unknown,7800000.0,3.0,1556.0,1556.0,,0.0,2.0,6.0,1.0,0.0,90.0,flat,semi-furnished,east,0,17.443354,78.182044
Z69384114,miyapur,miyapur,4500000.0,2.0,900.0,900.0,,2.5,4.0,5.0,2.0,50.0,60.0,flat,semi-furnished,west,0,17.509181,78.352109
L70312940,unknown,unknown,4940000.0,2.0,1235.0,1235.0,,12.0,2.0,5.0,1.0,48.0,30.0,flat,unfurnished,unknown,0,17.5316,78.26729
R70151560,unknown,unknown,6000000.0,2.0,1080.0,1080.0,,20.0,0.0,1.0,2.0,2.0,30.0,villa,semi-furnished,unknown,0,17.5280399,78.6540576
H66316598,unknown,unknown,29000000.0,3.0,2690.0,2690.0,,2.5,9.0,10.0,3.0,38.0,90.0,flat,furnished,west,0,17.437012,78.371384
X70474792,unknown,unknown,20000000.0,5.0,1800.0,1800.0,,20.0,1.0,2.0,2.0,11.0,28.0,villa,semi-furnished,north-east,0,17.4219,78.63155
X68814058,pragathi nagar,pragathi nagar,4600000.0,2.0,1110.0,1110.0,,7.5,4.0,4.0,2.0,50.0,90.0,flat,semi-furnished,east,1,17.5204109,78.3986334
D70311330,unknown,unknown,17500000.0,3.0,2600.0,2600.0,,12.0,2.0,5.0,4.0,3.0,30.0,flat,semi-furnished,east,0,17.284328,78.471841
O70161394,unknown,unknown,17500000.0,3.0,2600.0,2600.0,,12.0,2.0,5.0,4.0,3.0,30.0,flat,semi-furnished,east,0,17.20869,78.47603
M67738528,unknown,unknown,8000000.0,3.0,1447.0,1447.0,,2.5,4.0,5.0,1.0,49.0,90.0,flat,semi-furnished,east,0,17.507274,78.336602
Z70544706,unknown,unknown,21000000.0,3.0,1919.0,1919.0,,20.0,28.0,35.0,1.0,10.0,21.0,flat,semi-furnished,west,0,17.4359437,78.3416731
I69999168,unknown,unknown,5243000.0,2.0,1140.0,1140.0,,20.0,3.0,5.0,1.0,37.0,30.0,flat,semi-furnished,east,0,17.538237,78.480804
L70624450,nallagandla,nallagandla,7820000.0,2.0,1150.0,1150.0,,12.0,2.0,5.0,2.0,50.0,21.0,flat,semi-furnished,west,0,17.47078,78.30668
Y70624448,nallagandla,nallagandla,11200000.000000002,3.0,1640.0,1640.0,,12.0,5.0,5.0,2.0,50.0,21.0,flat,semi-furnished,west,0,17.47078,78.30668
S69068144,unknown,unknown,6000000.0,2.0,1275.0,1275.0,,20.0,2.0,5.0,1.0,8.0,60.0,flat,semi-furnished,west,1,17.37,78.57
M71008622,kollur,kollur,6323000.0,3.0,1976.0,1976.0,,12.0,6.0,18.0,1.0,0.0,,flat,semi-furnished,north-east,0,17.443855,78.250431
M71008246,kollur,kollur,9682000.0,3.0,1976.0,1976.0,,12.0,6.0,18.0,1.0,0.0,,flat,semi-furnished,north-east,0,17.443855,78.250431
Q70682808,kollur,kollur,6589000.0,3.0,1345.0,1345.0,,12.0,5.0,12.0,1.0,0.0,14.0,flat,semi-furnished,north-east,0,17.443855,78.250431
J70573328,unknown,unknown,19000000.0,4.0,3170.0,3170.0,,12.0,6.0,12.0,3.0,37.0,21.0,flat,semi-furnished,east,0,17.538237,78.480804
H70495182,unknown,unknown,9435000.0,3.0,1627.0,1627.0,,20.0,2.0,5.0,2.0,37.0,28.0,flat,semi-furnished,east,0,17.538237,78.480804
Q70732136,unknown,unknown,10600000.0,3.0,1679.0,1679.0,,12.0,22.0,38.0,2.0,17.0,5.0,flat,semi-furnished,north,0,17.4664197,78.285342
B69963222,unknown,unknown,10000000.0,3.0,1900.0,1900.0,,12.0,7.0,9.0,2.0,0.0,30.0,flat,semi-furnished,east,0,,
T69938576,unknown,unknown,7200000.0,2.0,1235.0,1235.0,,12.0,7.0,9.0,1.0,0.0,30.0,flat,semi-furnished,west,0,,
M69938482,unknown,unknown,10000000.0,3.0,1730.0,1730.0,,12.0,6.0,8.0,1.0,0.0,30.0,flat,semi-furnished,west,0,,
A66131620,vanasthalipuram,vanasthalipuram,9800000.0,2.0,1503.0,1503.0,,7.5,0.0,1.0,0.0,50.0,4.0,villa,semi-furnished,east,0,17.3253751,78.574602
L70982450,unknown,unknown,14500000.0,3.0,1384.0,1384.0,,0.0,4.0,14.0,1.0,3.0,2.0,flat,furnished,east,0,17.41214,78.36431
K70762250,unknown,unknown,32000000.0,5.0,350.0,350.0,,20.0,2.0,3.0,3.0,49.0,14.0,villa,semi-furnished,west,0,17.38504,78.48667
K70484196,unknown,unknown,30000000.0,3.0,1800.0,1800.0,,12.0,1.0,2.0,2.0,50.0,28.0,villa,semi-furnished,east,0,17.4011618,78.37569
J70483862,unknown,unknown,30000000.0,3.0,1800.0,1800.0,,12.0,1.0,2.0,2.0,48.0,28.0,villa,semi-furnished,east,0,17.42278,78.34724
C70207566,unknown,unknown,19000000.0,3.0,1842.0,1842.0,,12.0,15.0,32.0,2.0,7.0,30.0,flat,semi-furnished,west,0,17.49479,78.39964
Y70161760,unknown,unknown,9075000.0,3.0,1650.0,1650.0,,12.0,8.0,10.0,2.0,17.0,30.0,flat,semi-furnished,unknown,0,17.4664197,78.285342
Z70254010,unknown,unknown,5424000.0,2.0,1130.0,1130.0,,12.0,3.0,5.0,1.0,24.0,30.0,flat,semi-furnished,unknown,0,17.50107,78.59508
K70237960,unknown,unknown,8500000.0,2.0,1050.0,1050.0,,12.0,9.0,30.0,2.0,17.0,30.0,flat,semi-furnished,east,0,17.4664197,78.285342
J70073782,unknown,unknown,8048000.0,2.0,1610.0,1610.0,,0.0,2.0,9.0,1.0,49.0,30.0,flat,semi-furnished,west,0,17.511864,78.468622
D70067810,unknown,unknown,90000000.0,4.0,3000.0,3000.0,,20.0,0.0,1.0,4.0,0.0,30.0,villa,unfurnished,north,0,17.329616967112738,78.27841634445147
N69995286,unknown,unknown,18000000.0,3.0,2000.0,2000.0,,20.0,20.0,31.0,1.0,13.0,30.0,flat,semi-furnished,north,0,17.465823,78.407845
I69531336,bachupally,bachupally,7559999.999999999,3.0,1575.0,1575.0,,20.0,2.0,5.0,1.0,10.0,14.0,flat,unfurnished,east,0,17.5468498,78.3650231
W70784314,unknown,unknown,40000000.0,4.0,2142.0,2142.0,,0.0,2.0,3.0,2.0,37.0,7.0,villa,furnished,east,0,17.538237,78.480804
L70569502,unknown,unknown,38000000.0,4.0,238.0,238.0,,20.0,2.0,3.0,2.0,37.0,21.0,villa,semi-furnished,west,0,17.538237,78.480804
F69316080,unknown,unknown,5800000.0,2.0,1090.0,1090.0,,0.0,5.0,5.0,1.0,50.0,30.0,flat,semi-furnished,east,0,17.5203424,78.3970205
R69073316,unknown,unknown,5600000.0,2.0,1050.0,1050.0,,2.5,1.0,5.0,2.0,49.0,90.0,flat,furnished,east,0,17.38504,78.48667
J70604678,unknown,unknown,15000000.0,3.0,1390.0,1390.0,,12.0,18.0,34.0,1.0,13.0,21.0,flat,semi-furnished,west,0,17.40223,78.3444
I69532134,nanakramguda,nanakramguda,69700000.0,4.0,6339.0,6339.0,,12.0,22.0,50.0,3.0,48.0,60.0,flat,semi-furnished,east,0,17.42278,78.34724
S70465272,unknown,unknown,44000000.0,4.0,235.0,235.0,,20.0,2.0,3.0,2.0,1.0,30.0,villa,semi-furnished,east,0,17.442196,78.280067
S70745010,bachupally,bachupally,5600000.0,2.0,1250.0,1250.0,,0.0,2.0,5.0,1.0,10.0,5.0,flat,furnished,east,0,17.5468498,78.3650231
A70474886,unknown,unknown,5700000.0,3.0,1200.0,1200.0,,7.5,3.0,3.0,2.0,49.0,14.0,flat,furnished,east,0,17.448976,78.483872
A70205124,unknown,unknown,5950000.0,2.0,1175.0,1175.0,,2.5,2.0,5.0,1.0,50.0,7.0,flat,semi-furnished,west,0,17.509181,78.3521088
I70167542,ashraf nagar,ashraf nagar,5200000.0,2.0,1200.0,1200.0,,2.5,2.0,5.0,2.0,49.0,30.0,flat,furnished,unknown,0,17.373699,78.49686
H70023202,defence colony,defence colony,6500000.0,2.0,1180.0,1180.0,,2.5,3.0,3.0,2.0,49.0,21.0,flat,semi-furnished,south,0,17.37331,78.426046
Q70543360,unknown,unknown,15500000.0,4.0,1350.0,1350.0,,20.0,0.0,1.0,1.0,24.0,21.0,villa,semi-furnished,north,0,17.334703,78.406198
X70061880,unknown,unknown,5000000.0,2.0,980.0,980.0,,2.5,4.0,5.0,2.0,49.0,30.0,flat,unfurnished,unknown,0,17.371842,78.528551
F70384288,unknown,unknown,29800000.0,4.0,1800.0,1800.0,,2.5,2.0,3.0,2.0,50.0,14.0,villa,semi-furnished,unknown,1,17.5203424,78.3970205
M70325988,unknown,unknown,12000000.0,4.0,1972.0,1972.0,,12.0,1.0,2.0,2.0,7.0,30.0,villa,semi-furnished,west,0,17.543634,78.293712
T70121218,unknown,unknown,14100000.0,3.0,2980.0,2980.0,,12.0,0.0,,2.0,2.0,30.0,villa,semi-furnished,north,0,17.19515,78.65624
A70751404,unknown,unknown,12000000.0,3.0,2400.0,2400.0,,12.0,2.0,9.0,2.0,3.0,14.0,flat,semi-furnished,unknown,0,17.20869,78.47603
R70516674,unknown,unknown,7939000.0,3.0,1654.0,1654.0,,12.0,8.0,9.0,2.0,3.0,21.0,flat,semi-furnished,unknown,0,17.20869,78.47603
Z70851212,narsingi,narsingi,18600000.0,3.0,3000.0,3000.0,,12.0,12.0,40.0,1.0,25.0,7.0,flat,semi-furnished,east,0,17.3923634,78.3621784
Q70851056,tellapur,tellapur,13400000.0,3.0,2000.0,2000.0,,12.0,8.0,28.0,2.0,17.0,7.0,flat,semi-furnished,east,0,17.4664197,78.285342
Q70849042,manchirevula village,manchirevula village,22700000.0,4.0,3600.0,3600.0,,12.0,20.0,47.0,3.0,1.0,7.0,flat,semi-furnished,east,0,17.3673066,78.3443972
D70837258,tellpur osmannagar,tellpur osmannagar,13600000.000000002,3.0,2000.0,2000.0,,12.0,21.0,28.0,2.0,15.0,7.0,flat,semi-furnished,east,0,17.4563368,78.2967816
Z70836822,tellpur osmannagar,tellpur osmannagar,9452000.0,2.0,1390.0,1390.0,,12.0,22.0,28.0,1.0,15.0,7.0,flat,semi-furnished,east,0,17.4563368,78.2967816
C70836324,tellpur osmannagar,tellpur osmannagar,9342000.0,2.0,1557.0,1557.0,,12.0,14.0,22.0,1.0,15.0,7.0,flat,semi-furnished,east,0,17.4563368,78.2967816
D70815190,nanakramguda,nanakramguda,22700000.0,4.0,3600.0,3600.0,,12.0,18.0,47.0,2.0,48.0,7.0,flat,semi-furnished,east,0,17.42278,78.34724
W70815078,kokapet,kokapet,26500000.0,4.0,4200.0,4200.0,,12.0,16.0,47.0,2.0,26.0,7.0,flat,semi-furnished,east,0,17.40223,78.3444
O70814964,narsingi,narsingi,18900000.0,3.0,3000.0,3000.0,,12.0,20.0,47.0,2.0,25.0,7.0,flat,semi-furnished,east,0,17.3923634,78.3621784
V70711286,tellpur osmannagar,tellpur osmannagar,10900000.0,3.0,1822.0,1822.0,,12.0,14.0,17.0,2.0,15.0,14.0,flat,semi-furnished,east,0,17.4563368,78.2967816
S70711036,tellpur osmannagar,tellpur osmannagar,9750000.0,3.0,1625.0,1625.0,,12.0,14.0,17.0,2.0,15.0,14.0,flat,semi-furnished,east,0,17.4563368,78.2967816
M70710544,tellpur osmannagar,tellpur osmannagar,8142000.0,2.0,1357.0,1357.0,,12.0,12.0,22.0,2.0,15.0,14.0,flat,semi-furnished,east,0,17.4563368,78.2967816
D70709384,tellpur osmannagar,tellpur osmannagar,11200000.000000002,3.0,1625.0,1625.0,,12.0,22.0,28.0,2.0,15.0,14.0,flat,semi-furnished,east,0,17.4563368,78.2967816
T67426348,pocharam,pocharam,4600000.0,3.0,1360.0,1360.0,,0.0,7.0,7.0,1.0,10.0,30.0,flat,semi-furnished,west,1,17.42449,78.6670487
U62754638,unknown,unknown,7000000.0,2.0,1350.0,1350.0,,20.0,0.0,1.0,0.0,6.0,60.0,villa,furnished,east,0,17.542319,78.226934
S70910280,unknown,unknown,6216000.0,2.0,1295.0,1295.0,,12.0,2.0,6.0,1.0,49.0,6.0,flat,semi-furnished,east,0,17.38504,78.48667
O70910088,unknown,unknown,4218000.0,2.0,1159.0,1159.0,,12.0,1.0,5.0,2.0,13.0,6.0,flat,semi-furnished,east,0,17.5789054,78.4268758
G70638318,unknown,unknown,6110000.0,2.0,1400.0,1400.0,,12.0,3.0,9.0,1.0,50.0,21.0,flat,semi-furnished,east,0,17.509181,78.3521088
W70239998,unknown,unknown,19100000.0,3.0,2000.0,2000.0,,20.0,16.0,31.0,2.0,13.0,30.0,flat,semi-furnished,west,0,17.465823,78.407845
H69170778,unknown,unknown,11000000.0,3.0,1560.0,1560.0,,2.5,5.0,6.0,2.0,50.0,90.0,flat,semi-furnished,west,1,17.4668174,78.3624611
M69492226,turkapally,turkapally,2500000.0,2.0,723.0,723.0,,7.5,2.0,2.0,1.0,40.0,60.0,flat,unfurnished,east,0,17.45818,78.37996
F70049922,unknown,unknown,10000000.0,3.0,1855.0,1855.0,,12.0,7.0,9.0,2.0,0.0,30.0,flat,semi-furnished,east,0,,
H70572092,unknown,unknown,6400000.0,3.0,1365.0,1365.0,,0.0,4.0,5.0,1.0,17.0,21.0,flat,semi-furnished,north-east,1,17.360594,78.377846
Q70348042,unknown,unknown,6400000.0,3.0,1365.0,1365.0,,0.0,2.0,5.0,1.0,17.0,21.0,flat,furnished,east,1,17.360697,78.3779
Z70316954,unknown,unknown,6400000.0,3.0,1365.0,1365.0,,0.0,2.0,5.0,1.0,17.0,21.0,flat,furnished,west,1,17.360697,78.3779
M70433460,unknown,unknown,6400000.0,3.0,1365.0,1365.0,,0.0,3.0,5.0,1.0,17.0,21.0,flat,furnished,east,1,17.360577,78.37802
N70433026,unknown,unknown,6400000.0,3.0,1365.0,1365.0,,0.0,2.0,5.0,1.0,17.0,21.0,flat,furnished,east,1,17.360577,78.37802
F70825308,unknown,unknown,7344000.0,3.0,1530.0,1530.0,,12.0,4.0,5.0,1.0,46.0,7.0,flat,semi-furnished,east,0,17.4876857,78.5483395
N70044608,unknown,unknown,31700000.0,10.0,3384.0,3384.0,,7.5,2.0,3.0,4.0,50.0,30.0,villa,furnished,west,0,17.4478104,78.5263305
L70752674,unknown,unknown,18000000.0,2.0,1260.0,1260.0,,20.0,1.0,2.0,2.0,6.0,14.0,villa,furnished,west,0,17.529701,78.333031
U69940654,unknown,unknown,19900000.0,4.0,3394.0,3394.0,,12.0,1.0,2.0,3.0,50.0,30.0,villa,semi-furnished,east,0,17.5090182,78.3001801
Z60331450,gachibowli,gachibowli,8380000.0,2.0,1290.0,1290.0,,12.0,8.0,9.0,2.0,4.0,14.0,flat,semi-furnished,east,0,17.438285021627,78.29798292344
R69446568,unknown,unknown,8000000.0,2.0,1140.0,1140.0,,20.0,6.0,7.0,1.0,49.0,21.0,flat,furnished,unknown,0,17.4609913,78.3532083
V68605874,gopanpally,gopanpally,8500000.0,2.0,1220.0,1220.0,,2.5,4.0,5.0,1.0,6.0,7.0,flat,semi-furnished,east,0,17.4358,78.3011
I69810272,unknown,unknown,5881000.0,2.0,1188.0,1188.0,,0.0,3.0,5.0,2.0,50.0,6.0,flat,semi-furnished,east,0,17.50066,78.42034
B70098430,unknown,unknown,28300000.0,3.0,3940.0,3940.0,,12.0,2.0,3.0,2.0,0.0,30.0,villa,semi-furnished,east,0,17.443855,78.250431
V70965474,unknown,unknown,4900000.0,2.0,1050.0,1050.0,,7.5,2.0,5.0,1.0,0.0,3.0,flat,furnished,north-east,0,,
F64937250,bachupally,bachupally,3650000.0,2.0,1050.0,1050.0,,7.5,4.0,4.0,2.0,9.0,14.0,house,semi-furnished,west,0,17.551816940307617,78.38607025146484
K69614664,unknown,unknown,4000000.0,2.0,1000.0,1000.0,,7.5,3.0,3.0,2.0,49.0,30.0,flat,semi-furnished,north-east,0,17.38504,78.48667
Y70553002,unknown,unknown,7912000.0,3.0,1720.0,1720.0,,12.0,1.0,10.0,1.0,1.0,14.0,flat,semi-furnished,unknown,0,17.477415,78.227409
Z70534142,mallampet,mallampet,7495999.999999999,3.0,1595.0,1595.0,,12.0,3.0,5.0,2.0,6.0,21.0,flat,semi-furnished,east,0,17.5564,78.36389
H70365882,mallampet,mallampet,4600000.0,2.0,1295.0,1295.0,,12.0,3.0,5.0,2.0,6.0,30.0,flat,semi-furnished,east,0,17.5564,78.36389
A70851684,manchirevulu,manchirevulu,26500000.0,4.0,4200.0,4200.0,,12.0,25.0,40.0,3.0,1.0,7.0,flat,semi-furnished,east,0,17.366347,78.348441
R70851528,manchirevulu,manchirevulu,22700000.0,3.0,3600.0,3600.0,,12.0,38.0,40.0,2.0,1.0,7.0,flat,semi-furnished,east,0,17.366347,78.348441
S70851006,manchirevulu,manchirevulu,18900000.0,3.0,3000.0,3000.0,,12.0,22.0,40.0,2.0,1.0,7.0,flat,semi-furnished,east,0,17.366347,78.348441
V70850858,narsingi,narsingi,26500000.0,5.0,4200.0,4200.0,,12.0,33.0,40.0,4.0,25.0,7.0,flat,semi-furnished,east,0,17.3923634,78.3621784
G70850658,narsingi,narsingi,22700000.0,4.0,3600.0,3600.0,,12.0,30.0,40.0,2.0,25.0,7.0,flat,semi-furnished,east,0,17.3923634,78.3621784
P70850446,narsingi,narsingi,18900000.0,3.0,3000.0,3000.0,,12.0,22.0,40.0,2.0,25.0,7.0,flat,semi-furnished,east,0,17.3923634,78.3621784
L69237756,osman nagar,osman nagar,10900000.0,3.0,1824.0,1824.0,,12.0,12.0,22.0,2.0,1.0,14.0,flat,semi-furnished,east,0,17.442196,78.280067
I70024410,kollur,kollur,42900000.0,4.0,6600.0,6600.0,,12.0,2.0,3.0,2.0,0.0,30.0,villa,semi-furnished,east,0,17.443855,78.250431
W69917054,kollur,kollur,42900000.0,4.0,6600.0,6600.0,,12.0,2.0,3.0,2.0,0.0,60.0,villa,semi-furnished,east,0,17.443855,78.250431
U69924876,unknown,unknown,105000000.0,4.0,5080.0,5080.0,,12.0,1.0,2.0,2.0,25.0,14.0,villa,semi-furnished,west,0,17.3923634,78.3621784
U71010106,tellapur,tellapur,13400000.0,3.0,2535.0,2535.0,,12.0,8.0,9.0,2.0,17.0,,flat,semi-furnished,west,0,17.4664197,78.285342
U71008206,tellapur,tellapur,11900000.0,3.0,2250.0,2250.0,,12.0,7.0,9.0,1.0,17.0,,flat,semi-furnished,north,0,17.4664197,78.285342
Z71007002,tellapur,tellapur,12300000.0,3.0,2315.0,2315.0,,12.0,7.0,9.0,2.0,17.0,,flat,semi-furnished,east,0,17.4664197,78.285342
U70996770,tellapur,tellapur,10800000.0,3.0,2050.0,2050.0,,12.0,6.0,9.0,1.0,17.0,2.0,flat,unfurnished,east,0,17.4664197,78.285342
F70667660,unknown,unknown,7991000.0,3.0,1508.0,1508.0,,12.0,5.0,9.0,1.0,0.0,14.0,flat,semi-furnished,east,0,17.443855,78.250431
G70596436,unknown,unknown,14600000.0,3.0,1950.0,1950.0,,12.0,12.0,14.0,1.0,50.0,21.0,flat,semi-furnished,east,0,17.4011618,78.37569
W70533802,unknown,unknown,10000000.0,3.0,1890.0,1890.0,,12.0,6.0,9.0,2.0,0.0,21.0,flat,semi-furnished,east,0,17.443855,78.250431
U70473752,serlingampally,serlingampally,17600000.0,4.0,200.0,200.0,,12.0,1.0,2.0,3.0,50.0,28.0,villa,semi-furnished,west,0,17.47946,78.33037
J70645936,dilsukh nagar,dilsukh nagar,6000000.0,2.0,944.0,944.0,,7.5,4.0,5.0,1.0,49.0,14.0,flat,furnished,south,0,17.3638489,78.5348507
V70931534,unknown,unknown,15400000.0,4.0,2701.0,2701.0,,12.0,0.0,,3.0,50.0,5.0,villa,semi-furnished,north-east,0,17.536121,78.289779
D70931288,unknown,unknown,15400000.0,4.0,2701.0,2701.0,,12.0,2.0,3.0,2.0,50.0,5.0,villa,semi-furnished,north-east,0,17.5090182,78.3001801
E70733204,unknown,unknown,15400000.0,3.0,2701.0,2701.0,,12.0,19.0,38.0,2.0,3.0,14.0,villa,semi-furnished,east,0,17.575068,78.253963
P70731828,unknown,unknown,10600000.0,3.0,1679.0,1679.0,,12.0,10.0,40.0,1.0,0.0,14.0,flat,semi-furnished,north,0,17.443855,78.250431
X70722864,unknown,unknown,15400000.0,4.0,2701.0,2701.0,,12.0,2.0,3.0,2.0,50.0,14.0,villa,semi-furnished,east,0,17.5090182,78.3001801
Z70574810,6th phase kphb,6th phase kphb,6500000.0,2.0,900.0,900.0,,7.5,3.0,4.0,1.0,50.0,21.0,flat,semi-furnished,south,0,17.487095,78.38616
M70760322,unknown,unknown,15400000.0,4.0,165.0,165.0,,12.0,1.0,2.0,2.0,50.0,14.0,villa,semi-furnished,east,0,17.5090182,78.3001801
C70695916,unknown,unknown,21000000.0,4.0,220.0,220.0,,12.0,1.0,2.0,2.0,0.0,14.0,villa,semi-furnished,east,0,17.443354,78.182044
A70484074,unknown,unknown,30000000.0,3.0,1800.0,1800.0,,12.0,1.0,2.0,2.0,25.0,28.0,villa,semi-furnished,east,0,17.3923634,78.3621784
I70484008,unknown,unknown,30000000.0,3.0,1800.0,1800.0,,12.0,1.0,2.0,2.0,26.0,28.0,villa,semi-furnished,east,0,17.40223,78.3444
H70483624,unknown,unknown,30000000.0,3.0,1800.0,1800.0,,12.0,1.0,2.0,2.0,47.0,28.0,villa,semi-furnished,east,0,17.4359437,78.3416731
D70483482,unknown,unknown,30000000.0,3.0,1800.0,1800.0,,12.0,1.0,2.0,2.0,50.0,28.0,villa,semi-furnished,east,0,17.47078,78.30668
G70483348,unknown,unknown,30000000.0,3.0,1800.0,1800.0,,12.0,1.0,2.0,2.0,0.0,28.0,villa,semi-furnished,east,0,,
B69662232,unknown,unknown,57000000.0,3.0,3798.0,3798.0,,20.0,5.0,8.0,2.0,50.0,21.0,flat,semi-furnished,south,0,17.418186,78.402167
X69662484,unknown,unknown,71000000.0,4.0,4725.0,4725.0,,20.0,5.0,8.0,2.0,50.0,21.0,flat,semi-furnished,north,0,17.418186,78.402167
F68881130,unknown,unknown,34500000.0,3.0,3431.0,3431.0,,0.0,1.0,11.0,2.0,15.0,30.0,flat,furnished,east,0,17.406293,78.437333
C70288674,unknown,unknown,14000000.0,3.0,1440.0,1440.0,,20.0,0.0,1.0,3.0,3.0,30.0,villa,semi-furnished,east,0,17.575068,78.253963
T65066010,unknown,unknown,8513000.0,2.0,1290.0,1290.0,,12.0,3.0,9.0,1.0,4.0,30.0,flat,unfurnished,east,0,,
W69963042,unknown,unknown,7700000.0,2.0,1315.0,1315.0,,12.0,7.0,9.0,1.0,0.0,30.0,flat,semi-furnished,west,0,,
M70991502,unknown,unknown,7320999.999999999,3.0,1494.0,1494.0,,12.0,1.0,14.0,2.0,10.0,2.0,flat,semi-furnished,east,0,17.5468498,78.3650231
C70991366,unknown,unknown,8778000.0,3.0,1540.0,1540.0,,20.0,3.0,5.0,2.0,47.0,2.0,flat,semi-furnished,unknown,0,17.5337007,78.401286
L70875354,bachupally,bachupally,9526000.0,3.0,1944.0,1944.0,,12.0,5.0,12.0,2.0,10.0,7.0,flat,semi-furnished,west,0,17.5468498,78.3650231
F68881984,unknown,unknown,105000000.0,4.0,5600.0,5600.0,,0.0,2.0,3.0,3.0,47.0,30.0,villa,furnished,east,0,17.49182,78.32617
I70954786,tellpur osmannagar,tellpur osmannagar,10100000.0,3.0,1609.0,1609.0,,12.0,16.0,22.0,2.0,15.0,4.0,flat,semi-furnished,east,0,17.4563368,78.2967816
Q70848734,narsingi,narsingi,18900000.0,3.0,3000.0,3000.0,,12.0,19.0,47.0,2.0,0.0,7.0,flat,semi-furnished,east,0,,
S70709754,tellpur osmannagar,tellpur osmannagar,14600000.0,3.0,2115.0,2115.0,,12.0,23.0,28.0,2.0,15.0,14.0,flat,semi-furnished,east,0,17.4563368,78.2967816
P70709146,tellpur osmannagar,tellpur osmannagar,9591000.0,2.0,1390.0,1390.0,,12.0,26.0,28.0,2.0,15.0,14.0,flat,semi-furnished,east,0,17.4563368,78.2967816
Y67671412,unknown,unknown,27500000.0,4.0,2925.0,2925.0,,20.0,1.0,2.0,2.0,0.0,14.0,villa,semi-furnished,east,0,17.443354,78.182044
D70228448,ramanthapur,ramanthapur,5500000.0,2.0,1290.0,1290.0,,7.5,1.0,4.0,2.0,50.0,30.0,flat,semi-furnished,unknown,0,17.3933,78.54053
Q70761654,unknown,unknown,11800000.0,4.0,1332.0,1332.0,,20.0,1.0,2.0,2.0,10.0,5.0,villa,semi-furnished,north,1,17.5349533,78.5327423
V70737588,unknown,unknown,10000000.0,4.0,1134.0,1134.0,,20.0,1.0,2.0,2.0,10.0,14.0,villa,semi-furnished,west,0,17.532558,78.529251
G69947798,manikonda,manikonda,8700000.0,3.0,1500.0,1500.0,,12.0,2.0,5.0,2.0,0.0,30.0,flat,semi-furnished,east,0,,
N70771010,unknown,unknown,6413000.0,3.0,1425.0,1425.0,,12.0,6.0,9.0,1.0,3.0,14.0,flat,semi-furnished,east,0,17.20869,78.47603
X70770878,unknown,unknown,6322000.0,3.0,1405.0,1405.0,,12.0,3.0,9.0,1.0,3.0,14.0,flat,semi-furnished,east,0,17.20869,78.47603
X70755098,unknown,unknown,5750000.0,2.0,1150.0,1150.0,,12.0,4.0,9.0,1.0,3.0,14.0,flat,semi-furnished,east,0,17.20869,78.47603
E70754780,unknown,unknown,6750000.0,2.0,1350.0,1350.0,,12.0,8.0,9.0,1.0,3.0,14.0,flat,semi-furnished,west,0,17.20869,78.47603
A70754522,unknown,unknown,8500000.0,3.0,1700.0,1700.0,,12.0,2.0,9.0,2.0,3.0,14.0,flat,semi-furnished,east,0,17.20869,78.47603
T70754010,unknown,unknown,9250000.0,3.0,1850.0,1850.0,,12.0,8.0,9.0,2.0,3.0,14.0,flat,semi-furnished,unknown,0,17.20869,78.47603
W70753960,unknown,unknown,8750000.0,3.0,1750.0,1750.0,,12.0,2.0,9.0,2.0,3.0,14.0,flat,semi-furnished,east,0,17.20869,78.47603
B70752574,unknown,unknown,5700000.0,2.0,1140.0,1140.0,,12.0,3.0,9.0,2.0,3.0,14.0,flat,semi-furnished,east,0,17.20869,78.47603
W70752274,unknown,unknown,6500000.0,2.0,1300.0,1300.0,,12.0,7.0,9.0,3.0,3.0,14.0,flat,semi-furnished,unknown,0,17.20869,78.47603
I70752152,unknown,unknown,8000000.0,3.0,1600.0,1600.0,,12.0,3.0,9.0,2.0,3.0,14.0,flat,semi-furnished,unknown,0,17.20869,78.47603
N70751822,unknown,unknown,9000000.0,3.0,1800.0,1800.0,,12.0,6.0,9.0,3.0,3.0,14.0,flat,semi-furnished,west,0,17.20869,78.47603
I70517142,unknown,unknown,8159999.999999999,3.0,1700.0,1700.0,,12.0,3.0,9.0,2.0,3.0,21.0,flat,semi-furnished,unknown,0,17.20869,78.47603
X70515852,unknown,unknown,8760000.0,3.0,1825.0,1825.0,,12.0,6.0,9.0,2.0,3.0,21.0,flat,semi-furnished,unknown,0,17.20869,78.47603
I70515762,unknown,unknown,7651000.000000001,3.0,1594.0,1594.0,,12.0,3.0,9.0,2.0,3.0,21.0,flat,semi-furnished,unknown,0,17.20869,78.47603
I70515722,unknown,unknown,6307000.0,2.0,1314.0,1314.0,,12.0,4.0,9.0,1.0,3.0,21.0,flat,semi-furnished,unknown,0,17.20869,78.47603
P70515678,unknown,unknown,6264000.0,2.0,1305.0,1305.0,,12.0,3.0,9.0,1.0,3.0,21.0,flat,semi-furnished,unknown,0,17.20869,78.47603
Q70515618,unknown,unknown,6355000.0,2.0,1324.0,1324.0,,12.0,2.0,9.0,1.0,3.0,21.0,flat,semi-furnished,unknown,0,17.20869,78.47603
J70360416,unknown,unknown,6245000.0,2.0,1301.0,1301.0,,12.0,3.0,9.0,1.0,3.0,30.0,flat,semi-furnished,west,0,17.20869,78.47603
S70360238,unknown,unknown,5952000.0,2.0,1240.0,1240.0,,12.0,4.0,9.0,1.0,3.0,30.0,flat,semi-furnished,east,0,17.20869,78.47603
R70360114,unknown,unknown,5530000.0,2.0,1152.0,1152.0,,12.0,4.0,9.0,1.0,3.0,30.0,flat,semi-furnished,west,0,17.20869,78.47603
W70360018,unknown,unknown,6322000.0,2.0,1317.0,1317.0,,12.0,4.0,9.0,1.0,3.0,30.0,flat,semi-furnished,east,0,17.20869,78.47603
U70359900,unknown,unknown,7522000.0,3.0,1567.0,1567.0,,12.0,2.0,9.0,1.0,3.0,30.0,flat,semi-furnished,unknown,0,17.20869,78.47603
M70359660,unknown,unknown,8098000.0,3.0,1687.0,1687.0,,12.0,6.0,9.0,1.0,3.0,30.0,flat,semi-furnished,east,0,17.20869,78.47603
P70359530,unknown,unknown,5856000.0,2.0,1220.0,1220.0,,12.0,2.0,9.0,1.0,3.0,30.0,flat,unfurnished,unknown,0,17.20869,78.47603
P70359332,unknown,unknown,7895999.999999999,3.0,1645.0,1645.0,,12.0,4.0,9.0,2.0,3.0,30.0,flat,semi-furnished,unknown,0,17.20869,78.47603
V70358502,unknown,unknown,5424000.0,2.0,1130.0,1130.0,,12.0,4.0,9.0,2.0,3.0,30.0,flat,semi-furnished,west,0,17.20869,78.47603
G70358346,unknown,unknown,5338000.0,2.0,1112.0,1112.0,,12.0,3.0,9.0,2.0,3.0,30.0,flat,semi-furnished,west,0,17.20869,78.47603
Y70357682,unknown,unknown,5990000.0,2.0,1248.0,1248.0,,12.0,3.0,9.0,1.0,3.0,30.0,flat,semi-furnished,east,0,17.20869,78.47603
O70344950,unknown,unknown,5472000.0,3.0,1140.0,1140.0,,12.0,6.0,20.0,3.0,3.0,30.0,flat,semi-furnished,unknown,0,17.20869,78.47603
M70344454,unknown,unknown,6240000.0,3.0,1300.0,1300.0,,12.0,13.0,20.0,3.0,3.0,30.0,flat,semi-furnished,unknown,0,17.20869,78.47603
R70344348,unknown,unknown,7680000.0,3.0,1600.0,1600.0,,12.0,3.0,20.0,3.0,3.0,30.0,flat,semi-furnished,unknown,0,17.20869,78.47603
I70344122,unknown,unknown,11500000.0,3.0,2400.0,2400.0,,12.0,2.0,20.0,3.0,3.0,30.0,flat,semi-furnished,unknown,0,17.20869,78.47603
S70343220,unknown,unknown,8640000.0,3.0,1800.0,1800.0,,12.0,5.0,20.0,3.0,3.0,30.0,flat,semi-furnished,unknown,0,17.20869,78.47603
J70336262,unknown,unknown,6367000.0,2.0,1415.0,1415.0,,12.0,1.0,5.0,1.0,3.0,30.0,flat,semi-furnished,west,0,17.20869,78.47603
G70335900,unknown,unknown,7088000.0,3.0,1575.0,1575.0,,12.0,3.0,5.0,1.0,3.0,30.0,flat,unfurnished,east,0,17.20869,78.47603
K70335480,unknown,unknown,7559999.999999999,3.0,1680.0,1680.0,,12.0,2.0,5.0,1.0,3.0,30.0,flat,semi-furnished,unknown,0,17.20869,78.47603
T70335018,unknown,unknown,6795000.0,3.0,1510.0,1510.0,,12.0,3.0,5.0,1.0,3.0,30.0,flat,semi-furnished,unknown,0,17.20869,78.47603
Q70334496,unknown,unknown,5580000.0,2.0,1240.0,1240.0,,12.0,3.0,5.0,1.0,3.0,30.0,flat,unfurnished,unknown,0,17.20869,78.47603
D70425478,unknown,unknown,5753000.0,2.0,1046.0,1046.0,,0.0,3.0,5.0,1.0,49.0,28.0,flat,semi-furnished,east,1,17.500423,78.416435
E66775234,unknown,unknown,14500000.0,4.0,1350.0,1350.0,,20.0,1.0,2.0,2.0,50.0,60.0,villa,furnished,east,1,17.5221868,78.5027139
Y70061632,unknown,unknown,53000000.0,3.0,3650.0,3650.0,,12.0,4.0,5.0,2.0,50.0,30.0,flat,semi-furnished,east,0,17.4295317,78.41266
W70627296,unknown,unknown,23400000.0,4.0,2708.0,2708.0,,12.0,12.0,36.0,1.0,13.0,21.0,flat,semi-furnished,unknown,0,17.402291123438,78.338167423361
T70367772,unknown,unknown,9600000.0,3.0,1503.0,1503.0,,12.0,1.0,2.0,2.0,0.0,30.0,villa,semi-furnished,east,0,17.233562897673416,78.54189608906688
G70718110,unknown,unknown,9000000.0,3.0,1972.0,1972.0,,12.0,1.0,2.0,2.0,0.0,14.0,villa,semi-furnished,east,0,17.23238,78.53542
C70928140,kondapur,kondapur,7577000.0,2.0,1148.0,1148.0,,12.0,3.0,5.0,1.0,49.0,5.0,flat,semi-furnished,north,0,17.4609913,78.3532083
G70874024,kondapur,kondapur,7670000.0,2.0,1180.0,1180.0,,12.0,3.0,5.0,1.0,49.0,7.0,flat,semi-furnished,east,0,17.4609913,78.3532083
U70816422,unknown,unknown,6000000.0,2.0,1030.0,1030.0,,2.5,1.0,8.0,1.0,16.0,7.0,flat,furnished,east,0,17.35773,78.376583
P69532036,unknown,unknown,11100000.000000002,3.0,1590.0,1590.0,,12.0,2.0,45.0,3.0,50.0,60.0,flat,semi-furnished,east,0,17.509181,78.3521088
J70345380,unknown,unknown,13200000.0,3.0,1825.0,1825.0,,20.0,3.0,5.0,2.0,0.0,30.0,flat,furnished,east,0,,
H70344610,unknown,unknown,12000000.0,3.0,1765.0,1765.0,,20.0,3.0,5.0,2.0,0.0,30.0,flat,semi-furnished,west,0,,
U66867992,uppal,uppal,18500000.0,4.0,2500.0,2500.0,,0.0,2.0,3.0,2.0,50.0,5.0,villa,furnished,north-east,1,17.4018092,78.5601892
C70591602,unknown,unknown,15000000.0,2.0,1283.0,1283.0,,0.0,8.0,35.0,1.0,10.0,7.0,flat,furnished,east,1,17.4139813,78.3391837
J70269610,unknown,unknown,6500000.0,4.0,2250.0,2250.0,,20.0,1.0,2.0,1.0,0.0,30.0,villa,semi-furnished,north-east,0,17.233562897673416,78.54189608906688
L70770794,unknown,unknown,6863000.0,2.0,1320.0,1320.0,,12.0,1.0,14.0,2.0,37.0,14.0,flat,semi-furnished,east,0,17.538237,78.480804
Z70629204,unknown,unknown,5950000.0,2.0,1350.0,1350.0,,0.0,2.0,5.0,1.0,0.0,21.0,flat,furnished,west,0,,
F69992882,miyapur,miyapur,6730000.0,2.0,1160.0,1160.0,,20.0,4.0,5.0,1.0,49.0,30.0,flat,furnished,north-east,1,17.5055323,78.3302192
P69245628,unknown,unknown,4700000.0,2.0,997.0,997.0,,7.5,5.0,5.0,2.0,49.0,90.0,flat,furnished,unknown,1,17.357762,78.511415
L70135724,unknown,unknown,52500000.0,4.0,3223.0,3223.0,,20.0,2.0,3.0,4.0,15.0,30.0,villa,semi-furnished,west,0,17.4664197,78.285342
P68596842,unknown,unknown,10300000.0,3.0,1580.0,1580.0,,2.5,5.0,5.0,1.0,49.0,120.0,flat,semi-furnished,north-east,0,17.505811,78.539781
I67546550,unknown,unknown,28200000.0,4.0,2925.0,2925.0,,0.0,1.0,2.0,3.0,0.0,6.0,villa,semi-furnished,east,0,17.443354,78.182044
E69386594,unknown,unknown,140000000.0,5.0,4438.0,4438.0,,2.5,1.0,2.0,3.0,44.0,6.0,villa,furnished,north,0,17.442058,78.346883
E70835552,narsingi,narsingi,34600000.0,5.0,5500.0,5500.0,,12.0,20.0,47.0,3.0,25.0,7.0,flat,semi-furnished,east,0,17.3923634,78.3621784
U70638060,osman nagar,osman nagar,14600000.0,3.0,2115.0,2115.0,,12.0,25.0,28.0,2.0,1.0,21.0,flat,semi-furnished,east,0,17.442196,78.280067
M70637920,osman nagar,osman nagar,11299999.999999998,3.0,1645.0,1645.0,,12.0,20.0,28.0,1.0,1.0,21.0,flat,semi-furnished,east,0,17.442196,78.280067
W70637800,osman nagar,osman nagar,9590000.0,2.0,1390.0,1390.0,,12.0,20.0,28.0,1.0,1.0,21.0,flat,semi-furnished,east,0,17.442196,78.280067
C70395046,serlingampally,serlingampally,9432000.0,2.0,1572.0,1572.0,,12.0,20.0,47.0,2.0,50.0,30.0,flat,semi-furnished,east,0,17.47946,78.33037
R70394930,kondapur,kondapur,12200000.0,3.0,2029.0,2029.0,,12.0,31.0,47.0,3.0,49.0,30.0,flat,semi-furnished,east,0,17.4609913,78.3532083
G70394738,kondapur,kondapur,8040000.000000001,2.0,1340.0,1340.0,,12.0,22.0,47.0,2.0,49.0,30.0,flat,semi-furnished,east,0,17.4609913,78.3532083
I70394616,kondapur,kondapur,9432000.0,2.0,1572.0,1572.0,,12.0,20.0,47.0,2.0,49.0,30.0,flat,semi-furnished,east,0,17.4609913,78.3532083
J70034794,bandlaguda jagir,bandlaguda jagir,33200000.0,4.0,3900.0,3900.0,,12.0,1.0,2.0,2.0,17.0,30.0,villa,semi-furnished,east,0,17.311940823733476,78.47302608769566
J70443128,unknown,unknown,7878000.0,2.0,1313.0,1313.0,,12.0,3.0,10.0,2.0,49.0,30.0,flat,semi-furnished,east,0,17.4609913,78.3532083
Z70975780,unknown,unknown,14500000.0,3.0,1717.0,1717.0,,0.0,25.0,30.0,2.0,47.0,3.0,flat,furnished,north,0,17.4359437,78.3416731
W70831060,bandlaguda jagir,bandlaguda jagir,7500000.0,2.0,1175.0,1175.0,,2.5,5.0,6.0,1.0,27.0,7.0,flat,furnished,west,0,17.339499,78.391779
P70828478,puppalaguda,puppalaguda,21500000.0,3.0,1834.0,1834.0,,20.0,30.0,31.0,1.0,12.0,7.0,flat,semi-furnished,west,0,17.398775,78.355493
Q70770166,bandlaguda jagir,bandlaguda jagir,48000000.0,4.0,3196.0,3196.0,,0.0,1.0,2.0,2.0,16.0,14.0,villa,furnished,west,0,17.34944,78.38707
F70009050,narsingi,narsingi,105000000.0,4.0,5090.0,5090.0,,20.0,2.0,3.0,3.0,16.0,14.0,villa,semi-furnished,west,1,17.3823231,78.3590579
T69957020,unknown,unknown,6600000.0,2.0,1503.0,1503.0,,20.0,0.0,1.0,2.0,5.0,30.0,villa,semi-furnished,unknown,0,17.640228766466283,78.4828090954698
C69111106,madinaguda,madinaguda,7200000.0,2.0,1220.0,1220.0,,2.5,3.0,5.0,2.0,49.0,30.0,flat,furnished,west,1,17.4911958,78.341844
H70041950,unknown,unknown,19900000.0,4.0,3392.0,3392.0,,12.0,1.0,2.0,3.0,43.0,30.0,villa,semi-furnished,east,0,17.518501,78.30371
V69929036,unknown,unknown,14100000.0,3.0,1535.0,1535.0,,20.0,8.0,18.0,1.0,10.0,30.0,flat,semi-furnished,east,0,17.3896673,78.3487826
N70504196,unknown,unknown,7488000.0,3.0,1560.0,1560.0,,12.0,4.0,5.0,2.0,47.0,28.0,flat,semi-furnished,east,0,17.48718,78.5786
T70502742,unknown,unknown,7344000.0,3.0,1530.0,1530.0,,12.0,2.0,5.0,2.0,47.0,28.0,flat,semi-furnished,east,0,17.48718,78.5786
S70951864,unknown,unknown,8000000.0,3.0,1600.0,1600.0,,12.0,3.0,5.0,2.0,27.0,4.0,flat,semi-furnished,east,0,17.485206408706663,78.60681438946276
L70107466,gachibowli,gachibowli,15000000.0,2.0,1290.0,1290.0,,20.0,11.0,24.0,1.0,0.0,30.0,flat,semi-furnished,east,0,,
B69220538,kokapet,kokapet,14600000.0,3.0,1825.0,1825.0,,12.0,11.0,26.0,1.0,26.0,30.0,flat,semi-furnished,unknown,0,17.40223,78.3444
I70990190,kondapur,kondapur,16200000.000000002,3.0,1885.0,1885.0,,2.5,4.0,5.0,1.0,46.0,2.0,flat,furnished,west,0,17.4620901,78.3439749
S70795758,unknown,unknown,6425000.0,2.0,1225.0,1225.0,,20.0,1.0,5.0,1.0,50.0,4.0,flat,semi-furnished,east,1,17.5268323,78.415581
X70814020,unknown,unknown,7925000.0,3.0,1525.0,1525.0,,20.0,3.0,5.0,1.0,50.0,4.0,flat,semi-furnished,north,1,17.5267266,78.415898
M70795346,puppalaguda,puppalaguda,14900000.0,2.0,1314.0,1314.0,,0.0,31.0,31.0,1.0,12.0,7.0,flat,semi-furnished,west,0,17.3973794,78.3856447
O70711176,unknown,unknown,17900000.0,3.0,2185.0,2185.0,,12.0,6.0,12.0,3.0,15.0,14.0,flat,semi-furnished,unknown,0,17.388564,78.336152
M70363848,sai pruthvi enclave,sai pruthvi enclave,20500000.0,3.0,2160.0,2160.0,,20.0,4.0,12.0,2.0,46.0,30.0,flat,semi-furnished,west,0,17.463287,78.342495
C70270974,chandanagar,chandanagar,7800000.0,2.0,1310.0,1310.0,,12.0,3.0,5.0,1.0,47.0,30.0,flat,semi-furnished,east,0,17.49182,78.32617
Y70249086,unknown,unknown,23500000.0,5.0,1503.0,1503.0,,0.0,2.0,3.0,3.0,50.0,30.0,villa,semi-furnished,west,1,17.52403,78.50463
C70249440,sai pruthvi enclave,sai pruthvi enclave,19000000.0,3.0,1710.0,1710.0,,0.0,2.0,6.0,2.0,46.0,30.0,flat,furnished,east,0,17.463287,78.342495
O70029086,unknown,unknown,7540000.000000001,2.0,1314.0,1314.0,,12.0,3.0,10.0,1.0,48.0,30.0,flat,semi-furnished,unknown,0,17.457979,78.3626643
N69962076,mokila,mokila,23800000.0,3.0,206.0,206.0,,20.0,1.0,2.0,1.0,0.0,30.0,villa,furnished,east,0,17.443354,78.182044
H69476978,unknown,unknown,9400000.0,2.0,1350.0,1350.0,,12.0,0.0,1.0,1.0,3.0,21.0,villa,semi-furnished,west,0,17.575068,78.253963
E70466070,unknown,unknown,16800000.0,3.0,1973.0,1973.0,,12.0,6.0,11.0,3.0,48.0,30.0,flat,semi-furnished,east,0,17.42278,78.34724
N70465286,unknown,unknown,16000000.0,3.0,1879.0,1879.0,,12.0,5.0,11.0,2.0,48.0,30.0,flat,semi-furnished,east,0,17.42278,78.34724
T70463264,unknown,unknown,12600000.0,3.0,1485.0,1485.0,,12.0,7.0,11.0,2.0,48.0,30.0,flat,semi-furnished,east,0,17.42278,78.34724
Z70463060,unknown,unknown,11399999.999999998,2.0,1345.0,1345.0,,12.0,6.0,11.0,2.0,50.0,30.0,flat,semi-furnished,east,0,17.3973794,78.3856447
I70328058,unknown,unknown,14600000.0,3.0,1695.0,1695.0,,12.0,20.0,43.0,3.0,47.0,30.0,flat,semi-furnished,east,0,17.4359437,78.3416731
N70327958,unknown,unknown,14600000.0,3.0,2020.0,2020.0,,12.0,21.0,43.0,3.0,48.0,30.0,flat,semi-furnished,east,0,17.41214,78.36431
G68734240,unknown,unknown,11399999.999999998,3.0,2000.0,2000.0,,12.0,5.0,10.0,3.0,47.0,30.0,flat,semi-furnished,east,0,17.49182,78.32617
P69359394,unknown,unknown,55000000.0,4.0,350.0,350.0,,0.0,1.0,2.0,2.0,14.0,28.0,villa,furnished,unknown,0,17.455728,78.294946
J64840332,unknown,unknown,52500000.0,4.0,350.0,350.0,,0.0,1.0,2.0,4.0,14.0,60.0,villa,furnished,west,0,17.455728,78.294946
A69033884,unknown,unknown,6500000.0,3.0,1004.0,1004.0,,12.0,9.0,12.0,1.0,7.0,30.0,flat,semi-furnished,east,0,17.543634,78.293712
C66130114,unknown,unknown,8700000.0,3.0,2107.0,2107.0,,12.0,5.0,7.0,1.0,50.0,30.0,flat,semi-furnished,south,0,17.522576,78.393953
Q66215350,unknown,unknown,5102000.0,2.0,1134.0,1134.0,,12.0,3.0,12.0,1.0,50.0,30.0,flat,semi-furnished,east,0,17.509181,78.3521088
S70976746,unknown,unknown,17200000.0,3.0,1750.0,1750.0,,20.0,14.0,22.0,1.0,9.0,3.0,flat,semi-furnished,east,0,17.47078,78.30668
V70954196,unknown,unknown,6438000.0,2.0,1110.0,1110.0,,20.0,2.0,5.0,1.0,50.0,3.0,flat,semi-furnished,east,0,17.47078,78.30668
Q70419356,unknown,unknown,20200000.0,3.0,1993.0,1993.0,,0.0,15.0,35.0,1.0,10.0,30.0,flat,semi-furnished,unknown,0,17.41341,78.339447
D70269472,unknown,unknown,16200000.000000002,3.0,1793.0,1793.0,,12.0,7.0,16.0,1.0,9.0,30.0,flat,semi-furnished,west,0,17.4459627,78.4197681
O70255964,unknown,unknown,17500000.0,3.0,1740.0,1740.0,,20.0,5.0,32.0,1.0,7.0,30.0,flat,semi-furnished,east,0,17.49479,78.39964
A70255896,unknown,unknown,23000000.0,3.0,1834.0,1834.0,,0.0,10.0,30.0,1.0,12.0,30.0,flat,furnished,west,0,17.3973794,78.3856447
A70255822,unknown,unknown,23900000.0,3.0,2055.0,2055.0,,0.0,21.0,30.0,1.0,8.0,30.0,flat,unfurnished,west,0,17.3923634,78.3621784
X70255774,unknown,unknown,21100000.0,3.0,2048.0,2048.0,,12.0,6.0,34.0,1.0,13.0,30.0,flat,semi-furnished,west,0,17.40223,78.3444
Y70255666,unknown,unknown,23000000.0,3.0,1880.0,1880.0,,0.0,19.0,19.0,1.0,15.0,30.0,flat,semi-furnished,east,0,17.4609913,78.3532083
G70255588,unknown,unknown,19700000.0,3.0,1615.0,1615.0,,0.0,19.0,19.0,1.0,15.0,30.0,flat,semi-furnished,east,0,17.4609913,78.3532083
B70255490,unknown,unknown,14000000.0,2.0,1290.0,1290.0,,12.0,10.0,25.0,1.0,12.0,30.0,flat,semi-furnished,east,0,17.4609913,78.3532083
B70255420,unknown,unknown,26000000.0,3.0,2235.0,2235.0,,20.0,27.0,32.0,1.0,13.0,30.0,flat,unfurnished,west,0,17.40223,78.3444
S70255364,unknown,unknown,30000000.0,3.0,2465.0,2465.0,,20.0,12.0,21.0,3.0,11.0,30.0,flat,semi-furnished,east,0,17.4609913,78.3532083
U70255302,unknown,unknown,15800000.0,3.0,1505.0,1505.0,,12.0,17.0,18.0,2.0,12.0,30.0,flat,unfurnished,east,0,17.4609913,78.3532083
U69962430,unknown,unknown,18500000.0,3.0,1715.0,1715.0,,12.0,32.0,39.0,1.0,13.0,30.0,flat,semi-furnished,east,0,17.39554,78.35518
F69961998,unknown,unknown,14500000.0,3.0,1535.0,1535.0,,20.0,8.0,18.0,1.0,10.0,30.0,flat,semi-furnished,east,0,17.387587,78.348054
S69961904,unknown,unknown,23000000.0,3.0,1865.0,1865.0,,0.0,7.0,23.0,1.0,13.0,30.0,flat,semi-furnished,east,0,17.405956,78.404979
X69961834,unknown,unknown,15300000.0,3.0,1535.0,1535.0,,20.0,6.0,22.0,1.0,9.0,30.0,flat,semi-furnished,west,0,17.478221,78.312255
J69961672,unknown,unknown,13000000.0,2.0,1335.0,1335.0,,20.0,9.0,22.0,1.0,9.0,30.0,flat,semi-furnished,east,0,17.478221,78.312255
R69961556,unknown,unknown,33400000.0,4.0,3333.0,3333.0,,12.0,18.0,28.0,2.0,25.0,30.0,flat,semi-furnished,east,0,17.392812,78.362945
B69961214,unknown,unknown,25000000.0,3.0,2235.0,2235.0,,20.0,27.0,32.0,1.0,13.0,30.0,flat,semi-furnished,west,0,17.391372,78.339424
Q69961142,unknown,unknown,22700000.0,3.0,1840.0,1840.0,,12.0,12.0,25.0,1.0,12.0,30.0,flat,semi-furnished,south,0,17.45753,78.36247
K69961028,unknown,unknown,16200000.000000002,3.0,1490.0,1490.0,,0.0,19.0,19.0,1.0,15.0,30.0,flat,furnished,west,0,17.464041,78.337481
D69960864,unknown,unknown,16100000.000000002,2.0,1492.0,1492.0,,0.0,17.0,35.0,1.0,10.0,30.0,flat,semi-furnished,west,0,17.41341,78.339447
I69960732,unknown,unknown,13899999.999999998,2.0,1283.0,1283.0,,0.0,17.0,35.0,1.0,10.0,30.0,flat,semi-furnished,east,0,17.41341,78.339447
C69960628,unknown,unknown,20500000.0,3.0,1993.0,1993.0,,0.0,15.0,35.0,1.0,10.0,30.0,flat,semi-furnished,east,0,17.41341,78.339447
W69960416,unknown,unknown,20500000.0,3.0,1990.0,1990.0,,12.0,3.0,18.0,1.0,12.0,30.0,flat,semi-furnished,east,0,17.466742,78.337059
H69960316,unknown,unknown,18000000.0,3.0,1720.0,1720.0,,12.0,7.0,18.0,1.0,12.0,30.0,flat,semi-furnished,east,0,17.466742,78.337059
S69960180,unknown,unknown,30900000.0,3.0,2805.0,2805.0,,12.0,17.0,21.0,2.0,11.0,30.0,flat,semi-furnished,east,0,17.466613,78.336231
T69960086,unknown,unknown,31000000.0,3.0,2390.0,2390.0,,12.0,7.0,21.0,2.0,11.0,30.0,flat,semi-furnished,west,0,17.466613,78.336231
K69959866,unknown,unknown,18500000.0,3.0,1764.0,1764.0,,12.0,18.0,34.0,1.0,13.0,30.0,flat,semi-furnished,east,0,17.396947,78.340246
L69959786,unknown,unknown,21100000.0,3.0,2048.0,2048.0,,12.0,12.0,34.0,1.0,13.0,30.0,flat,semi-furnished,west,0,17.396947,78.340246
U69959716,unknown,unknown,14100000.0,3.0,1390.0,1390.0,,12.0,15.0,34.0,1.0,13.0,30.0,flat,semi-furnished,east,0,17.396947,78.340246
Y69959634,unknown,unknown,21000000.0,3.0,2048.0,2048.0,,12.0,20.0,34.0,1.0,13.0,30.0,flat,semi-furnished,west,0,17.396947,78.340246
B69959532,unknown,unknown,20500000.0,3.0,2124.0,2124.0,,12.0,8.0,36.0,1.0,13.0,30.0,flat,semi-furnished,east,0,17.402291123438,78.338167423361
M69959382,unknown,unknown,18500000.0,3.0,1796.0,1796.0,,12.0,24.0,36.0,1.0,13.0,30.0,flat,semi-furnished,east,0,17.402291123438,78.338167423361
P69959302,unknown,unknown,20400000.0,3.0,2124.0,2124.0,,12.0,17.0,36.0,1.0,13.0,30.0,flat,semi-furnished,west,0,17.402291123438,78.338167423361
X69959220,unknown,unknown,27000000.0,4.0,2708.0,2708.0,,12.0,12.0,36.0,1.0,13.0,30.0,flat,semi-furnished,east,0,17.402291123438,78.338167423361
Q70816240,unknown,unknown,34600000.0,3.0,5500.0,5500.0,,12.0,36.0,40.0,3.0,49.0,7.0,flat,semi-furnished,east,0,17.38504,78.48667
I70711526,unknown,unknown,10900000.0,3.0,1625.0,1625.0,,12.0,8.0,28.0,1.0,15.0,14.0,flat,semi-furnished,east,0,17.4563368,78.2967816
L70706896,unknown,unknown,10900000.0,3.0,1625.0,1625.0,,12.0,8.0,28.0,2.0,1.0,14.0,flat,semi-furnished,east,0,17.442196,78.280067
F69749248,unknown,unknown,77500000.0,4.0,5000.0,5000.0,,0.0,2.0,3.0,3.0,1.0,3.0,villa,furnished,east,0,17.442196,78.280067
R69595808,unknown,unknown,67900000.0,4.0,5430.0,5430.0,,12.0,35.0,45.0,3.0,45.0,3.0,flat,semi-furnished,east,0,17.423947,78.388726
C70543182,unknown,unknown,44800000.00000001,4.0,4070.0,4070.0,,2.5,14.0,35.0,2.0,49.0,7.0,flat,semi-furnished,east,1,17.467455,78.34756
G70509916,unknown,unknown,31300000.0,4.0,2848.0,2848.0,,0.0,17.0,35.0,3.0,49.0,7.0,flat,semi-furnished,west,1,17.467455,78.34756
H70467928,unknown,unknown,19400000.0,3.0,2160.0,2160.0,,20.0,2.0,10.0,1.0,50.0,30.0,flat,semi-furnished,west,0,17.416278,78.579471
E69516260,unknown,unknown,6000000.0,2.0,1180.0,1180.0,,12.0,1.0,5.0,1.0,25.0,60.0,house,semi-furnished,east,0,17.3923634,78.3621784
B70933992,unknown,unknown,6075000.0,2.0,1350.0,1350.0,,20.0,2.0,5.0,1.0,50.0,5.0,flat,semi-furnished,east,1,17.4862005,78.3786707
J70931034,unknown,unknown,15400000.0,4.0,2701.0,2701.0,,12.0,2.0,3.0,3.0,0.0,5.0,villa,semi-furnished,north-east,0,17.563151,78.296336
Q70930550,unknown,unknown,10600000.0,3.0,1679.0,1679.0,,12.0,10.0,38.0,2.0,1.0,5.0,flat,semi-furnished,north-east,0,17.442196,78.280067
R70930166,unknown,unknown,10600000.0,3.0,1679.0,1679.0,,12.0,5.0,38.0,2.0,0.0,5.0,flat,semi-furnished,north-east,0,,
Y70929684,unknown,unknown,10600000.0,3.0,1679.0,1679.0,,12.0,20.0,38.0,2.0,0.0,5.0,flat,semi-furnished,north-east,0,17.443855,78.250431
E70732494,unknown,unknown,10600000.0,3.0,1679.0,1679.0,,12.0,30.0,38.0,2.0,1.0,14.0,flat,semi-furnished,north,0,17.442196,78.280067
D70731970,unknown,unknown,10600000.0,3.0,1679.0,1679.0,,12.0,28.0,38.0,2.0,0.0,14.0,flat,semi-furnished,north,0,,
V70723260,unknown,unknown,15400000.0,4.0,2701.0,2701.0,,12.0,2.0,3.0,2.0,1.0,14.0,villa,semi-furnished,east,0,17.555324,78.308221
E70723018,unknown,unknown,15400000.0,4.0,2701.0,2701.0,,12.0,2.0,3.0,2.0,50.0,14.0,villa,semi-furnished,east,0,17.536121,78.289779
O70625808,nallagandla,nallagandla,15500000.0,3.0,1800.0,1800.0,,7.5,2.0,20.0,1.0,50.0,14.0,flat,furnished,east,1,17.4633185,78.3120551
N69934134,unknown,unknown,13899999.999999998,3.0,1933.0,1933.0,,12.0,14.0,47.0,1.0,13.0,30.0,flat,semi-furnished,east,0,17.478581,78.335402
N70572056,unknown,unknown,6400000.0,3.0,1365.0,1365.0,,0.0,5.0,5.0,1.0,17.0,21.0,flat,semi-furnished,west,1,17.360594,78.377846
P70571752,unknown,unknown,6400000.0,3.0,1365.0,1365.0,,0.0,3.0,5.0,1.0,17.0,21.0,flat,semi-furnished,east,1,17.360594,78.377846
O70571592,unknown,unknown,6400000.0,3.0,1365.0,1365.0,,0.0,3.0,5.0,1.0,17.0,21.0,flat,semi-furnished,north-east,1,17.360594,78.377846
M70347570,unknown,unknown,6400000.0,3.0,1365.0,1365.0,,0.0,3.0,5.0,1.0,17.0,21.0,flat,semi-furnished,east,1,17.360697,78.3779
S70571424,unknown,unknown,6400000.0,3.0,1360.0,1360.0,,0.0,3.0,5.0,1.0,17.0,21.0,flat,semi-furnished,east,1,17.360456,78.378
M70231360,manikonda,manikonda,9975000.0,3.0,1750.0,1750.0,,0.0,2.0,5.0,2.0,37.0,21.0,flat,semi-furnished,east,1,17.388287,78.370072
E70733548,keesara,keesara,4000000.0,2.0,900.0,900.0,,12.0,0.0,1.0,0.0,2.0,14.0,villa,semi-furnished,east,0,17.5280399,78.6540576
D70706682,gachibowli,gachibowli,11500000.0,3.0,1120.0,1120.0,,20.0,12.0,20.0,1.0,15.0,14.0,flat,furnished,north,0,17.448264,78.36712
F70636282,gachibowli,gachibowli,11500000.0,3.0,1120.0,1120.0,,20.0,12.0,20.0,1.0,15.0,21.0,flat,semi-furnished,north,0,17.448264,78.36712
K70340504,unknown,unknown,31000000.0,5.0,3500.0,3500.0,,12.0,1.0,2.0,3.0,0.0,30.0,villa,semi-furnished,east,0,17.443354,78.182044
S64034622,unknown,unknown,17500000.0,3.0,2100.0,2100.0,,20.0,13.0,22.0,1.0,15.0,30.0,flat,semi-furnished,east,0,17.4300416,78.4072406
N69170038,unknown,unknown,11500000.0,2.0,1200.0,1200.0,,0.0,4.0,4.0,1.0,49.0,30.0,flat,furnished,north,1,17.438581,78.458109
N70708748,unknown,unknown,85800000.0,4.0,3431.0,3431.0,,0.0,18.0,37.0,2.0,0.0,14.0,flat,semi-furnished,west,0,,
X70930538,unknown,unknown,13700000.000000002,3.0,1960.0,1960.0,,20.0,7.0,9.0,2.0,15.0,5.0,flat,semi-furnished,east,0,17.40223,78.3444
S70082106,unknown,unknown,19900000.0,3.0,1860.0,1860.0,,0.0,16.0,32.0,1.0,7.0,30.0,flat,semi-furnished,east,1,17.4752179,78.3910263
A69229624,unknown,unknown,120000000.0,4.0,6666.0,6666.0,,20.0,12.0,30.0,2.0,47.0,30.0,flat,semi-furnished,east,0,17.4359437,78.3416731
L69228804,unknown,unknown,8000000.0,2.0,960.0,960.0,,7.5,16.0,24.0,1.0,47.0,30.0,flat,semi-furnished,west,0,17.4359437,78.3416731
Y69164444,unknown,unknown,81400000.0,4.0,4070.0,4070.0,,0.0,24.0,35.0,2.0,0.0,30.0,flat,semi-furnished,east,0,,
K69104530,unknown,unknown,22000000.0,3.0,1835.0,1835.0,,0.0,11.0,17.0,1.0,47.0,30.0,flat,furnished,west,0,17.4359437,78.3416731
L69599290,unknown,unknown,5700000.0,2.0,930.0,930.0,,7.5,1.0,6.0,2.0,50.0,14.0,flat,furnished,west,0,17.439511,78.4426308
H70609848,unknown,unknown,29200000.0,4.0,2729.0,2729.0,,0.0,20.0,35.0,2.0,10.0,21.0,flat,semi-furnished,west,0,17.4359437,78.3416731
A70371626,unknown,unknown,21500000.0,3.0,1400.0,1400.0,,0.0,18.0,34.0,1.0,10.0,21.0,flat,semi-furnished,east,1,17.4359437,78.3416731
Y70486910,unknown,unknown,54000000.0,3.0,3180.0,3180.0,,2.5,18.0,18.0,2.0,45.0,28.0,flat,furnished,west,1,17.4439782,78.366561
X70268562,unknown,unknown,5200000.0,3.0,1800.0,1800.0,,20.0,1.0,2.0,2.0,0.0,30.0,villa,semi-furnished,unknown,0,17.20047,78.550548
H70086396,unknown,unknown,8300000.0,3.0,1333.0,1333.0,,12.0,10.0,42.0,1.0,49.0,30.0,flat,semi-furnished,east,0,17.516728,78.341893
S70178616,unknown,unknown,201100000.0,4.0,13000.0,13000.0,,12.0,15.0,35.0,2.0,50.0,30.0,flat,semi-furnished,east,0,17.4295317,78.41266
J44556787,laxmi narayan nagar colony,laxmi narayan nagar colony,7000000.0,2.0,1287.0,1287.0,,7.5,2.0,5.0,2.0,50.0,21.0,flat,semi-furnished,east,0,17.386899,78.555292
W70685632,unknown,unknown,20000000.0,4.0,2558.0,2558.0,,2.5,1.0,2.0,2.0,47.0,14.0,villa,furnished,north,0,17.48718,78.5786
H67542046,unknown,unknown,19400000.0,3.0,2257.0,2257.0,,12.0,18.0,38.0,2.0,11.0,21.0,flat,semi-furnished,east,0,17.40223,78.3444
N70517698,unknown,unknown,7700000.0,3.0,1300.0,1300.0,,2.5,1.0,5.0,1.0,49.0,21.0,flat,furnished,north-east,0,17.38504,78.48667
H70417230,unknown,unknown,24500000.0,3.0,2570.0,2570.0,,7.5,3.0,4.0,2.0,46.0,30.0,flat,furnished,north-east,0,17.4164707,78.4382469
L70384504,unknown,unknown,16800000.0,4.0,2400.0,2400.0,,2.5,3.0,5.0,3.0,49.0,30.0,flat,furnished,north-east,0,17.38504,78.48667
K70108290,unknown,unknown,23900000.0,3.0,2055.0,2055.0,,20.0,21.0,30.0,2.0,31.0,21.0,flat,semi-furnished,west,1,17.4002015,78.3502349
Y70368436,unknown,unknown,15000000.0,2.0,1314.0,1314.0,,0.0,21.0,31.0,1.0,12.0,30.0,flat,semi-furnished,east,1,17.446655,78.35012
J70233542,unknown,unknown,15000000.0,2.0,1371.0,1371.0,,20.0,4.0,12.0,2.0,49.0,30.0,flat,semi-furnished,unknown,0,17.4609913,78.3532083
J70097622,narsingi,narsingi,105000000.0,5.0,4500.0,4500.0,,20.0,2.0,3.0,2.0,15.0,2.0,villa,furnished,west,1,17.3820906,78.3777829
B70925016,canara nagar,canara nagar,7200000.0,2.0,1290.0,1290.0,,20.0,1.0,5.0,1.0,49.0,5.0,flat,semi-furnished,east,0,17.407272,78.599946
R70254506,unknown,unknown,10000000.0,3.0,1900.0,1900.0,,12.0,8.0,9.0,2.0,0.0,30.0,flat,semi-furnished,east,0,,
V70287500,unknown,unknown,9900000.0,4.0,1350.0,1350.0,,12.0,1.0,2.0,2.0,1.0,30.0,villa,semi-furnished,unknown,0,17.492871,78.239079
N70277146,unknown,unknown,8428000.0,2.0,1720.0,1720.0,,12.0,8.0,15.0,2.0,0.0,30.0,flat,semi-furnished,unknown,0,,
B70203980,unknown,unknown,38000000.0,4.0,3070.0,3070.0,,12.0,6.0,21.0,2.0,11.0,30.0,flat,semi-furnished,east,0,17.466613,78.336231
X70898376,mallapur,mallapur,5624000.0,2.0,1125.0,1125.0,,20.0,3.0,5.0,1.0,50.0,7.0,flat,semi-furnished,east,0,17.435117,78.570312
V70680408,nizampet,nizampet,4250000.0,2.0,1140.0,1140.0,,2.5,2.0,4.0,1.0,50.0,14.0,flat,semi-furnished,east,0,17.5179636,78.3813785
M70949692,unknown,unknown,13500000.0,2.0,2000.0,2000.0,,20.0,1.0,2.0,2.0,50.0,4.0,house,semi-furnished,unknown,0,17.3130765,78.5632461
K70888490,unknown,unknown,12000000.0,3.0,1350.0,1350.0,,12.0,1.0,2.0,2.0,48.0,7.0,villa,semi-furnished,east,0,17.5316,78.26729
D70861054,unknown,unknown,7500000.0,2.0,1450.0,1450.0,,0.0,3.0,5.0,1.0,49.0,7.0,flat,semi-furnished,west,0,17.38504,78.48667
U69095868,unknown,unknown,6500000.0,2.0,1245.0,1245.0,,7.5,2.0,3.0,3.0,50.0,90.0,flat,furnished,east,0,17.370238,78.555397
P70892172,muthangi,muthangi,12500000.0,5.0,156.0,156.0,,20.0,1.0,2.0,2.0,6.0,7.0,villa,semi-furnished,north,0,17.542319,78.226934
K70358356,unknown,unknown,13899999.999999998,2.0,1350.0,1350.0,,20.0,1.0,2.0,3.0,49.0,30.0,villa,furnished,unknown,0,17.499527,78.4767399
H70198244,unknown,unknown,11000000.0,3.0,1520.0,1520.0,,2.5,2.0,5.0,1.0,49.0,30.0,flat,furnished,west,0,17.4609913,78.3532083
A70028938,unknown,unknown,7700000.0,2.0,1060.0,1060.0,,7.5,5.0,5.0,1.0,49.0,30.0,flat,furnished,east,0,17.427333,78.496673
L70023192,unknown,unknown,7500000.0,3.0,1520.0,1520.0,,0.0,5.0,5.0,1.0,33.0,30.0,flat,semi-furnished,east,0,17.406421,78.616398
C69532964,unknown,unknown,70000000.0,6.0,3000.0,3000.0,,7.5,1.0,2.0,3.0,50.0,60.0,villa,semi-furnished,north-east,0,17.4106,78.46241
G69067120,unknown,unknown,7500000.0,2.0,1155.0,1155.0,,12.0,5.0,9.0,1.0,50.0,30.0,flat,semi-furnished,east,0,17.5203424,78.3970205
D70497186,unknown,unknown,7200000.0,2.0,1205.0,1205.0,,12.0,3.0,5.0,2.0,17.0,28.0,flat,semi-furnished,east,0,17.4664197,78.285342
G70364544,unknown,unknown,9418000.0,3.0,1495.0,1495.0,,12.0,2.0,5.0,2.0,47.0,30.0,flat,semi-furnished,north,0,17.492636,78.319284
S70626692,unknown,unknown,17500000.0,3.0,1715.0,1715.0,,12.0,20.0,39.0,1.0,13.0,21.0,flat,semi-furnished,east,0,17.39554,78.35518
E70334632,unknown,unknown,19500000.0,3.0,2000.0,2000.0,,20.0,12.0,24.0,1.0,9.0,30.0,flat,semi-furnished,west,0,17.467762,78.408146
U68043072,beeramguda,beeramguda,16000000.0,3.0,1830.0,1830.0,,2.5,0.0,1.0,1.0,50.0,7.0,villa,semi-furnished,west,0,17.5090182,78.3001801
N71015850,bachupally,bachupally,7938000.0,3.0,1620.0,1620.0,,12.0,5.0,14.0,2.0,10.0,,flat,semi-furnished,east,0,17.5468498,78.3650231
L71015668,bachupally,bachupally,7584999.999999999,3.0,1548.0,1548.0,,12.0,3.0,14.0,2.0,10.0,,flat,semi-furnished,east,0,17.5468498,78.3650231
M71015194,unknown,unknown,7541000.0,3.0,1539.0,1539.0,,12.0,4.0,14.0,2.0,10.0,,flat,semi-furnished,east,0,17.5468498,78.3650231
M71014866,unknown,unknown,7320999.999999999,3.0,1494.0,1494.0,,12.0,4.0,14.0,2.0,10.0,,flat,semi-furnished,east,0,17.5468498,78.3650231
C70877754,kukatpally,kukatpally,14700000.0,3.0,1735.0,1735.0,,12.0,6.0,32.0,2.0,47.0,7.0,flat,semi-furnished,west,0,17.49479,78.39964
K70873778,miyapur,miyapur,12000000.0,3.0,1839.0,1839.0,,12.0,8.0,42.0,2.0,50.0,7.0,flat,semi-furnished,east,0,17.509181,78.3521088
K70873266,bachupally,bachupally,9614000.0,3.0,1962.0,1962.0,,12.0,4.0,12.0,2.0,10.0,7.0,flat,semi-furnished,west,0,17.5468498,78.3650231
V70872370,unknown,unknown,8807000.0,3.0,1540.0,1540.0,,20.0,3.0,5.0,2.0,47.0,7.0,flat,semi-furnished,east,0,17.5337007,78.401286
R70837000,gandimaisamma,gandimaisamma,8267000.0,3.0,1575.0,1575.0,,12.0,7.0,14.0,2.0,13.0,7.0,flat,semi-furnished,east,0,17.5789054,78.4268758
D70836920,gandimaisamma,gandimaisamma,6299000.0,2.0,1200.0,1200.0,,12.0,7.0,14.0,2.0,13.0,7.0,flat,semi-furnished,east,0,17.5789054,78.4268758
U70749000,kukatpally,kukatpally,13500000.0,3.0,1592.0,1592.0,,12.0,9.0,32.0,2.0,47.0,14.0,flat,semi-furnished,west,0,17.49479,78.39964
M70747164,nallagandla,nallagandla,10200000.0,3.0,1600.0,1600.0,,12.0,2.0,5.0,2.0,50.0,14.0,flat,semi-furnished,east,0,17.47078,78.30668
W70746822,miyapur,miyapur,9807000.0,3.0,1509.0,1509.0,,12.0,8.0,42.0,2.0,50.0,14.0,flat,semi-furnished,east,0,17.509181,78.3521088
K70746374,unknown,unknown,9526000.0,3.0,1944.0,1944.0,,12.0,4.0,12.0,2.0,10.0,14.0,flat,semi-furnished,west,0,17.5468498,78.3650231
Y70746176,bachupally,bachupally,7584999.999999999,3.0,1548.0,1548.0,,12.0,4.0,12.0,2.0,10.0,14.0,flat,semi-furnished,east,0,17.5468498,78.3650231
C70745408,unknown,unknown,8778000.0,3.0,1540.0,1540.0,,20.0,3.0,5.0,2.0,47.0,14.0,flat,semi-furnished,east,0,17.5337007,78.401286
E70745196,unknown,unknown,6897000.0,2.0,1210.0,1210.0,,20.0,2.0,5.0,2.0,47.0,14.0,flat,semi-furnished,east,0,17.5337007,78.401286
U70610874,miyapur,miyapur,7938000.0,3.0,1620.0,1620.0,,12.0,4.0,12.0,2.0,50.0,21.0,flat,semi-furnished,west,0,17.509181,78.3521088
S70610666,bachupally,bachupally,7584999.999999999,3.0,1548.0,1548.0,,12.0,2.0,12.0,2.0,10.0,21.0,flat,semi-furnished,east,0,17.5468498,78.3650231
K70230046,unknown,unknown,21500000.0,3.0,1834.0,1834.0,,20.0,23.0,31.0,1.0,12.0,30.0,flat,furnished,west,0,17.3973794,78.3856447
N70622310,nallagandla,nallagandla,11800000.0,3.0,1740.0,1740.0,,12.0,4.0,5.0,2.0,50.0,21.0,flat,semi-furnished,north,0,17.47078,78.30668
O70097170,unknown,unknown,95000000.0,4.0,5430.0,5430.0,,0.0,1.0,29.0,3.0,25.0,30.0,flat,furnished,west,0,17.3923634,78.3621784
G69893192,unknown,unknown,14000000.0,3.0,2300.0,2300.0,,20.0,1.0,5.0,2.0,50.0,7.0,house,semi-furnished,south,0,17.465875,78.366333
B70795908,unknown,unknown,16000000.0,4.0,170.0,170.0,,20.0,2.0,5.0,2.0,24.0,4.0,villa,semi-furnished,west,1,17.5274768,78.5362171
F70795852,unknown,unknown,17000000.0,5.0,2250.0,2250.0,,20.0,1.0,2.0,2.0,10.0,7.0,villa,semi-furnished,west,0,17.532558,78.529251
T70795756,unknown,unknown,11500000.0,4.0,1350.0,1350.0,,20.0,1.0,2.0,2.0,24.0,7.0,villa,semi-furnished,north,0,17.50107,78.59508
C70794250,unknown,unknown,55000000.0,5.0,3150.0,3150.0,,2.5,2.0,3.0,3.0,47.0,7.0,villa,semi-furnished,north,0,17.491032,78.550234
R70794110,unknown,unknown,45000000.0,5.0,3150.0,3150.0,,2.5,2.0,3.0,3.0,49.0,7.0,villa,semi-furnished,east,0,17.505811,78.539781
W70793998,unknown,unknown,13000000.0,4.0,1440.0,1440.0,,0.0,1.0,2.0,2.0,27.0,7.0,villa,semi-furnished,east,0,17.485206408706663,78.60681438946276
B70536002,beeramguda,beeramguda,19400000.0,3.0,3726.0,3726.0,,12.0,2.0,3.0,2.0,50.0,21.0,villa,semi-furnished,east,0,17.5090182,78.3001801
X70535034,beeramguda,beeramguda,15800000.0,3.0,3040.0,3040.0,,12.0,2.0,3.0,2.0,50.0,21.0,villa,semi-furnished,east,0,17.5090182,78.3001801
Y70445172,unknown,unknown,15500000.0,3.0,1647.0,1647.0,,2.5,0.0,1.0,1.0,49.0,30.0,villa,semi-furnished,west,0,17.38504,78.48667
K69143826,unknown,unknown,45000000.0,4.0,4287.0,4287.0,,20.0,1.0,7.0,3.0,46.0,30.0,flat,semi-furnished,east,0,17.4164707,78.4382469
C70196864,unknown,unknown,9332000.0,3.0,1609.0,1609.0,,12.0,2.0,5.0,2.0,50.0,30.0,flat,semi-furnished,south,0,17.39718420583,78.3765384351226
N69961238,unknown,unknown,9605000.0,3.0,1656.0,1656.0,,12.0,2.0,5.0,2.0,25.0,30.0,flat,semi-furnished,east,0,17.3923634,78.3621784
I70384188,unknown,unknown,13100000.0,3.0,1795.0,1795.0,,12.0,8.0,14.0,1.0,12.0,30.0,flat,semi-furnished,west,0,17.39992,78.36983
H69995134,unknown,unknown,14000000.0,3.0,1535.0,1535.0,,20.0,7.0,18.0,1.0,10.0,30.0,flat,semi-furnished,west,1,17.390918,78.3492573
Q70118848,unknown,unknown,14300000.0,3.0,1514.0,1514.0,,12.0,15.0,32.0,2.0,10.0,30.0,flat,semi-furnished,north-east,0,17.3973794,78.3856447
F69962426,5th phase kphb,5th phase kphb,19500000.0,3.0,2259.0,2259.0,,0.0,2.0,35.0,2.0,8.0,7.0,flat,semi-furnished,west,1,17.4745991,78.3917284
V70056210,unknown,unknown,45000000.0,10.0,7300.0,7300.0,,0.0,3.0,35.0,4.0,50.0,30.0,flat,furnished,south,1,17.4930942,78.5036065
Z70631612,unknown,unknown,18500000.0,3.0,2124.0,2124.0,,12.0,14.0,36.0,1.0,13.0,21.0,flat,semi-furnished,unknown,0,17.402291123438,78.338167423361
Z70626712,unknown,unknown,33000000.0,4.0,3365.0,3365.0,,12.0,30.0,31.0,2.0,13.0,21.0,flat,semi-furnished,unknown,0,17.465823,78.407845
B70599062,unknown,unknown,13400000.0,3.0,1860.0,1860.0,,12.0,10.0,40.0,2.0,15.0,21.0,flat,semi-furnished,unknown,0,17.396115,78.357941
A70599026,unknown,unknown,33000000.0,4.0,3333.0,3333.0,,12.0,21.0,28.0,2.0,25.0,21.0,flat,semi-furnished,west,0,17.392812,78.362945
J70598430,unknown,unknown,43500000.0,4.0,300.0,300.0,,12.0,1.0,2.0,1.0,44.0,21.0,villa,semi-furnished,west,0,17.36149,78.407206
G70491520,unknown,unknown,19200000.0,3.0,1742.0,1742.0,,0.0,7.0,35.0,1.0,10.0,28.0,flat,semi-furnished,west,0,17.4359437,78.3416731
B70236666,unknown,unknown,11800000.0,3.0,2000.0,2000.0,,12.0,7.0,12.0,2.0,0.0,30.0,flat,semi-furnished,east,0,17.443855,78.250431
X69940256,unknown,unknown,19900000.0,4.0,3394.0,3394.0,,12.0,1.0,2.0,3.0,1.0,30.0,villa,semi-furnished,east,0,17.555324,78.308221
B69662644,unknown,unknown,19900000.0,4.0,3392.0,3392.0,,12.0,1.0,2.0,3.0,0.0,7.0,villa,semi-furnished,east,0,17.563151,78.296336
U70296048,unknown,unknown,20300000.0,3.0,2900.0,2900.0,,12.0,0.0,1.0,2.0,10.0,30.0,villa,semi-furnished,east,0,17.5468498,78.3650231
L70289514,unknown,unknown,9200000.0,3.0,1525.0,1525.0,,12.0,4.0,13.0,2.0,9.0,30.0,flat,semi-furnished,east,0,17.575957,78.471167
F70369158,unknown,unknown,22500000.0,3.0,2400.0,2400.0,,0.0,3.0,5.0,2.0,46.0,30.0,flat,furnished,east,0,17.4164707,78.4382469
B70834628,gachibowli,gachibowli,21000000.0,4.0,2644.0,2644.0,,20.0,13.0,22.0,2.0,13.0,7.0,flat,furnished,north-east,0,17.4359437,78.3416731
L70416018,financial district,financial district,16500000.0,3.0,1950.0,1950.0,,0.0,7.0,9.0,2.0,32.0,14.0,flat,semi-furnished,north,1,17.413061,78.34356
B70720544,adibatla,adibatla,8500000.0,2.0,2403.0,2403.0,,12.0,2.0,3.0,1.0,0.0,14.0,villa,semi-furnished,east,0,17.233562897673416,78.54189608906688
E70443026,unknown,unknown,21000000.0,3.0,1919.0,1919.0,,0.0,27.0,35.0,1.0,10.0,30.0,flat,semi-furnished,west,1,17.4147791,78.3417801
K70431684,unknown,unknown,8000000.0,3.0,1350.0,1350.0,,7.5,5.0,5.0,1.0,50.0,30.0,flat,furnished,west,0,17.4653875,78.478036
I70413384,unknown,unknown,62000000.0,3.0,2595.0,2595.0,,0.0,12.0,36.0,1.0,13.0,30.0,flat,unfurnished,west,0,17.4480919,78.3787508
A70347108,unknown,unknown,6400000.0,2.0,1370.0,1370.0,,12.0,6.0,10.0,1.0,1.0,30.0,flat,semi-furnished,east,0,17.477415,78.227409
V70317856,unknown,unknown,14000000.0,3.0,1540.0,1540.0,,2.5,5.0,8.0,1.0,44.0,30.0,flat,unfurnished,west,0,17.444237,78.356383
I70240212,unknown,unknown,14500000.0,3.0,1800.0,1800.0,,7.5,18.0,20.0,2.0,50.0,30.0,flat,furnished,west,0,17.47078,78.30668
L70170784,unknown,unknown,29000000.0,3.0,2210.0,2210.0,,20.0,18.0,19.0,1.0,4.0,30.0,flat,semi-furnished,unknown,0,17.4609913,78.3532083
T70090142,unknown,unknown,14000000.0,2.0,1200.0,1200.0,,7.5,7.0,10.0,2.0,40.0,30.0,flat,furnished,north,0,17.447407,78.379616
K70086626,unknown,unknown,10000000.0,3.0,1650.0,1650.0,,12.0,10.0,12.0,2.0,15.0,30.0,flat,semi-furnished,east,0,17.509181,78.3521088
J70031002,unknown,unknown,17000000.0,3.0,1800.0,1800.0,,12.0,1.0,2.0,2.0,0.0,30.0,villa,semi-furnished,east,0,17.443855,78.250431
F70029974,unknown,unknown,13899999.999999998,3.0,2100.0,2100.0,,12.0,1.0,2.0,2.0,3.0,30.0,villa,semi-furnished,east,0,17.575068,78.253963
G70029606,indresham,indresham,17200000.0,3.0,165.0,165.0,,12.0,1.0,2.0,2.0,3.0,30.0,villa,semi-furnished,unknown,0,17.575068,78.253963
E69995518,unknown,unknown,9900000.0,2.0,1290.0,1290.0,,0.0,16.0,22.0,1.0,13.0,30.0,flat,unfurnished,west,0,17.4359437,78.3416731
Z69937628,unknown,unknown,36500000.0,3.0,3165.0,3165.0,,12.0,10.0,21.0,2.0,11.0,30.0,flat,furnished,west,0,17.4609913,78.3532083
G69936912,unknown,unknown,77600000.0,4.0,5350.0,5350.0,,12.0,1.0,2.0,2.0,1.0,30.0,villa,furnished,east,0,17.477415,78.227409
T69931978,unknown,unknown,57500000.0,4.0,4761.0,4761.0,,2.5,29.0,39.0,2.0,4.0,60.0,flat,furnished,unknown,0,17.478433,78.392116
B69920742,unknown,unknown,24500000.0,3.0,2435.0,2435.0,,2.5,11.0,21.0,2.0,48.0,60.0,flat,furnished,north,0,17.4411482,78.3910691
J70974134,unknown,unknown,19300000.0,3.0,1990.0,1990.0,,20.0,8.0,18.0,2.0,12.0,,flat,semi-furnished,east,0,17.4609913,78.3532083
U70878102,unknown,unknown,24000000.0,3.0,2475.0,2475.0,,20.0,8.0,18.0,2.0,12.0,,flat,semi-furnished,east,0,17.4609913,78.3532083
T70267202,unknown,unknown,29000000.0,3.0,2660.0,2660.0,,12.0,35.0,39.0,2.0,13.0,30.0,flat,semi-furnished,east,0,17.3923634,78.3621784
W69825004,unknown,unknown,23000000.0,4.0,3900.0,3900.0,,20.0,2.0,3.0,3.0,0.0,4.0,villa,semi-furnished,east,0,17.443855,78.250431
H70810658,unknown,unknown,5760000.0,3.0,1800.0,1800.0,,12.0,8.0,18.0,2.0,49.0,7.0,flat,semi-furnished,east,0,17.38504,78.48667
F70801526,unknown,unknown,13000000.0,3.0,2100.0,2100.0,,12.0,1.0,2.0,2.0,49.0,7.0,villa,semi-furnished,east,0,17.38504,78.48667
E70411506,unknown,unknown,9800000.0,1.0,1161.0,1161.0,,20.0,1.0,2.0,2.0,3.0,30.0,villa,semi-furnished,unknown,0,17.348269,78.647456
P69896350,unknown,unknown,6900000.0,3.0,1525.0,1525.0,,20.0,3.0,5.0,2.0,2.0,7.0,house,semi-furnished,east,0,17.557546,78.557555
Q70850754,unknown,unknown,5800000.0,2.0,1133.0,1133.0,,0.0,3.0,5.0,2.0,4.0,7.0,flat,semi-furnished,east,1,17.544794,78.296364
W69966978,unknown,unknown,68500000.0,5.0,5850.0,5850.0,,2.5,1.0,2.0,3.0,49.0,30.0,villa,semi-furnished,unknown,0,17.38504,78.48667
R70008146,unknown,unknown,33600000.0,3.0,3050.0,3050.0,,2.5,7.0,10.0,3.0,48.0,30.0,flat,unfurnished,west,0,17.422104,78.346978
A68861898,unknown,unknown,115000000.0,4.0,5000.0,5000.0,,2.5,2.0,3.0,4.0,17.0,30.0,villa,furnished,east,0,17.454578,78.305819
H70159910,unknown,unknown,7500000.0,2.0,1250.0,1250.0,,0.0,3.0,6.0,2.0,46.0,2.0,flat,semi-furnished,west,1,17.532274,78.39243
L70826962,unknown,unknown,57000000.0,4.0,3500.0,3500.0,,2.5,10.0,17.0,2.0,39.0,7.0,flat,semi-furnished,east,0,17.4480919,78.3787508
V70384658,unknown,unknown,13300000.0,3.0,1960.0,1960.0,,20.0,6.0,9.0,2.0,26.0,30.0,flat,semi-furnished,east,0,17.40223,78.3444
P70310826,unknown,unknown,39900000.0,4.0,5695.0,5695.0,,20.0,22.0,43.0,3.0,50.0,30.0,villa,semi-furnished,east,0,17.3973794,78.3856447
N70159646,unknown,unknown,5630000.0,2.0,1225.0,1225.0,,12.0,3.0,5.0,2.0,50.0,30.0,flat,semi-furnished,east,0,17.4011618,78.37569
B70149516,unknown,unknown,10800000.0,3.0,1800.0,1800.0,,12.0,3.0,6.0,3.0,50.0,30.0,flat,semi-furnished,east,0,17.411192,78.383435
J69914934,unknown,unknown,7200000.0,2.0,1200.0,1200.0,,0.0,5.0,6.0,2.0,50.0,60.0,flat,semi-furnished,west,0,17.4109753,78.3852326
K69810754,unknown,unknown,6000000.0,2.0,1189.0,1189.0,,0.0,2.0,5.0,2.0,48.0,6.0,flat,furnished,east,0,17.5316,78.26729
T69809824,unknown,unknown,13500000.0,3.0,1637.0,1637.0,,0.0,2.0,6.0,2.0,49.0,6.0,flat,semi-furnished,east,0,17.4609913,78.3532083
K71015752,mallampet,mallampet,7400000.0,3.0,1449.0,1449.0,,12.0,0.0,12.0,1.0,3.0,,flat,semi-furnished,east,0,17.565375891679,78.360902667046
A70880600,manikonda,manikonda,10600000.0,3.0,1496.0,1496.0,,20.0,1.0,5.0,1.0,50.0,7.0,flat,semi-furnished,east,0,17.4011618,78.37569
Z70779962,unknown,unknown,23500000.0,3.0,2235.0,2235.0,,20.0,10.0,32.0,1.0,13.0,14.0,flat,furnished,unknown,0,17.391372,78.339424
X69608498,unknown,unknown,6700000.0,2.0,1197.0,1197.0,,20.0,0.0,1.0,1.0,46.0,14.0,villa,furnished,east,0,17.4780657,78.5625678
U70737862,unknown,unknown,4355000.0,3.0,6534.0,6534.0,,20.0,1.0,2.0,1.0,0.0,14.0,house,semi-furnished,unknown,0,,
H70692238,unknown,unknown,4355000.0,3.0,6534.0,6534.0,,20.0,1.0,2.0,2.0,13.0,14.0,house,semi-furnished,east,0,17.6197,78.082693
H70682744,unknown,unknown,4355000.0,3.0,6534.0,6534.0,,20.0,1.0,2.0,2.0,2.0,14.0,house,semi-furnished,unknown,0,17.620662,77.953509
W70679980,unknown,unknown,22500000.0,3.0,1993.0,1993.0,,20.0,33.0,34.0,1.0,10.0,14.0,flat,semi-furnished,east,0,17.41341,78.339447
T70643218,unknown,unknown,21000000.0,3.0,1890.0,1890.0,,0.0,13.0,20.0,3.0,36.0,14.0,flat,furnished,north,0,17.40281,78.350792
T70247674,unknown,unknown,4342000.0,3.0,1503.0,1503.0,,20.0,1.0,2.0,1.0,0.0,30.0,villa,semi-furnished,unknown,0,17.233562897673416,78.54189608906688
J70226972,unknown,unknown,6500000.0,2.0,1140.0,1140.0,,12.0,2.0,5.0,2.0,50.0,30.0,flat,semi-furnished,east,0,17.47078,78.30668
N70070522,unknown,unknown,21000000.0,3.0,1960.0,1960.0,,0.0,16.0,25.0,1.0,13.0,30.0,flat,semi-furnished,east,0,17.47078,78.30668
B70010328,unknown,unknown,31500000.0,3.0,2835.0,2835.0,,7.5,5.0,7.0,1.0,49.0,30.0,flat,furnished,west,0,17.410585,78.401307
U69917148,unknown,unknown,27000000.0,3.0,2410.0,2410.0,,0.0,12.0,20.0,1.0,12.0,60.0,flat,semi-furnished,north-east,0,17.4609913,78.3532083
L69523290,unknown,unknown,5080000.0,3.0,6534.0,6534.0,,20.0,1.0,2.0,2.0,2.0,21.0,house,semi-furnished,unknown,0,17.620662,77.953509
W69656818,miyapur,miyapur,7500000.0,3.0,1039.0,1039.0,,20.0,2.0,12.0,1.0,4.0,30.0,flat,furnished,east,0,17.520188,78.344915
K70609838,unknown,unknown,50000000.0,5.0,5000.0,5000.0,,20.0,2.0,3.0,4.0,50.0,21.0,villa,unfurnished,unknown,0,17.4295317,78.41266
R70080446,unknown,unknown,8500000.0,2.0,1800.0,1800.0,,12.0,0.0,0.0,2.0,49.0,30.0,villa,semi-furnished,north-east,0,17.38504,78.48667
J70726818,unknown,unknown,22600000.0,3.0,2156.0,2156.0,,0.0,11.0,15.0,3.0,0.0,14.0,flat,furnished,east,0,,
A70910154,unknown,unknown,5510000.0,3.0,1581.0,1581.0,,12.0,2.0,5.0,2.0,4.0,6.0,flat,semi-furnished,east,0,17.56162,78.40555
R70403220,unknown,unknown,9237000.0,3.0,1750.0,1750.0,,12.0,7.0,14.0,2.0,8.0,30.0,flat,semi-furnished,east,0,17.5789054,78.4268758
G70403182,unknown,unknown,5800000.0,2.0,1175.0,1175.0,,12.0,1.0,14.0,1.0,8.0,30.0,flat,semi-furnished,east,0,17.5789054,78.4268758
P70223914,unknown,unknown,3920000.000000001,2.0,980.0,980.0,,20.0,1.0,6.0,1.0,12.0,30.0,flat,semi-furnished,north,0,17.42169,78.21842
D70186874,unknown,unknown,11399999.999999998,3.0,2200.0,2200.0,,12.0,1.0,2.0,1.0,48.0,30.0,villa,semi-furnished,north,0,17.5316,78.26729
Z70493476,unknown,unknown,20000000.0,3.0,1965.0,1965.0,,0.0,13.0,15.0,2.0,50.0,28.0,flat,semi-furnished,west,0,17.469685,78.311676
Q68852012,unknown,unknown,22500000.0,3.0,2040.0,2040.0,,2.5,10.0,20.0,4.0,45.0,30.0,flat,unfurnished,east,0,17.44057,78.365551
H70990148,unknown,unknown,5000000.0,2.0,1060.0,1060.0,,0.0,2.0,5.0,1.0,47.0,2.0,flat,semi-furnished,east,0,17.5337007,78.401286
L70451288,unknown,unknown,14500000.0,3.0,2191.0,2191.0,,20.0,21.0,30.0,2.0,13.0,30.0,flat,semi-furnished,east,0,17.4359437,78.3416731
F70097686,kondapur,kondapur,70200000.0,4.0,3693.0,3693.0,,20.0,2.0,3.0,2.0,15.0,30.0,villa,semi-furnished,west,1,17.484172,78.3392311
N69957096,unknown,unknown,7000000.0,3.0,1503.0,1503.0,,20.0,1.0,2.0,2.0,5.0,30.0,villa,unfurnished,unknown,0,17.640228766466283,78.4828090954698
I70582818,unknown,unknown,6200000.0,2.0,1050.0,1050.0,,20.0,1.0,5.0,1.0,6.0,21.0,flat,furnished,unknown,0,17.529701,78.333031
Q70582658,unknown,unknown,6200000.0,2.0,1050.0,1050.0,,20.0,2.0,5.0,1.0,6.0,21.0,flat,furnished,unknown,0,17.529701,78.333031
U69914486,unknown,unknown,24000000.0,3.0,2500.0,2500.0,,20.0,5.0,24.0,2.0,9.0,60.0,flat,semi-furnished,west,0,17.467762,78.408146
R69287804,unknown,unknown,7905000.0,2.0,1275.0,1275.0,,0.0,5.0,5.0,2.0,50.0,30.0,flat,semi-furnished,east,1,17.500656,78.420364
W70054632,unknown,unknown,13000000.0,3.0,2000.0,2000.0,,20.0,1.0,2.0,2.0,50.0,30.0,villa,semi-furnished,north,0,17.5090182,78.3001801
R69804704,unknown,unknown,6003000.0,2.0,1225.0,1225.0,,0.0,8.0,8.0,2.0,37.0,7.0,flat,semi-furnished,east,0,17.538237,78.480804
P69744980,unknown,unknown,9900000.0,2.0,1503.0,1503.0,,20.0,0.0,1.0,1.0,48.0,14.0,villa,furnished,west,1,17.5316,78.26729
H69728258,unknown,unknown,9261000.0,3.0,1625.0,1625.0,,12.0,13.0,13.0,2.0,50.0,7.0,flat,semi-furnished,east,0,17.509181,78.3521088
S69728198,unknown,unknown,8520000.0,3.0,1495.0,1495.0,,12.0,13.0,13.0,2.0,50.0,7.0,flat,semi-furnished,east,0,17.509181,78.3521088
W69728148,unknown,unknown,6895999.999999999,2.0,1210.0,1210.0,,12.0,13.0,13.0,2.0,50.0,7.0,flat,semi-furnished,east,0,17.509181,78.3521088
Q69476706,unknown,unknown,9650000.0,2.0,1350.0,1350.0,,20.0,0.0,1.0,1.0,13.0,21.0,villa,semi-furnished,east,0,17.5588175,78.2673346
C69236696,unknown,unknown,55000000.0,5.0,4200.0,4200.0,,7.5,1.0,2.0,2.0,0.0,30.0,villa,semi-furnished,east,0,,
O70743162,unknown,unknown,16900000.0,3.0,1800.0,1800.0,,12.0,1.0,2.0,2.0,6.0,14.0,villa,semi-furnished,east,0,17.548606,78.210422
H70743038,unknown,unknown,19400000.0,4.0,200.0,200.0,,12.0,2.0,3.0,3.0,50.0,14.0,villa,semi-furnished,east,0,17.5090182,78.3001801
B70742980,unknown,unknown,13000000.0,3.0,1503.0,1503.0,,12.0,1.0,2.0,2.0,6.0,14.0,villa,semi-furnished,east,0,17.548606,78.210422
U70596360,unknown,unknown,5000000.0,2.0,1440.0,1440.0,,12.0,0.0,1.0,1.0,0.0,21.0,villa,furnished,north-east,0,17.20047,78.550548
D70513320,unknown,unknown,13300000.0,3.0,1800.0,1800.0,,20.0,3.0,5.0,2.0,49.0,21.0,flat,semi-furnished,west,0,17.4609913,78.3532083
Z70498882,unknown,unknown,5000000.0,2.0,1440.0,1440.0,,12.0,2.0,5.0,0.0,22.0,28.0,villa,furnished,east,0,17.07139,78.205312
N70498824,unknown,unknown,5000000.0,2.0,1440.0,1440.0,,12.0,2.0,5.0,0.0,6.0,28.0,villa,furnished,east,0,17.16671518425292,78.29562544721442
L70498706,unknown,unknown,5000000.0,2.0,1440.0,1440.0,,12.0,2.0,5.0,0.0,0.0,28.0,villa,furnished,east,0,17.71607,78.52229
T70498526,unknown,unknown,5000000.0,2.0,1440.0,1440.0,,12.0,2.0,5.0,0.0,0.0,28.0,villa,furnished,east,0,,
E70498462,unknown,unknown,5000000.0,2.0,1440.0,1440.0,,12.0,2.0,5.0,0.0,1.0,28.0,villa,furnished,east,0,17.228693,78.577689
G70498336,tukkuguda,tukkuguda,13000000.0,4.0,2403.0,2403.0,,12.0,0.0,1.0,0.0,18.0,28.0,villa,furnished,east,0,17.318492,78.482197
P70498080,tukkuguda,tukkuguda,2640000.0,2.0,800.0,800.0,,12.0,1.0,4.0,1.0,18.0,28.0,flat,furnished,east,0,17.318492,78.482197
D70496996,unknown,unknown,5000000.0,2.0,1440.0,1440.0,,12.0,2.0,5.0,0.0,1.0,28.0,villa,furnished,east,0,17.280656,78.635099
F70496866,unknown,unknown,5000000.0,2.0,1440.0,1440.0,,12.0,2.0,5.0,0.0,0.0,28.0,villa,furnished,east,0,17.233562897673416,78.54189608906688
T70496748,unknown,unknown,5000000.0,2.0,1440.0,1440.0,,12.0,2.0,5.0,0.0,3.0,28.0,villa,furnished,north-east,0,17.290454,78.493747
Y70496556,unknown,unknown,5000000.0,2.0,1440.0,1440.0,,12.0,2.0,5.0,1.0,0.0,28.0,villa,furnished,east,0,17.2494091,78.4183466
E70496448,unknown,unknown,5000000.0,2.0,1440.0,1440.0,,12.0,2.0,5.0,0.0,0.0,28.0,villa,furnished,east,0,17.063734,78.488644
F70496264,unknown,unknown,5000000.0,2.0,1440.0,1440.0,,12.0,2.0,5.0,1.0,3.0,28.0,villa,furnished,east,0,17.210329,78.500098
G70496172,unknown,unknown,5000000.0,2.0,1440.0,1440.0,,12.0,2.0,5.0,1.0,0.0,28.0,villa,furnished,north-east,0,17.16954,78.47093
C70409988,tukkuguda,tukkuguda,13000000.0,4.0,2403.0,2403.0,,12.0,0.0,1.0,2.0,18.0,30.0,villa,furnished,east,0,17.318492,78.482197
L70048914,unknown,unknown,13799999.999999998,3.0,1535.0,1535.0,,20.0,18.0,18.0,1.0,10.0,30.0,flat,semi-furnished,east,1,17.3901384,78.3488213
H70047978,unknown,unknown,23700000.0,4.0,2630.0,2630.0,,20.0,12.0,18.0,2.0,10.0,30.0,flat,semi-furnished,west,1,17.3895342,78.3485109
V70994276,kollur,kollur,8701000.0,3.0,1500.0,1500.0,,12.0,18.0,20.0,2.0,0.0,2.0,flat,unfurnished,east,0,17.443855,78.250431
G70311260,unknown,unknown,23000000.0,3.0,1834.0,1834.0,,0.0,10.0,31.0,1.0,12.0,30.0,flat,furnished,east,1,17.3973794,78.3856447
U70173352,unknown,unknown,90000000.0,5.0,5430.0,5430.0,,20.0,1.0,29.0,4.0,8.0,30.0,flat,semi-furnished,west,0,17.400422,78.346941
I67766118,unknown,unknown,40000000.0,4.0,4000.0,4000.0,,7.5,0.0,1.0,3.0,0.0,7.0,villa,semi-furnished,east,0,,
A70819528,unknown,unknown,23400000.0,4.0,3600.0,3600.0,,12.0,35.0,40.0,3.0,25.0,7.0,flat,semi-furnished,east,0,17.3923634,78.3621784
H70819498,unknown,unknown,19400000.0,4.0,3000.0,3000.0,,12.0,24.0,40.0,3.0,25.0,7.0,flat,semi-furnished,west,0,17.3923634,78.3621784
R70819434,unknown,unknown,19500000.0,4.0,3000.0,3000.0,,12.0,15.0,40.0,3.0,25.0,7.0,flat,semi-furnished,east,0,17.3923634,78.3621784
M69455090,unknown,unknown,27500000.0,3.0,3600.0,3600.0,,7.5,0.0,1.0,2.0,50.0,7.0,villa,furnished,east,0,17.4608292,78.4872706
X70261852,unknown,unknown,10500000.0,3.0,1600.0,1600.0,,0.0,2.0,4.0,3.0,13.0,30.0,flat,semi-furnished,east,1,17.466402,78.28256
B70155360,unknown,unknown,40800000.0,4.0,200.0,200.0,,12.0,2.0,3.0,3.0,17.0,30.0,villa,semi-furnished,east,0,17.311940823733476,78.47302608769566
S67630466,unknown,unknown,15000000.0,3.0,1838.0,1838.0,,7.5,4.0,5.0,3.0,50.0,30.0,flat,furnished,west,0,17.435608,78.431012
T69984212,medchal,medchal,23000000.0,4.0,800.0,800.0,,12.0,1.0,2.0,3.0,0.0,30.0,villa,semi-furnished,east,0,,
B66130742,unknown,unknown,7203000.0,3.0,1630.0,1630.0,,12.0,2.0,12.0,1.0,24.0,30.0,flat,unfurnished,east,0,17.510159,78.247179
N71008646,tellapur,tellapur,12900000.0,3.0,2425.0,2425.0,,12.0,7.0,9.0,1.0,17.0,,flat,semi-furnished,west,0,17.4664197,78.285342
M70267266,unknown,unknown,22500000.0,3.0,2020.0,2020.0,,12.0,27.0,39.0,2.0,13.0,30.0,flat,semi-furnished,east,0,17.3923634,78.3621784
G70111902,unknown,unknown,9800000.0,2.0,1509.0,1509.0,,12.0,27.0,42.0,1.0,50.0,30.0,flat,semi-furnished,east,0,17.509181,78.3521088
R70111800,unknown,unknown,12000000.0,3.0,1839.0,1839.0,,12.0,14.0,42.0,1.0,50.0,30.0,flat,semi-furnished,east,0,17.509181,78.3521088
O70037978,unknown,unknown,10000000.0,3.0,132.0,132.0,,0.0,1.0,2.0,2.0,50.0,30.0,villa,furnished,west,1,17.308659,78.58336
S71026816,unknown,unknown,82000000.0,4.0,400.0,400.0,,0.0,0.0,1.0,2.0,1.0,0.0,villa,furnished,east,0,17.442196,78.280067
B71020268,unknown,unknown,83000000.0,4.0,400.0,400.0,,0.0,0.0,1.0,2.0,6.0,0.0,villa,furnished,north-east,1,17.435795,78.3012
W70770052,unknown,unknown,29800000.0,4.0,2713.0,2713.0,,0.0,8.0,35.0,3.0,49.0,7.0,flat,semi-furnished,east,1,17.467455,78.34756
B70708346,unknown,unknown,16399999.999999998,3.0,1565.0,1565.0,,0.0,15.0,24.0,1.0,13.0,7.0,flat,semi-furnished,east,1,17.46793,78.34858
X69473376,unknown,unknown,5500000.0,2.0,950.0,950.0,,20.0,4.0,4.0,1.0,50.0,60.0,flat,semi-furnished,north-east,0,17.4154884,78.5717631
O70598096,unknown,unknown,16500000.0,4.0,2801.0,2801.0,,12.0,1.0,2.0,2.0,10.0,21.0,villa,semi-furnished,east,0,17.4639176,78.6242289
X70303172,unknown,unknown,4980000.0,2.0,1277.0,1277.0,,12.0,10.0,15.0,1.0,0.0,30.0,flat,semi-furnished,east,0,17.443855,78.250431
I70682634,kollur,kollur,5648000.0,3.0,1345.0,1345.0,,12.0,5.0,12.0,1.0,0.0,14.0,flat,semi-furnished,north-east,0,17.443855,78.250431
D70664138,kollur,kollur,31100000.0,4.0,3940.0,3940.0,,12.0,1.0,2.0,3.0,0.0,14.0,villa,semi-furnished,north-east,0,17.443855,78.250431
F70663580,patancheruvu,patancheruvu,13600000.000000002,3.0,2340.0,2340.0,,12.0,0.0,1.0,2.0,46.0,14.0,villa,semi-furnished,north-east,0,17.5330867548758,78.2682745858627
K70663404,muthangi,muthangi,11200000.000000002,3.0,2340.0,2340.0,,12.0,0.0,1.0,2.0,6.0,14.0,villa,semi-furnished,north-east,0,17.542319,78.226934
B70662998,muthangi,muthangi,12200000.0,3.0,2100.0,2100.0,,12.0,0.0,1.0,2.0,6.0,14.0,villa,semi-furnished,north-east,0,17.542319,78.226934
F70662420,kollur,kollur,6781999.999999999,2.0,1384.0,1384.0,,12.0,5.0,12.0,1.0,0.0,14.0,flat,semi-furnished,north-east,0,17.443855,78.250431
F70660420,patancheruvu,patancheruvu,7552000.0,3.0,1798.0,1798.0,,12.0,8.0,12.0,1.0,46.0,14.0,flat,semi-furnished,north-east,0,17.5330867548758,78.2682745858627
T70660302,patancheruvu,patancheruvu,6293000.0,3.0,1798.0,1798.0,,12.0,8.0,12.0,1.0,46.0,14.0,flat,semi-furnished,north-east,0,17.5330867548758,78.2682745858627
C70845388,unknown,unknown,5500000.0,2.0,1185.0,1185.0,,20.0,3.0,5.0,2.0,34.0,7.0,flat,semi-furnished,east,0,17.5238479933976,78.3227692229911
Y70722644,unknown,unknown,15400000.0,4.0,2701.0,2701.0,,12.0,2.0,3.0,3.0,0.0,14.0,villa,semi-furnished,east,0,17.563151,78.296336
W71023490,unknown,unknown,24000000.0,8.0,1566.0,1566.0,,0.0,1.0,2.0,3.0,50.0,,villa,furnished,south,0,17.5179636,78.3813785
V70994734,bhanur,bhanur,22000000.0,3.0,2480.0,2480.0,,20.0,0.0,1.0,1.0,3.0,2.0,villa,semi-furnished,east,0,17.47661,78.173427
Y70194306,unknown,unknown,10900000.0,3.0,1920.0,1920.0,,12.0,2.0,10.0,2.0,50.0,30.0,flat,semi-furnished,east,0,17.49833,78.45806
Q69153316,unknown,unknown,9300000.0,3.0,1595.0,1595.0,,2.5,3.0,5.0,2.0,49.0,30.0,flat,semi-furnished,unknown,0,17.502996,78.470164
G70519100,unknown,unknown,23500000.0,4.0,2630.0,2630.0,,0.0,3.0,18.0,2.0,10.0,14.0,flat,furnished,east,1,17.3923634,78.3621784
O70519044,unknown,unknown,24500000.0,3.0,2540.0,2540.0,,0.0,17.0,18.0,1.0,10.0,14.0,flat,furnished,west,1,17.3923634,78.3621784
O70623456,unknown,unknown,10000000.0,3.0,150.0,150.0,,12.0,0.0,1.0,1.0,0.0,21.0,villa,semi-furnished,east,0,17.233562897673416,78.54189608906688
Y70526770,unknown,unknown,45199999.99999999,4.0,3602.0,3602.0,,0.0,2.0,3.0,1.0,44.0,21.0,villa,semi-furnished,east,1,17.361812,78.4080554
O70401734,unknown,unknown,19200000.0,3.0,2014.0,2014.0,,0.0,2.0,15.0,2.0,31.0,30.0,flat,semi-furnished,west,1,17.4132599,78.3377197
Z70313168,unknown,unknown,7500000.0,2.0,1200.0,1200.0,,2.5,5.0,5.0,1.0,49.0,30.0,flat,furnished,east,0,17.4609913,78.3532083
S70213980,unknown,unknown,21500000.0,3.0,2250.0,2250.0,,2.5,1.0,1.0,2.0,49.0,30.0,flat,furnished,east,0,17.4609913,78.3532083
U70190616,unknown,unknown,19000000.0,3.0,1860.0,1860.0,,0.0,12.0,14.0,1.0,10.0,30.0,flat,semi-furnished,east,1,17.4612921,78.3057621
X70600350,unknown,unknown,14500000.0,3.0,1652.0,1652.0,,12.0,45.0,50.0,2.0,13.0,21.0,flat,semi-furnished,east,0,17.48141,78.41979
A69954700,nallagandla,nallagandla,16000000.0,3.0,1800.0,1800.0,,7.5,2.0,20.0,1.0,50.0,30.0,flat,furnished,east,0,17.47078,78.30668
D70912648,unknown,unknown,8300000.0,2.0,1225.0,1225.0,,20.0,3.0,5.0,1.0,50.0,5.0,flat,semi-furnished,east,1,17.4711966,78.359549
K70340444,unknown,unknown,19500000.0,5.0,2100.0,2100.0,,12.0,1.0,2.0,3.0,0.0,30.0,villa,semi-furnished,east,0,17.443354,78.182044
I70255332,unknown,unknown,9500000.0,2.0,1205.0,1205.0,,20.0,5.0,5.0,1.0,49.0,30.0,flat,furnished,north,1,17.4706097,78.3431797
R70289926,unknown,unknown,7700000.0,2.0,1080.0,1080.0,,0.0,3.0,4.0,2.0,49.0,30.0,flat,furnished,north,0,17.4609913,78.3532083
N70289330,unknown,unknown,7800000.0,2.0,1350.0,1350.0,,12.0,13.0,15.0,2.0,49.0,30.0,flat,semi-furnished,east,0,17.4609913,78.3532083
Z70289072,unknown,unknown,7425000.0,3.0,1650.0,1650.0,,12.0,9.0,16.0,3.0,11.0,30.0,flat,semi-furnished,east,0,17.443855,78.250431
U70288778,unknown,unknown,11200000.000000002,3.0,1725.0,1725.0,,12.0,7.0,17.0,3.0,50.0,30.0,flat,semi-furnished,east,0,17.509181,78.3521088
H70105638,unknown,unknown,7700000.0,2.0,1069.0,1069.0,,2.5,1.0,5.0,2.0,49.0,30.0,flat,furnished,unknown,0,17.4609913,78.3532083
X70048862,unknown,unknown,13500000.0,3.0,1646.0,1646.0,,2.5,2.0,7.0,1.0,49.0,30.0,flat,semi-furnished,east,0,17.4609913,78.3532083
X70034342,unknown,unknown,13000000.0,3.0,1550.0,1550.0,,2.5,4.0,7.0,1.0,50.0,30.0,flat,semi-furnished,east,1,17.465872,78.352045
O70033968,unknown,unknown,11000000.0,3.0,1550.0,1550.0,,20.0,5.0,5.0,2.0,49.0,30.0,flat,semi-furnished,north,1,17.4703099,78.3422864
Z70032102,unknown,unknown,8900000.0,2.0,1350.0,1350.0,,20.0,4.0,4.0,2.0,50.0,30.0,flat,semi-furnished,east,1,17.4705339,78.3423034
L70023438,unknown,unknown,9000000.0,3.0,1300.0,1300.0,,12.0,9.0,11.0,3.0,15.0,30.0,flat,semi-furnished,east,0,17.449877,78.242907
D69809948,unknown,unknown,24500000.0,3.0,2259.0,2259.0,,0.0,20.0,35.0,2.0,8.0,6.0,flat,furnished,east,0,17.478433,78.392116
Y70848756,unknown,unknown,15500000.0,2.0,1314.0,1314.0,,0.0,16.0,31.0,1.0,12.0,7.0,flat,furnished,east,0,17.3973794,78.3856447
U70549230,unknown,unknown,83500000.0,5.0,4050.0,4050.0,,20.0,2.0,3.0,1.0,1.0,21.0,villa,semi-furnished,west,1,17.4497676,78.2802565
U70289276,unknown,unknown,7200000.0,2.0,1170.0,1170.0,,12.0,2.0,13.0,1.0,9.0,30.0,flat,semi-furnished,east,0,17.575957,78.471167
C70745480,unknown,unknown,36000000.0,3.0,2350.0,2350.0,,0.0,20.0,21.0,1.0,4.0,14.0,flat,furnished,west,1,17.455559,78.3675897
J70487026,unknown,unknown,6129000.0,2.0,1135.0,1135.0,,12.0,2.0,5.0,1.0,50.0,28.0,flat,semi-furnished,east,0,17.5203424,78.3970205
R69610452,puppalguda junction orr,puppalguda junction orr,34300000.0,4.0,3490.0,3490.0,,12.0,31.0,36.0,3.0,0.0,14.0,flat,semi-furnished,north-east,0,,
D70878242,shilpa hills,shilpa hills,23600000.0,3.0,2360.0,2360.0,,2.5,7.0,9.0,1.0,49.0,5.0,flat,furnished,east,1,17.465903,78.3706626
X70878606,3rd phase kphb,3rd phase kphb,17000000.0,3.0,2198.0,2198.0,,2.5,8.0,25.0,2.0,50.0,7.0,flat,furnished,east,0,17.489676,78.393731
V70322958,hi tech city,hi tech city,61700000.0,3.0,3430.0,3430.0,,20.0,2.0,36.0,2.0,13.0,30.0,flat,semi-furnished,west,0,17.430915,78.37728
V68518246,shilpa hills,shilpa hills,24000000.0,3.0,2295.0,2295.0,,2.5,3.0,18.0,2.0,47.0,30.0,flat,furnished,north-east,1,17.463222,78.373772
R70387270,unknown,unknown,11000000.0,3.0,1080.0,1080.0,,12.0,0.0,1.0,2.0,2.0,30.0,villa,semi-furnished,unknown,0,17.530138381577164,78.63825395219442
Z70802878,patancheru,patancheru,4400000.0,2.0,1070.0,1070.0,,20.0,1.0,5.0,1.0,44.0,7.0,flat,semi-furnished,east,1,17.5371418,78.2604304
B70749424,unknown,unknown,6500000.0,1.0,1125.0,1125.0,,0.0,0.0,1.0,0.0,33.0,14.0,villa,semi-furnished,unknown,0,17.406421,78.616398
Y70749282,unknown,unknown,9450000.0,2.0,1440.0,1440.0,,20.0,0.0,1.0,1.0,33.0,14.0,villa,semi-furnished,east,0,17.406421,78.616398
H70739950,tellapur,tellapur,24000000.0,4.0,3800.0,3800.0,,12.0,2.0,3.0,3.0,17.0,14.0,villa,unfurnished,north-east,0,17.4664197,78.285342
M70452454,chandanagar,chandanagar,2000000.0,1.0,500.0,500.0,,2.5,3.0,5.0,1.0,50.0,30.0,flat,furnished,north,0,17.4834541,78.3249543
N70954316,suchitra,suchitra,12000000.0,4.0,2115.0,2115.0,,12.0,3.0,5.0,2.0,49.0,4.0,flat,semi-furnished,unknown,0,17.499527,78.4767399
G70838870,unknown,unknown,60000000.0,4.0,325.0,325.0,,0.0,2.0,3.0,2.0,49.0,7.0,villa,semi-furnished,east,0,17.365962,78.437732
L70796570,"qutubullapur, suchitra circle","qutubullapur, suchitra circle",10800000.0,3.0,1795.0,1795.0,,12.0,2.0,5.0,2.0,0.0,7.0,flat,semi-furnished,east,0,,
D70751982,unknown,unknown,33700000.0,4.0,2321.0,2321.0,,0.0,2.0,3.0,2.0,0.0,5.0,villa,semi-furnished,unknown,1,17.441826,78.26772
V70607652,unknown,unknown,42000000.0,4.0,3910.0,3910.0,,2.5,8.0,8.0,4.0,48.0,21.0,flat,furnished,west,0,17.462758,78.370565
Z70596912,unknown,unknown,10000000.0,3.0,1570.0,1570.0,,0.0,1.0,6.0,1.0,49.0,21.0,flat,semi-furnished,north-east,0,17.492969,78.343076
A70550060,unknown,unknown,5500000.0,2.0,1200.0,1200.0,,20.0,2.0,5.0,1.0,24.0,21.0,flat,semi-furnished,east,0,17.50107,78.59508
Y70549266,unknown,unknown,9990000.0,3.0,1665.0,1665.0,,12.0,3.0,5.0,2.0,37.0,21.0,flat,semi-furnished,north-east,0,17.538237,78.480804
H70549006,suchitra,suchitra,9990000.0,3.0,1665.0,1665.0,,12.0,3.0,5.0,2.0,49.0,21.0,flat,semi-furnished,north,0,17.499527,78.4767399
C70500536,unknown,unknown,56500000.0,3.0,3455.0,3455.0,,0.0,10.0,17.0,2.0,28.0,28.0,flat,furnished,west,0,17.433231,78.383657
L67546392,unknown,unknown,55000000.0,4.0,580.0,580.0,,20.0,1.0,2.0,1.0,7.0,6.0,villa,semi-furnished,west,0,17.47206,78.64345
H70768276,unknown,unknown,15000000.0,3.0,1734.0,1734.0,,12.0,6.0,32.0,2.0,10.0,14.0,flat,semi-furnished,unknown,0,17.3970901,78.3740242
P70364190,unknown,unknown,35200000.0,4.0,3165.0,3165.0,,12.0,17.0,21.0,3.0,11.0,30.0,flat,semi-furnished,east,0,17.466613,78.336231
F70364096,unknown,unknown,22500000.0,3.0,1880.0,1880.0,,20.0,3.0,20.0,2.0,15.0,30.0,flat,furnished,unknown,0,17.464041,78.337481
T70363584,unknown,unknown,14700000.0,3.0,1740.0,1740.0,,12.0,14.0,26.0,2.0,11.0,30.0,flat,semi-furnished,unknown,0,17.469415,78.311077
G70362026,unknown,unknown,24000000.0,3.0,2475.0,2475.0,,12.0,6.0,18.0,2.0,12.0,30.0,flat,semi-furnished,unknown,0,17.466742,78.337059
D70361662,unknown,unknown,13200000.0,2.0,1325.0,1325.0,,12.0,5.0,18.0,1.0,12.0,30.0,flat,semi-furnished,unknown,0,17.466742,78.337059
M70361646,unknown,unknown,11800000.0,2.0,1335.0,1335.0,,20.0,11.0,22.0,1.0,9.0,30.0,flat,semi-furnished,unknown,0,17.478221,78.312255
U70361564,unknown,unknown,27500000.0,3.0,2390.0,2390.0,,12.0,17.0,21.0,2.0,11.0,30.0,flat,semi-furnished,unknown,0,17.466613,78.336231
O70361510,unknown,unknown,22200000.000000004,3.0,1900.0,1900.0,,20.0,2.0,20.0,2.0,15.0,30.0,flat,semi-furnished,unknown,0,17.464041,78.337481
X70361346,unknown,unknown,18200000.0,3.0,1840.0,1840.0,,12.0,15.0,18.0,2.0,12.0,30.0,flat,semi-furnished,unknown,0,17.466742,78.337059
O70361216,unknown,unknown,35400000.0,4.0,3070.0,3070.0,,12.0,17.0,21.0,2.0,11.0,30.0,flat,semi-furnished,unknown,0,17.466613,78.336231
P70361142,unknown,unknown,14600000.0,3.0,1740.0,1740.0,,12.0,14.0,26.0,2.0,11.0,30.0,flat,semi-furnished,east,0,17.469415,78.311077
T70493892,unknown,unknown,30500000.0,4.0,2795.0,2795.0,,0.0,3.0,19.0,4.0,9.0,28.0,flat,furnished,east,0,17.467762,78.408146
C70178658,khajaguda,khajaguda,130000000.0,5.0,14099.0,14099.0,,12.0,29.0,50.0,4.0,48.0,30.0,flat,semi-furnished,east,0,17.41214,78.36431
I70178236,khajaguda,khajaguda,50000000.0,4.0,5039.0,5039.0,,12.0,22.0,50.0,3.0,48.0,30.0,flat,semi-furnished,east,0,17.41214,78.36431
O70176982,tellapur,tellapur,17100000.0,3.0,2430.0,2430.0,,12.0,19.0,36.0,3.0,17.0,30.0,flat,semi-furnished,east,0,17.4664197,78.285342
G70045790,khajaguda,khajaguda,50000000.0,4.0,5039.0,5039.0,,12.0,40.0,50.0,3.0,48.0,30.0,flat,semi-furnished,east,0,17.41214,78.36431
H70573668,unknown,unknown,6200000.0,2.0,1050.0,1050.0,,20.0,3.0,5.0,1.0,34.0,21.0,flat,furnished,north-east,0,17.5238479933976,78.3227692229911
H69146346,unknown,unknown,6531999.999999999,3.0,1420.0,1420.0,,12.0,5.0,10.0,3.0,1.0,21.0,flat,semi-furnished,north,0,17.477415,78.227409
Q70325046,velimela,velimela,11399999.999999998,3.0,2485.0,2485.0,,12.0,4.0,9.0,2.0,0.0,30.0,flat,semi-furnished,east,0,,
T69961154,unknown,unknown,9489000.0,3.0,1636.0,1636.0,,12.0,2.0,5.0,2.0,0.0,30.0,flat,semi-furnished,north,0,,
M69957748,alkapur,alkapur,9025000.0,3.0,1556.0,1556.0,,12.0,2.0,5.0,2.0,0.0,30.0,flat,semi-furnished,north,0,,
N69957604,unknown,unknown,9025000.0,3.0,1556.0,1556.0,,12.0,2.0,5.0,2.0,0.0,30.0,flat,semi-furnished,north-east,0,,
G69957192,manikonda,manikonda,9489000.0,3.0,1636.0,1636.0,,12.0,2.0,5.0,2.0,50.0,30.0,flat,semi-furnished,north,0,17.4011618,78.37569
R69956592,manikonda,manikonda,8787000.0,3.0,1515.0,1515.0,,12.0,2.0,5.0,2.0,0.0,30.0,flat,semi-furnished,north,0,,
W69946260,manikonda,manikonda,9338000.0,3.0,1610.0,1610.0,,12.0,2.0,5.0,2.0,0.0,30.0,flat,semi-furnished,west,0,,
J69944284,manikonda,manikonda,8990000.0,3.0,1550.0,1550.0,,12.0,2.0,5.0,2.0,50.0,30.0,flat,semi-furnished,east,0,17.4011618,78.37569
O69943552,velimela,velimela,44200000.0,4.0,5200.0,5200.0,,12.0,2.0,3.0,3.0,1.0,30.0,villa,semi-furnished,north,0,17.477415,78.227409
L69943142,velimela,velimela,33000000.0,4.0,3885.0,3885.0,,12.0,2.0,3.0,2.0,1.0,30.0,villa,semi-furnished,west,0,17.477415,78.227409
Y70827800,unknown,unknown,7000000.0,4.0,267.0,267.0,,0.0,0.0,1.0,1.0,22.0,7.0,villa,semi-furnished,north-east,0,17.07139,78.205312
O70941944,unknown,unknown,190000000.0,4.0,5200.0,5200.0,,20.0,1.0,2.0,3.0,6.0,5.0,villa,semi-furnished,east,0,17.3923634,78.3621784
P69954986,unknown,unknown,16900000.0,3.0,1685.0,1685.0,,0.0,6.0,15.0,1.0,50.0,30.0,flat,semi-furnished,east,0,17.47078,78.30668
R71000600,unknown,unknown,10200000.0,,1360.0,1360.0,,12.0,5.0,33.0,,50.0,2.0,flat,semi-furnished,east,0,17.47078,78.30668
O70926008,unknown,unknown,18000000.0,3.0,2484.0,2484.0,,20.0,15.0,16.0,3.0,5.0,5.0,flat,semi-furnished,west,1,17.3816714,78.3465026
Q70926678,unknown,unknown,12000000.0,2.0,1397.0,1397.0,,20.0,14.0,16.0,1.0,5.0,5.0,flat,semi-furnished,west,1,17.3820512,78.3464918
I70853238,unknown,unknown,34800000.0,4.0,3160.0,3160.0,,2.5,6.0,8.0,2.0,42.0,7.0,flat,furnished,east,1,17.4559134,78.3692524
L70845298,unknown,unknown,33000000.0,4.0,3500.0,3500.0,,2.5,1.0,2.0,1.0,50.0,7.0,house,semi-furnished,north,0,17.495438,78.2960172
Q69638494,unknown,unknown,11500000.0,2.0,1400.0,1400.0,,20.0,13.0,25.0,1.0,49.0,7.0,flat,semi-furnished,east,0,17.4609913,78.3532083
G70810704,unknown,unknown,26000000.0,3.0,2700.0,2700.0,,20.0,1.0,2.0,1.0,0.0,7.0,villa,semi-furnished,east,0,17.467181,78.205133
Q70810356,unknown,unknown,28000000.0,3.0,2520.0,2520.0,,0.0,1.0,2.0,1.0,15.0,7.0,villa,semi-furnished,west,0,17.443855,78.250431
O70532236,unknown,unknown,9300000.0,2.0,1205.0,1205.0,,20.0,3.0,6.0,1.0,50.0,21.0,flat,semi-furnished,east,0,17.495438,78.2960172
F70531996,unknown,unknown,9900000.0,2.0,1255.0,1255.0,,20.0,5.0,7.0,1.0,50.0,21.0,flat,furnished,east,0,17.5203424,78.3970205
W70531526,unknown,unknown,22000000.0,3.0,1957.0,1957.0,,20.0,13.0,32.0,1.0,13.0,21.0,flat,semi-furnished,east,0,17.40223,78.3444
I69297838,unknown,unknown,9750000.0,3.0,1500.0,1500.0,,0.0,2.0,5.0,1.0,49.0,30.0,flat,semi-furnished,east,1,17.368465,78.53159
S69297958,unknown,unknown,9750000.0,3.0,1500.0,1500.0,,0.0,2.0,5.0,1.0,47.0,30.0,flat,semi-furnished,east,1,17.36229,78.54411
K69297582,unknown,unknown,8450000.0,3.0,1300.0,1300.0,,0.0,4.0,5.0,1.0,49.0,30.0,flat,semi-furnished,east,1,17.368465,78.53159
I69298748,unknown,unknown,21900000.0,3.0,2810.0,2810.0,,0.0,3.0,5.0,1.0,47.0,30.0,flat,semi-furnished,east,1,17.36229,78.54411
Q69297098,unknown,unknown,16600000.0,3.0,2000.0,2000.0,,0.0,5.0,5.0,1.0,47.0,30.0,flat,semi-furnished,east,1,17.36227,78.544106
F69298112,unknown,unknown,12100000.0,3.0,1750.0,1750.0,,0.0,3.0,5.0,1.0,47.0,30.0,flat,unfurnished,east,1,17.36227,78.544106
A69296618,unknown,unknown,14400000.0,3.0,1740.0,1740.0,,0.0,2.0,5.0,1.0,47.0,30.0,flat,semi-furnished,east,1,17.36227,78.544106
Q69296352,unknown,unknown,18400000.0,3.0,2000.0,2000.0,,0.0,5.0,5.0,1.0,47.0,30.0,flat,semi-furnished,east,1,17.36227,78.544106
O69298244,unknown,unknown,11600000.0,3.0,1675.0,1675.0,,0.0,2.0,5.0,1.0,47.0,30.0,flat,semi-furnished,east,1,17.36227,78.544106
W69298202,unknown,unknown,11600000.0,3.0,1675.0,1675.0,,0.0,2.0,5.0,1.0,47.0,30.0,flat,semi-furnished,east,1,17.36227,78.544106
M69295532,unknown,unknown,14400000.0,3.0,1740.0,1740.0,,0.0,2.0,5.0,1.0,47.0,30.0,flat,semi-furnished,east,1,17.36227,78.544106
I70430006,unknown,unknown,9000000.0,2.0,1150.0,1150.0,,12.0,2.0,6.0,1.0,50.0,30.0,flat,semi-furnished,east,0,17.47946,78.33037
A69298508,unknown,unknown,21900000.0,3.0,2810.0,2810.0,,0.0,3.0,5.0,1.0,48.0,30.0,flat,semi-furnished,north,0,17.36121,78.55004
W69297902,unknown,unknown,8450000.0,3.0,1300.0,1300.0,,0.0,4.0,5.0,1.0,47.0,30.0,flat,semi-furnished,east,0,17.36229,78.54411
J69298150,unknown,unknown,12100000.0,3.0,1750.0,1750.0,,0.0,2.0,5.0,1.0,49.0,30.0,flat,unfurnished,east,0,17.368465,78.53159
R70378178,unknown,unknown,100000000.0,4.0,4000.0,4000.0,,0.0,1.0,2.0,2.0,26.0,30.0,villa,furnished,east,0,17.40223,78.3444
J70355976,unknown,unknown,13300000.0,3.0,1511.0,1511.0,,20.0,1.0,14.0,1.0,10.0,30.0,flat,semi-furnished,west,0,17.47078,78.30668
C70176776,unknown,unknown,20000000.0,3.0,1350.0,1350.0,,0.0,1.0,2.0,2.0,1.0,30.0,villa,semi-furnished,west,1,17.48149,78.235954
E70152024,unknown,unknown,8500000.0,2.0,1300.0,1300.0,,0.0,2.0,5.0,0.0,50.0,30.0,house,furnished,east,0,17.468982,78.362897
O70107344,unknown,unknown,37000000.0,4.0,1980.0,1980.0,,0.0,2.0,3.0,2.0,17.0,30.0,villa,semi-furnished,east,1,17.4664197,78.285342
G70104594,unknown,unknown,38000000.0,4.0,2160.0,2160.0,,0.0,2.0,3.0,2.0,0.0,30.0,villa,semi-furnished,west,1,17.441755,78.267815
H70103160,unknown,unknown,34800000.0,4.0,228.0,228.0,,0.0,2.0,3.0,2.0,0.0,30.0,villa,semi-furnished,east,1,17.443827,78.25628
R70101016,unknown,unknown,80300000.0,5.0,520.0,520.0,,12.0,2.0,3.0,2.0,0.0,30.0,villa,semi-furnished,east,0,17.443855,78.250431
X69804834,unknown,unknown,6152000.0,3.0,1465.0,1465.0,,12.0,9.0,9.0,2.0,37.0,7.0,flat,semi-furnished,east,0,17.538237,78.480804
M69940836,unknown,unknown,19900000.0,4.0,3392.0,3392.0,,12.0,1.0,2.0,3.0,0.0,30.0,villa,semi-furnished,east,0,17.563151,78.296336
G70797940,unknown,unknown,12600000.0,3.0,1800.0,1800.0,,12.0,2.0,5.0,2.0,49.0,7.0,villa,semi-furnished,east,0,17.38504,78.48667
L70649078,unknown,unknown,13500000.0,3.0,1440.0,1440.0,,20.0,0.0,,2.0,6.0,14.0,villa,semi-furnished,east,0,17.548606,78.210422
X70528722,unknown,unknown,22000000.0,4.0,2756.0,2756.0,,12.0,1.0,2.0,2.0,9.0,21.0,villa,semi-furnished,east,0,17.575957,78.471167
Q70334896,unknown,unknown,7654000.000000001,2.0,1215.0,1215.0,,0.0,4.0,5.0,2.0,49.0,30.0,flat,semi-furnished,unknown,0,17.499527,78.4767399
N70153804,unknown,unknown,16000000.0,4.0,2665.0,2665.0,,12.0,6.0,12.0,2.0,49.0,30.0,flat,semi-furnished,east,0,17.38504,78.48667
L70142068,unknown,unknown,12600000.0,3.0,1800.0,1800.0,,12.0,0.0,,2.0,49.0,30.0,villa,semi-furnished,east,0,17.38504,78.48667
O70140258,unknown,unknown,9900000.0,3.0,1503.0,1503.0,,12.0,0.0,,2.0,9.0,30.0,villa,semi-furnished,east,0,17.575957,78.471167
Z70135726,unknown,unknown,6925000.0,2.0,1215.0,1215.0,,0.0,2.0,5.0,1.0,9.0,30.0,flat,semi-furnished,west,0,17.575957,78.471167
C70742120,unknown,unknown,16600000.0,4.0,1350.0,1350.0,,20.0,2.0,3.0,3.0,49.0,14.0,villa,semi-furnished,north-east,0,17.38504,78.48667
M70742046,unknown,unknown,7700000.0,2.0,1275.0,1275.0,,20.0,5.0,15.0,2.0,47.0,14.0,flat,semi-furnished,north-east,0,17.49182,78.32617
P70735724,unknown,unknown,6000000.0,2.0,1190.0,1190.0,,12.0,9.0,15.0,2.0,49.0,14.0,flat,semi-furnished,north-east,0,17.38504,78.48667
I70964932,unknown,unknown,5400000.0,2.0,1200.0,1200.0,,12.0,15.0,33.0,1.0,50.0,3.0,flat,semi-furnished,east,0,17.5203424,78.3970205
J70727528,unknown,unknown,16800000.0,3.0,2300.0,2300.0,,12.0,2.0,3.0,2.0,3.0,14.0,villa,semi-furnished,east,0,17.575068,78.253963
N70004994,unknown,unknown,16500000.0,3.0,2600.0,2600.0,,20.0,2.0,5.0,1.0,15.0,30.0,flat,semi-furnished,unknown,0,17.499527,78.4767399
F70986020,unknown,unknown,7272000.0,2.0,1212.0,1212.0,,12.0,2.0,5.0,2.0,12.0,2.0,flat,semi-furnished,unknown,0,17.46,78.28
X70985774,unknown,unknown,7812000.0,2.0,1302.0,1302.0,,20.0,1.0,5.0,2.0,47.0,2.0,flat,semi-furnished,west,0,17.49479,78.39964
Z70985602,unknown,unknown,7650000.0,2.0,1275.0,1275.0,,20.0,1.0,5.0,2.0,50.0,2.0,flat,semi-furnished,east,0,17.5179636,78.3813785
H70985254,unknown,unknown,5600000.0,2.0,1150.0,1150.0,,2.5,1.0,4.0,2.0,50.0,2.0,flat,furnished,east,0,17.4011618,78.37569
F70457554,unknown,unknown,8826000.0,3.0,1535.0,1535.0,,20.0,2.0,6.0,2.0,8.0,30.0,flat,semi-furnished,east,0,17.227985,78.377371
I70457400,unknown,unknown,8740000.0,3.0,1520.0,1520.0,,20.0,1.0,6.0,2.0,8.0,30.0,flat,semi-furnished,west,0,17.227985,78.377371
L70449650,unknown,unknown,17900000.0,4.0,2300.0,2300.0,,12.0,2.0,3.0,3.0,6.0,30.0,villa,semi-furnished,east,0,17.542319,78.226934
N70449350,unknown,unknown,15100000.0,4.0,1930.0,1930.0,,12.0,1.0,2.0,3.0,7.0,30.0,villa,semi-furnished,west,0,17.549646,78.269435
L70353382,unknown,unknown,7806999.999999999,2.0,1201.0,1201.0,,12.0,1.0,5.0,2.0,50.0,30.0,flat,semi-furnished,west,0,17.4011618,78.37569
N70345844,unknown,unknown,6530000.0,2.0,1166.0,1166.0,,12.0,2.0,5.0,2.0,37.0,30.0,flat,semi-furnished,east,0,17.388287,78.370072
I70345372,unknown,unknown,10100000.0,3.0,1623.0,1623.0,,12.0,1.0,5.0,3.0,50.0,30.0,flat,semi-furnished,east,0,17.3973794,78.3856447
C70345096,unknown,unknown,9954000.0,3.0,1580.0,1580.0,,12.0,1.0,5.0,2.0,49.0,30.0,flat,semi-furnished,west,0,17.38504,78.48667
S70344996,unknown,unknown,8568000.0,2.0,1360.0,1360.0,,12.0,2.0,5.0,3.0,50.0,30.0,flat,semi-furnished,west,0,17.4011618,78.37569
S70344962,unknown,unknown,6506999.999999999,2.0,1162.0,1162.0,,12.0,3.0,5.0,2.0,0.0,30.0,flat,semi-furnished,west,0,,
W70344434,unknown,unknown,7366000.0,2.0,1270.0,1270.0,,12.0,3.0,5.0,2.0,0.0,30.0,flat,semi-furnished,east,0,,
V70344400,unknown,unknown,9120000.0,3.0,1600.0,1600.0,,12.0,2.0,5.0,3.0,25.0,30.0,flat,semi-furnished,east,0,17.3923634,78.3621784
Y70344338,unknown,unknown,6495999.999999999,2.0,1160.0,1160.0,,12.0,4.0,5.0,2.0,25.0,30.0,flat,semi-furnished,north,0,17.3923634,78.3621784
J70344164,unknown,unknown,7353000.0,3.0,1290.0,1290.0,,12.0,1.0,5.0,3.0,0.0,30.0,flat,semi-furnished,west,0,,
I70344068,unknown,unknown,9700000.0,3.0,1480.0,1480.0,,20.0,5.0,5.0,2.0,0.0,30.0,flat,semi-furnished,east,0,,
O70343920,unknown,unknown,7728000.0,3.0,1405.0,1405.0,,20.0,2.0,5.0,2.0,50.0,30.0,flat,semi-furnished,east,0,17.39718420583,78.3765384351226
K70343078,unknown,unknown,7534999.999999999,3.0,1370.0,1370.0,,12.0,4.0,5.0,2.0,25.0,30.0,flat,semi-furnished,unknown,0,17.3923634,78.3621784
B70342656,unknown,unknown,8700000.0,2.0,1440.0,1440.0,,12.0,5.0,5.0,2.0,50.0,30.0,flat,semi-furnished,east,0,17.4011618,78.37569
D70342632,unknown,unknown,5000000.0,2.0,828.0,828.0,,12.0,3.0,5.0,2.0,50.0,30.0,flat,semi-furnished,east,0,17.39718420583,78.3765384351226
S70342484,unknown,unknown,9000000.0,3.0,1500.0,1500.0,,12.0,1.0,5.0,2.0,0.0,30.0,flat,semi-furnished,east,0,,
O70342346,unknown,unknown,7656000.0,2.0,1255.0,1255.0,,12.0,3.0,5.0,2.0,0.0,30.0,flat,semi-furnished,east,0,,
P70342274,unknown,unknown,7200000.0,2.0,1200.0,1200.0,,12.0,5.0,5.0,2.0,0.0,30.0,flat,semi-furnished,west,0,,
H70342012,unknown,unknown,7818000.000000001,2.0,1261.0,1261.0,,20.0,1.0,5.0,2.0,50.0,30.0,flat,semi-furnished,east,0,17.4011618,78.37569
H70341822,unknown,unknown,7465000.000000001,2.0,1204.0,1204.0,,20.0,2.0,5.0,2.0,0.0,30.0,flat,semi-furnished,west,0,,
H70797400,unknown,unknown,230000000.0,5.0,5400.0,5400.0,,0.0,1.0,2.0,4.0,48.0,7.0,villa,furnished,east,0,17.41214,78.36431
X67713130,appa junction,appa junction,8500000.0,2.0,1180.0,1180.0,,2.5,5.0,20.0,1.0,4.0,30.0,flat,furnished,west,0,17.357201,78.371351
C71013224,unknown,unknown,60000000.0,5.0,530.0,530.0,,0.0,1.0,2.0,4.0,17.0,,villa,semi-furnished,east,0,17.311940823733476,78.47302608769566
S71005708,unknown,unknown,80000000.0,4.0,3762.0,3762.0,,20.0,1.0,2.0,2.0,49.0,,villa,semi-furnished,east,0,17.4609913,78.3532083
F70350542,unknown,unknown,15600000.0,3.0,1580.0,1580.0,,0.0,17.0,19.0,1.0,9.0,30.0,flat,furnished,west,0,17.467762,78.408146
R70933958,chandanagar,chandanagar,6000000.0,2.0,1100.0,1100.0,,12.0,2.0,5.0,2.0,47.0,5.0,flat,semi-furnished,east,0,17.49182,78.32617
K70123530,unknown,unknown,25800000.0,3.0,2235.0,2235.0,,12.0,7.0,32.0,1.0,13.0,30.0,flat,semi-furnished,unknown,0,17.391372,78.339424
K70431714,unknown,unknown,9800000.0,2.0,1503.0,1503.0,,12.0,1.0,2.0,1.0,0.0,30.0,villa,semi-furnished,east,0,17.233562897673416,78.54189608906688
J66451506,unknown,unknown,29000000.0,4.0,2750.0,2750.0,,0.0,7.0,10.0,2.0,39.0,30.0,flat,semi-furnished,east,0,17.411191,78.351451
C70787128,unknown,unknown,17800000.0,3.0,2087.0,2087.0,,20.0,8.0,15.0,1.0,31.0,7.0,flat,semi-furnished,west,1,17.4129232,78.3379042
E70795560,unknown,unknown,110000000.0,4.0,7000.0,7000.0,,20.0,2.0,3.0,2.0,4.0,7.0,villa,semi-furnished,north-east,0,17.385392,78.33106
V70789294,unknown,unknown,18000000.0,3.0,2014.0,2014.0,,20.0,2.0,15.0,2.0,33.0,7.0,flat,semi-furnished,west,0,17.411744,78.341175
Z70781254,unknown,unknown,28000000.0,3.0,2198.0,2198.0,,0.0,6.0,15.0,2.0,33.0,14.0,flat,semi-furnished,north,0,17.411744,78.341175
M70698488,unknown,unknown,9000000.0,2.0,1364.0,1364.0,,20.0,17.0,22.0,1.0,13.0,14.0,flat,semi-furnished,east,0,17.4359437,78.3416731
G70698468,unknown,unknown,52000000.0,3.0,3223.0,3223.0,,20.0,2.0,3.0,1.0,15.0,14.0,villa,semi-furnished,west,0,17.4664197,78.285342
J70523692,unknown,unknown,62000000.0,4.0,4100.0,4100.0,,20.0,2.0,3.0,2.0,17.0,21.0,villa,semi-furnished,west,0,17.4664197,78.285342
F70448932,unknown,unknown,4300000.0,2.0,1035.0,1035.0,,20.0,1.0,5.0,1.0,6.0,14.0,flat,semi-furnished,east,0,17.548606,78.210422
A70412394,unknown,unknown,40000000.0,4.0,4100.0,4100.0,,0.0,1.0,2.0,1.0,3.0,30.0,villa,semi-furnished,west,0,17.284328,78.471841
C70227284,unknown,unknown,10000000.0,3.0,1545.0,1545.0,,0.0,12.0,12.0,2.0,8.0,30.0,flat,semi-furnished,east,0,17.430954788578,78.564171074769
U69948180,unknown,unknown,13000000.0,4.0,1647.0,1647.0,,12.0,1.0,2.0,3.0,50.0,7.0,villa,semi-furnished,east,0,17.536121,78.289779
F69893118,unknown,unknown,5900000.0,2.0,1242.0,1242.0,,12.0,1.0,5.0,2.0,47.0,7.0,house,semi-furnished,east,0,17.48718,78.5786
C70245960,kismathpur,kismathpur,25000000.0,4.0,2296.0,2296.0,,0.0,1.0,2.0,2.0,34.0,21.0,villa,semi-furnished,west,1,17.415997,78.34191
O70832860,5th phase kphb,5th phase kphb,23000000.0,3.0,2259.0,2259.0,,2.5,5.0,35.0,3.0,8.0,7.0,flat,furnished,west,0,17.475742,78.391786
M70548494,janachaitanya colony,janachaitanya colony,7000000.0,3.0,1610.0,1610.0,,20.0,2.0,4.0,1.0,31.0,21.0,flat,semi-furnished,east,1,17.3518346,78.406108
C68357488,unknown,unknown,15300000.0,4.0,2035.0,2035.0,,20.0,4.0,5.0,2.0,10.0,21.0,flat,semi-furnished,east,0,17.538237,78.480804
F69066504,khajaguda,khajaguda,14000000.0,3.0,1801.0,1801.0,,20.0,5.0,14.0,1.0,3.0,30.0,flat,semi-furnished,west,0,17.41214,78.36431
H70794478,kondapur,kondapur,21000000.0,3.0,2000.0,2000.0,,12.0,10.0,18.0,2.0,12.0,7.0,flat,semi-furnished,east,0,17.4609913,78.3532083
Y70794434,kondapur,kondapur,13899999.999999998,2.0,1325.0,1325.0,,12.0,10.0,18.0,2.0,12.0,7.0,flat,semi-furnished,east,0,17.4609913,78.3532083
G70697224,kollur,kollur,10400000.0,3.0,1900.0,1900.0,,12.0,9.0,12.0,2.0,8.0,14.0,flat,semi-furnished,east,0,17.443855,78.250431
U70610396,kollur,kollur,7644000.0,2.0,1400.0,1400.0,,12.0,9.0,12.0,1.0,8.0,21.0,flat,semi-furnished,east,0,17.443855,78.250431
Z69473136,unknown,unknown,7155000.0,3.0,1350.0,1350.0,,20.0,2.0,5.0,2.0,37.0,21.0,flat,semi-furnished,east,0,17.538237,78.480804
J70253036,unknown,unknown,8600000.0,3.0,1660.0,1660.0,,20.0,3.0,5.0,2.0,19.0,30.0,flat,semi-furnished,north,1,17.3539887,78.3939046
K70663186,unknown,unknown,15000000.0,2.0,1314.0,1314.0,,20.0,9.0,31.0,1.0,12.0,14.0,flat,furnished,east,0,17.398775,78.355493
R70383544,unknown,unknown,14200000.0,3.0,1950.0,1950.0,,12.0,6.0,14.0,1.0,12.0,30.0,flat,semi-furnished,east,0,17.39992,78.36983
F70204580,unknown,unknown,65000000.0,3.0,3430.0,3430.0,,0.0,3.0,36.0,2.0,13.0,30.0,flat,semi-furnished,north,1,17.4480919,78.3787508
F70152724,unknown,unknown,26800000.0,3.0,1665.0,1665.0,,20.0,1.0,2.0,1.0,1.0,30.0,villa,semi-furnished,unknown,1,17.440957,78.2866571
O70101572,unknown,unknown,42000000.0,4.0,2250.0,2250.0,,20.0,2.0,3.0,1.0,50.0,30.0,villa,semi-furnished,east,1,17.4761199,78.2956425
D68308964,unknown,unknown,39300000.0,4.0,228.0,228.0,,0.0,1.0,2.0,1.0,45.0,30.0,villa,semi-furnished,east,1,17.426989,78.333824
N70084264,unknown,unknown,14400000.0,3.0,1800.0,1800.0,,0.0,4.0,20.0,1.0,50.0,30.0,flat,furnished,east,0,17.47078,78.30668
Z68621606,unknown,unknown,31500000.0,3.0,2700.0,2700.0,,0.0,1.0,2.0,1.0,0.0,30.0,villa,furnished,east,1,17.446894,78.242836
K69968250,unknown,unknown,3900000.0,2.0,1185.0,1185.0,,12.0,9.0,15.0,1.0,1.0,30.0,flat,semi-furnished,north-east,0,17.477415,78.227409
Z68966362,unknown,unknown,74800000.0,4.0,308.0,308.0,,20.0,1.0,2.0,3.0,15.0,30.0,villa,furnished,east,0,17.3831695,78.3789106
S70972722,unknown,unknown,13000000.0,2.0,1275.0,1275.0,,20.0,14.0,25.0,1.0,13.0,3.0,flat,semi-furnished,east,0,17.47078,78.30668
F70608448,unknown,unknown,10500000.0,3.0,1525.0,1525.0,,20.0,11.0,15.0,1.0,15.0,21.0,flat,furnished,east,0,17.538237,78.480804
J69498862,unknown,unknown,21000000.0,3.0,2259.0,2259.0,,0.0,5.0,35.0,2.0,8.0,30.0,flat,furnished,unknown,0,17.478433,78.392116
C70532678,chaitanya enclave,chaitanya enclave,22500000.0,3.0,2238.0,2238.0,,20.0,8.0,9.0,1.0,46.0,21.0,flat,semi-furnished,east,0,17.414323,78.365354
N70516822,chaitanya enclave,chaitanya enclave,22500000.0,3.0,2238.0,2238.0,,20.0,8.0,9.0,1.0,46.0,21.0,flat,semi-furnished,east,0,17.414323,78.365354
X70389492,unknown,unknown,21500000.0,3.0,2259.0,2259.0,,0.0,10.0,35.0,2.0,8.0,30.0,flat,furnished,unknown,0,17.478433,78.392116
V70381096,bandlaguda jagir,bandlaguda jagir,39100000.0,3.0,1800.0,1800.0,,12.0,1.0,2.0,2.0,6.0,30.0,villa,semi-furnished,west,0,17.34259,78.396008
S70381024,bandlaguda jagir,bandlaguda jagir,47000000.0,3.0,2070.0,2070.0,,12.0,1.0,2.0,2.0,6.0,30.0,villa,semi-furnished,east,0,17.34259,78.396008
H70380966,bandlaguda jagir,bandlaguda jagir,46300000.0,3.0,2070.0,2070.0,,12.0,1.0,2.0,2.0,6.0,30.0,villa,semi-furnished,west,0,17.34259,78.396008
G70380916,bandlaguda jagir,bandlaguda jagir,40800000.0,3.0,1800.0,1800.0,,12.0,1.0,2.0,2.0,6.0,30.0,villa,semi-furnished,east,0,17.34259,78.396008
L70380842,bandlaguda jagir,bandlaguda jagir,57900000.0,4.0,2700.0,2700.0,,12.0,1.0,2.0,3.0,6.0,30.0,villa,semi-furnished,west,0,17.34259,78.396008
G70380688,bandlaguda jagir,bandlaguda jagir,58200000.0,4.0,2700.0,2700.0,,12.0,1.0,2.0,3.0,6.0,30.0,villa,semi-furnished,east,0,17.34259,78.396008
V70365366,gachibowli,gachibowli,13400000.0,3.0,1935.0,1935.0,,12.0,7.0,14.0,2.0,47.0,30.0,flat,semi-furnished,east,0,17.4359437,78.3416731
M70364786,manikonda,manikonda,7840000.000000001,2.0,1300.0,1300.0,,12.0,4.0,5.0,2.0,50.0,30.0,flat,semi-furnished,east,0,17.4011618,78.37569
H70364732,manikonda,manikonda,7550000.0,2.0,1250.0,1250.0,,12.0,3.0,5.0,1.0,50.0,30.0,flat,semi-furnished,east,0,17.4011618,78.37569
S70358018,manikonda,manikonda,7540000.000000001,2.0,1250.0,1250.0,,12.0,4.0,5.0,1.0,50.0,30.0,flat,semi-furnished,east,0,17.4011618,78.37569
O70357764,manikonda,manikonda,7550000.0,2.0,1250.0,1250.0,,12.0,3.0,5.0,1.0,0.0,30.0,flat,semi-furnished,east,0,,
O70339336,nallagandla,nallagandla,13400000.0,3.0,1935.0,1935.0,,12.0,3.0,14.0,2.0,11.0,30.0,flat,semi-furnished,west,0,17.459904,78.306975
S70339270,nallagandla,nallagandla,13400000.0,3.0,1935.0,1935.0,,12.0,4.0,14.0,2.0,11.0,30.0,flat,semi-furnished,east,0,17.459904,78.306975
Y70339182,nallagandla,nallagandla,14900000.0,3.0,2162.0,2162.0,,12.0,14.0,14.0,2.0,11.0,30.0,flat,semi-furnished,west,0,17.459904,78.306975
I70339038,nallagandla,nallagandla,12100000.0,3.0,1754.0,1754.0,,12.0,13.0,14.0,1.0,11.0,30.0,flat,semi-furnished,west,0,17.459904,78.306975
W70338932,nallagandla,nallagandla,13100000.0,3.0,1896.0,1896.0,,12.0,10.0,14.0,1.0,11.0,30.0,flat,semi-furnished,east,0,17.459904,78.306975
G70338832,nallagandla,nallagandla,10000000.0,3.0,1452.0,1452.0,,12.0,8.0,14.0,1.0,11.0,30.0,flat,semi-furnished,east,0,17.459904,78.306975
T70338702,nallagandla,nallagandla,9232000.0,2.0,1338.0,1338.0,,12.0,9.0,14.0,1.0,11.0,30.0,flat,semi-furnished,west,0,17.459904,78.306975
X70338598,nallagandla,nallagandla,9232000.0,2.0,1338.0,1338.0,,12.0,6.0,14.0,1.0,11.0,30.0,flat,semi-furnished,west,0,17.459904,78.306975
E70338432,nallagandla,nallagandla,9598000.0,2.0,1391.0,1391.0,,12.0,8.0,14.0,1.0,11.0,30.0,flat,semi-furnished,east,0,17.459904,78.306975
P70338218,nallagandla,nallagandla,9598000.0,2.0,1391.0,1391.0,,12.0,5.0,14.0,1.0,11.0,30.0,flat,semi-furnished,east,0,17.459904,78.306975
H70157910,raidurgam,raidurgam,82500000.0,4.0,6605.0,6605.0,,12.0,35.0,45.0,3.0,45.0,30.0,flat,semi-furnished,north-east,0,17.423947,78.388726
P70157790,raidurgam,raidurgam,68000000.0,4.0,5430.0,5430.0,,12.0,25.0,45.0,3.0,45.0,30.0,flat,semi-furnished,north-east,0,17.423947,78.388726
B70156560,raidurgam,raidurgam,68000000.0,4.0,5425.0,5425.0,,12.0,21.0,45.0,3.0,45.0,30.0,flat,semi-furnished,north-east,0,17.423947,78.388726
W70156556,unknown,unknown,8478000.0,3.0,900.0,900.0,,12.0,4.0,5.0,2.0,0.0,30.0,flat,semi-furnished,west,0,,
X70155936,unknown,unknown,7948999.999999999,3.0,800.0,800.0,,12.0,1.0,5.0,2.0,6.0,30.0,flat,semi-furnished,east,0,17.529701,78.333031
A70107052,kondapur,kondapur,22000000.0,3.0,1855.0,1855.0,,20.0,10.0,25.0,1.0,49.0,30.0,flat,semi-furnished,west,0,17.4609913,78.3532083
C70106944,kondapur,kondapur,22000000.0,3.0,1965.0,1965.0,,20.0,15.0,25.0,1.0,49.0,30.0,flat,semi-furnished,west,0,17.4609913,78.3532083
J70106610,kondapur,kondapur,40000000.0,4.0,3350.0,3350.0,,20.0,8.0,25.0,2.0,49.0,30.0,flat,semi-furnished,west,0,17.4609913,78.3532083
I70106064,kondapur,kondapur,15000000.0,2.0,1290.0,1290.0,,20.0,2.0,25.0,1.0,49.0,30.0,flat,semi-furnished,east,0,17.4609913,78.3532083
B70046038,unknown,unknown,230000000.0,4.0,6500.0,6500.0,,0.0,1.0,2.0,2.0,49.0,30.0,villa,semi-furnished,west,0,17.4066129,78.3941767
C70043160,unknown,unknown,42000000.0,4.0,4376.0,4376.0,,2.5,5.0,32.0,3.0,46.0,30.0,flat,furnished,east,0,17.4151333,78.3631194
V69980956,unknown,unknown,140000000.0,6.0,4401.0,4401.0,,2.5,1.0,2.0,2.0,47.0,30.0,villa,furnished,east,0,17.4359437,78.3416731
V69223154,aditya nagar,aditya nagar,13899999.999999998,3.0,1740.0,1740.0,,12.0,15.0,26.0,1.0,50.0,30.0,flat,semi-furnished,unknown,0,17.480976,78.365858
O69222956,kothaguda,kothaguda,13899999.999999998,3.0,1740.0,1740.0,,12.0,14.0,26.0,1.0,48.0,30.0,flat,semi-furnished,unknown,0,17.46432,78.37295
Z69222096,kokapet,kokapet,14600000.0,3.0,1825.0,1825.0,,12.0,18.0,26.0,1.0,26.0,30.0,flat,semi-furnished,unknown,0,17.40223,78.3444
I69219890,anjaiah nagar,anjaiah nagar,15200000.0,3.0,1905.0,1905.0,,12.0,13.0,26.0,1.0,36.0,30.0,flat,semi-furnished,unknown,0,17.449889,78.365053
K70988116,telecom nagar,telecom nagar,9500000.0,2.0,1210.0,1210.0,,2.5,4.0,5.0,1.0,44.0,2.0,flat,furnished,east,0,17.4332,78.366763
X70987768,unknown,unknown,24000000.0,3.0,2000.0,2000.0,,20.0,12.0,18.0,1.0,12.0,2.0,flat,semi-furnished,west,0,17.466742,78.337059
P70986374,gouthami enclave,gouthami enclave,9500000.0,2.0,1240.0,1240.0,,2.5,5.0,5.0,1.0,50.0,2.0,flat,furnished,north-east,0,17.465666,78.350562
S70973026,unknown,unknown,6200000.0,2.0,1200.0,1200.0,,20.0,2.0,5.0,2.0,50.0,3.0,flat,semi-furnished,north,0,17.5174921,78.3172467
F70956012,unknown,unknown,8259999.999999999,3.0,1505.0,1505.0,,20.0,2.0,5.0,2.0,50.0,4.0,flat,semi-furnished,east,1,17.5178331,78.317208
V70931868,unknown,unknown,20900000.0,4.0,3750.0,3750.0,,12.0,2.0,3.0,2.0,0.0,5.0,villa,semi-furnished,west,0,17.443855,78.250431
P70931564,unknown,unknown,25200000.0,4.0,3750.0,3750.0,,12.0,2.0,3.0,2.0,1.0,5.0,villa,semi-furnished,east,0,17.477415,78.227409
Z70931466,unknown,unknown,21600000.0,4.0,3750.0,3750.0,,12.0,2.0,3.0,2.0,1.0,5.0,villa,semi-furnished,west,0,17.477415,78.227409
L70931392,unknown,unknown,20900000.0,4.0,3750.0,3750.0,,12.0,2.0,3.0,2.0,1.0,5.0,villa,semi-furnished,west,0,17.477415,78.227409
W70931338,unknown,unknown,20600000.0,4.0,3750.0,3750.0,,12.0,2.0,3.0,2.0,1.0,5.0,villa,semi-furnished,east,0,17.477415,78.227409
A70924294,unknown,unknown,20700000.0,4.0,3751.0,3751.0,,12.0,2.0,3.0,2.0,1.0,5.0,villa,semi-furnished,west,0,17.477415,78.227409
M70502184,unknown,unknown,20000000.0,3.0,2259.0,2259.0,,0.0,2.0,35.0,2.0,8.0,7.0,flat,semi-furnished,east,1,17.261839,78.54463
R70873782,unknown,unknown,12500000.0,5.0,1197.0,1197.0,,0.0,2.0,3.0,3.0,11.0,7.0,villa,semi-furnished,east,1,17.4626216,78.6313624
T70833436,unknown,unknown,16000000.0,3.0,2000.0,2000.0,,20.0,1.0,2.0,2.0,5.0,7.0,villa,semi-furnished,unknown,0,17.559964,78.390173
M70818430,unknown,unknown,6100000.0,2.0,1200.0,1200.0,,20.0,2.0,5.0,2.0,50.0,7.0,flat,semi-furnished,north,1,17.5176968,78.3170894
E70818340,unknown,unknown,7500000.0,3.0,1450.0,1450.0,,20.0,2.0,5.0,2.0,50.0,7.0,flat,semi-furnished,west,1,17.518024,78.3169335
F70818218,unknown,unknown,7559999.999999999,3.0,1475.0,1475.0,,20.0,2.0,5.0,2.0,50.0,7.0,flat,semi-furnished,north-east,1,17.5175497,78.3166784
L70828150,unknown,unknown,14000000.0,2.0,1270.0,1270.0,,0.0,8.0,12.0,2.0,12.0,7.0,flat,unfurnished,unknown,0,17.399482,78.34253
X70827638,unknown,unknown,59500000.0,4.0,4761.0,4761.0,,2.5,13.0,39.0,1.0,4.0,7.0,flat,unfurnished,east,0,17.474334,78.393433
U70815282,unknown,unknown,13500000.0,3.0,1470.0,1470.0,,2.5,3.0,6.0,1.0,47.0,7.0,flat,furnished,unknown,0,17.505631,78.381318
M70810780,unknown,unknown,5600000.0,2.0,1165.0,1165.0,,20.0,3.0,5.0,2.0,4.0,7.0,flat,semi-furnished,west,0,17.5331174,78.3232294
U70803782,unknown,unknown,85000000.0,3.0,3430.0,3430.0,,0.0,20.0,36.0,2.0,13.0,7.0,flat,unfurnished,west,0,17.430915,78.37728
S70789090,mokila,mokila,20400000.0,3.0,2390.0,2390.0,,20.0,1.0,2.0,2.0,8.0,7.0,villa,semi-furnished,east,0,17.428952,78.197469
K70396630,unknown,unknown,19000000.0,5.0,1764.0,1764.0,,0.0,2.0,3.0,3.0,24.0,14.0,villa,semi-furnished,west,1,17.4905076,78.6044716
B70592574,unknown,unknown,40000000.0,5.0,2250.0,2250.0,,2.5,1.0,2.0,3.0,10.0,21.0,villa,semi-furnished,east,0,17.5468498,78.3650231
P70260326,unknown,unknown,23200000.0,3.0,2235.0,2235.0,,20.0,29.0,32.0,1.0,13.0,21.0,flat,semi-furnished,east,1,17.3949275,78.3391127
J70477298,unknown,unknown,12700000.0,3.0,1795.0,1795.0,,12.0,9.0,14.0,1.0,12.0,28.0,flat,semi-furnished,west,0,17.3973794,78.3856447
Y70468864,unknown,unknown,25000000.0,3.0,2300.0,2300.0,,20.0,8.0,15.0,1.0,15.0,30.0,flat,semi-furnished,east,0,17.465823,78.3636065
Q70467676,unknown,unknown,29400000.0,3.0,2800.0,2800.0,,2.5,6.0,10.0,2.0,48.0,30.0,flat,furnished,west,0,17.422104,78.346978
L70467574,unknown,unknown,53000000.0,3.0,2595.0,2595.0,,0.0,29.0,36.0,1.0,13.0,30.0,flat,furnished,west,0,17.430915,78.37728
L70451098,unknown,unknown,11000000.0,2.0,1245.0,1245.0,,2.5,10.0,10.0,1.0,50.0,30.0,flat,furnished,west,0,17.47078,78.30668
X70441202,unknown,unknown,17200000.0,3.0,1592.0,1592.0,,20.0,11.0,32.0,1.0,7.0,30.0,flat,unfurnished,west,0,17.49479,78.39964
J70403598,unknown,unknown,22700000.0,3.0,1890.0,1890.0,,0.0,13.0,20.0,3.0,48.0,30.0,flat,furnished,north,0,17.42278,78.34724
S70402864,unknown,unknown,10300000.0,3.0,1580.0,1580.0,,20.0,5.0,6.0,1.0,50.0,30.0,flat,semi-furnished,unknown,0,17.46511,78.3574
G70402600,unknown,unknown,23000000.0,3.0,1834.0,1834.0,,0.0,29.0,31.0,1.0,12.0,30.0,flat,semi-furnished,east,0,17.3973794,78.3856447
H70391920,unknown,unknown,28500000.0,3.0,2690.0,2690.0,,2.5,10.0,10.0,2.0,40.0,30.0,flat,unfurnished,west,0,17.4350753,78.3707122
O70391442,unknown,unknown,17500000.0,3.0,1725.0,1725.0,,0.0,6.0,12.0,1.0,15.0,30.0,flat,semi-furnished,west,0,17.4359437,78.3416731
R70389634,unknown,unknown,33000000.0,3.0,2490.0,2490.0,,0.0,9.0,15.0,3.0,26.0,30.0,flat,furnished,west,0,17.40223,78.3444
V70387462,unknown,unknown,18300000.0,3.0,1672.0,1672.0,,12.0,13.0,32.0,1.0,7.0,30.0,flat,semi-furnished,east,0,17.49479,78.39964
G70378074,unknown,unknown,17000000.0,3.0,1845.0,1845.0,,0.0,3.0,12.0,2.0,15.0,30.0,flat,furnished,west,0,17.453593,78.299753
T70377314,unknown,unknown,107000000.0,4.0,4023.0,4023.0,,0.0,1.0,2.0,3.0,47.0,30.0,villa,semi-furnished,east,0,17.506399,78.325792
H70376772,unknown,unknown,14500000.0,3.0,1422.0,1422.0,,20.0,1.0,2.0,2.0,3.0,30.0,villa,furnished,east,0,17.56231,78.383427
D70374052,unknown,unknown,9000000.0,2.0,1270.0,1270.0,,2.5,5.0,10.0,1.0,50.0,30.0,flat,semi-furnished,west,0,17.472876,78.310177
E68779934,unknown,unknown,59000000.0,5.0,540.0,540.0,,20.0,1.0,2.0,2.0,0.0,30.0,villa,semi-furnished,east,0,17.443354,78.182044
M70363752,unknown,unknown,20700000.0,3.0,1957.0,1957.0,,20.0,13.0,32.0,1.0,13.0,30.0,flat,semi-furnished,east,0,17.40223,78.3444
X70318592,unknown,unknown,56300000.0,3.0,2680.0,2680.0,,0.0,30.0,36.0,1.0,13.0,30.0,flat,semi-furnished,east,0,17.430915,78.37728
E70318352,unknown,unknown,72000000.0,3.0,3430.0,3430.0,,0.0,24.0,36.0,2.0,13.0,30.0,flat,semi-furnished,west,0,17.430915,78.37728
E70281780,chandanagar,chandanagar,7680000.0,2.0,1285.0,1285.0,,12.0,4.0,5.0,1.0,47.0,30.0,flat,semi-furnished,east,0,17.49182,78.32617
F70271042,chandanagar,chandanagar,10700000.0,3.0,1790.0,1790.0,,12.0,4.0,5.0,2.0,47.0,30.0,flat,semi-furnished,east,0,17.49182,78.32617
M70270894,chandanagar,chandanagar,7680000.0,2.0,1295.0,1295.0,,12.0,3.0,5.0,1.0,47.0,30.0,flat,semi-furnished,east,0,17.49182,78.32617
R70259696,unknown,unknown,55500000.0,4.0,2700.0,2700.0,,20.0,1.0,2.0,4.0,12.0,30.0,villa,semi-furnished,east,0,17.437953,78.283138
M70127442,unknown,unknown,11500000.0,3.0,1035.0,1035.0,,0.0,1.0,2.0,2.0,50.0,30.0,villa,semi-furnished,west,1,17.526495,78.5051
W70252286,unknown,unknown,21500000.0,5.0,1503.0,1503.0,,0.0,2.0,3.0,3.0,49.0,30.0,villa,semi-furnished,west,0,17.50763,78.47894
G70198898,unknown,unknown,40800000.0,4.0,3400.0,3400.0,,12.0,0.0,1.0,2.0,6.0,30.0,villa,semi-furnished,north-east,0,17.34259,78.396008
K70165590,unknown,unknown,69700000.0,4.0,6333.0,6333.0,,12.0,13.0,28.0,1.0,9.0,30.0,flat,semi-furnished,east,0,17.39782,78.332604
A70125548,unknown,unknown,7055000.0,2.0,1260.0,1260.0,,12.0,7.0,10.0,1.0,50.0,30.0,flat,semi-furnished,unknown,0,17.5203424,78.3970205
K70087882,unknown,unknown,45000000.0,4.0,3500.0,3500.0,,20.0,1.0,2.0,4.0,12.0,30.0,villa,semi-furnished,east,0,17.437953,78.283138
A70087772,unknown,unknown,58000000.0,4.0,4050.0,4050.0,,20.0,1.0,2.0,4.0,12.0,30.0,villa,semi-furnished,east,0,17.437953,78.283138
X70083618,unknown,unknown,48000000.0,4.0,3196.0,3196.0,,2.5,0.0,,4.0,16.0,30.0,villa,furnished,west,0,17.34944,78.38707
T70071222,unknown,unknown,6614000.0,2.0,1121.0,1121.0,,12.0,3.0,5.0,1.0,12.0,30.0,flat,semi-furnished,unknown,0,17.46,78.28
B70008126,unknown,unknown,7500000.0,3.0,1450.0,1450.0,,2.5,3.0,5.0,1.0,50.0,30.0,flat,furnished,unknown,0,17.47078,78.30668
V69979118,mokila,mokila,23600000.0,3.0,2780.0,2780.0,,20.0,1.0,2.0,1.0,8.0,30.0,villa,semi-furnished,east,0,17.428952,78.197469
X69976358,unknown,unknown,11500000.0,3.0,1575.0,1575.0,,20.0,3.0,5.0,1.0,12.0,30.0,flat,semi-furnished,north-east,0,17.516622,78.342547
I69962898,sri ramnagar colony kondapur,sri ramnagar colony kondapur,9900000.0,3.0,1600.0,1600.0,,20.0,1.0,5.0,1.0,0.0,30.0,flat,semi-furnished,west,0,,
V69961726,unknown,unknown,20000000.0,3.0,2384.0,2384.0,,12.0,1.0,2.0,3.0,8.0,30.0,villa,semi-furnished,east,0,17.428952,78.197469
I69928388,unknown,unknown,65000000.0,4.0,4223.0,4223.0,,20.0,3.0,3.0,4.0,15.0,60.0,flat,semi-furnished,west,0,17.465956,78.261911
N69914868,unknown,unknown,21000000.0,3.0,1798.0,1798.0,,20.0,13.0,15.0,1.0,15.0,60.0,flat,semi-furnished,east,0,17.474696,78.3472126
W69914828,unknown,unknown,20000000.0,3.0,1798.0,1798.0,,20.0,9.0,15.0,1.0,15.0,60.0,flat,semi-furnished,west,0,17.4753689,78.345016
T70964262,ida nacharam,ida nacharam,3933000.0,2.0,855.0,855.0,,20.0,3.0,5.0,1.0,50.0,3.0,flat,semi-furnished,east,0,17.440369,78.562932
O70963994,nacharam,nacharam,7783000.0,3.0,1557.0,1557.0,,20.0,3.0,5.0,1.0,50.0,3.0,flat,semi-furnished,east,0,17.435821,78.560357
Z70159832,unknown,unknown,10900000.0,3.0,1650.0,1650.0,,20.0,3.0,5.0,2.0,47.0,7.0,flat,semi-furnished,east,1,17.4989934,78.3172409
W70688122,unknown,unknown,12500000.0,3.0,1603.0,1603.0,,2.5,2.0,7.0,3.0,46.0,14.0,flat,furnished,west,1,17.4629358,78.3452147
B70157050,unknown,unknown,8909000.0,2.0,1350.0,1350.0,,20.0,3.0,5.0,2.0,47.0,30.0,flat,semi-furnished,east,0,17.4992,78.317629
U70156358,unknown,unknown,9598000.0,3.0,1600.0,1600.0,,20.0,3.0,5.0,2.0,47.0,30.0,flat,semi-furnished,east,0,17.4991411,78.317663
B70108922,unknown,unknown,21500000.0,4.0,3800.0,3800.0,,12.0,1.0,2.0,2.0,0.0,30.0,villa,semi-furnished,east,0,17.443354,78.182044
R70107810,unknown,unknown,19500000.0,4.0,3500.0,3500.0,,12.0,1.0,2.0,2.0,0.0,30.0,villa,semi-furnished,east,0,17.443354,78.182044
Z70086678,unknown,unknown,10100000.0,4.0,2100.0,2100.0,,12.0,1.0,2.0,2.0,7.0,30.0,villa,semi-furnished,east,0,17.543634,78.293712
I70084880,unknown,unknown,13400000.0,4.0,2800.0,2800.0,,12.0,1.0,2.0,2.0,7.0,30.0,villa,semi-furnished,east,0,17.543634,78.293712
I70056176,unknown,unknown,10100000.0,4.0,2100.0,2100.0,,12.0,1.0,2.0,2.0,48.0,30.0,villa,semi-furnished,east,0,17.5316,78.26729
W70055980,unknown,unknown,13400000.0,4.0,2800.0,2800.0,,12.0,1.0,2.0,2.0,48.0,30.0,villa,semi-furnished,east,0,17.5316,78.26729
X69377168,unknown,unknown,9858000.0,3.0,1700.0,1700.0,,12.0,3.0,14.0,1.0,11.0,30.0,flat,semi-furnished,unknown,0,17.51003,78.24035
H69145502,unknown,unknown,33300000.0,4.0,4275.0,4275.0,,12.0,1.0,2.0,3.0,0.0,30.0,villa,semi-furnished,east,0,17.443354,78.182044
H70254990,unknown,unknown,24700000.000000004,3.0,2055.0,2055.0,,20.0,20.0,30.0,1.0,8.0,30.0,flat,unfurnished,west,0,17.3923634,78.3621784
W57425688,unknown,unknown,12100000.0,3.0,1450.0,1450.0,,0.0,11.0,15.0,1.0,49.0,30.0,flat,unfurnished,east,1,17.501318,78.409228
N59642614,unknown,unknown,12500000.0,3.0,1600.0,1600.0,,0.0,14.0,15.0,1.0,49.0,30.0,flat,semi-furnished,east,1,17.501318,78.409228
I59642566,unknown,unknown,12500000.0,3.0,1600.0,1600.0,,0.0,14.0,15.0,1.0,49.0,30.0,flat,semi-furnished,east,1,17.501318,78.409228
W59643090,unknown,unknown,12000000.0,3.0,1450.0,1450.0,,0.0,14.0,15.0,1.0,49.0,30.0,flat,semi-furnished,east,1,17.501318,78.409228
N59939520,unknown,unknown,7800000.0,2.0,1135.0,1135.0,,0.0,6.0,14.0,1.0,50.0,30.0,flat,semi-furnished,east,1,17.399403,78.36901
L69895958,unknown,unknown,5000000.0,2.0,1100.0,1100.0,,20.0,1.0,5.0,1.0,2.0,7.0,house,semi-furnished,north,0,17.557546,78.557555
J70153254,unknown,unknown,11700000.0,2.0,1160.0,1160.0,,20.0,27.0,31.0,1.0,13.0,14.0,flat,semi-furnished,east,1,17.4662476,78.4073169
V69031184,unknown,unknown,16500000.0,3.0,1825.0,1825.0,,2.5,7.0,8.0,1.0,49.0,30.0,flat,furnished,unknown,0,17.4609913,78.3532083
D69531662,unknown,unknown,7500000.0,3.0,2070.0,2070.0,,12.0,1.0,2.0,1.0,1.0,14.0,villa,furnished,north-east,0,17.492871,78.239079
H69456050,unknown,unknown,7500000.0,3.0,2070.0,2070.0,,12.0,1.0,2.0,1.0,50.0,14.0,villa,furnished,east,0,17.5090182,78.3001801
V69456238,unknown,unknown,7500000.0,3.0,2070.0,2070.0,,12.0,1.0,2.0,1.0,7.0,14.0,villa,furnished,east,0,17.543634,78.293712
X69456388,unknown,unknown,7500000.0,3.0,2070.0,2070.0,,12.0,1.0,2.0,1.0,46.0,14.0,villa,furnished,east,0,17.5330867548758,78.2682745858627
E69531748,unknown,unknown,7500000.0,3.0,2070.0,2070.0,,12.0,1.0,2.0,1.0,6.0,14.0,villa,semi-furnished,east,0,17.542319,78.226934
R69531840,unknown,unknown,7500000.0,3.0,2070.0,2070.0,,12.0,1.0,2.0,1.0,6.0,14.0,villa,furnished,east,0,17.548606,78.210422
I69532344,unknown,unknown,16000000.0,3.0,2769.0,2769.0,,12.0,2.0,3.0,1.0,50.0,14.0,villa,furnished,east,0,17.5090182,78.3001801
D69533248,unknown,unknown,16000000.0,3.0,2769.0,2769.0,,12.0,2.0,3.0,1.0,7.0,14.0,villa,furnished,east,0,17.543634,78.293712
C69533644,unknown,unknown,16000000.0,3.0,2769.0,2769.0,,12.0,2.0,3.0,1.0,48.0,14.0,villa,furnished,east,0,17.5316,78.26729
F69534588,unknown,unknown,16000000.0,3.0,2769.0,2769.0,,12.0,2.0,3.0,1.0,1.0,14.0,villa,furnished,east,0,17.492871,78.239079
J69535274,unknown,unknown,14500000.0,3.0,2769.0,2769.0,,12.0,2.0,3.0,1.0,14.0,14.0,villa,furnished,east,0,17.583578247277302,78.1082316073572
J69534866,unknown,unknown,14500000.0,3.0,2769.0,2769.0,,12.0,2.0,3.0,1.0,6.0,14.0,villa,furnished,east,0,17.542319,78.226934
D69535074,unknown,unknown,14500000.0,3.0,2769.0,2769.0,,12.0,2.0,3.0,1.0,6.0,14.0,villa,furnished,east,0,17.548606,78.210422
E69551634,unknown,unknown,7500000.0,3.0,2070.0,2070.0,,12.0,1.0,2.0,1.0,0.0,14.0,villa,furnished,east,0,17.563151,78.296336
G69551718,unknown,unknown,7500000.0,3.0,2070.0,2070.0,,12.0,1.0,2.0,1.0,1.0,14.0,villa,furnished,north-east,0,17.555324,78.308221
K68838640,unknown,unknown,13600000.000000002,3.0,2090.0,2090.0,,12.0,5.0,9.0,2.0,15.0,30.0,flat,semi-furnished,north-east,0,17.3954823,78.3370988
O70977948,unknown,unknown,19000000.0,3.0,1796.0,1796.0,,12.0,6.0,36.0,1.0,13.0,3.0,flat,semi-furnished,east,0,17.402291123438,78.338167423361
P70976926,unknown,unknown,20000000.0,3.0,2070.0,2070.0,,20.0,7.0,22.0,1.0,9.0,3.0,flat,semi-furnished,east,0,17.47078,78.30668
Z70967788,unknown,unknown,7963000.0,2.0,1225.0,1225.0,,20.0,3.0,5.0,1.0,0.0,3.0,flat,semi-furnished,east,0,,
L70955544,unknown,unknown,9000000.0,3.0,1450.0,1450.0,,12.0,3.0,5.0,1.0,50.0,4.0,flat,semi-furnished,east,0,17.499634,78.361729
F70954578,unknown,unknown,10100000.0,3.0,1600.0,1600.0,,12.0,2.0,5.0,1.0,50.0,4.0,flat,semi-furnished,east,0,17.47078,78.30668
L70914502,unknown,unknown,26000000.0,3.0,2290.0,2290.0,,20.0,16.0,25.0,2.0,12.0,5.0,flat,semi-furnished,east,1,17.4605785,78.3560082
J70901854,unknown,unknown,26500000.0,3.0,2128.0,2128.0,,12.0,17.0,21.0,1.0,10.0,7.0,flat,semi-furnished,east,0,17.4359437,78.3416731
V70892682,unknown,unknown,22000000.0,3.0,1890.0,1890.0,,0.0,13.0,20.0,3.0,48.0,7.0,flat,unfurnished,north,0,17.42278,78.34724
B70883986,unknown,unknown,22000000.0,3.0,2000.0,2000.0,,20.0,4.0,18.0,2.0,12.0,7.0,flat,semi-furnished,west,0,17.466742,78.337059
D70879458,unknown,unknown,29800000.0,3.0,2710.0,2710.0,,20.0,5.0,18.0,3.0,12.0,7.0,flat,semi-furnished,west,0,17.466742,78.337059
M70879196,unknown,unknown,27600000.0,3.0,2510.0,2510.0,,20.0,3.0,18.0,4.0,12.0,7.0,flat,semi-furnished,east,0,17.466742,78.337059
D70878966,unknown,unknown,22700000.0,3.0,2060.0,2060.0,,20.0,8.0,18.0,2.0,12.0,7.0,flat,semi-furnished,east,0,17.466742,78.337059
S70878782,unknown,unknown,27300000.0,3.0,2475.0,2475.0,,20.0,11.0,18.0,4.0,12.0,7.0,flat,semi-furnished,east,0,17.466742,78.337059
X70878542,unknown,unknown,21900000.0,3.0,1990.0,1990.0,,20.0,12.0,18.0,2.0,12.0,7.0,flat,semi-furnished,east,0,17.466742,78.337059
R70878414,unknown,unknown,20300000.0,3.0,1840.0,1840.0,,20.0,3.0,18.0,2.0,12.0,7.0,flat,semi-furnished,west,0,17.466742,78.337059
X70878126,unknown,unknown,16600000.0,3.0,1505.0,1505.0,,20.0,8.0,18.0,1.0,12.0,7.0,flat,semi-furnished,east,0,17.466742,78.337059
M70877974,unknown,unknown,14600000.0,2.0,1325.0,1325.0,,20.0,9.0,18.0,1.0,12.0,7.0,flat,semi-furnished,east,0,17.466742,78.337059
M70843820,unknown,unknown,16800000.0,2.0,1283.0,1283.0,,0.0,11.0,35.0,1.0,10.0,7.0,flat,semi-furnished,east,0,17.41341,78.339447
H70811346,unknown,unknown,18500000.0,3.0,1901.0,1901.0,,0.0,24.0,32.0,2.0,44.0,7.0,flat,semi-furnished,north,0,17.4400802,78.3489168
V70766340,unknown,unknown,16200000.000000002,3.0,1766.0,1766.0,,12.0,7.0,10.0,1.0,12.0,14.0,flat,semi-furnished,east,0,17.4609913,78.3532083
Q70702932,unknown,unknown,21000000.0,3.0,1993.0,1993.0,,0.0,9.0,34.0,1.0,10.0,14.0,flat,furnished,east,0,17.4359437,78.3416731
N70431066,unknown,unknown,25500000.0,3.0,2170.0,2170.0,,0.0,16.0,19.0,2.0,15.0,30.0,flat,furnished,west,0,17.388245,78.341234
U70423268,unknown,unknown,31000000.0,3.0,2490.0,2490.0,,0.0,9.0,15.0,3.0,26.0,30.0,flat,furnished,west,0,17.40223,78.3444
L70419670,unknown,unknown,27000000.0,3.0,2075.0,2075.0,,0.0,14.0,30.0,1.0,8.0,30.0,flat,semi-furnished,west,0,17.400284,78.350663
B70419528,unknown,unknown,22200000.000000004,3.0,1993.0,1993.0,,0.0,26.0,35.0,1.0,10.0,30.0,flat,semi-furnished,east,0,17.41341,78.339447
I70381330,unknown,unknown,25500000.0,3.0,2335.0,2335.0,,12.0,26.0,39.0,1.0,13.0,30.0,flat,semi-furnished,east,0,17.3923634,78.3621784
I70381168,unknown,unknown,30500000.0,3.0,2660.0,2660.0,,12.0,35.0,39.0,1.0,13.0,30.0,flat,semi-furnished,east,0,17.3923634,78.3621784
O70373916,unknown,unknown,30000000.0,3.0,2400.0,2400.0,,20.0,1.0,2.0,1.0,48.0,30.0,villa,semi-furnished,east,0,17.41214,78.36431
W70271824,unknown,unknown,21000000.0,3.0,2000.0,2000.0,,12.0,20.0,24.0,1.0,9.0,30.0,flat,semi-furnished,west,0,17.4480919,78.3787508
O70069614,unknown,unknown,16500000.0,4.0,1647.0,1647.0,,12.0,1.0,2.0,2.0,50.0,30.0,villa,semi-furnished,unknown,0,17.5090182,78.3001801
W70069136,unknown,unknown,15400000.0,4.0,1485.0,1485.0,,12.0,1.0,2.0,2.0,50.0,30.0,villa,semi-furnished,unknown,0,17.5090182,78.3001801
L69962260,unknown,unknown,14200000.0,3.0,1480.0,1480.0,,0.0,6.0,12.0,3.0,12.0,30.0,flat,semi-furnished,east,0,17.399482,78.34253
S69960518,unknown,unknown,14000000.0,2.0,1325.0,1325.0,,12.0,5.0,18.0,1.0,12.0,30.0,flat,semi-furnished,east,0,17.466742,78.337059
H70986240,unknown,unknown,26000000.0,4.0,3079.0,3079.0,,12.0,2.0,3.0,2.0,3.0,2.0,villa,semi-furnished,east,0,17.20869,78.47603
D70911352,kokapet,kokapet,26500000.0,4.0,4200.0,4200.0,,12.0,16.0,47.0,2.0,26.0,6.0,flat,semi-furnished,east,0,17.40223,78.3444
S70911182,narsingi,narsingi,22700000.0,4.0,3600.0,3600.0,,12.0,20.0,47.0,2.0,25.0,6.0,flat,semi-furnished,east,0,17.3923634,78.3621784
N70911036,narsingi,narsingi,18900000.0,3.0,3000.0,3000.0,,12.0,12.0,47.0,2.0,25.0,6.0,flat,semi-furnished,east,0,17.3923634,78.3621784
Y70742074,unknown,unknown,48800000.0,5.0,4525.0,4525.0,,12.0,2.0,3.0,3.0,33.0,14.0,villa,semi-furnished,east,0,17.411744,78.341175
U70582470,unknown,unknown,35000000.0,4.0,3392.0,3392.0,,12.0,2.0,3.0,3.0,47.0,21.0,villa,semi-furnished,east,0,17.4359437,78.3416731
Z69656768,unknown,unknown,25900000.0,3.0,3156.0,3156.0,,12.0,5.0,11.0,3.0,0.0,3.0,flat,semi-furnished,east,0,,
H69656840,unknown,unknown,66600000.0,4.0,4300.0,4300.0,,0.0,2.0,3.0,3.0,1.0,3.0,villa,furnished,east,0,17.442196,78.280067
W69608990,unknown,unknown,9180000.0,3.0,1510.0,1510.0,,20.0,2.0,5.0,1.0,0.0,3.0,flat,semi-furnished,east,0,,
C69595228,unknown,unknown,82600000.0,4.0,6605.0,6605.0,,12.0,40.0,45.0,4.0,0.0,3.0,flat,semi-furnished,east,0,,
X69656784,unknown,unknown,15300000.0,3.0,1867.0,1867.0,,12.0,7.0,11.0,1.0,0.0,3.0,flat,semi-furnished,east,0,,
T70482180,unknown,unknown,16800000.0,3.0,2240.0,2240.0,,12.0,34.0,40.0,3.0,15.0,28.0,flat,semi-furnished,west,0,17.396115,78.357941
W70480380,unknown,unknown,14200000.0,3.0,1940.0,1940.0,,12.0,31.0,40.0,3.0,15.0,28.0,flat,semi-furnished,east,0,17.396115,78.357941
R70465454,unknown,unknown,54500000.0,4.0,300.0,300.0,,20.0,2.0,3.0,2.0,1.0,30.0,villa,semi-furnished,west,0,17.442196,78.280067
U70112658,unknown,unknown,32000000.0,2.0,39600.0,39600.0,,12.0,0.0,1.0,1.0,0.0,30.0,house,semi-furnished,east,0,,
J70031240,unknown,unknown,160000000.0,4.0,6000.0,6000.0,,20.0,1.0,2.0,3.0,1.0,30.0,villa,furnished,unknown,0,17.450947,78.281192
I70030160,unknown,unknown,18000000.0,3.0,2130.0,2130.0,,12.0,8.0,22.0,3.0,15.0,30.0,flat,semi-furnished,unknown,0,17.39652,78.33813
A68870238,unknown,unknown,24000000.0,3.0,2475.0,2475.0,,0.0,9.0,18.0,2.0,12.0,3.0,flat,semi-furnished,east,1,17.4609913,78.3532083
V68870264,unknown,unknown,19500000.0,3.0,2000.0,2000.0,,0.0,5.0,18.0,2.0,12.0,3.0,flat,semi-furnished,east,1,17.4609913,78.3532083
I68870254,unknown,unknown,17000000.0,3.0,1720.0,1720.0,,0.0,10.0,18.0,2.0,12.0,3.0,flat,semi-furnished,east,1,17.4609913,78.3532083
R68637598,unknown,unknown,43000000.0,4.0,3580.0,3580.0,,0.0,2.0,3.0,3.0,15.0,4.0,villa,semi-furnished,west,1,17.412388,78.347496
K69537674,unknown,unknown,43000000.0,4.0,4200.0,4200.0,,0.0,2.0,3.0,3.0,34.0,4.0,villa,semi-furnished,east,1,17.412388,78.347496
M68870920,unknown,unknown,8700000.0,2.0,1305.0,1305.0,,0.0,9.0,10.0,2.0,34.0,4.0,flat,semi-furnished,north-east,1,17.412388,78.347496
I68866024,unknown,unknown,14800000.0,3.0,1605.0,1605.0,,0.0,13.0,25.0,2.0,13.0,4.0,flat,semi-furnished,east,1,17.413534,78.339066
E69521026,unknown,unknown,12000000.0,2.0,1275.0,1275.0,,0.0,13.0,24.0,1.0,13.0,5.0,flat,semi-furnished,east,0,17.47078,78.30668
O69000350,unknown,unknown,15900000.0,3.0,1605.0,1605.0,,20.0,15.0,25.0,2.0,13.0,5.0,flat,furnished,east,0,17.47078,78.30668
Q69005326,unknown,unknown,17500000.0,3.0,1720.0,1720.0,,20.0,7.0,18.0,2.0,12.0,5.0,flat,semi-furnished,east,0,17.4609913,78.3532083
B70658004,unknown,unknown,24600000.0,3.0,2500.0,2500.0,,20.0,12.0,24.0,3.0,9.0,14.0,flat,semi-furnished,west,0,17.467762,78.408146
V70625854,unknown,unknown,20500000.0,3.0,1965.0,1965.0,,20.0,11.0,25.0,2.0,12.0,21.0,flat,semi-furnished,west,0,17.45753,78.36247
B70080442,unknown,unknown,21000000.0,3.0,2380.0,2380.0,,12.0,20.0,27.0,2.0,10.0,30.0,flat,semi-furnished,west,0,17.46658,78.411635
Z69990122,unknown,unknown,11200000.000000002,2.0,1250.0,1250.0,,20.0,20.0,31.0,1.0,13.0,30.0,flat,semi-furnished,west,0,17.465823,78.407845
W70876914,unknown,unknown,21200000.0,3.0,2060.0,2060.0,,0.0,4.0,18.0,2.0,12.0,7.0,flat,semi-furnished,west,1,17.4609913,78.3532083
J70877118,unknown,unknown,27900000.0,3.0,2710.0,2710.0,,0.0,11.0,18.0,2.0,12.0,7.0,flat,semi-furnished,east,1,17.4609913,78.3532083
V70877058,unknown,unknown,25500000.0,3.0,2475.0,2475.0,,0.0,18.0,18.0,2.0,12.0,7.0,flat,unfurnished,east,1,17.4609913,78.3532083
L70876856,unknown,unknown,19000000.0,3.0,1840.0,1840.0,,0.0,3.0,18.0,2.0,12.0,7.0,flat,semi-furnished,west,1,17.4609913,78.3532083
Q70876808,unknown,unknown,17700000.0,3.0,1720.0,1720.0,,0.0,10.0,18.0,2.0,12.0,7.0,flat,semi-furnished,west,1,17.4609913,78.3532083
Q70876568,unknown,unknown,13799999.999999998,2.0,1340.0,1340.0,,0.0,15.0,18.0,1.0,12.0,7.0,flat,semi-furnished,east,1,17.4609913,78.3532083
T70876730,unknown,unknown,15500000.0,3.0,1505.0,1505.0,,0.0,11.0,18.0,2.0,12.0,7.0,flat,semi-furnished,west,1,17.4609913,78.3532083
S70876282,unknown,unknown,13600000.000000002,2.0,1325.0,1325.0,,0.0,14.0,18.0,1.0,12.0,7.0,flat,semi-furnished,east,1,17.4609913,78.3532083
S70572022,unknown,unknown,6400000.0,3.0,1365.0,1365.0,,0.0,3.0,5.0,1.0,17.0,21.0,flat,semi-furnished,north-east,1,17.360584,78.377846
G70547780,unknown,unknown,9976000.0,3.0,1750.0,1750.0,,0.0,4.0,5.0,2.0,49.0,21.0,flat,semi-furnished,west,1,17.411447,78.370023
Y70306680,manikonda,manikonda,9200000.0,3.0,1535.0,1535.0,,0.0,3.0,5.0,1.0,49.0,21.0,flat,semi-furnished,west,1,17.411447,78.370023
P70300228,narsingi,narsingi,8850000.0,3.0,1526.0,1526.0,,0.0,3.0,5.0,1.0,50.0,21.0,flat,semi-furnished,north,1,17.393692,78.37514
C70297900,narsingi,narsingi,8995000.0,3.0,1525.0,1525.0,,0.0,2.0,5.0,1.0,50.0,21.0,flat,semi-furnished,west,1,17.393692,78.37514
M70547568,unknown,unknown,6200000.0,2.0,1133.0,1133.0,,0.0,4.0,5.0,1.0,49.0,21.0,flat,semi-furnished,north,1,17.411447,78.370023
X70547424,unknown,unknown,8500000.0,3.0,1500.0,1500.0,,0.0,3.0,5.0,2.0,49.0,21.0,flat,semi-furnished,west,1,17.411447,78.370023
U70232010,manikonda,manikonda,6500000.0,2.0,1200.0,1200.0,,0.0,5.0,5.0,1.0,37.0,21.0,flat,semi-furnished,north-east,1,17.388287,78.370072
X70300594,narsingi,narsingi,10600000.0,3.0,1630.0,1630.0,,0.0,2.0,5.0,1.0,17.0,21.0,flat,semi-furnished,east,1,17.360577,78.37802
J70231650,manikonda,manikonda,7000000.0,2.0,1200.0,1200.0,,0.0,2.0,5.0,1.0,37.0,21.0,flat,semi-furnished,east,1,17.388287,78.370072
J70230602,manikonda,manikonda,7250000.0,2.0,1252.0,1252.0,,0.0,3.0,5.0,1.0,37.0,21.0,flat,semi-furnished,east,1,17.388287,78.370072
F70230172,manikonda,manikonda,7250000.0,2.0,1250.0,1250.0,,0.0,2.0,5.0,1.0,37.0,21.0,flat,semi-furnished,east,1,17.388287,78.370072
C70301030,narsingi,narsingi,7245000.0,2.0,1115.0,1115.0,,0.0,2.0,5.0,1.0,17.0,21.0,flat,semi-furnished,east,1,17.360577,78.37802
K70547358,unknown,unknown,6798999.999999999,2.0,1200.0,1200.0,,0.0,4.0,5.0,1.0,50.0,21.0,flat,semi-furnished,east,1,17.4011618,78.37569
E70623004,unknown,unknown,29900000.000000004,4.0,2713.0,2713.0,,20.0,10.0,35.0,3.0,10.0,7.0,flat,semi-furnished,north-east,0,17.41341,78.339447
A70611870,unknown,unknown,18500000.0,3.0,1742.0,1742.0,,20.0,9.0,35.0,1.0,10.0,21.0,flat,semi-furnished,west,0,17.41341,78.339447
E70491434,unknown,unknown,29900000.000000004,4.0,2713.0,2713.0,,20.0,10.0,35.0,3.0,10.0,7.0,flat,semi-furnished,north-east,0,17.41341,78.339447
F70370440,unknown,unknown,42000000.0,3.0,4070.0,4070.0,,20.0,8.0,35.0,2.0,10.0,7.0,flat,semi-furnished,unknown,0,17.41341,78.339447
W70370358,unknown,unknown,30000000.0,4.0,2713.0,2713.0,,20.0,10.0,35.0,3.0,10.0,28.0,flat,semi-furnished,north-east,0,17.41341,78.339447
I70368016,unknown,unknown,13600000.000000002,2.0,1283.0,1283.0,,20.0,12.0,35.0,1.0,10.0,21.0,flat,semi-furnished,east,0,17.41341,78.339447
Z70292030,unknown,unknown,13500000.0,2.0,1283.0,1283.0,,20.0,12.0,35.0,1.0,10.0,30.0,flat,semi-furnished,east,0,17.41341,78.339447
W69843430,unknown,unknown,17500000.0,3.0,2124.0,2124.0,,20.0,12.0,36.0,2.0,13.0,30.0,flat,semi-furnished,east,0,17.40223,78.3444
V69821324,unknown,unknown,40700000.0,3.0,4069.0,4069.0,,20.0,25.0,35.0,2.0,10.0,30.0,flat,semi-furnished,unknown,0,17.4359437,78.3416731
P68909686,unknown,unknown,4900000.0,2.0,935.0,935.0,,2.5,4.0,5.0,1.0,49.0,90.0,flat,unfurnished,unknown,0,17.406635,78.40765
Z70253088,unknown,unknown,8320000.0,3.0,1490.0,1490.0,,0.0,3.0,5.0,1.0,50.0,30.0,flat,semi-furnished,unknown,1,17.383259,78.5554
U70253126,unknown,unknown,8353000.0,3.0,1921.0,1921.0,,0.0,3.0,5.0,1.0,50.0,30.0,flat,semi-furnished,unknown,1,17.383259,78.5554
O70253062,unknown,unknown,8256000.0,3.0,1492.0,1492.0,,0.0,4.0,5.0,1.0,50.0,30.0,flat,semi-furnished,unknown,1,17.383259,78.5554
O70256224,unknown,unknown,6408000.0,2.0,1165.0,1165.0,,0.0,4.0,5.0,1.0,50.0,30.0,flat,semi-furnished,east,1,17.383259,78.5554
V70256162,unknown,unknown,6408000.0,2.0,1165.0,1165.0,,0.0,3.0,5.0,1.0,9.0,30.0,flat,semi-furnished,west,1,17.5514,78.38552
K70252946,unknown,unknown,6470000.0,2.0,1165.0,1165.0,,0.0,2.0,5.0,1.0,9.0,30.0,flat,semi-furnished,east,1,17.5514,78.38552
U70252888,unknown,unknown,6400000.0,2.0,1165.0,1165.0,,0.0,1.0,5.0,1.0,9.0,30.0,flat,semi-furnished,east,1,17.5514,78.38552
I70253112,unknown,unknown,6408000.0,2.0,1165.0,1165.0,,0.0,5.0,5.0,1.0,9.0,30.0,flat,unfurnished,east,1,17.5514,78.38552
F70252468,unknown,unknown,6406999.999999999,2.0,1165.0,1165.0,,0.0,5.0,5.0,1.0,9.0,30.0,flat,furnished,west,1,17.5514,78.38552
P70253042,unknown,unknown,6408000.0,2.0,1165.0,1165.0,,0.0,3.0,5.0,1.0,50.0,30.0,flat,semi-furnished,north-east,1,17.383259,78.5554
H70253078,unknown,unknown,6408000.0,2.0,1165.0,1165.0,,0.0,4.0,5.0,1.0,50.0,30.0,flat,semi-furnished,north,1,17.383099,78.55351
X70252982,unknown,unknown,8222000.0,3.0,1495.0,1495.0,,0.0,3.0,5.0,1.0,11.0,30.0,flat,semi-furnished,west,1,17.543945,78.36929
Q70253022,unknown,unknown,8300000.0,3.0,1295.0,1295.0,,0.0,4.0,5.0,1.0,11.0,30.0,flat,semi-furnished,east,1,17.543945,78.36929
A70094116,unknown,unknown,13600000.000000002,3.0,1712.0,1712.0,,0.0,4.0,5.0,1.0,49.0,30.0,flat,semi-furnished,west,1,17.411499,78.41872
Y69619190,unknown,unknown,8500000.0,4.0,2500.0,2500.0,,2.5,4.0,12.0,2.0,49.0,14.0,flat,furnished,east,0,17.411499,78.41872
I70087362,unknown,unknown,49000000.0,4.0,3800.0,3800.0,,0.0,2.0,5.0,2.0,49.0,30.0,flat,unfurnished,east,1,17.411499,78.41872
M70014514,unknown,unknown,52500000.0,4.0,4070.0,4070.0,,0.0,29.0,36.0,2.0,13.0,30.0,flat,furnished,west,1,17.4480919,78.3787508
J70087460,unknown,unknown,41300000.0,3.0,3200.0,3200.0,,0.0,4.0,5.0,2.0,49.0,30.0,flat,semi-furnished,west,1,17.411499,78.41872
W70087240,unknown,unknown,49000000.0,4.0,3800.0,3800.0,,0.0,1.0,5.0,2.0,49.0,30.0,flat,semi-furnished,east,1,17.411499,78.41872
T70087556,unknown,unknown,41300000.0,3.0,3200.0,3200.0,,0.0,4.0,5.0,2.0,49.0,30.0,flat,semi-furnished,east,1,17.411499,78.41872
L70093946,unknown,unknown,13700000.000000002,3.0,1717.0,1717.0,,0.0,3.0,5.0,1.0,47.0,30.0,flat,semi-furnished,west,1,17.465343,78.37847
C70093648,unknown,unknown,9350000.0,2.0,1150.0,1150.0,,0.0,4.0,5.0,1.0,47.0,30.0,flat,semi-furnished,west,1,17.465343,78.37847
A70093514,unknown,unknown,9300000.0,2.0,1150.0,1150.0,,0.0,4.0,5.0,1.0,47.0,30.0,flat,semi-furnished,west,1,17.465239,78.37838
N70093234,unknown,unknown,9250000.0,2.0,1150.0,1150.0,,0.0,3.0,5.0,1.0,47.0,30.0,flat,semi-furnished,west,1,17.465343,78.37847
Y70093118,unknown,unknown,9200000.0,2.0,1150.0,1150.0,,0.0,2.0,5.0,1.0,47.0,30.0,flat,semi-furnished,west,1,17.465153,78.37832
B69915936,kukatpally,kukatpally,20000000.0,3.0,2259.0,2259.0,,0.0,8.0,19.0,1.0,0.0,60.0,flat,semi-furnished,west,0,,
A71015210,kothaguda,kothaguda,36100000.0,3.0,3010.0,3010.0,,7.5,2.0,4.0,4.0,43.0,,villa,furnished,unknown,0,17.459445,78.371177
W70990138,khajaguda,khajaguda,11500000.0,3.0,1680.0,1680.0,,2.5,3.0,5.0,1.0,48.0,2.0,flat,semi-furnished,east,0,17.41214,78.36431
N70969642,tarnaka,tarnaka,8093000.000000001,2.0,1245.0,1245.0,,2.5,1.0,3.0,1.0,50.0,3.0,flat,furnished,unknown,0,17.426833,78.534737
R70745120,unknown,unknown,20000000.0,3.0,1740.0,1740.0,,0.0,13.0,14.0,2.0,15.0,7.0,flat,semi-furnished,east,1,17.412388,78.347496
Q70719984,unknown,unknown,10600000.0,3.0,1547.0,1547.0,,0.0,2.0,5.0,1.0,26.0,14.0,flat,semi-furnished,north,0,17.40223,78.3444
U70677974,unknown,unknown,11800000.0,3.0,1575.0,1575.0,,0.0,7.0,9.0,1.0,9.0,14.0,flat,semi-furnished,west,0,17.40223,78.3444
I70498780,unknown,unknown,32000000.0,4.0,3380.0,3380.0,,20.0,6.0,18.0,2.0,10.0,28.0,flat,semi-furnished,unknown,0,17.3923634,78.3621784
Q70497752,unknown,unknown,14700000.0,3.0,1535.0,1535.0,,20.0,15.0,18.0,1.0,10.0,28.0,flat,semi-furnished,east,1,17.3907242,78.3559553
X70444962,unknown,unknown,51500000.0,4.0,4761.0,4761.0,,2.5,11.0,39.0,3.0,4.0,30.0,flat,semi-furnished,west,0,17.478433,78.392116
Y70423928,unknown,unknown,24900000.000000004,3.0,2170.0,2170.0,,0.0,16.0,19.0,3.0,15.0,30.0,flat,furnished,west,0,17.40223,78.3444
Z70418032,unknown,unknown,10700000.0,2.0,1270.0,1270.0,,0.0,12.0,12.0,3.0,12.0,30.0,flat,furnished,east,0,17.40223,78.3444
U70410290,unknown,unknown,12500000.0,2.0,1240.0,1240.0,,0.0,6.0,12.0,2.0,12.0,30.0,flat,furnished,west,0,17.40223,78.3444
Q70408440,unknown,unknown,10800000.0,2.0,1270.0,1270.0,,0.0,12.0,12.0,3.0,12.0,30.0,flat,furnished,west,1,17.3995386,78.3422196
G70373978,unknown,unknown,24900000.000000004,3.0,2170.0,2170.0,,0.0,15.0,19.0,3.0,15.0,30.0,flat,semi-furnished,west,1,17.3883192,78.3420304
C70400704,sainikpuri,sainikpuri,19500000.0,4.0,2097.0,2097.0,,2.5,0.0,1.0,4.0,46.0,30.0,villa,furnished,east,0,17.4876857,78.5483395
J70260308,unknown,unknown,14500000.0,6.0,2700.0,2700.0,,20.0,3.0,3.0,3.0,49.0,30.0,house,semi-furnished,east,0,17.38504,78.48667
F70196468,gachibowli,gachibowli,120000000.0,4.0,6666.0,6666.0,,20.0,12.0,30.0,2.0,0.0,30.0,flat,semi-furnished,east,0,,
B70172898,nizampet,nizampet,12600000.0,3.0,1675.0,1675.0,,0.0,8.0,8.0,2.0,50.0,30.0,flat,semi-furnished,east,0,17.5179636,78.3813785
F70138284,unknown,unknown,6600000.0,2.0,1200.0,1200.0,,20.0,4.0,5.0,1.0,50.0,30.0,flat,semi-furnished,unknown,1,17.5266571,78.4791424
D70140548,unknown,unknown,6600000.0,2.0,1200.0,1200.0,,20.0,4.0,5.0,1.0,49.0,30.0,house,semi-furnished,west,0,17.38504,78.48667
Y70140334,unknown,unknown,6463000.0,2.0,1175.0,1175.0,,20.0,3.0,5.0,1.0,49.0,30.0,house,semi-furnished,north,0,17.38504,78.48667
R70139822,unknown,unknown,6738000.0,2.0,1225.0,1225.0,,20.0,5.0,5.0,1.0,49.0,30.0,flat,semi-furnished,west,0,17.38504,78.48667
P70122476,unknown,unknown,23000000.0,3.0,2165.0,2165.0,,0.0,12.0,20.0,3.0,48.0,30.0,flat,furnished,west,0,17.42278,78.34724
H70044210,unknown,unknown,14200000.0,3.0,1680.0,1680.0,,0.0,6.0,12.0,3.0,12.0,30.0,flat,semi-furnished,west,1,17.4000766,78.3428041
H70073478,unknown,unknown,27700000.0,3.0,2521.0,2521.0,,0.0,5.0,22.0,2.0,9.0,30.0,flat,semi-furnished,west,0,17.4508742,78.3625292
W69185284,unknown,unknown,16000000.0,3.0,2500.0,2500.0,,12.0,2.0,3.0,2.0,0.0,30.0,villa,semi-furnished,east,0,,
C70825916,unknown,unknown,18000000.0,4.0,2160.0,2160.0,,20.0,2.0,5.0,3.0,49.0,7.0,flat,semi-furnished,east,0,17.38504,78.48667
E70825892,unknown,unknown,14000000.0,3.0,1700.0,1700.0,,20.0,2.0,5.0,2.0,49.0,7.0,flat,furnished,east,0,17.38504,78.48667
M70384356,unknown,unknown,9000000.0,3.0,1333.0,1333.0,,12.0,25.0,42.0,1.0,13.0,30.0,flat,semi-furnished,east,0,17.524265,78.3474187
T70384314,unknown,unknown,12000000.0,3.0,1509.0,1509.0,,12.0,38.0,42.0,1.0,24.0,30.0,flat,semi-furnished,east,0,17.524265,78.3474187
H70384226,unknown,unknown,14000000.0,3.0,1839.0,1839.0,,12.0,33.0,42.0,1.0,49.0,30.0,flat,semi-furnished,east,0,17.38504,78.48667
O70382012,unknown,unknown,16000000.0,4.0,2780.0,2780.0,,12.0,10.0,13.0,3.0,9.0,30.0,flat,semi-furnished,east,0,17.575957,78.471167
K70381476,unknown,unknown,16000000.0,4.0,2600.0,2600.0,,12.0,10.0,13.0,3.0,9.0,30.0,flat,semi-furnished,east,0,17.575957,78.471167
M70381304,unknown,unknown,12000000.0,3.0,2300.0,2300.0,,12.0,4.0,13.0,3.0,9.0,30.0,flat,semi-furnished,east,0,17.575957,78.471167
X70381108,unknown,unknown,7500000.0,2.0,1240.0,1240.0,,12.0,3.0,13.0,1.0,9.0,30.0,flat,semi-furnished,east,0,17.575957,78.471167
Z70378366,unknown,unknown,10000000.0,3.0,1353.0,1353.0,,12.0,8.0,33.0,1.0,12.0,30.0,flat,semi-furnished,east,0,17.5468498,78.3650231
A70377922,unknown,unknown,15000000.0,4.0,1914.0,1914.0,,12.0,5.0,33.0,1.0,12.0,30.0,flat,semi-furnished,east,0,17.5468498,78.3650231
I70317086,unknown,unknown,10000000.0,3.0,1333.0,1333.0,,12.0,24.0,42.0,1.0,49.0,30.0,flat,semi-furnished,east,0,17.38504,78.48667
O70310740,unknown,unknown,10000000.0,3.0,1509.0,1509.0,,12.0,15.0,33.0,1.0,49.0,30.0,flat,semi-furnished,east,0,17.38504,78.48667
M70302504,unknown,unknown,7000000.0,2.0,1099.0,1099.0,,12.0,6.0,33.0,1.0,12.0,30.0,flat,semi-furnished,east,0,17.5468498,78.3650231
M70289646,unknown,unknown,11000000.0,3.0,1900.0,1900.0,,12.0,5.0,13.0,3.0,49.0,30.0,flat,semi-furnished,east,0,17.38504,78.48667
V70289466,unknown,unknown,7800000.0,2.0,1240.0,1240.0,,12.0,3.0,13.0,2.0,37.0,30.0,flat,semi-furnished,north-east,0,17.538237,78.480804
T70256220,unknown,unknown,5900000.0,3.0,1800.0,1800.0,,12.0,0.0,1.0,2.0,49.0,30.0,villa,semi-furnished,north-east,0,17.38504,78.48667
N70238400,unknown,unknown,14000000.0,4.0,2021.0,2021.0,,12.0,30.0,33.0,2.0,12.0,30.0,flat,semi-furnished,east,0,17.5468498,78.3650231
C70233464,unknown,unknown,12000000.0,3.0,1839.0,1839.0,,12.0,36.0,42.0,1.0,49.0,30.0,flat,semi-furnished,east,0,17.38504,78.48667
U71023462,sultanpur,sultanpur,15200000.0,4.0,1485.0,1485.0,,12.0,1.0,2.0,2.0,1.0,,villa,semi-furnished,east,0,17.555324,78.308221
T71023134,sultanpur,sultanpur,18700000.0,4.0,1800.0,1800.0,,12.0,1.0,2.0,2.0,1.0,,villa,semi-furnished,east,0,17.555324,78.308221
K71007792,unknown,unknown,14700000.0,3.0,1840.0,1840.0,,12.0,8.0,22.0,2.0,13.0,,flat,semi-furnished,east,0,17.40223,78.3444
W70981004,unknown,unknown,19000000.0,3.0,3000.0,3000.0,,12.0,9.0,20.0,2.0,25.0,3.0,flat,semi-furnished,west,0,17.3923634,78.3621784
S70951758,unknown,unknown,13300000.0,3.0,2040.0,2040.0,,12.0,12.0,17.0,3.0,10.0,4.0,flat,semi-furnished,east,0,17.45269,78.30969
D70951274,unknown,unknown,12000000.0,3.0,1711.0,1711.0,,12.0,10.0,47.0,2.0,50.0,4.0,flat,semi-furnished,east,0,17.509181,78.3521088
S70951010,unknown,unknown,13600000.000000002,3.0,22550.0,22550.0,,12.0,12.0,17.0,3.0,10.0,4.0,flat,semi-furnished,east,0,17.45269,78.30969
A70922208,unknown,unknown,24500000.0,3.0,2360.0,2360.0,,20.0,1.0,15.0,3.0,8.0,6.0,flat,semi-furnished,west,0,17.411744,78.341175
S70898858,unknown,unknown,16800000.0,3.0,1796.0,1796.0,,12.0,14.0,36.0,1.0,13.0,7.0,flat,semi-furnished,east,0,17.40223,78.3444
W70898552,unknown,unknown,41000000.0,4.0,4560.0,4560.0,,20.0,17.0,24.0,4.0,48.0,7.0,flat,semi-furnished,east,0,17.42278,78.34724
M70825766,unknown,unknown,16800000.0,2.0,1345.0,1345.0,,0.0,8.0,18.0,1.0,39.0,7.0,flat,furnished,west,0,17.4480919,78.3787508
V70794396,unknown,unknown,22600000.0,3.0,1890.0,1890.0,,0.0,13.0,20.0,2.0,48.0,7.0,flat,furnished,north,0,17.42278,78.34724
T70766908,unknown,unknown,20000000.0,3.0,2049.0,2049.0,,12.0,8.0,34.0,1.0,13.0,14.0,flat,semi-furnished,east,0,17.40223,78.3444
E70495176,unknown,unknown,32000000.0,4.0,3710.0,3710.0,,7.5,8.0,9.0,2.0,50.0,14.0,flat,semi-furnished,north-east,1,17.463252,78.354557
X70641868,unknown,unknown,18000000.0,3.0,2087.0,2087.0,,2.5,8.0,15.0,1.0,33.0,14.0,flat,furnished,east,1,17.411744,78.341175
R70495580,unknown,unknown,55000000.0,3.0,3180.0,3180.0,,2.5,5.0,18.0,2.0,39.0,14.0,flat,semi-furnished,east,1,17.4480919,78.3787508
Y70496494,unknown,unknown,21500000.0,3.0,1740.0,1740.0,,0.0,12.0,14.0,1.0,47.0,14.0,flat,furnished,east,1,17.4359437,78.3416731
D70482212,unknown,unknown,27800000.0,3.0,2410.0,2410.0,,7.5,5.0,19.0,3.0,45.0,14.0,flat,semi-furnished,east,1,17.44057,78.365551
Y70482924,unknown,unknown,27000000.0,3.0,2545.0,2545.0,,7.5,3.0,15.0,1.0,48.0,14.0,flat,semi-furnished,east,1,17.42278,78.34724
T70742876,unknown,unknown,19400000.0,4.0,1485.0,1485.0,,12.0,2.0,3.0,3.0,50.0,14.0,villa,semi-furnished,east,0,17.5090182,78.3001801
F70378244,unknown,unknown,14500000.0,2.0,1314.0,1314.0,,0.0,9.0,31.0,1.0,12.0,14.0,flat,furnished,east,1,17.3973794,78.3856447
S70594744,unknown,unknown,15100000.0,2.0,1492.0,1492.0,,20.0,2.0,35.0,1.0,10.0,21.0,flat,furnished,east,0,17.4359437,78.3416731
B70482206,unknown,unknown,7000000.0,2.0,1210.0,1210.0,,12.0,6.0,13.0,1.0,50.0,28.0,flat,semi-furnished,east,0,17.509181,78.3521088
S70482042,unknown,unknown,12900000.0,3.0,21420.0,21420.0,,12.0,8.0,17.0,1.0,10.0,28.0,flat,semi-furnished,east,0,17.45269,78.30969
Y70481474,unknown,unknown,7000000.0,2.0,1210.0,1210.0,,12.0,6.0,13.0,1.0,50.0,28.0,flat,semi-furnished,east,0,17.509181,78.3521088
B70419754,unknown,unknown,11500000.0,3.0,1839.0,1839.0,,12.0,9.0,42.0,1.0,24.0,30.0,flat,semi-furnished,east,0,17.524265,78.3474187
P70419634,unknown,unknown,8400000.0,2.0,1333.0,1333.0,,12.0,6.0,42.0,1.0,6.0,30.0,flat,semi-furnished,east,0,17.529701,78.333031
R70419538,unknown,unknown,11500000.0,3.0,1839.0,1839.0,,12.0,6.0,42.0,1.0,49.0,30.0,flat,semi-furnished,east,0,17.516728,78.341893
E70419406,unknown,unknown,8300000.0,3.0,1333.0,1333.0,,12.0,12.0,42.0,1.0,6.0,30.0,flat,semi-furnished,east,0,17.529701,78.333031
Y70419146,unknown,unknown,9500000.0,3.0,1509.0,1509.0,,12.0,10.0,42.0,1.0,49.0,30.0,flat,semi-furnished,east,0,17.516728,78.341893
I70418914,unknown,unknown,8300000.0,2.0,1333.0,1333.0,,12.0,11.0,42.0,1.0,24.0,30.0,flat,semi-furnished,east,0,17.524265,78.3474187
S70345216,unknown,unknown,7900000.0,2.0,1148.0,1148.0,,12.0,2.0,5.0,2.0,50.0,30.0,flat,semi-furnished,west,0,17.4011618,78.37569
V70313262,unknown,unknown,15400000.0,5.0,1485.0,1485.0,,0.0,2.0,3.0,3.0,50.0,30.0,villa,semi-furnished,east,0,17.536121,78.289779
J70256692,unknown,unknown,7200000.0,2.0,960.0,960.0,,20.0,4.0,5.0,1.0,50.0,30.0,flat,semi-furnished,east,0,17.435821,78.560357
Z70208992,unknown,unknown,7500000.0,3.0,1435.0,1435.0,,0.0,3.0,5.0,2.0,50.0,30.0,flat,semi-furnished,east,0,17.5203424,78.3970205
F70172204,unknown,unknown,4000000.0,2.0,800.0,800.0,,7.5,2.0,5.0,1.0,50.0,30.0,flat,furnished,north,0,17.426833,78.534737
B70101636,unknown,unknown,9000000.0,3.0,1836.0,1836.0,,12.0,8.0,42.0,1.0,50.0,30.0,flat,semi-furnished,east,0,17.509181,78.3521088
Y70089228,unknown,unknown,8400000.0,3.0,1333.0,1333.0,,12.0,9.0,42.0,1.0,49.0,30.0,flat,semi-furnished,east,0,17.516728,78.341893
U70088950,unknown,unknown,11500000.0,3.0,1836.0,1836.0,,12.0,10.0,42.0,1.0,6.0,30.0,flat,semi-furnished,east,0,17.529701,78.333031
F70088720,unknown,unknown,9300000.0,3.0,1509.0,1509.0,,12.0,8.0,42.0,1.0,50.0,30.0,flat,semi-furnished,east,0,17.509181,78.3521088
A70088498,unknown,unknown,11500000.0,3.0,1836.0,1836.0,,12.0,10.0,42.0,1.0,49.0,30.0,flat,semi-furnished,east,0,17.516728,78.341893
R70088232,unknown,unknown,8300000.0,3.0,1333.0,1333.0,,12.0,9.0,42.0,1.0,50.0,30.0,flat,semi-furnished,east,0,17.509181,78.3521088
V70088044,unknown,unknown,9300000.0,3.0,1509.0,1509.0,,12.0,6.0,42.0,1.0,6.0,30.0,flat,semi-furnished,east,0,17.529701,78.333031
C70086722,unknown,unknown,9000000.0,3.0,1836.0,1836.0,,12.0,5.0,42.0,1.0,6.0,30.0,flat,semi-furnished,east,0,17.529701,78.333031
I70067900,unknown,unknown,9300000.0,3.0,1500.0,1500.0,,12.0,6.0,42.0,1.0,50.0,30.0,flat,semi-furnished,east,0,17.509181,78.3521088
V69961394,adibatla,adibatla,14000000.0,3.0,2403.0,2403.0,,20.0,0.0,1.0,1.0,0.0,30.0,villa,semi-furnished,east,0,17.233562897673416,78.54189608906688
L70946074,unknown,unknown,44200000.0,4.0,3420.0,3420.0,,20.0,6.0,19.0,1.0,4.0,4.0,flat,semi-furnished,west,0,17.4570123,78.3645684
Q69176826,unknown,unknown,13000000.0,3.0,1602.0,1602.0,,7.5,3.0,3.0,2.0,46.0,4.0,flat,furnished,north,0,17.4164707,78.4382469
J70759496,unknown,unknown,24000000.0,3.0,2055.0,2055.0,,0.0,22.0,30.0,3.0,8.0,4.0,flat,semi-furnished,east,1,17.450653,78.42441
Y70759986,unknown,unknown,24500000.0,3.0,2055.0,2055.0,,0.0,26.0,30.0,3.0,8.0,4.0,flat,semi-furnished,north-east,1,17.450653,78.42441
B70758688,unknown,unknown,23500000.0,3.0,2055.0,2055.0,,20.0,24.0,30.0,3.0,8.0,14.0,flat,semi-furnished,west,0,17.3923634,78.3621784
T70600638,unknown,unknown,22500000.0,3.0,1875.0,1875.0,,0.0,15.0,25.0,1.0,13.0,14.0,flat,semi-furnished,east,1,17.47078,78.30668
O70600558,unknown,unknown,20600000.0,3.0,2040.0,2040.0,,2.5,11.0,20.0,1.0,45.0,14.0,flat,furnished,east,1,17.44057,78.365551
A70562578,unknown,unknown,22300000.0,3.0,2365.0,2365.0,,2.5,18.0,20.0,4.0,45.0,21.0,flat,furnished,east,1,17.44057,78.365551
A70550732,unknown,unknown,21000000.0,3.0,2160.0,2160.0,,0.0,12.0,24.0,2.0,9.0,21.0,flat,furnished,north,1,17.467762,78.408146
I70550598,unknown,unknown,14500000.0,3.0,1580.0,1580.0,,0.0,18.0,24.0,1.0,9.0,21.0,flat,furnished,east,1,17.4480919,78.3787508
W70550898,unknown,unknown,10500000.0,2.0,1250.0,1250.0,,0.0,12.0,24.0,1.0,9.0,21.0,flat,furnished,east,1,17.4480919,78.3787508
P70551646,unknown,unknown,12200000.0,3.0,1400.0,1400.0,,20.0,11.0,31.0,1.0,13.0,21.0,flat,semi-furnished,north,0,17.4480919,78.3787508
V70551554,unknown,unknown,14000000.0,3.0,1550.0,1550.0,,20.0,21.0,31.0,1.0,13.0,21.0,flat,semi-furnished,east,0,17.4480919,78.3787508
N70517814,unknown,unknown,13500000.0,5.0,2300.0,2300.0,,2.5,1.0,5.0,2.0,49.0,21.0,flat,furnished,unknown,0,17.38504,78.48667
C70417362,unknown,unknown,4800000.0,2.0,60.0,60.0,,7.5,0.0,0.0,0.0,49.0,30.0,villa,semi-furnished,east,0,17.38504,78.48667
Z70417356,unknown,unknown,10000000.0,2.0,900.0,900.0,,7.5,2.0,3.0,1.0,50.0,30.0,villa,semi-furnished,east,0,17.392451,78.459504
H70384566,unknown,unknown,22500000.0,3.0,2400.0,2400.0,,2.5,3.0,5.0,2.0,49.0,30.0,flat,semi-furnished,north-east,0,17.38504,78.48667
E70369230,unknown,unknown,10100000.0,3.0,1560.0,1560.0,,20.0,3.0,5.0,2.0,49.0,30.0,flat,furnished,north-east,0,17.38504,78.48667
V70354554,unknown,unknown,13000000.0,3.0,2208.0,2208.0,,7.5,3.0,5.0,2.0,50.0,30.0,flat,semi-furnished,north,0,17.404619,78.473067
S69941152,unknown,unknown,15000000.0,3.0,2000.0,2000.0,,7.5,6.0,7.0,3.0,48.0,30.0,flat,furnished,west,1,17.407887,78.486374
W70037238,unknown,unknown,13200000.0,3.0,1550.0,1550.0,,20.0,28.0,31.0,1.0,13.0,30.0,flat,semi-furnished,east,0,17.4480919,78.3787508
S69716022,unknown,unknown,10100000.0,2.0,1160.0,1160.0,,20.0,12.0,31.0,1.0,13.0,7.0,flat,semi-furnished,east,0,17.4480919,78.3787508
N69262500,unknown,unknown,10200000.0,2.0,1160.0,1160.0,,20.0,15.0,31.0,1.0,13.0,30.0,flat,semi-furnished,east,0,17.4480919,78.3787508
N69262472,unknown,unknown,18500000.0,3.0,2230.0,2230.0,,20.0,10.0,31.0,2.0,13.0,30.0,flat,semi-furnished,east,0,17.4480919,78.3787508
I69523400,kukatpally,kukatpally,11000000.0,3.0,1450.0,1450.0,,0.0,1.0,5.0,1.0,47.0,14.0,flat,furnished,east,0,17.49479,78.39964
H70622842,gachibowli,gachibowli,15400000.0,2.0,1283.0,1283.0,,20.0,25.0,35.0,1.0,10.0,21.0,flat,furnished,east,0,17.4359437,78.3416731
N70172106,unknown,unknown,75000000.0,4.0,4960.0,4960.0,,20.0,1.0,29.0,4.0,8.0,21.0,flat,semi-furnished,east,1,17.3999884,78.3466656
G70514306,unknown,unknown,13799999.999999998,2.0,1283.0,1283.0,,0.0,16.0,35.0,1.0,10.0,21.0,flat,semi-furnished,east,1,17.41341,78.339447
U70514524,unknown,unknown,16100000.000000002,2.0,1492.0,1492.0,,0.0,6.0,35.0,1.0,10.0,21.0,flat,semi-furnished,west,1,17.4359437,78.3416731
V70497096,kokapet,kokapet,14200000.0,3.0,1900.0,1900.0,,20.0,7.0,10.0,3.0,26.0,28.0,flat,furnished,north,0,17.40223,78.3444
M70311136,unknown,unknown,18500000.0,3.0,1818.0,1818.0,,0.0,3.0,8.0,1.0,49.0,30.0,flat,furnished,west,0,17.45848,78.447205
I70284750,unknown,unknown,17000000.0,3.0,1793.0,1793.0,,12.0,12.0,16.0,1.0,9.0,30.0,flat,semi-furnished,west,0,17.4459627,78.4197681
F70255728,unknown,unknown,23000000.0,3.0,2020.0,2020.0,,12.0,23.0,39.0,1.0,13.0,30.0,flat,semi-furnished,west,0,17.3923634,78.3621784
H70255250,unknown,unknown,22500000.0,3.0,2020.0,2020.0,,12.0,25.0,39.0,1.0,13.0,30.0,flat,semi-furnished,east,0,17.3923634,78.3621784
H70219318,unknown,unknown,22000000.0,3.0,2020.0,2020.0,,12.0,25.0,39.0,3.0,13.0,30.0,flat,semi-furnished,east,0,17.3923634,78.3621784
L70196094,unknown,unknown,11700000.0,3.0,1700.0,1700.0,,20.0,3.0,5.0,1.0,49.0,30.0,flat,semi-furnished,east,0,17.4609913,78.3532083
F70027172,unknown,unknown,12500000.0,2.0,1265.0,1265.0,,0.0,6.0,15.0,1.0,5.0,30.0,flat,furnished,north-east,1,17.450443,78.4244
O70060772,unknown,unknown,15000000.0,3.0,1850.0,1850.0,,20.0,5.0,5.0,1.0,49.0,30.0,flat,furnished,north-east,0,17.4066129,78.3941767
T69918246,unknown,unknown,17500000.0,3.0,2200.0,2200.0,,0.0,2.0,10.0,2.0,42.0,30.0,flat,furnished,west,0,17.45506,78.36797
F69960332,unknown,unknown,20000000.0,3.0,1993.0,1993.0,,20.0,14.0,35.0,1.0,10.0,30.0,flat,semi-furnished,east,0,17.4359437,78.3416731
W69919842,unknown,unknown,16500000.0,3.0,1650.0,1650.0,,20.0,16.0,31.0,1.0,13.0,60.0,flat,semi-furnished,east,0,17.4619506,78.4080778
C69919372,unknown,unknown,12500000.0,2.0,1250.0,1250.0,,20.0,16.0,31.0,1.0,13.0,60.0,flat,unfurnished,east,0,17.4480919,78.3787508
L69919148,unknown,unknown,11600000.0,2.0,1160.0,1160.0,,20.0,16.0,31.0,1.0,13.0,60.0,flat,unfurnished,east,0,17.4480919,78.3787508
E70098768,unknown,unknown,10100000.0,3.0,2100.0,2100.0,,12.0,1.0,2.0,2.0,46.0,30.0,villa,semi-furnished,east,0,17.5330867548758,78.2682745858627
A70098758,unknown,unknown,10100000.0,3.0,2100.0,2100.0,,12.0,1.0,2.0,2.0,46.0,30.0,villa,semi-furnished,east,0,17.5330867548758,78.2682745858627
U70098742,unknown,unknown,10100000.0,3.0,2100.0,2100.0,,12.0,1.0,2.0,2.0,46.0,30.0,villa,semi-furnished,east,0,17.5330867548758,78.2682745858627
Z70098728,unknown,unknown,10100000.0,3.0,2100.0,2100.0,,12.0,1.0,2.0,2.0,6.0,30.0,villa,semi-furnished,east,0,17.542319,78.226934
H70098720,unknown,unknown,10100000.0,3.0,2100.0,2100.0,,12.0,1.0,2.0,2.0,6.0,30.0,villa,semi-furnished,east,0,17.542319,78.226934
X70098706,unknown,unknown,10100000.0,3.0,2100.0,2100.0,,12.0,1.0,2.0,2.0,6.0,30.0,villa,semi-furnished,east,0,17.542319,78.226934
I70098694,unknown,unknown,10100000.0,3.0,2100.0,2100.0,,12.0,1.0,2.0,2.0,6.0,30.0,villa,semi-furnished,east,0,17.542319,78.226934
E70098684,unknown,unknown,10100000.0,3.0,2100.0,2100.0,,12.0,1.0,2.0,2.0,6.0,30.0,villa,semi-furnished,east,0,17.542319,78.226934
W70098672,unknown,unknown,10100000.0,3.0,2100.0,2100.0,,12.0,1.0,2.0,2.0,6.0,30.0,villa,semi-furnished,east,0,17.542319,78.226934
H70098662,unknown,unknown,10100000.0,3.0,2100.0,2100.0,,12.0,1.0,2.0,2.0,6.0,30.0,villa,semi-furnished,east,0,17.542319,78.226934
F70098646,unknown,unknown,10100000.0,3.0,2100.0,2100.0,,12.0,1.0,2.0,2.0,48.0,30.0,villa,semi-furnished,east,0,17.5316,78.26729
B70098642,unknown,unknown,10100000.0,3.0,2100.0,2100.0,,12.0,1.0,2.0,2.0,48.0,30.0,villa,semi-furnished,east,0,17.5316,78.26729
N70098638,unknown,unknown,10100000.0,3.0,2100.0,2100.0,,12.0,1.0,2.0,2.0,48.0,30.0,villa,semi-furnished,east,0,17.5316,78.26729
G70098632,unknown,unknown,10100000.0,3.0,2100.0,2100.0,,12.0,1.0,2.0,2.0,48.0,30.0,villa,semi-furnished,east,0,17.5316,78.26729
C70098612,unknown,unknown,10100000.0,3.0,2100.0,2100.0,,12.0,1.0,2.0,2.0,48.0,30.0,villa,semi-furnished,east,0,17.5316,78.26729
U70098604,unknown,unknown,10100000.0,3.0,2100.0,2100.0,,12.0,1.0,2.0,2.0,48.0,30.0,villa,semi-furnished,east,0,17.5316,78.26729
W70098574,unknown,unknown,10100000.0,3.0,2100.0,2100.0,,12.0,1.0,2.0,2.0,48.0,30.0,villa,semi-furnished,east,0,17.5316,78.26729
D70098564,unknown,unknown,10100000.0,3.0,2100.0,2100.0,,12.0,1.0,2.0,2.0,48.0,30.0,villa,semi-furnished,east,0,17.5316,78.26729
T70098558,unknown,unknown,10100000.0,3.0,2100.0,2100.0,,12.0,1.0,2.0,2.0,48.0,30.0,villa,semi-furnished,east,0,17.5316,78.26729
E70098550,unknown,unknown,10100000.0,3.0,2100.0,2100.0,,12.0,1.0,2.0,2.0,48.0,30.0,villa,semi-furnished,east,0,17.5316,78.26729
X70098538,unknown,unknown,10100000.0,3.0,2100.0,2100.0,,12.0,1.0,2.0,2.0,48.0,30.0,villa,semi-furnished,east,0,17.5316,78.26729
L70098514,unknown,unknown,10100000.0,3.0,2100.0,2100.0,,12.0,1.0,2.0,2.0,48.0,30.0,villa,semi-furnished,east,0,17.5316,78.26729
U70098472,unknown,unknown,28300000.0,3.0,3940.0,3940.0,,12.0,2.0,3.0,2.0,0.0,30.0,villa,semi-furnished,east,0,17.443855,78.250431
I70098466,unknown,unknown,28300000.0,3.0,3940.0,3940.0,,12.0,2.0,3.0,2.0,0.0,30.0,villa,semi-furnished,east,0,17.443855,78.250431
D70098460,unknown,unknown,28300000.0,3.0,3940.0,3940.0,,12.0,2.0,3.0,2.0,0.0,30.0,villa,semi-furnished,east,0,17.443855,78.250431
V70098454,unknown,unknown,28300000.0,3.0,3940.0,3940.0,,12.0,2.0,3.0,2.0,0.0,30.0,villa,semi-furnished,east,0,17.443855,78.250431
Y70098446,unknown,unknown,28300000.0,3.0,3940.0,3940.0,,12.0,2.0,3.0,2.0,0.0,30.0,villa,semi-furnished,east,0,17.443855,78.250431
B70098416,unknown,unknown,28300000.0,3.0,3940.0,3940.0,,12.0,2.0,3.0,2.0,0.0,30.0,villa,semi-furnished,east,0,17.443855,78.250431
J70098394,unknown,unknown,28300000.0,3.0,3940.0,3940.0,,12.0,2.0,3.0,2.0,0.0,30.0,villa,semi-furnished,east,0,17.443855,78.250431
A70098374,unknown,unknown,28300000.0,3.0,3940.0,3940.0,,12.0,2.0,3.0,2.0,0.0,30.0,villa,semi-furnished,east,0,17.443855,78.250431
S70098368,unknown,unknown,28300000.0,3.0,3940.0,3940.0,,12.0,2.0,3.0,2.0,0.0,30.0,villa,semi-furnished,east,0,17.443855,78.250431
Z70098350,unknown,unknown,28300000.0,3.0,3940.0,3940.0,,12.0,2.0,3.0,2.0,0.0,30.0,villa,semi-furnished,east,0,17.443855,78.250431
I68606304,unknown,unknown,10100000.0,3.0,2100.0,2100.0,,12.0,0.0,1.0,2.0,48.0,30.0,villa,semi-furnished,north-east,0,17.5316,78.26729
E68606102,unknown,unknown,28300000.0,4.0,3940.0,3940.0,,12.0,1.0,2.0,2.0,0.0,30.0,villa,semi-furnished,north-east,0,17.443855,78.250431
F68606562,unknown,unknown,10200000.0,3.0,2150.0,2150.0,,12.0,1.0,2.0,2.0,48.0,30.0,villa,semi-furnished,north-east,0,17.5316,78.26729
A68606476,unknown,unknown,6900000.0,3.0,2000.0,2000.0,,12.0,0.0,1.0,2.0,0.0,30.0,villa,semi-furnished,north-east,0,16.985875,78.499864
B68606390,unknown,unknown,4300000.0,2.0,1323.0,1323.0,,12.0,3.0,18.0,1.0,0.0,30.0,flat,semi-furnished,east,0,17.443855,78.250431
V70398444,unknown,unknown,6900000.0,3.0,1500.0,1500.0,,12.0,1.0,10.0,1.0,1.0,30.0,flat,semi-furnished,east,0,17.477415,78.227409
D70386354,unknown,unknown,13000000.0,3.0,2645.0,2645.0,,12.0,8.0,15.0,2.0,0.0,30.0,flat,semi-furnished,unknown,0,17.443855,78.250431
P70386346,unknown,unknown,9555000.0,3.0,1950.0,1950.0,,12.0,8.0,15.0,2.0,0.0,30.0,flat,semi-furnished,unknown,0,17.443855,78.250431
S70386320,unknown,unknown,6786000.0,2.0,1385.0,1385.0,,12.0,8.0,15.0,1.0,0.0,30.0,flat,semi-furnished,unknown,0,17.443855,78.250431
U70370168,unknown,unknown,14900000.0,3.0,3035.0,3035.0,,12.0,8.0,15.0,2.0,0.0,30.0,flat,semi-furnished,unknown,0,,
Q70370148,unknown,unknown,17700000.0,3.0,3605.0,3605.0,,12.0,8.0,15.0,2.0,0.0,30.0,flat,semi-furnished,unknown,0,17.443855,78.250431
U70294446,unknown,unknown,25300000.0,3.0,3885.0,3885.0,,12.0,1.0,2.0,2.0,8.0,30.0,villa,semi-furnished,unknown,0,17.47302,78.229562
Y70294394,unknown,unknown,9383000.0,3.0,1915.0,1915.0,,12.0,8.0,15.0,1.0,0.0,30.0,flat,semi-furnished,unknown,0,17.443855,78.250431
K70294364,unknown,unknown,6900000.0,3.0,1500.0,1500.0,,12.0,1.0,10.0,1.0,1.0,30.0,flat,semi-furnished,unknown,0,17.477415,78.227409
U70238076,unknown,unknown,5396000.0,3.0,1420.0,1420.0,,12.0,1.0,10.0,2.0,0.0,30.0,flat,semi-furnished,unknown,0,,
N70237948,unknown,unknown,11200000.000000002,3.0,2485.0,2485.0,,12.0,1.0,10.0,1.0,1.0,30.0,flat,semi-furnished,unknown,0,17.477415,78.227409
V70237782,unknown,unknown,25300000.0,3.0,3885.0,3885.0,,12.0,2.0,3.0,2.0,0.0,30.0,villa,semi-furnished,unknown,0,,
H69735766,nacharam,nacharam,10000000.0,3.0,1395.0,1395.0,,20.0,12.0,12.0,2.0,5.0,7.0,flat,semi-furnished,east,0,17.4345427,78.554475
C70878776,kokapet,kokapet,34600000.0,4.0,5500.0,5500.0,,12.0,20.0,47.0,3.0,26.0,7.0,flat,semi-furnished,east,0,17.40223,78.3444
D70878354,kokapet,kokapet,26500000.0,4.0,4200.0,4200.0,,12.0,14.0,47.0,2.0,26.0,7.0,flat,semi-furnished,east,0,17.40223,78.3444
E70878220,narsingi,narsingi,26500000.0,4.0,4200.0,4200.0,,12.0,12.0,47.0,2.0,25.0,7.0,flat,semi-furnished,east,0,17.3923634,78.3621784
F70878004,narsingi,narsingi,18900000.0,3.0,3000.0,3000.0,,12.0,20.0,47.0,2.0,25.0,7.0,flat,semi-furnished,east,0,17.3923634,78.3621784
L70852230,kokapet,kokapet,26500000.0,4.0,4200.0,4200.0,,12.0,27.0,40.0,3.0,26.0,7.0,flat,semi-furnished,east,0,17.40223,78.3444
U70852082,kokapet,kokapet,22700000.0,4.0,3600.0,3600.0,,12.0,26.0,40.0,2.0,26.0,7.0,flat,semi-furnished,east,0,17.40223,78.3444
K70851946,kokapet,kokapet,18900000.0,3.0,3000.0,3000.0,,12.0,20.0,40.0,2.0,26.0,7.0,flat,semi-furnished,east,0,17.40223,78.3444
Z70835434,narsingi,narsingi,26500000.0,4.0,4200.0,4200.0,,12.0,20.0,47.0,3.0,25.0,7.0,flat,semi-furnished,east,0,17.3923634,78.3621784
X70835182,narsingi,narsingi,18900000.0,3.0,3000.0,3000.0,,12.0,20.0,47.0,2.0,25.0,7.0,flat,semi-furnished,east,0,17.3923634,78.3621784
S70710712,unknown,unknown,11200000.000000002,3.0,1625.0,1625.0,,12.0,18.0,28.0,1.0,17.0,14.0,flat,semi-furnished,east,0,17.4664197,78.285342
R70208118,patighanpur,patighanpur,28800000.0,3.0,3200.0,3200.0,,12.0,2.0,3.0,2.0,24.0,30.0,villa,semi-furnished,east,0,17.510159,78.247179
O70415322,unknown,unknown,26800000.0,3.0,2680.0,2680.0,,20.0,6.0,15.0,1.0,8.0,30.0,flat,unfurnished,unknown,0,17.411744,78.341175
O68987430,unknown,unknown,25000000.0,3.0,2319.0,2319.0,,20.0,1.0,2.0,2.0,0.0,30.0,house,semi-furnished,east,0,17.467181,78.205133
X70951052,unknown,unknown,13500000.0,3.0,2000.0,2000.0,,20.0,1.0,2.0,2.0,50.0,4.0,house,semi-furnished,unknown,0,17.3130765,78.5632461
X70947132,unknown,unknown,10500000.0,4.0,1350.0,1350.0,,20.0,1.0,2.0,1.0,50.0,4.0,villa,semi-furnished,west,0,17.536121,78.289779
C70947004,unknown,unknown,10900000.0,4.0,1350.0,1350.0,,20.0,1.0,2.0,1.0,50.0,4.0,villa,semi-furnished,east,0,17.536121,78.289779
Q70946848,unknown,unknown,12000000.0,4.0,1350.0,1350.0,,12.0,2.0,3.0,2.0,50.0,4.0,villa,semi-furnished,east,0,17.536121,78.289779
R70946628,unknown,unknown,11500000.0,4.0,1350.0,1350.0,,12.0,2.0,3.0,2.0,50.0,4.0,villa,semi-furnished,west,0,17.536121,78.289779
L70944166,unknown,unknown,7500000.0,3.0,1500.0,1500.0,,20.0,3.0,5.0,2.0,50.0,4.0,flat,semi-furnished,unknown,0,17.3130765,78.5632461
F70891786,unknown,unknown,11000000.0,4.0,1080.0,1080.0,,20.0,1.0,2.0,1.0,3.0,7.0,villa,semi-furnished,north,1,17.5534632,78.2894343
J70891740,unknown,unknown,9950000.0,4.0,1080.0,1080.0,,20.0,1.0,2.0,1.0,50.0,7.0,villa,semi-furnished,north-east,0,17.536121,78.289779
H70891514,unknown,unknown,10200000.0,4.0,1080.0,1080.0,,20.0,1.0,2.0,1.0,50.0,7.0,villa,semi-furnished,north-east,0,17.536121,78.289779
B70889196,unknown,unknown,11299999.999999998,4.0,1350.0,1350.0,,20.0,1.0,2.0,2.0,50.0,7.0,villa,semi-furnished,east,0,17.536121,78.289779
Z70889160,unknown,unknown,11399999.999999998,3.0,1350.0,1350.0,,12.0,1.0,2.0,2.0,50.0,7.0,villa,semi-furnished,east,0,17.536121,78.289779
A70889112,unknown,unknown,13500000.0,4.0,1350.0,1350.0,,12.0,2.0,3.0,2.0,50.0,7.0,villa,semi-furnished,east,0,17.5090182,78.3001801
Z70889074,unknown,unknown,11500000.0,3.0,1350.0,1350.0,,20.0,1.0,2.0,2.0,3.0,7.0,villa,semi-furnished,east,0,17.575068,78.253963
E70889026,unknown,unknown,11500000.0,4.0,1350.0,1350.0,,20.0,1.0,2.0,2.0,48.0,7.0,villa,semi-furnished,east,0,17.5316,78.26729
G70889002,unknown,unknown,12000000.0,3.0,1350.0,1350.0,,12.0,1.0,2.0,2.0,50.0,7.0,villa,semi-furnished,east,0,17.5090182,78.3001801
R70888562,unknown,unknown,13000000.0,4.0,1350.0,1350.0,,12.0,2.0,3.0,2.0,50.0,7.0,villa,semi-furnished,east,0,17.5090182,78.3001801
E70883258,unknown,unknown,9000000.0,3.0,1550.0,1550.0,,12.0,3.0,5.0,2.0,50.0,7.0,flat,semi-furnished,unknown,0,17.4011618,78.37569
R70882360,unknown,unknown,12000000.0,4.0,1350.0,1350.0,,20.0,1.0,2.0,2.0,50.0,7.0,villa,semi-furnished,east,0,17.5090182,78.3001801
Y70740578,unknown,unknown,7873999.999999999,2.0,1270.0,1270.0,,12.0,6.0,10.0,1.0,11.0,14.0,flat,semi-furnished,east,0,17.492959,78.339773
N70697660,unknown,unknown,7950000.0,3.0,1560.0,1560.0,,0.0,5.0,5.0,1.0,0.0,14.0,flat,furnished,east,0,,
S70529300,unknown,unknown,12400000.0,3.0,1885.0,1885.0,,7.5,13.0,13.0,2.0,50.0,21.0,flat,furnished,west,0,17.47946,78.33037
E70425044,unknown,unknown,7200000.0,2.0,1275.0,1275.0,,7.5,3.0,5.0,1.0,50.0,30.0,flat,furnished,north,1,17.4938357,78.3460956
S70425744,unknown,unknown,7200000.0,2.0,1275.0,1275.0,,0.0,4.0,4.0,1.0,49.0,30.0,flat,furnished,east,1,17.503745,78.3355722
C70407788,unknown,unknown,9000000.0,3.0,1358.0,1358.0,,20.0,4.0,8.0,1.0,15.0,30.0,flat,semi-furnished,west,1,17.483491,78.3542266
Y70408280,unknown,unknown,9600000.0,2.0,1332.0,1332.0,,20.0,7.0,8.0,1.0,15.0,30.0,flat,semi-furnished,west,1,17.4825014,78.3547204
G70345672,unknown,unknown,9900000.0,2.0,1255.0,1255.0,,12.0,38.0,40.0,2.0,15.0,30.0,flat,semi-furnished,east,0,17.504517,78.362374
B67846798,unknown,unknown,6700000.0,2.0,1145.0,1145.0,,20.0,1.0,5.0,1.0,9.0,30.0,flat,semi-furnished,west,0,17.5468498,78.3650231
O69013018,unknown,unknown,7900000.0,2.0,1300.0,1300.0,,2.5,0.0,1.0,1.0,22.0,60.0,villa,semi-furnished,east,0,17.4866,78.611339
Z70659526,unknown,unknown,24900000.000000004,3.0,2925.0,2925.0,,20.0,0.0,1.0,1.0,0.0,14.0,villa,semi-furnished,east,0,17.443354,78.182044
M70645368,unknown,unknown,10700000.0,3.0,1800.0,1800.0,,12.0,21.0,43.0,1.0,0.0,14.0,flat,semi-furnished,east,0,,
S70612870,unknown,unknown,19600000.0,4.0,3569.0,3569.0,,12.0,1.0,2.0,2.0,0.0,21.0,villa,semi-furnished,east,0,17.443855,78.250431
A70431588,unknown,unknown,15000000.0,4.0,1341.0,1341.0,,20.0,1.0,2.0,2.0,1.0,30.0,villa,semi-furnished,unknown,0,17.27395,78.59163
B70269316,unknown,unknown,7848000.0,2.0,1021.0,1021.0,,12.0,12.0,47.0,2.0,0.0,30.0,flat,semi-furnished,east,0,,
K54735180,unknown,unknown,12000000.0,2.0,1380.0,1380.0,,20.0,24.0,27.0,1.0,12.0,30.0,flat,semi-furnished,east,0,17.4692958,78.333071
O69804620,unknown,unknown,5438000.0,2.0,1295.0,1295.0,,12.0,9.0,9.0,2.0,37.0,7.0,flat,semi-furnished,east,0,17.538237,78.480804
H70235790,unknown,unknown,6700000.0,2.0,1200.0,1200.0,,0.0,4.0,5.0,1.0,37.0,30.0,flat,semi-furnished,east,1,17.53824,78.4808
A70235236,unknown,unknown,6650000.0,2.0,1200.0,1200.0,,0.0,4.0,5.0,1.0,38.0,30.0,flat,semi-furnished,east,1,17.536621,78.48448
Q70234802,unknown,unknown,6456000.0,2.0,1174.0,1174.0,,0.0,2.0,5.0,1.0,38.0,30.0,flat,semi-furnished,west,1,17.536621,78.48448
U70234990,unknown,unknown,6456999.999999999,2.0,1174.0,1174.0,,0.0,4.0,5.0,1.0,38.0,30.0,flat,unfurnished,west,1,17.536621,78.48448
N70235698,unknown,unknown,6051000.0,2.0,1100.0,1100.0,,0.0,3.0,5.0,1.0,37.0,30.0,flat,semi-furnished,north,1,17.53824,78.4808
Q70235748,unknown,unknown,6052000.0,2.0,1100.0,1100.0,,0.0,4.0,5.0,1.0,37.0,30.0,flat,semi-furnished,east,1,17.53824,78.4808
O70235298,unknown,unknown,10300000.0,3.0,1874.0,1874.0,,0.0,4.0,5.0,2.0,38.0,30.0,flat,semi-furnished,west,1,17.536621,78.48448
Z70235850,unknown,unknown,9625000.0,3.0,1750.0,1750.0,,0.0,4.0,5.0,2.0,37.0,30.0,flat,semi-furnished,west,1,17.53824,78.4808
J70964080,peerzadiguda,peerzadiguda,5400000.0,2.0,1175.0,1175.0,,20.0,3.0,5.0,1.0,44.0,3.0,flat,semi-furnished,east,0,17.406593,78.613328
C70874752,unknown,unknown,6200000.0,2.0,1200.0,1200.0,,20.0,1.0,5.0,1.0,6.0,7.0,flat,semi-furnished,unknown,0,17.5564,78.36389
U70874392,unknown,unknown,6300000.0,2.0,1220.0,1220.0,,20.0,2.0,5.0,1.0,10.0,7.0,flat,semi-furnished,east,0,17.5468498,78.3650231
R70866326,unknown,unknown,5400000.0,2.0,1000.0,1000.0,,12.0,3.0,5.0,1.0,41.0,7.0,flat,semi-furnished,east,0,17.5473616,78.4354042
H70866290,unknown,unknown,8840000.0,3.0,1700.0,1700.0,,12.0,3.0,5.0,2.0,37.0,7.0,flat,semi-furnished,east,0,17.538237,78.480804
D70866240,unknown,unknown,18200000.0,5.0,3651.0,3651.0,,20.0,1.0,2.0,2.0,37.0,7.0,villa,semi-furnished,west,0,17.538237,78.480804
S70866192,unknown,unknown,18200000.0,5.0,3650.0,3650.0,,20.0,1.0,2.0,2.0,37.0,7.0,villa,semi-furnished,east,0,17.538237,78.480804
C69962022,unknown,unknown,19000000.0,3.0,2259.0,2259.0,,0.0,5.0,35.0,2.0,8.0,30.0,flat,furnished,west,0,17.478433,78.392116
G70177366,osman nagar,osman nagar,29000000.0,4.0,3855.0,3855.0,,12.0,19.0,36.0,3.0,1.0,30.0,flat,semi-furnished,east,0,17.442196,78.280067
D70878184,gajulramaram,gajulramaram,5988000.0,2.0,1274.0,1274.0,,12.0,4.0,4.0,2.0,47.0,7.0,flat,semi-furnished,west,0,17.5337007,78.401286
M70878006,manikonda,manikonda,8900000.0,3.0,1510.0,1510.0,,20.0,3.0,5.0,2.0,50.0,7.0,flat,semi-furnished,west,0,17.4011618,78.37569
V70750778,gajulramaram,gajulramaram,5988000.0,2.0,1274.0,1274.0,,20.0,1.0,4.0,2.0,47.0,14.0,flat,semi-furnished,west,0,17.5337007,78.401286
S70748774,manikonda,manikonda,8900000.0,3.0,1510.0,1510.0,,20.0,2.0,5.0,2.0,50.0,14.0,flat,semi-furnished,west,0,17.4011618,78.37569
V70610006,miyapur,miyapur,11000000.0,3.0,1509.0,1509.0,,12.0,4.0,42.0,2.0,50.0,21.0,flat,semi-furnished,east,0,17.509181,78.3521088
U70609564,kukatpally,kukatpally,13500000.0,3.0,1592.0,1592.0,,12.0,4.0,32.0,3.0,47.0,21.0,flat,semi-furnished,west,0,17.49479,78.39964
L70608202,bandlaguda jagir,bandlaguda jagir,5400000.0,2.0,1080.0,1080.0,,20.0,2.0,5.0,2.0,17.0,21.0,flat,semi-furnished,west,0,17.311940823733476,78.47302608769566
T70607836,manikonda,manikonda,8900000.0,3.0,1510.0,1510.0,,20.0,3.0,6.0,2.0,50.0,21.0,flat,semi-furnished,west,0,17.4011618,78.37569
P70483708,bachupally,bachupally,9614000.0,3.0,1965.0,1965.0,,12.0,2.0,12.0,2.0,0.0,28.0,flat,semi-furnished,east,0,,
S70770080,kompally,kompally,10000000.0,3.0,1800.0,1800.0,,12.0,1.0,2.0,2.0,37.0,14.0,villa,semi-furnished,north-east,0,17.538237,78.480804
F70770036,gundlapochampalli,gundlapochampalli,10000000.0,3.0,1800.0,1800.0,,12.0,1.0,2.0,2.0,9.0,14.0,villa,semi-furnished,north-east,0,17.575957,78.471167
A70770024,gundlapochampalli,gundlapochampalli,13600000.000000002,3.0,2300.0,2300.0,,12.0,1.0,2.0,2.0,9.0,14.0,villa,semi-furnished,north-east,0,17.575957,78.471167
W70697350,unknown,unknown,20000000.0,3.0,1798.0,1798.0,,20.0,5.0,15.0,1.0,15.0,14.0,flat,semi-furnished,west,0,17.474836,78.347211
U70697302,unknown,unknown,19500000.0,3.0,1798.0,1798.0,,20.0,5.0,15.0,1.0,15.0,14.0,flat,semi-furnished,west,0,17.474836,78.347211
L70697242,unknown,unknown,19000000.0,3.0,1798.0,1798.0,,20.0,6.0,15.0,1.0,15.0,14.0,flat,semi-furnished,west,0,17.474836,78.347211
Z70591676,unknown,unknown,13600000.000000002,3.0,1590.0,1590.0,,20.0,6.0,12.0,1.0,15.0,21.0,flat,furnished,east,0,17.4359437,78.3416731
Y70583200,unknown,unknown,25500000.0,3.0,2290.0,2290.0,,20.0,16.0,25.0,2.0,12.0,21.0,flat,semi-furnished,east,0,17.4609913,78.3532083
K70582568,unknown,unknown,21000000.0,3.0,1431.0,1431.0,,20.0,24.0,42.0,2.0,12.0,21.0,flat,semi-furnished,east,0,17.4480919,78.3787508
L70525946,unknown,unknown,20000000.0,3.0,1798.0,1798.0,,20.0,10.0,15.0,1.0,15.0,21.0,flat,furnished,west,0,17.474836,78.347211
U70467630,unknown,unknown,20400000.0,3.0,1875.0,1875.0,,20.0,19.0,25.0,2.0,13.0,30.0,flat,semi-furnished,west,0,17.47078,78.30668
J70339696,unknown,unknown,21000000.0,3.0,1993.0,1993.0,,20.0,17.0,34.0,1.0,10.0,30.0,flat,semi-furnished,east,0,17.4359437,78.3416731
N70269588,unknown,unknown,30800000.0,3.0,2335.0,2335.0,,20.0,7.0,19.0,2.0,4.0,30.0,flat,semi-furnished,east,0,17.4570123,78.3645684
R70266880,unknown,unknown,27000000.0,3.0,2410.0,2410.0,,20.0,12.0,35.0,1.0,12.0,30.0,flat,semi-furnished,north-east,0,17.4692958,78.333071
K70266090,unknown,unknown,56500000.0,3.0,2595.0,2595.0,,20.0,24.0,36.0,1.0,13.0,30.0,flat,furnished,west,0,17.4480919,78.3787508
Y70265358,unknown,unknown,56500000.0,3.0,2595.0,2595.0,,20.0,30.0,36.0,1.0,13.0,30.0,flat,furnished,west,0,17.430915,78.37728
N70230680,unknown,unknown,18000000.0,2.0,1492.0,1492.0,,20.0,4.0,35.0,1.0,10.0,30.0,flat,furnished,unknown,0,17.4359437,78.3416731
H70223140,unknown,unknown,64000000.0,4.0,3988.0,3988.0,,12.0,37.0,42.0,4.0,12.0,30.0,flat,semi-furnished,unknown,0,17.4480919,78.3787508
X70117004,unknown,unknown,22000000.0,3.0,1798.0,1798.0,,20.0,12.0,15.0,1.0,15.0,30.0,flat,furnished,east,0,17.474836,78.347211
Y70116394,unknown,unknown,22000000.0,3.0,1798.0,1798.0,,20.0,12.0,15.0,1.0,15.0,30.0,flat,semi-furnished,unknown,0,17.474836,78.347211
O63725738,unknown,unknown,14100000.0,3.0,1700.0,1700.0,,20.0,13.0,22.0,1.0,50.0,30.0,flat,semi-furnished,east,0,17.492535,78.44096
I70482052,unknown,unknown,14000000.0,3.0,1430.0,1430.0,,2.5,5.0,10.0,1.0,50.0,28.0,flat,furnished,west,0,17.473514,78.312623
H70325834,unknown,unknown,11700000.0,2.0,1335.0,1335.0,,12.0,9.0,22.0,1.0,9.0,30.0,flat,unfurnished,east,0,17.478221,78.312255
K68898570,unknown,unknown,16000000.0,3.0,1565.0,1565.0,,0.0,18.0,25.0,2.0,13.0,30.0,flat,unfurnished,west,1,17.450684,78.30148
F68160940,unknown,unknown,8375000.0,2.0,1290.0,1290.0,,12.0,5.0,5.0,1.0,50.0,21.0,flat,semi-furnished,east,0,17.47078,78.30668
D70101260,unknown,unknown,22500000.0,4.0,2795.0,2795.0,,20.0,10.0,19.0,3.0,9.0,30.0,flat,semi-furnished,west,0,17.467762,78.408146
J69914446,unknown,unknown,20000000.0,3.0,2160.0,2160.0,,2.5,15.0,19.0,2.0,9.0,60.0,flat,semi-furnished,east,0,17.467762,78.408146
S70933358,unknown,unknown,7300000.0,,1221.0,1221.0,,20.0,2.0,5.0,,10.0,5.0,flat,semi-furnished,east,0,17.5468498,78.3650231
W70585540,unknown,unknown,14000000.0,4.0,2335.0,2335.0,,12.0,6.0,12.0,3.0,37.0,21.0,flat,semi-furnished,east,0,17.538237,78.480804
Q70568470,unknown,unknown,10900000.0,3.0,1825.0,1825.0,,12.0,4.0,8.0,2.0,37.0,21.0,flat,semi-furnished,east,0,17.538237,78.480804
N70568262,unknown,unknown,10800000.0,3.0,1808.0,1808.0,,12.0,5.0,8.0,2.0,0.0,21.0,flat,semi-furnished,east,0,,
W70531162,gachibowli,gachibowli,42000000.0,4.0,4070.0,4070.0,,0.0,7.0,35.0,3.0,10.0,21.0,flat,semi-furnished,east,1,17.41341,78.339447
A70531004,gachibowli,gachibowli,29800000.0,4.0,2713.0,2713.0,,0.0,10.0,35.0,3.0,10.0,21.0,flat,semi-furnished,north,0,17.41341,78.339447
N70283560,unknown,unknown,43400000.0,5.0,3006.0,3006.0,,2.5,0.0,1.0,4.0,44.0,28.0,villa,furnished,east,1,17.435053,78.366264
T70496508,unknown,unknown,7859000.0,2.0,1310.0,1310.0,,12.0,1.0,9.0,2.0,37.0,28.0,flat,semi-furnished,unknown,0,17.538237,78.480804
D70495114,unknown,unknown,9447000.0,3.0,1629.0,1629.0,,20.0,3.0,5.0,2.0,37.0,28.0,flat,semi-furnished,west,0,17.538237,78.480804
N70495024,unknown,unknown,7892000.0,2.0,1361.0,1361.0,,20.0,5.0,5.0,2.0,0.0,28.0,flat,semi-furnished,east,0,,
A70484980,unknown,unknown,7347000.0,2.0,1267.0,1267.0,,20.0,2.0,5.0,2.0,0.0,28.0,flat,semi-furnished,east,0,,
E70440490,unknown,unknown,16200000.000000002,4.0,160.0,160.0,,12.0,1.0,2.0,4.0,50.0,30.0,villa,furnished,east,0,17.3697735,78.5618265
O70439744,unknown,unknown,24300000.0,4.0,234.0,234.0,,12.0,1.0,2.0,4.0,0.0,30.0,villa,furnished,west,0,17.371384,78.671282
P70439304,unknown,unknown,19000000.0,4.0,1575.0,1575.0,,12.0,1.0,2.0,4.0,0.0,30.0,villa,furnished,east,0,17.371384,78.671282
O70124104,shanakar nagar,shanakar nagar,6800000.0,2.0,1000.0,1000.0,,0.0,3.0,5.0,2.0,47.0,30.0,flat,semi-furnished,west,1,17.495922,78.54423
O70318308,unknown,unknown,24300000.0,4.0,2106.0,2106.0,,12.0,1.0,2.0,4.0,50.0,30.0,villa,furnished,east,0,17.3697735,78.5618265
N70317718,unknown,unknown,19000000.0,4.0,1575.0,1575.0,,12.0,1.0,2.0,4.0,50.0,30.0,villa,furnished,east,0,17.3697735,78.5618265
S70315756,unknown,unknown,16200000.000000002,4.0,1440.0,1440.0,,12.0,1.0,2.0,3.0,50.0,30.0,villa,furnished,east,0,17.3697735,78.5618265
H69934448,unknown,unknown,8500000.0,2.0,1350.0,1350.0,,0.0,0.0,0.0,1.0,7.0,30.0,villa,semi-furnished,east,1,17.395199,78.64021
M69936870,unknown,unknown,13000000.0,4.0,1350.0,1350.0,,0.0,1.0,2.0,2.0,32.0,30.0,villa,semi-furnished,north,1,17.395191,78.614174
F69936814,unknown,unknown,12100000.0,4.0,1350.0,1350.0,,0.0,1.0,2.0,2.0,32.0,30.0,villa,semi-furnished,north,1,17.395191,78.614174
I68794492,madhapur,madhapur,44900000.0,5.0,4375.0,4375.0,,2.5,11.0,12.0,4.0,46.0,21.0,flat,semi-furnished,unknown,1,17.438011,78.354126
L70813594,unknown,unknown,14500000.0,4.0,1566.0,1566.0,,20.0,1.0,2.0,2.0,24.0,2.0,villa,semi-furnished,west,1,17.5113659,78.5509561
D70943562,unknown,unknown,12000000.0,4.0,1494.0,1494.0,,20.0,1.0,2.0,2.0,10.0,4.0,villa,semi-furnished,west,1,17.5351517,78.5337933
G70795976,unknown,unknown,16299999.999999998,3.0,1503.0,1503.0,,20.0,1.0,2.0,2.0,23.0,4.0,villa,semi-furnished,west,1,17.5191218,78.5417868
V70944524,unknown,unknown,12200000.0,3.0,1080.0,1080.0,,20.0,1.0,2.0,1.0,10.0,4.0,villa,semi-furnished,east,0,17.532558,78.529251
H70931596,unknown,unknown,23000000.0,4.0,3300.0,3300.0,,20.0,1.0,2.0,1.0,25.0,5.0,villa,semi-furnished,west,1,17.5268959,78.5386298
P70866588,unknown,unknown,14500000.0,4.0,1197.0,1197.0,,20.0,1.0,2.0,2.0,50.0,7.0,villa,semi-furnished,east,0,17.5133794,78.514259
O70866522,unknown,unknown,19500000.0,4.0,1485.0,1485.0,,20.0,1.0,2.0,2.0,49.0,7.0,villa,semi-furnished,north,0,17.505811,78.539781
N70813574,unknown,unknown,23000000.0,3.0,1800.0,1800.0,,20.0,1.0,2.0,2.0,49.0,7.0,villa,semi-furnished,west,0,17.505811,78.539781
Q70811716,unknown,unknown,22500000.0,5.0,1620.0,1620.0,,20.0,2.0,3.0,3.0,49.0,7.0,villa,semi-furnished,north-east,0,17.505811,78.539781
X70801080,unknown,unknown,36000000.0,6.0,2160.0,2160.0,,20.0,2.0,3.0,3.0,10.0,7.0,villa,semi-furnished,east,0,17.532558,78.529251
T70800698,unknown,unknown,9000000.0,2.0,1440.0,1440.0,,20.0,0.0,1.0,1.0,10.0,7.0,villa,semi-furnished,west,0,17.532558,78.529251
A70800582,unknown,unknown,10500000.0,3.0,1945.0,1945.0,,20.0,1.0,7.0,2.0,49.0,7.0,flat,semi-furnished,east,0,17.505811,78.539781
M70796248,unknown,unknown,10500000.0,3.0,1260.0,1260.0,,20.0,1.0,2.0,1.0,10.0,7.0,villa,semi-furnished,south,0,17.532558,78.529251
S70536492,beeramguda,beeramguda,22000000.0,3.0,4225.0,4225.0,,12.0,2.0,3.0,2.0,50.0,21.0,villa,semi-furnished,east,0,17.5090182,78.3001801
X70535798,beeramguda,beeramguda,17600000.0,3.0,3390.0,3390.0,,12.0,2.0,3.0,2.0,50.0,21.0,villa,semi-furnished,east,0,17.5090182,78.3001801
W70534554,beeramguda,beeramguda,14600000.0,3.0,2800.0,2800.0,,12.0,2.0,3.0,2.0,50.0,21.0,villa,semi-furnished,west,0,17.5090182,78.3001801
M70534340,beerumguda,beerumguda,14600000.0,3.0,2800.0,2800.0,,12.0,2.0,3.0,2.0,0.0,21.0,villa,semi-furnished,east,0,,
H70532986,nanakramguda,nanakramguda,9130000.0,3.0,1660.0,1660.0,,12.0,13.0,43.0,2.0,0.0,21.0,flat,semi-furnished,east,0,,
E70406812,unknown,unknown,15500000.0,3.0,1647.0,1647.0,,2.5,0.0,1.0,1.0,7.0,30.0,villa,semi-furnished,west,0,17.543634,78.293712
F70306246,kondapur,kondapur,7490000.000000001,2.0,1314.0,1314.0,,12.0,3.0,10.0,1.0,0.0,30.0,flat,semi-furnished,east,0,,
H70306114,tellapur,tellapur,14900000.0,3.0,2615.0,2615.0,,12.0,10.0,30.0,2.0,0.0,30.0,flat,semi-furnished,east,0,,
J70305916,tellapur,tellapur,11200000.000000002,3.0,1965.0,1965.0,,12.0,11.0,30.0,2.0,0.0,30.0,flat,semi-furnished,east,0,,
M70305564,tellapur,tellapur,10600000.0,3.0,1855.0,1855.0,,12.0,8.0,30.0,2.0,0.0,30.0,flat,semi-furnished,east,0,,
D70305222,tellapur,tellapur,9661000.0,3.0,1695.0,1695.0,,12.0,9.0,30.0,2.0,0.0,30.0,flat,semi-furnished,east,0,,
O70305022,tellapur,tellapur,7723999.999999999,2.0,1355.0,1355.0,,12.0,7.0,30.0,1.0,0.0,30.0,flat,semi-furnished,east,0,,
D70304934,alkapuri township,alkapuri township,10300000.0,3.0,1580.0,1580.0,,12.0,5.0,5.0,2.0,0.0,30.0,flat,semi-furnished,east,0,,
H70304834,alkapuri township,alkapuri township,10200000.0,3.0,1571.0,1571.0,,12.0,2.0,5.0,2.0,0.0,30.0,flat,semi-furnished,east,0,,
D70304744,alkapuri township,alkapuri township,7813000.0,2.0,1202.0,1202.0,,12.0,4.0,20.0,1.0,0.0,30.0,flat,semi-furnished,east,0,,
R70304554,puppalaguda,puppalaguda,14100000.0,3.0,2020.0,2020.0,,12.0,11.0,43.0,2.0,0.0,30.0,flat,semi-furnished,east,0,,
I70304478,puppalaguda,puppalaguda,11900000.0,3.0,1695.0,1695.0,,12.0,9.0,43.0,3.0,0.0,30.0,flat,semi-furnished,east,0,,
D70304382,puppalaguda,puppalaguda,11600000.0,3.0,1660.0,1660.0,,12.0,10.0,43.0,2.0,0.0,30.0,flat,semi-furnished,east,0,,
S70304242,manikonda,manikonda,11100000.000000002,3.0,2020.0,2020.0,,12.0,11.0,43.0,2.0,50.0,30.0,flat,semi-furnished,east,0,17.4011618,78.37569
V70304136,manikonda,manikonda,9322000.0,3.0,1695.0,1695.0,,12.0,8.0,43.0,3.0,50.0,30.0,flat,semi-furnished,east,0,17.4011618,78.37569
T70304020,manikonda,manikonda,9130000.0,3.0,1660.0,1660.0,,12.0,7.0,43.0,2.0,50.0,30.0,flat,semi-furnished,east,0,17.4011618,78.37569
D70194388,narsingi,narsingi,9130000.0,3.0,1660.0,1660.0,,12.0,5.0,43.0,1.0,25.0,30.0,flat,semi-furnished,east,0,17.3923634,78.3621784
W70154734,kondapur,kondapur,7490000.000000001,2.0,1314.0,1314.0,,12.0,3.0,10.0,1.0,49.0,30.0,flat,semi-furnished,east,0,17.38504,78.48667
P69943378,alkapoor township,alkapoor township,6859999.999999999,2.0,1153.0,1153.0,,12.0,3.0,5.0,1.0,50.0,30.0,flat,semi-furnished,east,0,17.39718420583,78.3765384351226
Y69943278,alkapoor township,alkapoor township,6146000.0,2.0,1033.0,1033.0,,12.0,3.0,5.0,1.0,50.0,30.0,flat,semi-furnished,east,0,17.39718420583,78.3765384351226
B69943184,alkapur twp,alkapur twp,6872000.0,2.0,1155.0,1155.0,,12.0,3.0,5.0,1.0,27.0,30.0,flat,semi-furnished,east,0,17.3859012168214,78.3690856485297
M69943012,manikonda,manikonda,11100000.000000002,3.0,2020.0,2020.0,,12.0,5.0,10.0,1.0,50.0,30.0,flat,semi-furnished,east,0,17.4011618,78.37569
U69942902,manikonda,manikonda,9322000.0,3.0,1695.0,1695.0,,12.0,5.0,10.0,1.0,50.0,30.0,flat,semi-furnished,east,0,17.4011618,78.37569
V69942784,manikonda,manikonda,9157000.0,3.0,1660.0,1660.0,,12.0,5.0,10.0,1.0,50.0,30.0,flat,semi-furnished,east,0,17.4011618,78.37569
H69942636,puppalaguda,puppalaguda,11100000.000000002,3.0,2020.0,2020.0,,12.0,4.0,10.0,1.0,0.0,30.0,flat,semi-furnished,east,0,,
R69942454,pupaalguda,pupaalguda,9322000.0,3.0,1695.0,1695.0,,12.0,5.0,43.0,1.0,0.0,30.0,flat,semi-furnished,east,0,,
D69942282,puppalaguda,puppalaguda,9130000.0,3.0,1660.0,1660.0,,12.0,5.0,43.0,1.0,0.0,30.0,flat,semi-furnished,east,0,,
P69941452,pragathi nagar,pragathi nagar,9179000.0,3.0,1505.0,1505.0,,12.0,4.0,7.0,1.0,50.0,30.0,flat,semi-furnished,east,0,17.5203424,78.3970205
O69941312,pragathi nagar,pragathi nagar,8081000.0,2.0,1325.0,1325.0,,12.0,4.0,7.0,1.0,50.0,30.0,flat,semi-furnished,east,0,17.5203424,78.3970205
L69941158,pragathi nagar,pragathi nagar,7715000.000000001,2.0,1265.0,1265.0,,12.0,3.0,7.0,1.0,50.0,30.0,flat,semi-furnished,east,0,17.5203424,78.3970205
B70446220,unknown,unknown,2300000.0,1.0,650.0,650.0,,0.0,1.0,3.0,1.0,10.0,30.0,flat,semi-furnished,west,0,17.5468498,78.3650231
S70324956,velimela,velimela,9476000.0,3.0,2060.0,2060.0,,12.0,4.0,9.0,2.0,0.0,30.0,flat,semi-furnished,east,0,,
B70198546,unknown,unknown,8998000.0,3.0,1636.0,1636.0,,12.0,2.0,5.0,2.0,50.0,30.0,flat,semi-furnished,west,0,17.39718420583,78.3765384351226
D69981690,kollaru,kollaru,33000000.0,4.0,3885.0,3885.0,,12.0,2.0,3.0,2.0,0.0,30.0,villa,semi-furnished,east,0,,
S69960000,unknown,unknown,8990000.0,3.0,1550.0,1550.0,,12.0,2.0,5.0,2.0,0.0,30.0,flat,semi-furnished,west,0,,
Q69959812,unknown,unknown,9332000.0,3.0,1609.0,1609.0,,12.0,2.0,5.0,2.0,50.0,30.0,flat,semi-furnished,south,0,17.3973794,78.3856447
F69959400,khajaguda,khajaguda,8990000.0,3.0,1550.0,1550.0,,12.0,2.0,5.0,2.0,48.0,30.0,flat,semi-furnished,west,0,17.41214,78.36431
F69956386,unknown,unknown,8758000.0,3.0,1510.0,1510.0,,0.0,3.0,6.0,2.0,50.0,30.0,flat,semi-furnished,east,0,17.4011618,78.37569
U69947458,manikonda,manikonda,9605000.0,3.0,1656.0,1656.0,,12.0,2.0,5.0,2.0,0.0,30.0,flat,semi-furnished,east,0,,
K69947188,manikonda,manikonda,9332000.0,3.0,1609.0,1609.0,,12.0,2.0,5.0,2.0,0.0,30.0,flat,semi-furnished,west,0,,
O69946820,manikonda,manikonda,9108000.0,3.0,1656.0,1656.0,,12.0,2.0,5.0,2.0,0.0,30.0,flat,semi-furnished,east,0,,
Y69946568,manikonda,manikonda,8998000.0,3.0,1636.0,1636.0,,12.0,2.0,5.0,2.0,0.0,30.0,flat,semi-furnished,north,0,,
Q69942968,velimela,velimela,34700000.0,4.0,4080.0,4080.0,,12.0,2.0,3.0,2.0,1.0,30.0,villa,semi-furnished,north,0,17.477415,78.227409
E69942002,velimela,velimela,27200000.000000004,4.0,3200.0,3200.0,,12.0,2.0,3.0,2.0,1.0,30.0,villa,semi-furnished,east,0,17.477415,78.227409
Y69416382,manikonda,manikonda,8850000.0,3.0,1609.0,1609.0,,12.0,2.0,5.0,2.0,0.0,30.0,flat,semi-furnished,east,0,,
J70942044,unknown,unknown,46000000.0,4.0,3750.0,3750.0,,0.0,15.0,18.0,3.0,39.0,5.0,flat,furnished,unknown,0,17.4480919,78.3787508
L70606712,unknown,unknown,15500000.0,3.0,1800.0,1800.0,,2.5,16.0,20.0,1.0,49.0,14.0,flat,furnished,east,1,17.516907,78.34283
S70686852,narsingi,narsingi,220000000.0,4.0,5900.0,5900.0,,0.0,1.0,2.0,2.0,28.0,14.0,villa,semi-furnished,east,0,17.400066,78.349083
L70658506,unknown,unknown,89200000.0,3.0,3430.0,3430.0,,0.0,20.0,36.0,2.0,13.0,14.0,flat,semi-furnished,west,0,17.4480919,78.3787508
W70486880,unknown,unknown,70000000.0,4.0,5454.0,5454.0,,12.0,40.0,40.0,2.0,50.0,28.0,flat,semi-furnished,east,0,17.3973794,78.3856447
S70486698,unknown,unknown,65000000.0,4.0,5454.0,5454.0,,12.0,35.0,39.0,2.0,50.0,28.0,flat,semi-furnished,east,0,17.3973794,78.3856447
G70486486,unknown,unknown,60000000.0,4.0,4999.0,4999.0,,12.0,30.0,40.0,2.0,50.0,28.0,flat,semi-furnished,east,0,17.3973794,78.3856447
O70485342,unknown,unknown,50000000.0,4.0,3999.0,3999.0,,12.0,25.0,40.0,2.0,50.0,28.0,flat,semi-furnished,east,0,17.3973794,78.3856447
T70174508,unknown,unknown,7500000.0,2.0,1285.0,1285.0,,12.0,9.0,17.0,1.0,12.0,30.0,flat,unfurnished,unknown,0,17.4018092,78.5601892
Z70043704,unknown,unknown,21500000.0,3.0,1834.0,1834.0,,0.0,22.0,31.0,1.0,12.0,30.0,flat,semi-furnished,west,0,17.398775,78.355493
E69928202,narsingi,narsingi,105000000.0,4.0,5090.0,5090.0,,12.0,2.0,3.0,3.0,6.0,60.0,villa,semi-furnished,west,0,17.3875416,78.3433114
H68746414,unknown,unknown,22400000.000000004,4.0,2708.0,2708.0,,12.0,25.0,35.0,2.0,13.0,7.0,flat,semi-furnished,east,0,17.402291123438,78.338167423361
H70423010,unknown,unknown,17100000.0,3.0,2430.0,2430.0,,0.0,1.0,2.0,2.0,10.0,7.0,villa,semi-furnished,east,0,17.16648,78.45784
L66096968,unknown,unknown,7452000.0,2.0,1285.0,1285.0,,12.0,13.0,14.0,1.0,0.0,7.0,flat,semi-furnished,east,0,17.443855,78.250431
L65422442,unknown,unknown,28400000.0,3.0,2164.0,2164.0,,12.0,1.0,2.0,2.0,8.0,7.0,villa,semi-furnished,north-east,0,17.47994,78.2377875
I65422206,unknown,unknown,13700000.000000002,3.0,1935.0,1935.0,,12.0,10.0,15.0,2.0,13.0,7.0,flat,semi-furnished,north-east,0,17.38169203564,78.362756536437
B69144920,unknown,unknown,16299999.999999998,3.0,1796.0,1796.0,,12.0,25.0,35.0,2.0,13.0,7.0,flat,semi-furnished,east,0,17.402291123438,78.338167423361
Q68373818,unknown,unknown,10700000.0,3.0,1790.0,1790.0,,12.0,6.0,8.0,3.0,10.0,6.0,flat,semi-furnished,east,0,17.5468498,78.3650231
A68652426,unknown,unknown,14300000.0,3.0,2310.0,2310.0,,12.0,16.0,30.0,3.0,17.0,6.0,flat,semi-furnished,east,0,17.4664197,78.285342
X68652218,unknown,unknown,11700000.0,3.0,1885.0,1885.0,,12.0,16.0,30.0,3.0,17.0,6.0,flat,semi-furnished,east,0,17.4664197,78.285342
X68373150,unknown,unknown,6677000.0,2.0,1214.0,1214.0,,12.0,7.0,14.0,2.0,10.0,6.0,flat,semi-furnished,east,0,17.5468498,78.3650231
F69788108,unknown,unknown,7000000.0,2.0,1300.0,1300.0,,12.0,10.0,16.0,2.0,0.0,6.0,flat,semi-furnished,east,0,17.443855,78.250431
T68373114,unknown,unknown,3800000.0,1.0,607.0,607.0,,12.0,5.0,14.0,1.0,10.0,6.0,flat,semi-furnished,east,0,17.5468498,78.3650231
K68482820,unknown,unknown,5069000.0,2.0,1300.0,1300.0,,12.0,6.0,15.0,2.0,0.0,6.0,flat,semi-furnished,east,0,17.434448,78.242669
O68529256,unknown,unknown,8547000.0,2.0,1315.0,1315.0,,12.0,23.0,36.0,2.0,5.0,6.0,flat,semi-furnished,east,0,17.407463,78.363222
I68549060,unknown,unknown,11299999.999999998,3.0,1710.0,1710.0,,12.0,25.0,36.0,2.0,50.0,6.0,flat,semi-furnished,east,0,17.4011618,78.37569
B68508672,unknown,unknown,9994000.0,2.0,1315.0,1315.0,,12.0,21.0,36.0,2.0,50.0,6.0,flat,semi-furnished,east,0,17.3973794,78.3856447
E68630406,unknown,unknown,65000000.0,4.0,4222.0,4222.0,,0.0,1.0,2.0,3.0,50.0,6.0,villa,semi-furnished,east,0,17.500673,78.42039
Z68651822,unknown,unknown,8401000.0,2.0,1355.0,1355.0,,12.0,14.0,30.0,2.0,17.0,6.0,flat,semi-furnished,east,0,17.4664197,78.285342
F68630634,unknown,unknown,82000000.0,4.0,5420.0,5420.0,,0.0,1.0,2.0,4.0,50.0,6.0,villa,semi-furnished,east,0,17.500673,78.42039
O68652058,unknown,unknown,10500000.0,3.0,1695.0,1695.0,,12.0,22.0,30.0,3.0,17.0,6.0,flat,semi-furnished,east,0,17.4664197,78.285342
Z69788344,unknown,unknown,11600000.0,3.0,1660.0,1660.0,,12.0,37.0,43.0,2.0,50.0,6.0,flat,semi-furnished,east,0,17.3973794,78.3856447
J69788536,unknown,unknown,11800000.0,3.0,1690.0,1690.0,,12.0,30.0,43.0,3.0,50.0,6.0,flat,semi-furnished,east,0,17.3973794,78.3856447
P69788756,unknown,unknown,14100000.0,3.0,2020.0,2020.0,,12.0,20.0,43.0,3.0,50.0,6.0,flat,semi-furnished,east,0,17.3973794,78.3856447
Z69789192,unknown,unknown,39900000.0,4.0,5695.0,5695.0,,12.0,22.0,43.0,4.0,50.0,6.0,villa,semi-furnished,east,0,17.3973794,78.3856447
D69789010,unknown,unknown,20300000.0,3.0,2895.0,2895.0,,12.0,17.0,43.0,3.0,50.0,6.0,flat,semi-furnished,east,0,17.3973794,78.3856447
N69794848,unknown,unknown,15200000.0,3.0,1900.0,1900.0,,12.0,8.0,12.0,3.0,50.0,6.0,flat,semi-furnished,east,0,17.4011618,78.37569
R69794992,unknown,unknown,19400000.0,3.0,2420.0,2420.0,,12.0,5.0,12.0,3.0,50.0,6.0,flat,semi-furnished,east,0,17.3973794,78.3856447
L68549122,unknown,unknown,8253000.0,2.0,1310.0,1310.0,,0.0,5.0,9.0,2.0,50.0,6.0,flat,semi-furnished,west,0,17.370955,78.50661
I68549136,unknown,unknown,11800000.0,3.0,1880.0,1880.0,,0.0,6.0,9.0,3.0,50.0,6.0,flat,semi-furnished,east,0,17.370955,78.50661
B68372958,unknown,unknown,60199999.99999999,4.0,4013.0,4013.0,,0.0,1.0,2.0,3.0,50.0,6.0,villa,semi-furnished,east,0,17.492628,78.440895
H68630132,unknown,unknown,65000000.0,4.0,4222.0,4222.0,,0.0,1.0,2.0,3.0,50.0,6.0,villa,semi-furnished,east,0,17.500673,78.42039
X68630022,unknown,unknown,64500000.0,4.0,4222.0,4222.0,,0.0,1.0,2.0,3.0,50.0,6.0,villa,semi-furnished,west,0,17.500673,78.42039
S68313564,unknown,unknown,35500000.0,4.0,2700.0,2700.0,,0.0,1.0,2.0,1.0,8.0,6.0,villa,semi-furnished,west,0,17.443354,78.182044
Q68630278,unknown,unknown,65000000.0,4.0,4222.0,4222.0,,0.0,1.0,2.0,3.0,50.0,6.0,villa,semi-furnished,west,0,17.500673,78.42039
D69621612,unknown,unknown,38000000.0,4.0,3800.0,3800.0,,0.0,1.0,2.0,2.0,0.0,14.0,villa,semi-furnished,west,0,17.446234,78.1502
W69620446,unknown,unknown,33000000.0,4.0,3296.0,3296.0,,0.0,1.0,2.0,2.0,0.0,14.0,villa,semi-furnished,east,0,17.446234,78.1502
P69620762,unknown,unknown,32000000.0,4.0,3196.0,3196.0,,0.0,1.0,2.0,2.0,0.0,14.0,villa,semi-furnished,west,0,17.446234,78.1502
S69620724,unknown,unknown,32000000.0,4.0,3196.0,3196.0,,0.0,1.0,2.0,2.0,49.0,14.0,villa,semi-furnished,east,0,17.504074,78.3316
R69620270,unknown,unknown,32000000.0,4.0,3196.0,3196.0,,0.0,1.0,2.0,2.0,50.0,14.0,villa,semi-furnished,east,0,17.496073,78.4197
Z69621340,unknown,unknown,35500000.0,4.0,3500.0,3500.0,,0.0,1.0,2.0,2.0,50.0,14.0,villa,semi-furnished,east,0,17.496073,78.4197
I69620222,unknown,unknown,34800000.0,4.0,3466.0,3466.0,,0.0,1.0,2.0,2.0,50.0,14.0,villa,semi-furnished,west,0,17.50066,78.42039
N69621436,unknown,unknown,35500000.0,4.0,3500.0,3500.0,,0.0,1.0,2.0,2.0,50.0,14.0,villa,semi-furnished,west,0,17.50066,78.42039
B69620354,unknown,unknown,33000000.0,4.0,3296.0,3296.0,,0.0,1.0,2.0,2.0,50.0,14.0,villa,semi-furnished,west,0,17.50066,78.42039
B69621558,unknown,unknown,38000000.0,4.0,3800.0,3800.0,,0.0,1.0,2.0,2.0,50.0,14.0,villa,semi-furnished,west,0,17.50066,78.42039
D69620620,unknown,unknown,51000000.0,4.0,3400.0,3400.0,,0.0,1.0,2.0,2.0,50.0,14.0,villa,semi-furnished,west,0,17.50066,78.42039
A69019926,unknown,unknown,5752000.0,2.0,1162.0,1162.0,,0.0,3.0,5.0,2.0,50.0,14.0,flat,semi-furnished,west,1,17.527586,78.424164
I69019832,unknown,unknown,7445000.0,3.0,1504.0,1504.0,,0.0,3.0,5.0,3.0,50.0,14.0,flat,semi-furnished,north,1,17.527586,78.424164
V69391544,unknown,unknown,23600000.0,3.0,2250.0,2250.0,,0.0,5.0,10.0,3.0,50.0,14.0,flat,semi-furnished,east,1,17.527586,78.424164
R69390858,unknown,unknown,23100000.0,3.0,2200.0,2200.0,,0.0,4.0,10.0,3.0,50.0,14.0,flat,semi-furnished,east,1,17.52793,78.42401
O69389974,unknown,unknown,18700000.0,3.0,1870.0,1870.0,,0.0,7.0,10.0,3.0,50.0,14.0,flat,semi-furnished,east,1,17.527586,78.424164
J69391202,unknown,unknown,30000000.0,4.0,2860.0,2860.0,,0.0,6.0,10.0,4.0,50.0,14.0,flat,semi-furnished,west,1,17.52793,78.42401
K69390622,unknown,unknown,20000000.0,3.0,1890.0,1890.0,,0.0,7.0,10.0,3.0,50.0,14.0,flat,semi-furnished,east,1,17.527527,78.42411
I69301292,unknown,unknown,6001000.0,2.0,1091.0,1091.0,,0.0,4.0,5.0,1.0,50.0,28.0,flat,semi-furnished,east,1,17.500662,78.42037
J69301276,unknown,unknown,5753000.0,2.0,1046.0,1046.0,,0.0,4.0,5.0,1.0,50.0,28.0,flat,semi-furnished,north,1,17.500662,78.42037
R69301310,unknown,unknown,8481000.0,3.0,1542.0,1542.0,,0.0,3.0,5.0,3.0,50.0,28.0,flat,semi-furnished,west,1,17.500671,78.4204
E69301298,unknown,unknown,8674000.0,3.0,1577.0,1577.0,,0.0,3.0,5.0,3.0,50.0,28.0,flat,semi-furnished,west,1,17.500671,78.4204
X69301328,unknown,unknown,5775000.0,2.0,1050.0,1050.0,,0.0,3.0,5.0,1.0,49.0,28.0,flat,semi-furnished,west,1,17.500488,78.41645
W69033646,unknown,unknown,10800000.0,3.0,1590.0,1590.0,,12.0,32.0,47.0,3.0,50.0,30.0,flat,semi-furnished,east,0,17.509181,78.3521088
Q68769896,unknown,unknown,9048000.0,3.0,1616.0,1616.0,,12.0,11.0,14.0,3.0,50.0,30.0,flat,semi-furnished,east,0,17.5203424,78.3970205
L68769870,unknown,unknown,7044000.0,2.0,1258.0,1258.0,,12.0,9.0,14.0,2.0,50.0,30.0,flat,semi-furnished,east,0,17.5203424,78.3970205
G68566364,unknown,unknown,12500000.0,3.0,1845.0,1845.0,,12.0,14.0,28.0,3.0,1.0,30.0,flat,semi-furnished,east,0,17.442196,78.280067
Q68566294,unknown,unknown,9452000.0,2.0,1390.0,1390.0,,12.0,17.0,28.0,2.0,17.0,30.0,flat,semi-furnished,east,0,17.4664197,78.285342
G68372442,unknown,unknown,8047000.0,2.0,1238.0,1238.0,,12.0,5.0,15.0,2.0,10.0,30.0,flat,semi-furnished,east,0,17.5468498,78.3650231
K68340756,unknown,unknown,12700000.0,3.0,1960.0,1960.0,,12.0,11.0,15.0,2.0,50.0,30.0,flat,semi-furnished,east,0,17.509181,78.3521088
T68339370,unknown,unknown,7033000.0,2.0,1082.0,1082.0,,12.0,7.0,15.0,2.0,50.0,30.0,flat,semi-furnished,east,0,17.509181,78.3521088
G68339058,unknown,unknown,6818000.000000001,2.0,1049.0,1049.0,,12.0,8.0,15.0,2.0,50.0,30.0,flat,semi-furnished,east,0,17.509181,78.3521088
I68314904,unknown,unknown,7511000.0,2.0,1295.0,1295.0,,12.0,8.0,13.0,2.0,1.0,30.0,flat,semi-furnished,unknown,0,17.442196,78.280067
G68314932,unknown,unknown,8532000.0,3.0,1471.0,1471.0,,12.0,7.0,13.0,2.0,1.0,30.0,flat,semi-furnished,east,0,17.442196,78.280067
S68314916,unknown,unknown,7917000.0,3.0,1365.0,1365.0,,12.0,7.0,13.0,2.0,1.0,30.0,flat,semi-furnished,east,0,17.442196,78.280067
Z68314950,unknown,unknown,11100000.000000002,3.0,1921.0,1921.0,,12.0,9.0,13.0,2.0,1.0,30.0,flat,semi-furnished,east,0,17.442196,78.280067
Q68314986,unknown,unknown,6784000.0,2.0,1280.0,1280.0,,12.0,6.0,15.0,2.0,0.0,30.0,flat,semi-furnished,east,0,17.443855,78.250431
H68769676,unknown,unknown,9108000.0,2.0,1380.0,1380.0,,12.0,10.0,15.0,2.0,12.0,30.0,flat,semi-furnished,east,0,17.512402,78.383902
L68769756,unknown,unknown,11000000.0,3.0,1660.0,1660.0,,12.0,7.0,15.0,2.0,50.0,30.0,flat,semi-furnished,east,0,17.5179636,78.3813785
T69150820,unknown,unknown,7500000.0,2.0,1295.0,1295.0,,12.0,11.0,18.0,2.0,10.0,30.0,flat,semi-furnished,east,0,17.5468498,78.3650231
O68769820,unknown,unknown,11100000.000000002,3.0,1680.0,1680.0,,12.0,11.0,15.0,3.0,47.0,30.0,flat,semi-furnished,east,0,17.49479,78.39964
L69150912,unknown,unknown,9603000.0,3.0,1670.0,1670.0,,12.0,11.0,18.0,3.0,10.0,30.0,flat,semi-furnished,east,0,17.5468498,78.3650231
V67260904,unknown,unknown,30000000.0,5.0,5000.0,5000.0,,12.0,1.0,2.0,3.0,47.0,60.0,villa,unfurnished,east,0,17.4359437,78.3416731
N70934810,unknown,unknown,48000000.0,4.0,3792.0,3792.0,,12.0,2.0,3.0,3.0,4.0,5.0,villa,semi-furnished,east,0,17.443855,78.250431
A70813580,unknown,unknown,120000000.0,5.0,5000.0,5000.0,,2.5,2.0,2.0,3.0,4.0,7.0,flat,semi-furnished,east,0,17.385392,78.33106
E70687316,unknown,unknown,165000000.0,5.0,7200.0,7200.0,,0.0,2.0,3.0,3.0,26.0,14.0,villa,semi-furnished,north-east,0,17.40223,78.3444
S70398580,unknown,unknown,66500000.0,4.0,4001.0,4001.0,,20.0,2.0,3.0,3.0,17.0,30.0,villa,semi-furnished,unknown,0,17.4664197,78.285342
C70348248,unknown,unknown,53500000.0,4.0,3901.0,3901.0,,20.0,2.0,3.0,3.0,0.0,30.0,villa,semi-furnished,unknown,0,17.443354,78.182044
Q70267616,unknown,unknown,25000000.0,3.0,2030.0,2030.0,,0.0,6.0,6.0,2.0,42.0,30.0,flat,semi-furnished,east,0,17.45506,78.36797
O70253656,unknown,unknown,50000000.0,4.0,3800.0,3800.0,,20.0,2.0,3.0,3.0,1.0,30.0,villa,semi-furnished,east,0,17.442196,78.280067
C70165352,unknown,unknown,12300000.0,2.0,1342.0,1342.0,,12.0,16.0,32.0,1.0,10.0,30.0,flat,semi-furnished,east,0,17.3973794,78.3856447
W70112426,unknown,unknown,50000000.0,4.0,3405.0,3405.0,,12.0,2.0,3.0,2.0,15.0,30.0,villa,semi-furnished,east,0,17.4563368,78.2967816
H70045928,unknown,unknown,22000000.0,3.0,2425.0,2425.0,,0.0,6.0,8.0,3.0,49.0,30.0,flat,furnished,north-east,1,17.4609913,78.3532083
O70029876,unknown,unknown,16299999.999999998,3.0,1945.0,1945.0,,20.0,8.0,12.0,2.0,15.0,30.0,flat,semi-furnished,east,0,17.40223,78.3444
X69682702,unknown,unknown,7800000.0,3.0,1400.0,1400.0,,2.5,2.0,5.0,1.0,49.0,60.0,flat,furnished,east,1,17.368312,78.433242
K71003292,gopanpally,gopanpally,15500000.0,3.0,1785.0,1785.0,,0.0,5.0,30.0,1.0,12.0,0.0,flat,semi-furnished,east,1,17.435795,78.3012
U71003306,gopanpally,gopanpally,11600000.0,2.0,1350.0,1350.0,,0.0,12.0,30.0,1.0,12.0,0.0,flat,semi-furnished,north-east,1,17.435795,78.3012
V71003426,nallagandla,nallagandla,18000000.0,3.0,1945.0,1945.0,,0.0,5.0,22.0,1.0,9.0,0.0,flat,semi-furnished,north,1,17.450583,78.42441
K71003370,gopanpally,gopanpally,11600000.0,2.0,1365.0,1365.0,,0.0,12.0,30.0,1.0,12.0,2.0,flat,semi-furnished,east,0,,
I70954694,unknown,unknown,17500000.0,3.0,1855.0,1855.0,,0.0,11.0,25.0,2.0,13.0,4.0,flat,semi-furnished,west,0,17.47078,78.30668
M70740580,gopanpally,gopanpally,11600000.0,2.0,1350.0,1350.0,,0.0,15.0,30.0,1.0,12.0,7.0,flat,semi-furnished,north-east,1,,
G70868934,gopanpally,gopanpally,15500000.0,3.0,1785.0,1785.0,,0.0,5.0,30.0,2.0,12.0,7.0,flat,semi-furnished,east,1,,
D70870244,unknown,unknown,13000000.0,2.0,1400.0,1400.0,,12.0,2.0,5.0,2.0,50.0,7.0,flat,semi-furnished,north-east,0,17.4295317,78.41266
C70866808,nallagandla,nallagandla,18000000.0,3.0,1945.0,1945.0,,0.0,5.0,22.0,1.0,9.0,7.0,flat,semi-furnished,east,1,17.47078,78.30668
O70740484,nallagandla,nallagandla,13000000.0,2.0,1345.0,1345.0,,0.0,12.0,25.0,1.0,13.0,7.0,flat,semi-furnished,east,1,17.47078,78.30668
P70533958,nallagandla,nallagandla,13200000.0,2.0,1345.0,1345.0,,0.0,22.0,25.0,1.0,13.0,7.0,flat,semi-furnished,east,1,17.47078,78.30668
Q70642058,shankarpally,shankarpally,2057000.0,1.0,2178.0,2178.0,,12.0,0.0,1.0,0.0,0.0,21.0,house,semi-furnished,east,0,17.42169,78.21842
I70612396,unknown,unknown,6350000.0,2.0,1270.0,1270.0,,12.0,8.0,17.0,1.0,0.0,21.0,flat,semi-furnished,east,0,17.443855,78.250431
Q70611942,unknown,unknown,6250000.0,2.0,1250.0,1250.0,,12.0,9.0,17.0,1.0,0.0,21.0,flat,semi-furnished,east,0,17.443855,78.250431
J70597412,unknown,unknown,19500000.0,3.0,2000.0,2000.0,,20.0,19.0,31.0,2.0,13.0,21.0,flat,semi-furnished,unknown,0,17.465823,78.407845
B70596896,unknown,unknown,32000000.0,4.0,3333.0,3333.0,,12.0,14.0,28.0,1.0,25.0,21.0,flat,semi-furnished,east,0,17.392812,78.362945
N70448162,unknown,unknown,11000000.0,2.0,1350.0,1350.0,,12.0,15.0,30.0,1.0,12.0,30.0,flat,semi-furnished,east,0,,
P69684432,unknown,unknown,19900000.0,4.0,3392.0,3392.0,,12.0,1.0,2.0,3.0,34.0,7.0,villa,semi-furnished,east,0,17.5238479933976,78.3227692229911
U69663754,unknown,unknown,19900000.0,4.0,3392.0,3392.0,,12.0,1.0,2.0,3.0,7.0,7.0,villa,semi-furnished,east,0,17.543634,78.293712
Z70178244,unknown,unknown,28300000.0,4.0,200.0,200.0,,12.0,2.0,3.0,3.0,0.0,30.0,villa,semi-furnished,east,0,17.443354,78.182044
Q70106050,unknown,unknown,7498999.999999999,2.0,1250.0,1250.0,,12.0,4.0,5.0,2.0,50.0,30.0,flat,semi-furnished,east,0,17.457104,78.539909
D70105920,unknown,unknown,6988000.0,2.0,1165.0,1165.0,,12.0,3.0,5.0,2.0,50.0,30.0,flat,semi-furnished,east,0,17.457104,78.539909
G70094334,unknown,unknown,7464000.0,2.0,1185.0,1185.0,,12.0,5.0,8.0,2.0,50.0,30.0,flat,semi-furnished,east,0,17.509181,78.3521088
J70666186,gachibowli,gachibowli,20500000.0,4.0,2644.0,2644.0,,0.0,13.0,18.0,2.0,13.0,14.0,flat,furnished,east,1,17.4359437,78.3416731
J70664110,financial district,financial district,16800000.0,4.0,2644.0,2644.0,,0.0,13.0,18.0,2.0,47.0,14.0,flat,semi-furnished,east,1,17.4359437,78.3416731
I70663746,financial district,financial district,16500000.0,3.0,2000.0,2000.0,,0.0,7.0,9.0,2.0,32.0,14.0,flat,semi-furnished,north,1,17.41254,78.34346
X70270432,gachibowli,gachibowli,9800000.0,2.0,1282.0,1282.0,,20.0,9.0,22.0,1.0,13.0,30.0,flat,furnished,west,0,17.4359437,78.3416731
A68820274,unknown,unknown,9300000.0,2.0,990.0,990.0,,0.0,1.0,4.0,2.0,46.0,3.0,flat,unfurnished,unknown,0,17.4164707,78.4382469
T69497016,unknown,unknown,36400000.0,4.0,3165.0,3165.0,,20.0,11.0,21.0,3.0,11.0,7.0,flat,semi-furnished,west,0,17.4609913,78.3532083
U69678658,unknown,unknown,23000000.0,3.0,2400.0,2400.0,,20.0,3.0,9.0,1.0,4.0,7.0,flat,semi-furnished,west,0,17.385392,78.33106
B69002758,kondapur,kondapur,46000000.0,4.0,3405.0,3405.0,,20.0,14.0,19.0,2.0,4.0,30.0,flat,semi-furnished,east,0,17.4609913,78.3532083
I70907410,unknown,unknown,14500000.0,3.0,1350.0,1350.0,,20.0,1.0,2.0,2.0,49.0,7.0,villa,semi-furnished,east,0,17.38504,78.48667
O70684158,unknown,unknown,54000000.0,3.0,3180.0,3180.0,,2.5,18.0,18.0,2.0,34.0,7.0,flat,furnished,east,1,17.412388,78.347496
S70825084,krishna reddy pet,krishna reddy pet,4000000.0,2.0,1000.0,1000.0,,20.0,1.0,4.0,1.0,4.0,7.0,flat,semi-furnished,unknown,1,17.5449767,78.2963708
H70825156,unknown,unknown,4920000.0,2.0,1230.0,1230.0,,20.0,2.0,4.0,1.0,4.0,7.0,flat,semi-furnished,unknown,1,17.5450879,78.296169
H70561802,unknown,unknown,4066000.0,2.0,1070.0,1070.0,,20.0,3.0,4.0,1.0,5.0,7.0,flat,semi-furnished,east,1,17.5428855,78.2947306
X70843772,unknown,unknown,43300000.0,4.0,3939.0,3939.0,,20.0,11.0,27.0,3.0,26.0,7.0,flat,semi-furnished,east,0,17.40223,78.3444
D70773182,unknown,unknown,34000000.0,6.0,1620.0,1620.0,,2.5,1.0,2.0,3.0,50.0,14.0,villa,furnished,north-east,0,17.4011618,78.37569
M70561668,krishna reddy pet,krishna reddy pet,3933000.0,2.0,1035.0,1035.0,,0.0,2.0,4.0,1.0,50.0,21.0,flat,semi-furnished,north,0,17.536121,78.289779
U70376422,unknown,unknown,29500000.0,4.0,2848.0,2848.0,,20.0,8.0,35.0,3.0,10.0,30.0,flat,semi-furnished,north-east,1,17.4158429,78.3414671
B70386412,unknown,unknown,39000000.0,4.0,2848.0,2848.0,,20.0,30.0,35.0,3.0,10.0,30.0,flat,furnished,north,0,17.4359437,78.3416731
E70350956,unknown,unknown,13000000.0,2.0,1375.0,1375.0,,20.0,15.0,25.0,2.0,13.0,30.0,flat,semi-furnished,east,0,17.47078,78.30668
R70350790,unknown,unknown,21000000.0,3.0,1875.0,1875.0,,20.0,18.0,25.0,1.0,13.0,30.0,flat,semi-furnished,west,0,17.47078,78.30668
T70128098,unknown,unknown,4900000.0,2.0,900.0,900.0,,0.0,0.0,1.0,1.0,6.0,30.0,villa,semi-furnished,east,1,17.435904,78.66222
H70128130,unknown,unknown,5900000.0,2.0,1134.0,1134.0,,0.0,0.0,1.0,1.0,6.0,30.0,villa,semi-furnished,east,1,17.435904,78.66222
Q70128028,unknown,unknown,5800000.0,2.0,1134.0,1134.0,,0.0,0.0,1.0,1.0,6.0,30.0,villa,semi-furnished,east,1,17.435904,78.66222
B70127006,unknown,unknown,4800000.0,2.0,900.0,900.0,,0.0,0.0,1.0,1.0,6.0,30.0,villa,semi-furnished,east,1,17.435904,78.66222
D70128152,unknown,unknown,7600000.0,2.0,1350.0,1350.0,,0.0,0.0,1.0,1.0,6.0,30.0,villa,semi-furnished,east,1,17.435904,78.66222
O70128066,unknown,unknown,7500000.0,2.0,1350.0,1350.0,,0.0,0.0,1.0,1.0,6.0,30.0,villa,semi-furnished,east,1,17.435904,78.66222
T70128204,unknown,unknown,4850000.0,2.0,1134.0,1134.0,,0.0,0.0,1.0,1.0,6.0,30.0,villa,semi-furnished,east,1,17.435904,78.66222
Q70101262,unknown,unknown,7000000.0,2.0,1353.0,1353.0,,12.0,12.0,33.0,1.0,15.0,30.0,flat,semi-furnished,east,0,17.5468498,78.3650231
R70031772,unknown,unknown,14700000.0,3.0,1840.0,1840.0,,12.0,10.0,22.0,2.0,15.0,30.0,flat,semi-furnished,east,0,17.39652,78.33813
Y69928344,unknown,unknown,23400000.0,3.0,2165.0,2165.0,,0.0,13.0,20.0,4.0,48.0,60.0,flat,furnished,west,0,17.42278,78.34724
U70929846,unknown,unknown,4500000.0,2.0,1300.0,1300.0,,12.0,8.0,12.0,2.0,1.0,5.0,flat,semi-furnished,east,0,17.492871,78.239079
R70862138,unknown,unknown,35000000.0,4.0,3300.0,3300.0,,0.0,3.0,4.0,3.0,4.0,7.0,flat,semi-furnished,east,1,17.261839,78.54463
G69644118,unknown,unknown,17000000.0,4.0,3200.0,3200.0,,12.0,2.0,3.0,3.0,49.0,7.0,villa,semi-furnished,east,0,17.38504,78.48667
I69628790,unknown,unknown,21000000.0,4.0,3900.0,3900.0,,12.0,2.0,3.0,3.0,1.0,7.0,villa,semi-furnished,east,0,17.477415,78.227409
P70868908,unknown,unknown,9000000.0,3.0,1972.0,1972.0,,12.0,1.0,2.0,2.0,3.0,7.0,villa,semi-furnished,east,0,17.20869,78.47603
P69641820,unknown,unknown,4550000.0,2.0,1300.0,1300.0,,20.0,6.0,12.0,2.0,49.0,7.0,flat,semi-furnished,east,0,17.38504,78.48667
X70423238,nallagandla,nallagandla,6948999.999999999,2.0,1110.0,1110.0,,20.0,3.0,5.0,1.0,12.0,7.0,flat,semi-furnished,east,1,17.4519826,78.3010732
A70810528,unknown,unknown,4160000.0,2.0,1300.0,1300.0,,12.0,6.0,18.0,1.0,0.0,7.0,flat,semi-furnished,east,0,17.443855,78.250431
J70809204,unknown,unknown,9500000.0,3.0,2100.0,2100.0,,12.0,1.0,2.0,2.0,49.0,7.0,villa,semi-furnished,east,0,17.38504,78.48667
V70779330,unknown,unknown,20800000.0,2.0,200.0,200.0,,20.0,2.0,3.0,1.0,0.0,14.0,villa,semi-furnished,east,0,17.23238,78.53542
F70772070,unknown,unknown,16500000.0,3.0,1620.0,1620.0,,12.0,2.0,3.0,2.0,10.0,14.0,villa,semi-furnished,east,0,17.20869,78.47603
R70756430,unknown,unknown,4234000.0,2.0,1323.0,1323.0,,12.0,9.0,18.0,1.0,1.0,14.0,flat,semi-furnished,east,0,17.477415,78.227409
B69524758,engineers enclave,engineers enclave,10300000.0,3.0,1495.0,1495.0,,12.0,1.0,5.0,2.0,49.0,14.0,flat,semi-furnished,north,0,17.4935372949898,78.3334688198802
H69544066,unknown,unknown,8613000.0,3.0,1595.0,1595.0,,12.0,4.0,9.0,3.0,15.0,14.0,flat,semi-furnished,east,0,17.443855,78.250431
O60717886,unknown,unknown,8000000.0,3.0,1595.0,1595.0,,12.0,5.0,9.0,2.0,15.0,14.0,flat,semi-furnished,west,0,17.442808522517012,78.24057508260012
N70629406,unknown,unknown,9000000.0,2.0,1210.0,1210.0,,0.0,9.0,9.0,1.0,12.0,14.0,flat,semi-furnished,north,1,17.3923634,78.3621784
J70664648,unknown,unknown,21800000.0,2.0,30222.0,30222.0,,20.0,2.0,3.0,1.0,6.0,14.0,villa,semi-furnished,east,0,17.558119,78.278593
X70501980,unknown,unknown,5100000.0,2.0,1110.0,1110.0,,2.5,2.0,5.0,2.0,50.0,28.0,flat,furnished,north,1,17.5224154,78.3840994
P70425338,unknown,unknown,13300000.0,3.0,2300.0,2300.0,,0.0,4.0,5.0,2.0,50.0,30.0,flat,semi-furnished,east,1,17.388365,78.56378
H70423156,unknown,unknown,13300000.0,3.0,2300.0,2300.0,,0.0,5.0,5.0,2.0,50.0,30.0,flat,semi-furnished,east,1,17.390257,78.57213
T70422940,unknown,unknown,13300000.0,3.0,2300.0,2300.0,,0.0,4.0,5.0,2.0,50.0,30.0,flat,unfurnished,west,1,17.390257,78.57213
D70422886,unknown,unknown,13300000.0,3.0,2300.0,2300.0,,0.0,3.0,5.0,2.0,50.0,30.0,flat,semi-furnished,east,1,17.390257,78.57213
C70422662,unknown,unknown,13300000.0,3.0,2300.0,2300.0,,0.0,2.0,5.0,2.0,50.0,30.0,flat,semi-furnished,east,1,17.390257,78.57213
U70361534,unknown,unknown,14000000.0,2.0,1395.0,1395.0,,0.0,4.0,9.0,1.0,4.0,30.0,flat,furnished,east,1,17.385392,78.33106
S70341472,unknown,unknown,37500000.0,3.0,3000.0,3000.0,,2.5,5.0,5.0,1.0,22.0,30.0,flat,furnished,east,1,17.397753,78.3397
P70262548,unknown,unknown,11000000.0,3.0,1453.0,1453.0,,12.0,1.0,2.0,1.0,33.0,30.0,villa,semi-furnished,north-east,0,17.406421,78.616398
F70016908,unknown,unknown,13000000.0,3.0,1595.0,1595.0,,0.0,8.0,9.0,2.0,12.0,30.0,flat,semi-furnished,east,1,17.5514,78.38552
H70255816,unknown,unknown,60000000.0,3.0,350.0,350.0,,0.0,2.0,3.0,2.0,17.0,30.0,villa,semi-furnished,west,0,17.4664197,78.285342
T70244868,unknown,unknown,28500000.0,4.0,2250.0,2250.0,,12.0,1.0,2.0,2.0,3.0,30.0,villa,semi-furnished,east,0,17.284328,78.471841
B70070732,unknown,unknown,13700000.000000002,3.0,2103.0,2103.0,,0.0,1.0,2.0,2.0,50.0,30.0,villa,semi-furnished,east,1,17.308659,78.58336
E70070610,unknown,unknown,9996000.0,3.0,1401.0,1401.0,,0.0,1.0,2.0,2.0,50.0,30.0,villa,semi-furnished,west,1,17.308659,78.58336
A70070670,unknown,unknown,11800000.0,3.0,1680.0,1680.0,,0.0,1.0,2.0,2.0,50.0,30.0,villa,semi-furnished,east,1,17.308659,78.58336
Y70070784,unknown,unknown,14100000.0,3.0,2274.0,2274.0,,0.0,1.0,2.0,2.0,50.0,30.0,villa,semi-furnished,east,1,17.309927,78.58325
R69982106,unknown,unknown,17000000.0,3.0,1665.0,1665.0,,0.0,14.0,14.0,1.0,10.0,30.0,flat,furnished,east,1,17.449425,78.39682
U69952728,unknown,unknown,6800000.0,2.0,1245.0,1245.0,,0.0,6.0,6.0,1.0,50.0,30.0,flat,semi-furnished,west,0,17.516217,78.44972
C69940656,unknown,unknown,6800000.0,2.0,1285.0,1285.0,,12.0,6.0,14.0,1.0,13.0,30.0,flat,semi-furnished,east,0,17.5468498,78.3650231
H69940642,unknown,unknown,9000000.0,3.0,1657.0,1657.0,,12.0,5.0,10.0,2.0,49.0,30.0,flat,semi-furnished,east,0,17.38504,78.48667
J69940440,unknown,unknown,7000000.0,2.0,1317.0,1317.0,,12.0,3.0,10.0,2.0,49.0,30.0,flat,semi-furnished,east,0,17.38504,78.48667
O69921752,unknown,unknown,13500000.0,3.0,1638.0,1638.0,,12.0,14.0,20.0,1.0,4.0,60.0,flat,semi-furnished,west,0,17.349758,78.360196
T69705824,unknown,unknown,25000000.0,4.0,4000.0,4000.0,,12.0,2.0,3.0,3.0,49.0,7.0,villa,semi-furnished,east,0,17.38504,78.48667
P65541252,unknown,unknown,35700000.0,4.0,300.0,300.0,,12.0,2.0,3.0,2.0,10.0,60.0,villa,semi-furnished,west,0,17.20869,78.47603
N70995036,unknown,unknown,22500000.0,3.0,2100.0,2100.0,,7.5,4.0,5.0,0.0,49.0,2.0,flat,semi-furnished,south,0,17.401138,78.455748
F70824308,unknown,unknown,11200000.000000002,3.0,1865.0,1865.0,,0.0,3.0,6.0,3.0,4.0,7.0,flat,semi-furnished,west,1,17.544794,78.296364
T70816768,unknown,unknown,11600000.0,3.0,1850.0,1850.0,,0.0,3.0,6.0,3.0,4.0,7.0,flat,semi-furnished,west,1,17.544794,78.296364
U70816914,unknown,unknown,9200000.0,3.0,1750.0,1750.0,,0.0,3.0,5.0,2.0,50.0,7.0,flat,semi-furnished,west,1,17.401445,78.37764
A70816870,unknown,unknown,8500000.0,3.0,1600.0,1600.0,,0.0,3.0,5.0,2.0,50.0,7.0,flat,semi-furnished,west,1,17.401445,78.37764
T70816714,unknown,unknown,8800000.0,3.0,1400.0,1400.0,,0.0,3.0,5.0,2.0,50.0,7.0,flat,furnished,west,1,17.401445,78.37764
F70816818,unknown,unknown,10800000.0,3.0,1617.0,1617.0,,0.0,3.0,5.0,2.0,50.0,7.0,flat,furnished,west,1,17.401394,78.37739
N70845354,unknown,unknown,6900000.0,2.0,1150.0,1150.0,,0.0,6.0,6.0,2.0,50.0,7.0,flat,semi-furnished,west,1,17.401394,78.37739
F70816942,unknown,unknown,7498000.0,2.0,1250.0,1250.0,,0.0,3.0,6.0,2.0,50.0,7.0,flat,semi-furnished,west,1,17.41102,78.38512
J70845428,unknown,unknown,7200000.0,2.0,1200.0,1200.0,,0.0,6.0,6.0,2.0,50.0,7.0,flat,semi-furnished,west,1,17.41102,78.38512
G70824338,unknown,unknown,7498999.999999999,2.0,1250.0,1250.0,,0.0,3.0,6.0,2.0,50.0,7.0,flat,semi-furnished,east,1,17.41102,78.38512
T70698800,unknown,unknown,26000000.0,3.0,1428.0,1428.0,,20.0,0.0,1.0,1.0,19.0,14.0,villa,semi-furnished,north-east,0,17.33746,78.38138
Z70657136,unknown,unknown,8100000.0,2.0,1250.0,1250.0,,20.0,10.0,15.0,1.0,15.0,14.0,flat,semi-furnished,east,0,17.538237,78.480804
I69162058,unknown,unknown,10400000.0,2.0,1330.0,1330.0,,12.0,12.0,22.0,1.0,15.0,21.0,flat,semi-furnished,north,0,17.40223,78.3444
H69162316,unknown,unknown,14400000.0,3.0,1840.0,1840.0,,12.0,7.0,22.0,2.0,13.0,21.0,flat,semi-furnished,east,0,17.40223,78.3444
S69162132,unknown,unknown,12400000.0,3.0,1555.0,1555.0,,12.0,15.0,22.0,1.0,15.0,21.0,flat,semi-furnished,north,0,17.40223,78.3444
F69162508,unknown,unknown,15300000.0,3.0,1960.0,1960.0,,12.0,7.0,22.0,2.0,13.0,21.0,flat,semi-furnished,west,0,17.40223,78.3444
K69162356,unknown,unknown,14400000.0,3.0,1840.0,1840.0,,12.0,13.0,22.0,2.0,13.0,21.0,flat,semi-furnished,north,0,17.40223,78.3444
Y69162562,unknown,unknown,15300000.0,3.0,1960.0,1960.0,,12.0,16.0,22.0,2.0,15.0,21.0,flat,semi-furnished,east,0,17.40223,78.3444
N69176388,unknown,unknown,8831000.0,3.0,1577.0,1577.0,,12.0,6.0,22.0,1.0,9.0,21.0,flat,semi-furnished,east,0,17.442196,78.280067
Y69176118,unknown,unknown,8831000.0,3.0,1577.0,1577.0,,12.0,5.0,22.0,1.0,9.0,21.0,flat,semi-furnished,east,0,17.442196,78.280067
T69175828,unknown,unknown,11100000.000000002,3.0,1981.0,1981.0,,12.0,8.0,22.0,1.0,9.0,21.0,flat,semi-furnished,east,0,17.442196,78.280067
A69175772,unknown,unknown,11100000.000000002,3.0,1981.0,1981.0,,12.0,4.0,22.0,1.0,9.0,21.0,flat,semi-furnished,west,0,17.442196,78.280067
T69175728,unknown,unknown,9050000.0,3.0,1616.0,1616.0,,12.0,7.0,22.0,1.0,9.0,21.0,flat,semi-furnished,west,0,17.442196,78.280067
Z69163196,unknown,unknown,20100000.0,3.0,2575.0,2575.0,,12.0,12.0,22.0,3.0,15.0,21.0,flat,semi-furnished,west,0,17.40223,78.3444
U69163154,unknown,unknown,19900000.0,3.0,2545.0,2545.0,,12.0,11.0,22.0,3.0,13.0,21.0,flat,semi-furnished,east,0,17.40223,78.3444
H69163020,unknown,unknown,16600000.0,3.0,2130.0,2130.0,,12.0,10.0,22.0,3.0,13.0,21.0,flat,semi-furnished,west,0,17.40223,78.3444
Z69162960,unknown,unknown,16700000.0,3.0,2130.0,2130.0,,12.0,14.0,22.0,3.0,15.0,21.0,flat,semi-furnished,east,0,17.40223,78.3444
D69162644,unknown,unknown,15300000.0,3.0,1960.0,1960.0,,12.0,12.0,22.0,2.0,13.0,21.0,flat,semi-furnished,north,0,17.40223,78.3444
A69179316,unknown,unknown,12600000.0,3.0,1795.0,1795.0,,12.0,5.0,14.0,1.0,12.0,21.0,flat,semi-furnished,west,0,17.3973794,78.3856447
M69177448,unknown,unknown,8775000.0,3.0,1567.0,1567.0,,12.0,10.0,20.0,1.0,1.0,21.0,flat,semi-furnished,east,0,17.442196,78.280067
Q69179926,unknown,unknown,14500000.0,3.0,2065.0,2065.0,,12.0,7.0,14.0,1.0,12.0,21.0,flat,semi-furnished,west,0,17.3973794,78.3856447
W69179472,unknown,unknown,13600000.000000002,3.0,1950.0,1950.0,,12.0,8.0,14.0,1.0,12.0,21.0,flat,semi-furnished,unknown,0,17.3973794,78.3856447
B69180252,unknown,unknown,15200000.0,3.0,2170.0,2170.0,,12.0,8.0,14.0,1.0,12.0,21.0,flat,semi-furnished,north,0,17.3973794,78.3856447
Z69180008,unknown,unknown,14700000.0,3.0,2100.0,2100.0,,12.0,10.0,14.0,1.0,12.0,21.0,flat,semi-furnished,east,0,17.3973794,78.3856447
I69177320,unknown,unknown,8870000.0,3.0,1584.0,1584.0,,12.0,10.0,20.0,1.0,1.0,21.0,flat,semi-furnished,north,0,17.442196,78.280067
Z69177208,unknown,unknown,8775000.0,3.0,1567.0,1567.0,,12.0,10.0,20.0,1.0,1.0,21.0,flat,semi-furnished,east,0,17.442196,78.280067
T69177098,unknown,unknown,10500000.0,3.0,1872.0,1872.0,,12.0,7.0,20.0,1.0,1.0,21.0,flat,semi-furnished,west,0,17.442196,78.280067
X69176424,unknown,unknown,10300000.0,3.0,1836.0,1836.0,,12.0,9.0,22.0,1.0,9.0,21.0,flat,semi-furnished,east,0,17.442196,78.280067
T69177018,unknown,unknown,10500000.0,3.0,1871.0,1871.0,,12.0,8.0,20.0,1.0,1.0,21.0,flat,semi-furnished,east,0,17.442196,78.280067
D70402324,unknown,unknown,23000000.0,3.0,1835.0,1835.0,,0.0,30.0,31.0,1.0,50.0,30.0,flat,semi-furnished,north-east,1,17.482796,78.32642
V70189616,unknown,unknown,10300000.0,3.0,1360.0,1360.0,,0.0,8.0,15.0,1.0,50.0,30.0,flat,semi-furnished,north-east,1,17.482796,78.32642
H70409556,unknown,unknown,28000000.0,3.0,2125.0,2125.0,,20.0,16.0,30.0,1.0,8.0,30.0,flat,semi-furnished,east,0,17.400284,78.350663
R62296846,unknown,unknown,10000000.0,3.0,1940.0,1940.0,,12.0,5.0,12.0,1.0,50.0,30.0,flat,semi-furnished,east,0,17.509181,78.3521088
B68488542,unknown,unknown,25500000.0,3.0,2290.0,2290.0,,12.0,9.0,25.0,1.0,12.0,30.0,flat,semi-furnished,east,0,17.45753,78.36247
C68452254,unknown,unknown,21000000.0,3.0,2080.0,2080.0,,20.0,8.0,10.0,1.0,49.0,30.0,flat,semi-furnished,east,0,17.4609913,78.3532083
E68496230,unknown,unknown,7600000.0,3.0,1333.0,1333.0,,12.0,22.0,42.0,1.0,6.0,30.0,flat,semi-furnished,east,0,17.529701,78.333031
H68532466,unknown,unknown,15000000.0,2.0,1314.0,1314.0,,20.0,7.0,31.0,1.0,12.0,30.0,flat,furnished,west,0,17.398775,78.355493
S68534480,unknown,unknown,30600000.0,4.0,3605.0,3605.0,,12.0,21.0,34.0,3.0,50.0,30.0,flat,semi-furnished,west,0,17.3973794,78.3856447
A68533642,unknown,unknown,19500000.0,3.0,2290.0,2290.0,,12.0,20.0,34.0,3.0,50.0,30.0,flat,semi-furnished,east,0,17.3973794,78.3856447
C68534650,unknown,unknown,40000000.0,5.0,4710.0,4710.0,,12.0,24.0,34.0,3.0,50.0,30.0,flat,semi-furnished,east,0,17.3973794,78.3856447
E68541102,unknown,unknown,18000000.0,3.0,2175.0,2175.0,,20.0,14.0,15.0,2.0,0.0,30.0,flat,semi-furnished,east,0,,
F68535300,unknown,unknown,25900000.0,4.0,3040.0,3040.0,,12.0,27.0,34.0,3.0,50.0,30.0,flat,semi-furnished,west,0,17.3973794,78.3856447
P68568722,unknown,unknown,16500000.0,3.0,1650.0,1650.0,,0.0,2.0,15.0,1.0,40.0,30.0,flat,semi-furnished,east,0,17.405168,78.354355
F68647786,unknown,unknown,30000000.0,3.0,2690.0,2690.0,,0.0,9.0,10.0,2.0,38.0,30.0,flat,furnished,east,0,17.437012,78.371384
K68665260,unknown,unknown,20500000.0,3.0,2020.0,2020.0,,12.0,35.0,39.0,1.0,0.0,30.0,flat,semi-furnished,west,0,,
R68669842,unknown,unknown,42000000.0,3.0,1998.0,1998.0,,20.0,1.0,2.0,2.0,3.0,30.0,villa,semi-furnished,east,0,17.461305,78.273389
G68801038,unknown,unknown,14800000.0,3.0,1650.0,1650.0,,12.0,21.0,30.0,1.0,0.0,30.0,flat,semi-furnished,east,0,,
V68840028,unknown,unknown,33000000.0,4.0,330.0,330.0,,0.0,0.0,1.0,1.0,50.0,30.0,villa,semi-furnished,east,0,17.495438,78.2960172
U68802710,unknown,unknown,18000000.0,3.0,1965.0,1965.0,,12.0,15.0,30.0,1.0,0.0,30.0,flat,semi-furnished,east,0,,
F69455718,unknown,unknown,19000000.0,3.0,1845.0,1845.0,,20.0,3.0,12.0,1.0,15.0,30.0,flat,furnished,west,0,17.453593,78.299753
U69478522,unknown,unknown,9000000.0,3.0,1585.0,1585.0,,12.0,8.0,14.0,1.0,8.0,30.0,flat,semi-furnished,north-east,0,17.5362492,78.2396486
Y69478356,unknown,unknown,6000000.0,2.0,1065.0,1065.0,,12.0,11.0,14.0,1.0,8.0,30.0,flat,semi-furnished,north,0,17.5362492,78.2396486
D69667428,unknown,unknown,15000000.0,2.0,1290.0,1290.0,,12.0,16.0,25.0,1.0,0.0,30.0,flat,semi-furnished,east,0,,
C69767770,unknown,unknown,26000000.0,3.0,1925.0,1925.0,,20.0,7.0,31.0,3.0,15.0,30.0,flat,furnished,east,0,17.422584,78.350841
C69708728,unknown,unknown,6000000.0,2.0,1100.0,1100.0,,20.0,4.0,4.0,1.0,10.0,30.0,flat,furnished,east,0,17.532558,78.529251
M69894682,unknown,unknown,52000000.0,4.0,2250.0,2250.0,,20.0,2.0,3.0,2.0,44.0,30.0,villa,semi-furnished,east,0,17.443661,78.346158
V69974554,unknown,unknown,16000000.0,3.0,1505.0,1505.0,,20.0,9.0,18.0,2.0,0.0,30.0,flat,semi-furnished,east,0,,
I69897890,unknown,unknown,13000000.0,3.0,1528.0,1528.0,,20.0,2.0,9.0,1.0,12.0,30.0,flat,semi-furnished,east,0,17.3828053,78.3437872
P69976832,unknown,unknown,12800000.0,3.0,1623.0,1623.0,,20.0,5.0,20.0,1.0,0.0,30.0,flat,semi-furnished,west,0,,
U69975874,unknown,unknown,17500000.0,3.0,1785.0,1785.0,,12.0,29.0,30.0,1.0,0.0,30.0,flat,semi-furnished,west,0,,
Q69984608,unknown,unknown,9956000.0,3.0,1900.0,1900.0,,12.0,10.0,14.0,1.0,8.0,30.0,flat,semi-furnished,east,0,17.587951,78.443155
I69980904,unknown,unknown,14000000.0,3.0,1590.0,1590.0,,0.0,14.0,15.0,1.0,50.0,30.0,flat,furnished,east,0,17.461846,78.304958
V70000898,unknown,unknown,15800000.0,2.0,1290.0,1290.0,,12.0,14.0,25.0,1.0,0.0,30.0,flat,semi-furnished,east,0,,
H70029136,unknown,unknown,25000000.0,3.0,1834.0,1834.0,,0.0,5.0,31.0,1.0,12.0,30.0,flat,semi-furnished,east,0,17.398775,78.355493
U70020930,unknown,unknown,23000000.0,3.0,1965.0,1965.0,,20.0,13.0,25.0,1.0,13.0,30.0,flat,semi-furnished,east,0,17.466409,78.311677
I70029520,unknown,unknown,22500000.0,3.0,1855.0,1855.0,,12.0,11.0,25.0,1.0,0.0,30.0,flat,semi-furnished,north,0,,
Z70029602,unknown,unknown,19500000.0,3.0,2120.0,2120.0,,12.0,27.0,36.0,1.0,0.0,30.0,flat,semi-furnished,west,0,,
F70080962,unknown,unknown,15500000.0,2.0,1297.0,1297.0,,20.0,10.0,15.0,1.0,0.0,30.0,flat,furnished,west,0,,
S70130028,unknown,unknown,21000000.0,3.0,1958.0,1958.0,,2.5,9.0,10.0,1.0,47.0,30.0,flat,semi-furnished,east,0,17.464149,78.346279
X70123098,unknown,unknown,23500000.0,3.0,2165.0,2165.0,,0.0,13.0,20.0,4.0,36.0,30.0,flat,furnished,west,0,17.40281,78.350792
X70403864,unknown,unknown,22000000.0,3.0,1740.0,1740.0,,0.0,12.0,17.0,1.0,48.0,30.0,flat,furnished,west,0,17.433847,78.332074
O70403004,unknown,unknown,80000000.0,3.0,3430.0,3430.0,,0.0,9.0,36.0,2.0,13.0,30.0,flat,semi-furnished,east,0,17.430915,78.37728
F70231552,unknown,unknown,16000000.0,4.0,1350.0,1350.0,,20.0,0.0,1.0,1.0,16.0,30.0,villa,semi-furnished,unknown,0,17.3676045,78.3742678
G70133950,unknown,unknown,21000000.0,3.0,2120.0,2120.0,,2.5,3.0,5.0,2.0,49.0,30.0,flat,semi-furnished,north,0,17.38504,78.48667
R70027340,unknown,unknown,105000000.0,3.0,7155.0,7155.0,,20.0,1.0,2.0,2.0,49.0,30.0,villa,furnished,east,0,17.38504,78.48667
Q69969488,unknown,unknown,27500000.0,2.0,8100.0,8100.0,,2.5,0.0,1.0,1.0,1.0,30.0,house,furnished,west,0,17.591122,78.569709
K69967294,unknown,unknown,75000000.0,5.0,5400.0,5400.0,,2.5,2.0,3.0,3.0,49.0,30.0,villa,semi-furnished,north,0,17.38504,78.48667
Z70718904,unknown,unknown,14000000.0,3.0,1008.0,1008.0,,7.5,1.0,2.0,1.0,5.0,14.0,villa,furnished,east,0,17.54901471992252,78.53293102759552
B70236744,unknown,unknown,15300000.0,3.0,2780.0,2780.0,,12.0,5.0,13.0,3.0,49.0,30.0,flat,semi-furnished,east,0,17.38504,78.48667
I70511192,unknown,unknown,8000000.0,3.0,1620.0,1620.0,,0.0,2.0,5.0,2.0,50.0,21.0,flat,furnished,east,0,17.40188,78.37616
F70295514,unknown,unknown,13400000.0,3.0,1810.0,1810.0,,20.0,6.0,15.0,2.0,0.0,30.0,flat,semi-furnished,east,0,,
G70295434,unknown,unknown,12600000.0,3.0,1710.0,1710.0,,20.0,8.0,15.0,2.0,0.0,30.0,flat,semi-furnished,east,0,,
S70159446,unknown,unknown,7450000.0,2.0,1250.0,1250.0,,0.0,2.0,6.0,2.0,46.0,30.0,flat,semi-furnished,east,1,17.532274,78.39243
Y70160060,unknown,unknown,14100000.0,3.0,2020.0,2020.0,,0.0,13.0,43.0,3.0,46.0,30.0,flat,semi-furnished,west,1,17.532303,78.39243
S70159328,unknown,unknown,11200000.000000002,3.0,1865.0,1865.0,,0.0,3.0,6.0,3.0,46.0,30.0,flat,semi-furnished,west,1,17.532303,78.39243
N70159278,unknown,unknown,9050000.0,3.0,1750.0,1750.0,,0.0,3.0,5.0,3.0,37.0,30.0,flat,semi-furnished,east,1,17.388287,78.370072
W70162370,unknown,unknown,11600000.0,3.0,1660.0,1660.0,,0.0,15.0,43.0,2.0,46.0,30.0,flat,semi-furnished,west,1,17.532274,78.39243
L70159206,unknown,unknown,9105000.0,3.0,1750.0,1750.0,,0.0,3.0,5.0,3.0,37.0,30.0,flat,semi-furnished,west,1,17.388287,78.370072
B70162450,unknown,unknown,11900000.0,3.0,1695.0,1695.0,,0.0,25.0,43.0,2.0,46.0,30.0,flat,semi-furnished,east,1,17.532274,78.39243
L70159512,unknown,unknown,30000000.0,3.0,1620.0,1620.0,,12.0,2.0,3.0,3.0,37.0,30.0,villa,semi-furnished,west,0,17.388287,78.370072
C70381196,unknown,unknown,11700000.0,3.0,1550.0,1550.0,,0.0,3.0,25.0,1.0,39.0,30.0,flat,furnished,east,0,17.4480919,78.3787508
N70225310,unknown,unknown,22000000.0,3.0,2785.0,2785.0,,2.5,2.0,5.0,2.0,49.0,30.0,flat,furnished,west,0,17.4609913,78.3532083
I70225168,unknown,unknown,23000000.0,5.0,3500.0,3500.0,,2.5,8.0,9.0,4.0,50.0,30.0,flat,furnished,east,0,17.463252,78.354557
V70204406,unknown,unknown,12300000.0,3.0,1500.0,1500.0,,2.5,8.0,9.0,1.0,49.0,30.0,flat,furnished,north-east,0,17.4609913,78.3532083
F69914722,unknown,unknown,37500000.0,3.0,2160.0,2160.0,,7.5,1.0,1.0,2.0,48.0,60.0,flat,furnished,south,0,17.4411482,78.3910691
T68808722,unknown,unknown,18600000.0,3.0,2075.0,2075.0,,0.0,5.0,6.0,2.0,49.0,60.0,flat,furnished,east,0,17.4609913,78.3532083
H71024460,unknown,unknown,13000000.0,4.0,1350.0,1350.0,,12.0,1.0,2.0,2.0,50.0,,villa,semi-furnished,west,0,17.5090182,78.3001801
R71010630,unknown,unknown,21400000.0,4.0,2250.0,2250.0,,20.0,2.0,3.0,2.0,1.0,,villa,semi-furnished,west,0,17.477415,78.227409
J71007402,unknown,unknown,5583000.0,1.0,670.0,670.0,,12.0,0.0,1.0,1.0,22.0,,villa,unfurnished,north-east,0,17.07139,78.205312
E71006854,unknown,unknown,7500000.0,2.0,1290.0,1290.0,,20.0,3.0,6.0,2.0,10.0,,flat,semi-furnished,west,0,17.3923634,78.3621784
X71000702,unknown,unknown,13600000.000000002,3.0,2063.0,2063.0,,20.0,7.0,10.0,2.0,26.0,2.0,flat,furnished,north,0,17.40223,78.3444
K70884238,neknampur,neknampur,6000000.0,2.0,1290.0,1290.0,,0.0,3.0,5.0,2.0,50.0,2.0,flat,semi-furnished,west,1,17.3930103,78.3713897
B70876596,narsingi,narsingi,8000000.0,2.0,1290.0,1290.0,,0.0,4.0,6.0,2.0,10.0,2.0,flat,semi-furnished,east,1,17.3923634,78.3621784
W70898986,unknown,unknown,8000000.0,2.0,1324.0,1324.0,,0.0,3.0,5.0,2.0,9.0,2.0,flat,semi-furnished,west,1,17.3856767,78.3648867
B70897516,manchirevula village,manchirevula village,30000000.0,6.0,3451.0,3451.0,,0.0,2.0,3.0,4.0,11.0,2.0,villa,semi-furnished,east,1,17.3754575,78.3627016
W70875870,narsingi,narsingi,11000000.0,3.0,1850.0,1850.0,,0.0,3.0,6.0,3.0,10.0,2.0,flat,semi-furnished,east,1,17.3923634,78.3621784
G70988522,jeedimetla,jeedimetla,5700000.0,2.0,1075.0,1075.0,,20.0,2.0,5.0,2.0,50.0,2.0,flat,semi-furnished,east,0,17.514789,78.462524
Z70980628,unknown,unknown,23000000.0,3.0,2280.0,2280.0,,0.0,17.0,19.0,2.0,50.0,3.0,flat,furnished,east,0,17.47078,78.30668
Y70973002,unknown,unknown,10500000.0,3.0,1457.0,1457.0,,20.0,1.0,4.0,2.0,50.0,3.0,flat,semi-furnished,south,0,17.40216,78.37374
D70970334,unknown,unknown,25000000.0,3.0,2500.0,2500.0,,20.0,2.0,5.0,1.0,49.0,3.0,villa,semi-furnished,east,1,17.4120488,78.407249
D70961966,unknown,unknown,40000000.0,3.0,3000.0,3000.0,,0.0,1.0,2.0,2.0,10.0,3.0,villa,semi-furnished,west,0,17.5468498,78.3650231
K70961286,unknown,unknown,17000000.0,3.0,2015.0,2015.0,,20.0,1.0,2.0,1.0,0.0,4.0,villa,semi-furnished,unknown,0,,
X70955388,unknown,unknown,8200000.0,2.0,1575.0,1575.0,,12.0,8.0,31.0,1.0,49.0,4.0,flat,semi-furnished,east,0,17.46779,78.42118
D70953558,unknown,unknown,9500000.0,2.0,1250.0,1250.0,,2.5,4.0,14.0,1.0,50.0,4.0,flat,furnished,west,0,17.485091,78.3671565
F70948322,narapally,narapally,4576000.0,2.0,1072.0,1072.0,,20.0,3.0,5.0,1.0,11.0,4.0,flat,semi-furnished,east,0,17.4219,78.63155
Z70366888,unknown,unknown,28500000.0,4.0,2729.0,2729.0,,0.0,18.0,35.0,2.0,10.0,4.0,flat,semi-furnished,east,1,17.413533637872785,78.33906915038824
O70945996,unknown,unknown,5950000.0,2.0,1060.0,1060.0,,20.0,3.0,5.0,1.0,49.0,4.0,flat,semi-furnished,east,0,17.3267390755471,78.5953799108053
M70942388,unknown,unknown,5800000.0,2.0,1080.0,1080.0,,0.0,2.0,5.0,2.0,18.0,5.0,flat,semi-furnished,east,0,17.4293729,78.6137993
Y70922434,unknown,unknown,5880000.0,2.0,1200.0,1200.0,,12.0,2.0,5.0,2.0,49.0,6.0,flat,semi-furnished,east,0,17.38504,78.48667
J70922170,unknown,unknown,6800000.0,2.0,1028.0,1028.0,,12.0,6.0,12.0,1.0,50.0,6.0,flat,semi-furnished,east,0,17.509181,78.3521088
B70922140,adjusent to orr,adjusent to orr,5600000.0,2.0,1066.0,1066.0,,20.0,2.0,5.0,2.0,0.0,6.0,flat,semi-furnished,unknown,0,,
U70920706,unknown,unknown,63500000.0,4.0,4110.0,4110.0,,20.0,1.0,2.0,2.0,17.0,5.0,villa,semi-furnished,west,0,17.4664197,78.285342
S70919222,unknown,unknown,16299999.999999998,4.0,3392.0,3392.0,,12.0,1.0,2.0,3.0,6.0,6.0,villa,semi-furnished,east,0,17.5090182,78.3001801
E70918016,unknown,unknown,13600000.000000002,3.0,1989.0,1989.0,,12.0,0.0,1.0,3.0,48.0,6.0,villa,semi-furnished,west,0,17.5316,78.26729
L70907454,unknown,unknown,7500000.0,2.0,1500.0,1500.0,,12.0,1.0,23.0,1.0,0.0,7.0,flat,semi-furnished,unknown,0,,
L70898214,unknown,unknown,8000000.0,2.0,1320.0,1320.0,,20.0,9.0,10.0,2.0,7.0,7.0,flat,semi-furnished,east,0,17.3756135,78.3626977
A70897880,unknown,unknown,12000000.0,3.0,1910.0,1910.0,,20.0,8.0,10.0,3.0,7.0,7.0,flat,semi-furnished,east,0,17.3756747,78.3626374
E70873336,unknown,unknown,10000000.0,3.0,1730.0,1730.0,,20.0,2.0,5.0,1.0,49.0,7.0,flat,semi-furnished,east,0,17.38504,78.48667
L70870158,unknown,unknown,75000000.0,6.0,4700.0,4700.0,,12.0,2.0,3.0,3.0,17.0,7.0,villa,semi-furnished,east,0,17.311940823733476,78.47302608769566
V70869426,unknown,unknown,8500000.0,2.0,1295.0,1295.0,,12.0,5.0,9.0,1.0,12.0,7.0,flat,semi-furnished,west,0,17.5203424,78.3970205
P70856098,unknown,unknown,1099000.0,3.0,121.0,121.0,,12.0,0.0,1.0,0.0,0.0,7.0,house,semi-furnished,east,0,,
R70846706,unknown,unknown,6000000.0,2.0,900.0,900.0,,20.0,0.0,,1.0,30.0,7.0,villa,unfurnished,north,0,17.398313,78.620039
K70824606,unknown,unknown,4600000.0,2.0,980.0,980.0,,20.0,1.0,5.0,1.0,0.0,7.0,flat,semi-furnished,unknown,0,17.42169,78.21842
I70824472,unknown,unknown,5279000.0,2.0,1100.0,1100.0,,12.0,1.0,15.0,1.0,1.0,7.0,flat,semi-furnished,unknown,0,17.477415,78.227409
J70817656,unknown,unknown,7200000.0,3.0,1440.0,1440.0,,20.0,4.0,6.0,3.0,49.0,7.0,flat,semi-furnished,north-east,0,17.4988675,78.4094612
B70782352,unknown,unknown,27500000.0,3.0,2781.0,2781.0,,20.0,1.0,2.0,2.0,1.0,7.0,villa,semi-furnished,west,0,17.477415,78.227409
E70756030,unknown,unknown,10900000.0,3.0,1617.0,1617.0,,12.0,11.0,33.0,1.0,15.0,14.0,flat,semi-furnished,east,0,17.53969,78.3581
G68840730,unknown,unknown,49900000.0,4.0,2448.0,2448.0,,20.0,1.0,2.0,3.0,15.0,14.0,villa,semi-furnished,west,0,17.465956,78.261911
G70736934,unknown,unknown,15500000.0,3.0,1780.0,1780.0,,20.0,1.0,2.0,1.0,0.0,14.0,villa,semi-furnished,unknown,0,,
Y70098152,unknown,unknown,19500000.0,3.0,2150.0,2150.0,,7.5,4.0,5.0,2.0,40.0,14.0,flat,furnished,north,1,17.4520871,78.3678024
L70707798,unknown,unknown,16399999.999999998,3.0,1565.0,1565.0,,0.0,15.0,25.0,1.0,13.0,14.0,flat,semi-furnished,east,0,17.47078,78.30668
B70701838,unknown,unknown,11900000.0,3.0,1750.0,1750.0,,20.0,3.0,5.0,2.0,50.0,14.0,flat,semi-furnished,east,0,17.48331,78.32076
Y70699642,unknown,unknown,4355000.0,3.0,6534.0,6534.0,,20.0,0.0,1.0,3.0,0.0,14.0,house,semi-furnished,east,0,,
H70685980,unknown,unknown,13799999.999999998,3.0,1535.0,1535.0,,20.0,9.0,18.0,1.0,10.0,14.0,flat,furnished,west,0,17.387587,78.348054
Y70675006,unknown,unknown,24100000.0,3.0,1925.0,1925.0,,0.0,6.0,31.0,3.0,15.0,14.0,flat,furnished,east,0,17.422584,78.350841
O70658772,unknown,unknown,7500000.0,4.0,1350.0,1350.0,,20.0,0.0,1.0,2.0,3.0,14.0,villa,semi-furnished,west,0,17.387665,78.647677
X70638482,unknown,unknown,6000000.0,2.0,1062.0,1062.0,,20.0,0.0,1.0,1.0,48.0,21.0,villa,semi-furnished,east,0,17.43993,78.49827
X69235972,unknown,unknown,7000000.0,3.0,1550.0,1550.0,,2.5,2.0,4.0,2.0,50.0,21.0,flat,semi-furnished,unknown,0,17.4011618,78.37569
N70607814,unknown,unknown,6525000.0,2.0,1305.0,1305.0,,20.0,1.0,5.0,2.0,37.0,21.0,flat,semi-furnished,east,0,17.538237,78.480804
P70600472,unknown,unknown,9900000.0,3.0,1026.0,1026.0,,12.0,30.0,42.0,1.0,34.0,21.0,flat,semi-furnished,east,0,17.5238479933976,78.3227692229911
J70581102,unknown,unknown,29500000.0,5.0,2115.0,2115.0,,2.5,2.0,3.0,3.0,16.0,21.0,villa,furnished,east,0,17.31177,78.38991
S70548874,unknown,unknown,35000000.0,10.0,1440.0,1440.0,,2.5,2.0,4.0,4.0,47.0,21.0,villa,furnished,west,0,17.4359437,78.3416731
Y70541040,unknown,unknown,12800000.0,2.0,1340.0,1340.0,,20.0,11.0,25.0,2.0,13.0,21.0,flat,semi-furnished,west,0,17.466409,78.311677
K69331168,unknown,unknown,7181999.999999999,2.0,1260.0,1260.0,,12.0,4.0,10.0,2.0,50.0,21.0,flat,semi-furnished,east,0,17.5203424,78.3970205
J69354544,unknown,unknown,38000000.0,3.0,2403.0,2403.0,,12.0,1.0,2.0,2.0,0.0,21.0,villa,semi-furnished,west,0,17.448266,78.249577
I70506290,unknown,unknown,26400000.0,4.0,3300.0,3300.0,,12.0,2.0,3.0,2.0,0.0,28.0,villa,semi-furnished,east,0,17.443855,78.250431
Z70502724,unknown,unknown,12500000.0,3.0,1400.0,1400.0,,20.0,10.0,31.0,1.0,13.0,28.0,flat,semi-furnished,north,0,17.465823,78.407845
G70502504,unknown,unknown,20800000.0,3.0,2230.0,2230.0,,20.0,8.0,31.0,3.0,13.0,28.0,flat,semi-furnished,east,0,17.465823,78.407845
X70502012,unknown,unknown,11000000.0,2.0,1250.0,1250.0,,20.0,15.0,31.0,1.0,13.0,28.0,flat,semi-furnished,east,0,17.4480919,78.3787508
D70499286,unknown,unknown,13000000.0,3.0,1710.0,1710.0,,7.5,4.0,4.0,2.0,49.0,28.0,flat,semi-furnished,unknown,0,17.444695,78.444759
P70388382,kondapur,kondapur,15500000.0,2.0,1320.0,1320.0,,0.0,6.0,20.0,1.0,15.0,30.0,flat,semi-furnished,east,1,17.464041,78.337481
J70197714,kondapur,kondapur,15200000.0,2.0,1295.0,1295.0,,0.0,7.0,20.0,1.0,15.0,30.0,flat,semi-furnished,east,1,17.464041,78.337481
E70388494,kondapur,kondapur,17500000.0,3.0,1505.0,1505.0,,0.0,3.0,20.0,1.0,15.0,30.0,flat,semi-furnished,east,1,17.464041,78.337481
G68709866,unknown,unknown,15000000.0,3.0,1550.0,1550.0,,20.0,16.0,31.0,1.0,13.0,30.0,flat,unfurnished,east,0,17.465823,78.407845
W70390460,kondapur,kondapur,36400000.0,4.0,3165.0,3165.0,,12.0,10.0,21.0,2.0,11.0,30.0,flat,semi-furnished,unknown,0,17.466613,78.336231
K70351330,chiryala village,chiryala village,6300000.0,2.0,1200.0,1200.0,,20.0,0.0,1.0,1.0,1.0,30.0,house,semi-furnished,east,0,17.5227762257577,78.6210684465697
L70346108,unknown,unknown,76000000.0,4.0,2700.0,2700.0,,7.5,2.0,3.0,3.0,48.0,21.0,villa,furnished,east,0,17.46432,78.37295
A70331994,unknown,unknown,9000000.0,3.0,1500.0,1500.0,,2.5,1.0,4.0,1.0,50.0,30.0,flat,furnished,south,0,17.464978,78.35392
Z70121910,unknown,unknown,18000000.0,3.0,1800.0,1800.0,,7.5,1.0,20.0,2.0,50.0,30.0,flat,semi-furnished,north-east,1,17.463262,78.311576
Y70301326,unknown,unknown,68000000.0,4.0,3015.0,3015.0,,2.5,2.0,3.0,4.0,17.0,30.0,villa,semi-furnished,north,0,17.4664197,78.285342
U70296800,kondapur,kondapur,20400000.0,3.0,1885.0,1885.0,,0.0,8.0,10.0,1.0,4.0,30.0,flat,semi-furnished,east,0,17.453031,78.367548
X70296532,kondapur,kondapur,20100000.0,3.0,1890.0,1890.0,,0.0,8.0,10.0,1.0,4.0,30.0,flat,semi-furnished,west,0,17.453031,78.367548
P70282446,unknown,unknown,7430000.0,3.0,1615.0,1615.0,,20.0,4.0,5.0,2.0,46.0,30.0,flat,semi-furnished,east,0,17.50372,78.55658
O70254474,unknown,unknown,13500000.0,2.0,1275.0,1275.0,,20.0,3.0,24.0,1.0,13.0,30.0,flat,furnished,east,0,17.47078,78.30668
Z70223606,unknown,unknown,15000000.0,3.0,1920.0,1920.0,,2.5,9.0,19.0,2.0,50.0,30.0,flat,furnished,east,0,17.485091,78.3671565
Y70221368,unknown,unknown,5200000.0,2.0,1155.0,1155.0,,12.0,2.0,6.0,2.0,48.0,30.0,flat,unfurnished,east,0,17.5316,78.26729
I70210406,kondapur,kondapur,27500000.0,3.0,2390.0,2390.0,,20.0,12.0,21.0,2.0,11.0,30.0,flat,semi-furnished,unknown,0,17.466613,78.336231
F70210138,kompally,kompally,7900000.0,2.0,1265.0,1265.0,,0.0,1.0,5.0,1.0,31.0,30.0,flat,semi-furnished,east,0,17.542881,78.481447
A70197190,kondapur,kondapur,27500000.0,3.0,2385.0,2385.0,,12.0,14.0,21.0,2.0,11.0,30.0,flat,semi-furnished,west,0,17.466613,78.336231
L70193312,unknown,unknown,37400000.0,3.0,3400.0,3400.0,,20.0,4.0,5.0,1.0,38.0,30.0,flat,semi-furnished,east,0,17.453897,78.39297
M70192552,unknown,unknown,31900000.0,3.0,2360.0,2360.0,,0.0,3.0,5.0,1.0,45.0,30.0,flat,furnished,north-east,0,17.4325235,78.4070152
Z70180614,unknown,unknown,10000000.0,3.0,1760.0,1760.0,,12.0,2.0,10.0,2.0,50.0,30.0,flat,semi-furnished,east,0,17.49833,78.45806
Y70091376,unknown,unknown,8500000.0,3.0,1507.0,1507.0,,12.0,3.0,5.0,2.0,1.0,30.0,flat,semi-furnished,east,0,17.442196,78.280067
Y70040632,unknown,unknown,7000000.0,2.0,1350.0,1350.0,,20.0,0.0,1.0,1.0,48.0,30.0,villa,semi-furnished,east,0,17.43993,78.49827
S69990184,unknown,unknown,9400000.0,3.0,1547.0,1547.0,,20.0,5.0,5.0,2.0,47.0,30.0,flat,semi-furnished,north-east,1,17.4601901,78.3024698
Y70017112,unknown,unknown,19500000.0,3.0,1760.0,1760.0,,20.0,16.0,24.0,3.0,48.0,30.0,flat,semi-furnished,west,0,17.42278,78.34724
X70017038,unknown,unknown,17500000.0,3.0,1790.0,1790.0,,20.0,5.0,24.0,2.0,48.0,30.0,flat,semi-furnished,unknown,0,17.42278,78.34724
Y69991738,unknown,unknown,9400000.0,2.0,1250.0,1250.0,,20.0,5.0,9.0,2.0,26.0,30.0,flat,semi-furnished,east,0,17.40223,78.3444
T69986038,unknown,unknown,6900000.0,2.0,1150.0,1150.0,,12.0,3.0,5.0,2.0,50.0,30.0,flat,semi-furnished,east,0,17.47078,78.30668
Z69986014,unknown,unknown,10100000.0,3.0,1690.0,1690.0,,12.0,4.0,4.0,2.0,50.0,30.0,flat,semi-furnished,east,0,17.47078,78.30668
V69985970,unknown,unknown,7500000.0,2.0,1280.0,1280.0,,12.0,3.0,5.0,2.0,17.0,30.0,flat,semi-furnished,east,0,17.4664197,78.285342
F69985918,unknown,unknown,8400000.0,3.0,1400.0,1400.0,,20.0,3.0,5.0,2.0,50.0,30.0,flat,semi-furnished,east,0,17.47078,78.30668
G69960194,unknown,unknown,8200000.0,2.0,1350.0,1350.0,,20.0,0.0,1.0,1.0,11.0,30.0,villa,semi-furnished,north,0,17.4626216,78.6313624
V69915972,unknown,unknown,14500000.0,3.0,1535.0,1535.0,,20.0,3.0,22.0,1.0,9.0,60.0,flat,semi-furnished,west,0,17.478221,78.312255
W69402284,osman nagar,osman nagar,7000000.0,2.0,1200.0,1200.0,,12.0,3.0,5.0,2.0,1.0,30.0,flat,semi-furnished,east,0,17.442196,78.280067
J69626548,"ramgopalpet, secundrabad","ramgopalpet, secundrabad",17500000.0,3.0,2332.0,2332.0,,20.0,0.0,1.0,2.0,0.0,5.0,flat,semi-furnished,east,0,,
P69627182,kompally,kompally,8900000.0,3.0,1780.0,1780.0,,20.0,2.0,5.0,2.0,0.0,5.0,flat,semi-furnished,west,0,,
X69627636,kompally,kompally,10800000.0,3.0,1971.0,1971.0,,12.0,2.0,5.0,2.0,37.0,5.0,flat,semi-furnished,east,0,17.538237,78.480804
Y69628522,kompally,kompally,15400000.0,3.0,2195.0,2195.0,,12.0,2.0,10.0,1.0,0.0,5.0,flat,semi-furnished,east,0,,
K68804974,unknown,unknown,8650000.0,2.0,1570.0,1570.0,,12.0,7.0,10.0,2.0,50.0,5.0,flat,furnished,north,0,17.4011618,78.37569
P68805356,unknown,unknown,9515000.0,3.0,1730.0,1730.0,,12.0,9.0,10.0,2.0,50.0,5.0,flat,furnished,north,0,17.4011618,78.37569
B69764018,kollur,kollur,48600000.0,4.0,3767.0,3767.0,,12.0,0.0,1.0,4.0,4.0,5.0,villa,furnished,north,0,17.523851,78.254744
Y69764804,tellapur,tellapur,50400000.0,3.0,3600.0,3600.0,,20.0,0.0,1.0,2.0,1.0,5.0,villa,furnished,west,0,17.434335,78.286311
G69625812,unknown,unknown,7136000.0,2.0,1170.0,1170.0,,12.0,3.0,13.0,1.0,0.0,5.0,flat,semi-furnished,east,0,,
T69771614,kollur,kollur,7375000.0,2.0,1295.0,1295.0,,12.0,3.0,23.0,2.0,0.0,5.0,flat,semi-furnished,east,0,17.443855,78.250431
V70880896,sriram nagar,sriram nagar,9518000.0,3.0,1700.0,1700.0,,12.0,5.0,10.0,3.0,0.0,7.0,flat,furnished,north-east,0,,
I70880480,sriram nagar,sriram nagar,7279000.000000001,2.0,1300.0,1300.0,,12.0,5.0,10.0,2.0,0.0,7.0,flat,furnished,north-east,0,,
V70616384,suchitra,suchitra,6049000.0,2.0,1100.0,1100.0,,20.0,2.0,5.0,2.0,0.0,21.0,flat,furnished,east,0,,
A70615294,suchitra,suchitra,7891000.0,3.0,1435.0,1435.0,,20.0,2.0,5.0,2.0,0.0,21.0,flat,furnished,east,0,,
O70614564,bolarum-alwal,bolarum-alwal,6349000.0,2.0,1296.0,1296.0,,12.0,2.0,5.0,2.0,0.0,21.0,flat,furnished,east,0,,
L70391950,unknown,unknown,7688000.0,2.0,1230.0,1230.0,,20.0,5.0,5.0,2.0,0.0,30.0,flat,furnished,north-east,0,,
W70391770,unknown,unknown,10300000.0,3.0,1650.0,1650.0,,20.0,5.0,5.0,3.0,0.0,30.0,flat,furnished,north-east,0,,
P70352032,"jubilee hills extension, shaiket","jubilee hills extension, shaiket",21500000.0,3.0,2260.0,2260.0,,12.0,10.0,10.0,3.0,0.0,30.0,flat,furnished,north-east,0,,
Z70351590,kokapet,kokapet,18000000.0,3.0,1900.0,1900.0,,12.0,40.0,40.0,3.0,0.0,30.0,flat,furnished,north-east,0,,
A70221978,bandlaguda jagir,bandlaguda jagir,17300000.0,3.0,2230.0,2230.0,,12.0,12.0,23.0,3.0,0.0,30.0,flat,furnished,unknown,0,,
F70221652,miyapur,miyapur,9415000.0,2.0,1345.0,1345.0,,20.0,5.0,5.0,2.0,5.0,30.0,flat,furnished,north-east,0,17.505924075676,78.36191868992
H70221316,miyapur,miyapur,15400000.0,3.0,2200.0,2200.0,,20.0,5.0,5.0,3.0,5.0,30.0,flat,furnished,north-east,0,17.505924075676,78.36191868992
L70217986,"chengicherla, uppal","chengicherla, uppal",9910000.0,3.0,1770.0,1770.0,,12.0,7.0,7.0,3.0,0.0,30.0,flat,furnished,north-east,0,,
J70217392,uppal,uppal,7553000.0,2.0,1349.0,1349.0,,12.0,7.0,7.0,2.0,50.0,30.0,flat,furnished,north-east,0,17.4018092,78.5601892
H69980884,"zee family daba, kompally","zee family daba, kompally",9620000.0,3.0,1850.0,1850.0,,20.0,5.0,5.0,2.0,0.0,30.0,flat,furnished,east,0,,
O65104392,unknown,unknown,100000000.0,5.0,9000.0,9000.0,,20.0,2.0,3.0,3.0,33.0,14.0,villa,semi-furnished,east,0,17.411744,78.341175
R65104224,unknown,unknown,100000000.0,5.0,9000.0,9000.0,,20.0,2.0,3.0,3.0,47.0,14.0,villa,semi-furnished,east,0,17.4359437,78.3416731
J65111578,unknown,unknown,100000000.0,5.0,9000.0,9000.0,,20.0,2.0,3.0,3.0,50.0,14.0,villa,semi-furnished,east,0,17.4295317,78.41266
T65111602,unknown,unknown,100000000.0,5.0,9000.0,9000.0,,20.0,2.0,3.0,3.0,46.0,14.0,villa,semi-furnished,east,0,17.4164707,78.4382469
T65111534,unknown,unknown,100000000.0,5.0,9000.0,9000.0,,20.0,2.0,3.0,3.0,49.0,14.0,villa,semi-furnished,east,0,17.4609913,78.3532083
O65111520,unknown,unknown,100000000.0,5.0,9000.0,9000.0,,20.0,2.0,3.0,3.0,25.0,14.0,villa,semi-furnished,east,0,17.3923634,78.3621784
C65111498,unknown,unknown,100000000.0,5.0,9000.0,9000.0,,20.0,2.0,3.0,3.0,26.0,14.0,villa,semi-furnished,east,0,17.40223,78.3444
D65111496,unknown,unknown,100000000.0,5.0,9000.0,9000.0,,20.0,2.0,3.0,3.0,26.0,14.0,villa,semi-furnished,east,0,17.40223,78.3444
J65111502,unknown,unknown,100000000.0,5.0,9000.0,9000.0,,20.0,2.0,3.0,3.0,25.0,14.0,villa,semi-furnished,east,0,17.3923634,78.3621784
L68685146,unknown,unknown,100000000.0,5.0,10000.0,10000.0,,20.0,2.0,3.0,4.0,48.0,14.0,villa,unfurnished,unknown,0,17.42278,78.34724
N68684948,unknown,unknown,200000000.0,8.0,20000.0,20000.0,,20.0,2.0,3.0,4.0,39.0,14.0,villa,unfurnished,unknown,0,17.4480919,78.3787508
Y68685062,unknown,unknown,200000000.0,8.0,20000.0,20000.0,,20.0,0.0,,4.0,48.0,14.0,villa,unfurnished,unknown,0,17.4411482,78.3910691
W68642500,unknown,unknown,100000000.0,5.0,10000.0,10000.0,,20.0,2.0,3.0,4.0,48.0,21.0,villa,unfurnished,north-east,0,17.42278,78.34724
S70623888,unknown,unknown,50000000.0,5.0,7500.0,7500.0,,20.0,2.0,3.0,4.0,0.0,21.0,villa,unfurnished,unknown,0,17.2494091,78.4183466
K70623876,unknown,unknown,100000000.0,6.0,10000.0,10000.0,,20.0,2.0,3.0,4.0,0.0,21.0,villa,unfurnished,unknown,0,17.2494091,78.4183466
M70623872,unknown,unknown,50000000.0,5.0,5000.0,5000.0,,20.0,2.0,3.0,4.0,6.0,21.0,villa,unfurnished,unknown,0,17.349758,78.360196
M70623866,unknown,unknown,100000000.0,6.0,7500.0,7500.0,,20.0,2.0,3.0,4.0,6.0,21.0,villa,unfurnished,unknown,0,17.349758,78.360196
D70623844,unknown,unknown,100000000.0,6.0,6000.0,6000.0,,20.0,2.0,3.0,4.0,17.0,21.0,villa,unfurnished,unknown,0,17.4664197,78.285342
O70623838,unknown,unknown,50000000.0,5.0,6000.0,6000.0,,20.0,2.0,3.0,4.0,17.0,21.0,villa,unfurnished,unknown,0,17.4664197,78.285342
B70610658,unknown,unknown,50000000.0,5.0,5000.0,5000.0,,20.0,2.0,3.0,4.0,0.0,21.0,villa,unfurnished,unknown,0,17.443855,78.250431
P70610590,unknown,unknown,100000000.0,6.0,7500.0,7500.0,,20.0,2.0,3.0,4.0,0.0,21.0,villa,unfurnished,unknown,0,17.443354,78.182044
S70610534,unknown,unknown,50000000.0,6.0,7500.0,7500.0,,20.0,2.0,3.0,4.0,0.0,21.0,villa,unfurnished,unknown,0,17.443354,78.182044
V70610494,unknown,unknown,50000000.0,5.0,5000.0,5000.0,,20.0,2.0,3.0,4.0,0.0,21.0,villa,unfurnished,unknown,0,17.443354,78.182044
I70610446,unknown,unknown,100000000.0,6.0,7500.0,7500.0,,20.0,2.0,3.0,4.0,0.0,21.0,villa,unfurnished,unknown,0,17.42169,78.21842
N70610392,unknown,unknown,50000000.0,5.0,5000.0,5000.0,,20.0,2.0,3.0,4.0,0.0,21.0,villa,unfurnished,unknown,0,17.42169,78.21842
I70610348,unknown,unknown,70000000.0,5.0,7500.0,7500.0,,20.0,2.0,3.0,4.0,13.0,21.0,villa,unfurnished,unknown,0,17.6197,78.082693
F70610272,unknown,unknown,50000000.0,5.0,7500.0,7500.0,,20.0,2.0,3.0,4.0,13.0,21.0,villa,semi-furnished,unknown,0,17.6197,78.082693
P70610202,unknown,unknown,100000000.0,6.0,7500.0,7500.0,,20.0,2.0,3.0,4.0,46.0,21.0,villa,semi-furnished,unknown,0,17.5330867548758,78.2682745858627
T70610130,unknown,unknown,50000000.0,5.0,5000.0,5000.0,,20.0,2.0,3.0,4.0,46.0,21.0,villa,unfurnished,unknown,0,17.5330867548758,78.2682745858627
B70610084,unknown,unknown,100000000.0,6.0,7500.0,7500.0,,20.0,2.0,3.0,4.0,50.0,21.0,villa,unfurnished,unknown,0,17.509181,78.3521088
K70610060,unknown,unknown,50000000.0,5.0,5000.0,5000.0,,20.0,2.0,3.0,4.0,50.0,21.0,villa,semi-furnished,unknown,0,17.509181,78.3521088
D70610030,unknown,unknown,100000000.0,5.0,7500.0,7500.0,,20.0,2.0,3.0,4.0,47.0,21.0,villa,unfurnished,unknown,0,17.49479,78.39964
Q70610010,unknown,unknown,50000000.0,5.0,5000.0,5000.0,,20.0,2.0,3.0,4.0,47.0,21.0,villa,unfurnished,unknown,0,17.49479,78.39964
S70609922,unknown,unknown,100000000.0,6.0,7500.0,7500.0,,20.0,2.0,3.0,4.0,46.0,21.0,villa,unfurnished,unknown,0,17.4164707,78.4382469
V70609898,unknown,unknown,50000000.0,5.0,5000.0,5000.0,,20.0,2.0,3.0,4.0,46.0,21.0,villa,unfurnished,unknown,0,17.4164707,78.4382469
C70609866,unknown,unknown,100000000.0,6.0,7000.0,7000.0,,20.0,2.0,3.0,4.0,50.0,21.0,villa,unfurnished,unknown,0,17.4295317,78.41266
B70601974,unknown,unknown,100000000.0,6.0,7500.0,7500.0,,20.0,2.0,3.0,4.0,48.0,21.0,villa,unfurnished,unknown,0,17.4411482,78.3910691
T70601970,unknown,unknown,50000000.0,5.0,5000.0,5000.0,,20.0,2.0,3.0,4.0,48.0,21.0,villa,unfurnished,unknown,0,17.4411482,78.3910691
D70601962,unknown,unknown,100000000.0,6.0,7500.0,7500.0,,20.0,2.0,3.0,4.0,49.0,21.0,villa,unfurnished,unknown,0,17.4609913,78.3532083
Y70601956,unknown,unknown,50000000.0,5.0,5000.0,5000.0,,20.0,2.0,3.0,4.0,49.0,21.0,villa,unfurnished,unknown,0,17.4609913,78.3532083
D70601926,unknown,unknown,100000000.0,5.0,7500.0,7500.0,,20.0,2.0,3.0,4.0,4.0,21.0,villa,unfurnished,unknown,0,17.385392,78.33106
X70601922,unknown,unknown,50000000.0,5.0,5000.0,5000.0,,20.0,2.0,3.0,4.0,4.0,21.0,villa,unfurnished,unknown,0,17.385392,78.33106
T70601920,unknown,unknown,100000000.0,5.0,7500.0,7500.0,,20.0,2.0,3.0,4.0,26.0,21.0,villa,semi-furnished,unknown,0,17.40223,78.3444
G70601918,unknown,unknown,50000000.0,5.0,5000.0,5000.0,,20.0,2.0,3.0,4.0,26.0,21.0,villa,unfurnished,unknown,0,17.40223,78.3444
M70601916,unknown,unknown,100000000.0,5.0,7500.0,7500.0,,20.0,2.0,3.0,4.0,25.0,21.0,villa,unfurnished,unknown,0,17.3923634,78.3621784
M70601914,unknown,unknown,75000000.0,5.0,6000.0,6000.0,,20.0,2.0,3.0,4.0,25.0,21.0,villa,unfurnished,unknown,0,17.3923634,78.3621784
X70601910,unknown,unknown,50000000.0,5.0,5000.0,5000.0,,20.0,2.0,3.0,4.0,25.0,21.0,villa,unfurnished,unknown,0,17.3923634,78.3621784
I70601908,unknown,unknown,100000000.0,5.0,7000.0,7000.0,,20.0,2.0,3.0,4.0,48.0,21.0,villa,unfurnished,unknown,0,17.42278,78.34724
X70601906,unknown,unknown,75000000.0,5.0,6000.0,6000.0,,20.0,2.0,3.0,4.0,48.0,21.0,villa,semi-furnished,unknown,0,17.42278,78.34724
V70601904,unknown,unknown,50000000.0,5.0,5000.0,5000.0,,20.0,2.0,3.0,4.0,48.0,21.0,villa,unfurnished,unknown,0,17.42278,78.34724
T70601900,unknown,unknown,75000000.0,5.0,5000.0,5000.0,,20.0,2.0,3.0,4.0,47.0,21.0,villa,unfurnished,unknown,0,17.4359437,78.3416731
Y70601890,unknown,unknown,100000000.0,5.0,6000.0,6000.0,,20.0,2.0,3.0,4.0,47.0,21.0,villa,unfurnished,unknown,0,17.4359437,78.3416731
B70601888,unknown,unknown,50000000.0,5.0,5000.0,5000.0,,20.0,2.0,3.0,4.0,47.0,21.0,villa,unfurnished,unknown,0,17.4359437,78.3416731
L70601414,unknown,unknown,50000000.0,5.0,5000.0,5000.0,,20.0,2.0,3.0,4.0,0.0,21.0,villa,unfurnished,unknown,0,17.443354,78.182044
R70601412,unknown,unknown,50000000.0,5.0,5000.0,5000.0,,20.0,2.0,3.0,4.0,0.0,21.0,villa,unfurnished,unknown,0,17.42169,78.21842
E70601406,unknown,unknown,50000000.0,5.0,5000.0,5000.0,,20.0,2.0,3.0,4.0,46.0,21.0,villa,unfurnished,unknown,0,17.5330867548758,78.2682745858627
Y70601404,unknown,unknown,100000000.0,6.0,7500.0,7500.0,,20.0,2.0,3.0,4.0,0.0,21.0,villa,unfurnished,unknown,0,17.443855,78.250431
A70601400,unknown,unknown,50000000.0,5.0,5000.0,5000.0,,20.0,2.0,3.0,4.0,0.0,21.0,villa,semi-furnished,unknown,0,17.443855,78.250431
U70601396,unknown,unknown,100000000.0,6.0,7500.0,7500.0,,20.0,2.0,3.0,4.0,17.0,21.0,villa,unfurnished,unknown,0,17.4664197,78.285342
X70601394,unknown,unknown,50000000.0,5.0,5000.0,5000.0,,20.0,2.0,3.0,4.0,17.0,21.0,villa,unfurnished,unknown,0,17.4664197,78.285342
G70601392,unknown,unknown,100000000.0,6.0,7500.0,7500.0,,20.0,2.0,3.0,4.0,48.0,21.0,villa,unfurnished,unknown,0,17.4411482,78.3910691
R70601388,unknown,unknown,50000000.0,5.0,5000.0,5000.0,,20.0,2.0,3.0,4.0,48.0,21.0,villa,semi-furnished,unknown,0,17.4411482,78.3910691
Y70601386,unknown,unknown,100000000.0,6.0,7500.0,7500.0,,20.0,2.0,3.0,4.0,4.0,21.0,villa,unfurnished,unknown,0,17.385392,78.33106
Y70601382,unknown,unknown,50000000.0,5.0,5000.0,5000.0,,20.0,2.0,3.0,4.0,4.0,21.0,villa,unfurnished,unknown,0,17.385392,78.33106
G70601380,unknown,unknown,100000000.0,6.0,7000.0,7000.0,,20.0,2.0,3.0,4.0,26.0,21.0,villa,unfurnished,unknown,0,17.40223,78.3444
L70601378,unknown,unknown,50000000.0,5.0,5000.0,5000.0,,20.0,2.0,3.0,4.0,26.0,21.0,villa,unfurnished,unknown,0,17.40223,78.3444
Z70601368,unknown,unknown,100000000.0,6.0,7500.0,7500.0,,20.0,2.0,3.0,4.0,25.0,21.0,villa,unfurnished,unknown,0,17.3923634,78.3621784
H70601366,unknown,unknown,75000000.0,5.0,6000.0,6000.0,,20.0,2.0,3.0,4.0,25.0,21.0,villa,unfurnished,unknown,0,17.3923634,78.3621784
P70601356,unknown,unknown,50000000.0,5.0,5000.0,5000.0,,20.0,2.0,3.0,4.0,25.0,21.0,villa,unfurnished,unknown,0,17.3923634,78.3621784
G70601340,unknown,unknown,100000000.0,6.0,7500.0,7500.0,,20.0,2.0,3.0,4.0,48.0,21.0,villa,unfurnished,unknown,0,17.42278,78.34724
W70601338,unknown,unknown,75000000.0,5.0,6000.0,6000.0,,20.0,2.0,3.0,4.0,48.0,21.0,villa,unfurnished,unknown,0,17.42278,78.34724
P70601334,unknown,unknown,50000000.0,5.0,5000.0,5000.0,,20.0,2.0,3.0,4.0,48.0,21.0,villa,unfurnished,unknown,0,17.42278,78.34724
F70601332,unknown,unknown,100000000.0,6.0,7500.0,7500.0,,20.0,2.0,3.0,4.0,47.0,21.0,villa,unfurnished,unknown,0,17.4359437,78.3416731
W70601326,unknown,unknown,75000000.0,5.0,6000.0,6000.0,,20.0,2.0,3.0,4.0,47.0,21.0,villa,unfurnished,unknown,0,17.4359437,78.3416731
D70601324,unknown,unknown,50000000.0,5.0,5000.0,5000.0,,20.0,2.0,3.0,4.0,47.0,21.0,villa,unfurnished,unknown,0,17.4359437,78.3416731
M70601322,unknown,unknown,50000000.0,5.0,5000.0,5000.0,,20.0,2.0,3.0,4.0,50.0,21.0,villa,unfurnished,unknown,0,17.4011618,78.37569
M70601312,unknown,unknown,100000000.0,5.0,5000.0,5000.0,,20.0,2.0,3.0,4.0,49.0,21.0,villa,unfurnished,unknown,0,17.4609913,78.3532083
U70601304,unknown,unknown,50000000.0,5.0,4000.0,4000.0,,20.0,2.0,3.0,4.0,49.0,21.0,villa,unfurnished,unknown,0,17.4609913,78.3532083
G70601296,unknown,unknown,100000000.0,5.0,5000.0,5000.0,,20.0,2.0,3.0,4.0,50.0,21.0,villa,unfurnished,unknown,0,17.43604,78.5746
J70601290,unknown,unknown,50000000.0,4.0,4000.0,4000.0,,20.0,2.0,3.0,4.0,50.0,21.0,villa,unfurnished,unknown,0,17.4295317,78.41266
P70601284,unknown,unknown,100000000.0,5.0,5000.0,5000.0,,20.0,2.0,3.0,4.0,50.0,21.0,villa,unfurnished,unknown,0,17.4295317,78.41266
A70601282,unknown,unknown,100000000.0,4.0,5000.0,5000.0,,20.0,2.0,3.0,4.0,46.0,21.0,villa,unfurnished,unknown,0,17.4164707,78.4382469
G70601280,unknown,unknown,50000000.0,4.0,3500.0,3500.0,,20.0,2.0,3.0,4.0,46.0,21.0,villa,semi-furnished,unknown,0,17.4164707,78.4382469
Q70083122,unknown,unknown,6000000.0,2.0,1198.0,1198.0,,12.0,3.0,5.0,1.0,15.0,30.0,flat,unfurnished,east,0,17.558278,78.359921
L70063116,unknown,unknown,4600000.0,2.0,1050.0,1050.0,,0.0,5.0,5.0,1.0,48.0,30.0,flat,semi-furnished,unknown,0,17.5316,78.26729
V70891342,unknown,unknown,10300000.0,4.0,1080.0,1080.0,,20.0,1.0,2.0,1.0,50.0,7.0,villa,semi-furnished,north-east,0,17.536121,78.289779
E70612532,unknown,unknown,300000000.0,4.0,10000.0,10000.0,,0.0,1.0,2.0,2.0,26.0,21.0,villa,semi-furnished,east,0,17.40223,78.3444
N70232202,unknown,unknown,96000000.0,4.0,9599.0,9599.0,,12.0,9.0,18.0,1.0,0.0,30.0,flat,semi-furnished,east,0,,
V70993924,unknown,unknown,7125000.0,2.0,1130.0,1130.0,,20.0,2.0,5.0,1.0,8.0,2.0,flat,semi-furnished,east,1,17.487030029296875,78.36041259765625
N70993878,unknown,unknown,7108000.0,2.0,1130.0,1130.0,,20.0,3.0,5.0,1.0,8.0,2.0,flat,semi-furnished,east,0,17.487030029296875,78.36041259765625
N70928288,unknown,unknown,9313000.0,2.0,1014.0,1014.0,,0.0,6.0,11.0,1.0,8.0,5.0,flat,semi-furnished,east,1,17.4480919,78.3787508
N70928318,unknown,unknown,10000000.0,2.0,1100.0,1100.0,,0.0,6.0,11.0,1.0,8.0,5.0,flat,semi-furnished,east,1,17.4480919,78.3787508
H70928014,unknown,unknown,8159999.999999999,2.0,1200.0,1200.0,,0.0,2.0,5.0,1.0,8.0,5.0,flat,semi-furnished,east,1,17.485091,78.3671565
P70927556,unknown,unknown,5929000.0,2.0,872.0,872.0,,0.0,2.0,5.0,1.0,8.0,5.0,flat,semi-furnished,east,1,17.485091,78.3671565
Y70928392,unknown,unknown,10000000.0,3.0,1750.0,1750.0,,0.0,6.0,11.0,2.0,8.0,5.0,flat,semi-furnished,east,1,17.4480919,78.3787508
C70927860,unknown,unknown,7065000.000000001,2.0,1039.0,1039.0,,0.0,2.0,5.0,1.0,8.0,5.0,flat,semi-furnished,east,1,17.485091,78.3671565
W70927884,unknown,unknown,6986000.0,2.0,1127.0,1127.0,,0.0,3.0,5.0,1.0,8.0,5.0,flat,semi-furnished,east,1,17.485091,78.3671565
Y70927954,unknown,unknown,8469000.0,2.0,1238.0,1238.0,,0.0,2.0,5.0,1.0,8.0,5.0,flat,semi-furnished,east,1,17.485091,78.3671565
P70927820,unknown,unknown,9945000.0,3.0,1530.0,1530.0,,12.0,9.0,48.0,2.0,50.0,5.0,flat,semi-furnished,unknown,0,17.509181,78.3521088
Z70927754,unknown,unknown,8664000.0,3.0,1333.0,1333.0,,12.0,5.0,47.0,2.0,50.0,5.0,flat,semi-furnished,west,0,17.509181,78.3521088
N70848366,unknown,unknown,12400000.0,3.0,1819.0,1819.0,,0.0,4.0,10.0,1.0,50.0,7.0,flat,semi-furnished,west,1,17.500647,78.42034
F70848192,unknown,unknown,8711000.0,2.0,1287.0,1287.0,,20.0,3.0,10.0,1.0,50.0,7.0,flat,semi-furnished,east,0,17.485091,78.3671565
I70402508,unknown,unknown,7739000.0,3.0,1428.0,1428.0,,0.0,3.0,14.0,1.0,50.0,7.0,flat,semi-furnished,west,1,17.500679,78.42037
O70402436,unknown,unknown,6964000.0,3.0,1273.0,1273.0,,0.0,4.0,14.0,1.0,50.0,7.0,flat,semi-furnished,west,1,17.500679,78.42037
N70403284,unknown,unknown,6050000.0,2.0,1100.0,1100.0,,0.0,2.0,5.0,1.0,50.0,21.0,flat,semi-furnished,east,1,17.475576,78.33514
C70401878,unknown,unknown,9464000.0,3.0,1555.0,1555.0,,0.0,3.0,5.0,2.0,50.0,21.0,flat,semi-furnished,east,1,17.475576,78.33514
Y70502004,unknown,unknown,7084000.0,3.0,1300.0,1300.0,,12.0,2.0,10.0,2.0,50.0,28.0,flat,semi-furnished,east,0,17.5203424,78.3970205
D70401664,unknown,unknown,7811000.0,2.0,1265.0,1265.0,,0.0,2.0,5.0,1.0,49.0,30.0,flat,semi-furnished,west,1,17.475363,78.427216
S70401548,unknown,unknown,8268000.000000001,3.0,1420.0,1420.0,,0.0,3.0,6.0,1.0,50.0,30.0,flat,semi-furnished,west,1,17.468342,78.426704
H70401830,unknown,unknown,6670999.999999999,2.0,1065.0,1065.0,,0.0,3.0,5.0,1.0,50.0,30.0,flat,semi-furnished,east,1,17.468342,78.426704
T70401492,unknown,unknown,8268000.000000001,3.0,1420.0,1420.0,,0.0,4.0,6.0,1.0,5.0,30.0,flat,semi-furnished,east,1,17.49182,78.32617
V70403338,unknown,unknown,8250000.0,3.0,1500.0,1500.0,,0.0,2.0,5.0,1.0,50.0,30.0,flat,semi-furnished,east,1,17.46845,78.4267
N70401924,unknown,unknown,9578000.0,3.0,1575.0,1575.0,,0.0,3.0,5.0,1.0,50.0,30.0,flat,semi-furnished,east,1,17.468544,78.426414
F70401582,unknown,unknown,7080000.0,2.0,1200.0,1200.0,,0.0,2.0,6.0,1.0,5.0,30.0,flat,semi-furnished,east,1,17.49182,78.32617
D70401366,unknown,unknown,7762000.0,2.0,1205.0,1205.0,,0.0,3.0,5.0,1.0,12.0,30.0,flat,semi-furnished,east,1,17.4664197,78.285342
E70449468,unknown,unknown,10200000.0,3.0,2000.0,2000.0,,12.0,6.0,10.0,2.0,49.0,30.0,flat,semi-furnished,east,0,17.38504,78.48667
W70401272,unknown,unknown,6616000.0,2.0,1121.0,1121.0,,0.0,1.0,5.0,1.0,12.0,30.0,flat,semi-furnished,east,1,17.4664197,78.285342
N70401428,unknown,unknown,8334000.0,2.0,1305.0,1305.0,,0.0,3.0,5.0,1.0,12.0,30.0,flat,unfurnished,east,1,17.4664197,78.285342
S70401332,unknown,unknown,7266000.0,2.0,1121.0,1121.0,,0.0,3.0,5.0,1.0,12.0,30.0,flat,semi-furnished,east,1,17.4664197,78.285342
G70401696,unknown,unknown,6923999.999999999,2.0,1110.0,1110.0,,0.0,2.0,5.0,1.0,50.0,30.0,flat,semi-furnished,east,1,17.500656,78.420364
N70402914,unknown,unknown,7379000.000000001,2.0,1190.0,1190.0,,0.0,3.0,5.0,1.0,50.0,30.0,flat,semi-furnished,north,1,17.500671,78.42038
L70402960,unknown,unknown,7909000.0,2.0,1275.0,1275.0,,0.0,3.0,5.0,1.0,50.0,30.0,flat,semi-furnished,west,1,17.500671,78.42038
H70402846,unknown,unknown,7161000.0,2.0,1155.0,1155.0,,0.0,2.0,5.0,1.0,50.0,30.0,flat,semi-furnished,east,1,17.500671,78.42038
R70402776,unknown,unknown,8250000.0,3.0,1575.0,1575.0,,0.0,3.0,5.0,1.0,49.0,30.0,flat,semi-furnished,west,1,17.504227,78.331726
K70402602,unknown,unknown,5610000.0,2.0,1100.0,1100.0,,0.0,2.0,5.0,1.0,49.0,30.0,flat,semi-furnished,east,1,17.504227,78.331726
S70402660,unknown,unknown,5737000.0,2.0,1125.0,1125.0,,0.0,3.0,5.0,1.0,49.0,30.0,flat,semi-furnished,east,1,17.504227,78.331726
Z70402728,unknown,unknown,8050000.0,3.0,1525.0,1525.0,,0.0,3.0,5.0,1.0,49.0,30.0,flat,semi-furnished,west,1,17.504227,78.331726
B70402562,unknown,unknown,5355000.0,2.0,1050.0,1050.0,,0.0,2.0,5.0,1.0,49.0,30.0,flat,semi-furnished,east,1,17.504227,78.331726
Q70403090,unknown,unknown,8976000.0,2.0,1495.0,1495.0,,12.0,7.0,12.0,1.0,50.0,30.0,flat,semi-furnished,east,0,17.509181,78.3521088
I70403066,unknown,unknown,7259999.999999999,2.0,1210.0,1210.0,,12.0,5.0,13.0,1.0,50.0,30.0,flat,semi-furnished,east,0,17.509181,78.3521088
G70402204,unknown,unknown,8512000.0,2.0,1456.0,1456.0,,12.0,7.0,12.0,1.0,14.0,30.0,flat,semi-furnished,east,0,17.499527,78.4767399
N70402168,unknown,unknown,10500000.0,3.0,1850.0,1850.0,,12.0,4.0,12.0,2.0,14.0,30.0,flat,semi-furnished,unknown,0,17.499527,78.4767399
D70341476,unknown,unknown,11000000.0,3.0,1965.0,1965.0,,12.0,1.0,3.0,2.0,1.0,30.0,flat,semi-furnished,east,0,17.555324,78.308221
I70310426,unknown,unknown,7056000.0,3.0,1260.0,1260.0,,12.0,10.0,10.0,2.0,49.0,30.0,flat,semi-furnished,east,0,17.38504,78.48667
Q70223776,unknown,unknown,21500000.0,3.0,3591.0,3591.0,,12.0,1.0,2.0,1.0,0.0,30.0,villa,semi-furnished,north,0,17.443855,78.250431
J70186804,unknown,unknown,10300000.0,3.0,1975.0,1975.0,,12.0,1.0,2.0,1.0,46.0,30.0,villa,semi-furnished,east,0,17.5330867548758,78.2682745858627
X70155162,unknown,unknown,9500000.0,2.0,1200.0,1200.0,,0.0,4.0,5.0,1.0,50.0,30.0,flat,semi-furnished,west,0,17.495289,78.418967
K70145690,unknown,unknown,20000000.0,3.0,2160.0,2160.0,,0.0,15.0,19.0,2.0,9.0,30.0,flat,furnished,east,0,17.467762,78.408146
O69999202,unknown,unknown,11500000.0,3.0,1850.0,1850.0,,20.0,1.0,4.0,1.0,46.0,30.0,flat,semi-furnished,west,1,17.4843253,78.5558902
F70899788,unknown,unknown,50000000.0,3.0,2595.0,2595.0,,0.0,25.0,36.0,1.0,13.0,2.0,flat,furnished,unknown,1,17.4300212,78.376509
D70962876,unknown,unknown,11299999.999999998,2.0,1253.0,1253.0,,20.0,19.0,25.0,1.0,43.0,3.0,flat,semi-furnished,unknown,0,17.516785,78.295298
J70962858,unknown,unknown,15000000.0,2.0,1314.0,1314.0,,0.0,14.0,31.0,1.0,12.0,3.0,flat,furnished,unknown,0,17.398775,78.355493
T70962840,unknown,unknown,26400000.0,3.0,2510.0,2510.0,,20.0,8.0,18.0,1.0,12.0,3.0,flat,semi-furnished,unknown,0,17.466742,78.337059
L70962828,unknown,unknown,11000000.0,2.0,1315.0,1315.0,,20.0,12.0,30.0,1.0,12.0,3.0,flat,semi-furnished,unknown,0,17.45227,78.299843
P70900798,unknown,unknown,18500000.0,3.0,1900.0,1900.0,,20.0,28.0,31.0,1.0,13.0,7.0,flat,semi-furnished,unknown,0,17.465823,78.407845
I70900656,unknown,unknown,15000000.0,3.0,1600.0,1600.0,,20.0,20.0,31.0,1.0,13.0,7.0,flat,semi-furnished,unknown,0,17.465823,78.407845
G70900548,unknown,unknown,18000000.0,3.0,1899.0,1899.0,,2.5,18.0,35.0,1.0,8.0,7.0,villa,furnished,unknown,0,17.475742,78.391786
S70900390,unknown,unknown,17500000.0,3.0,1901.0,1901.0,,2.5,6.0,30.0,1.0,44.0,7.0,flat,semi-furnished,unknown,0,17.4400802,78.3489168
Z70900242,unknown,unknown,19500000.0,3.0,1915.0,1915.0,,2.5,13.0,20.0,1.0,45.0,7.0,flat,furnished,unknown,0,17.444797,78.366116
A70900146,unknown,unknown,67800000.0,4.0,3988.0,3988.0,,12.0,37.0,42.0,2.0,12.0,7.0,flat,semi-furnished,unknown,0,17.466346,78.378971
W70900042,unknown,unknown,10800000.0,2.0,1460.0,1460.0,,20.0,1.0,12.0,1.0,10.0,7.0,flat,semi-furnished,unknown,0,17.382212,78.360496
Y70899872,unknown,unknown,17000000.0,3.0,1875.0,1875.0,,20.0,10.0,18.0,1.0,10.0,7.0,flat,semi-furnished,unknown,0,17.387587,78.348054
M70899622,unknown,unknown,21000000.0,3.0,1957.0,1957.0,,20.0,13.0,32.0,1.0,13.0,7.0,flat,semi-furnished,unknown,0,17.391372,78.339424
P70899558,unknown,unknown,11500000.0,2.0,1335.0,1335.0,,20.0,7.0,22.0,1.0,9.0,7.0,flat,semi-furnished,unknown,0,17.478221,78.312255
N70899278,unknown,unknown,13500000.0,3.0,1740.0,1740.0,,0.0,8.0,15.0,2.0,50.0,7.0,flat,furnished,unknown,0,17.469685,78.311676
S70644548,unknown,unknown,7500000.0,3.0,1200.0,1200.0,,20.0,2.0,5.0,2.0,12.0,14.0,flat,semi-furnished,east,1,17.5455508,78.3726676
I68194190,unknown,unknown,31400000.0,4.0,2729.0,2729.0,,20.0,15.0,34.0,3.0,10.0,3.0,flat,semi-furnished,east,0,17.41341,78.339447
O68194322,unknown,unknown,14800000.0,2.0,1283.0,1283.0,,20.0,25.0,34.0,2.0,10.0,3.0,flat,semi-furnished,east,0,17.41341,78.339447
J69919334,unknown,unknown,7567000.0,3.0,1485.0,1485.0,,0.0,1.0,5.0,1.0,12.0,30.0,flat,semi-furnished,west,0,17.5455914,78.3729128
G69918544,unknown,unknown,6300000.0,2.0,1160.0,1160.0,,0.0,5.0,5.0,1.0,12.0,60.0,flat,semi-furnished,west,0,17.5457896,78.3726037
J69918726,unknown,unknown,6300000.0,2.0,1150.0,1150.0,,0.0,4.0,5.0,1.0,11.0,60.0,flat,semi-furnished,west,0,17.5460354,78.3734824
J69918856,unknown,unknown,6400000.0,2.0,1160.0,1160.0,,0.0,3.0,5.0,1.0,11.0,60.0,flat,semi-furnished,east,0,17.5456427,78.3730232
O69919036,unknown,unknown,8200000.0,3.0,1500.0,1500.0,,0.0,2.0,5.0,1.0,11.0,60.0,flat,semi-furnished,west,0,17.5462541,78.3725461
B69919178,unknown,unknown,6400000.0,2.0,1150.0,1150.0,,0.0,2.0,5.0,1.0,12.0,60.0,flat,semi-furnished,east,0,17.5455914,78.3729128
W70656230,appa junction,appa junction,13500000.0,3.0,1660.0,1660.0,,0.0,7.0,8.0,2.0,18.0,,flat,furnished,west,1,17.349152,78.391046
O71002796,appa junction,appa junction,7500000.0,2.0,1134.0,1134.0,,2.5,4.0,20.0,1.0,4.0,2.0,flat,furnished,east,0,17.357201,78.371351
Y70823972,kokapet,kokapet,105000000.0,4.0,5500.0,5500.0,,0.0,2.0,3.0,2.0,11.0,7.0,villa,semi-furnished,west,1,17.395888,78.3322
P70824222,nallagandla,nallagandla,21000000.0,3.0,2070.0,2070.0,,20.0,12.0,22.0,2.0,9.0,7.0,flat,semi-furnished,east,0,17.478221,78.312255
J70779604,tellapur,tellapur,55000000.0,4.0,3223.0,3223.0,,20.0,2.0,3.0,2.0,15.0,14.0,villa,semi-furnished,west,0,17.465956,78.261911
B70696448,nallagandla,nallagandla,25000000.0,3.0,1970.0,1970.0,,0.0,7.0,19.0,1.0,50.0,14.0,flat,semi-furnished,east,1,17.465885,78.311337
N70629144,unknown,unknown,26000000.0,3.0,2750.0,2750.0,,0.0,4.0,5.0,2.0,46.0,14.0,flat,furnished,west,1,17.4219344,78.4444485
A70009936,kondapur,kondapur,89300000.0,4.0,4467.0,4467.0,,20.0,2.0,3.0,2.0,15.0,21.0,villa,semi-furnished,east,1,17.4844239,78.3390345
M69990252,tellapur,tellapur,65000000.0,4.0,4150.0,4150.0,,20.0,2.0,3.0,2.0,15.0,30.0,villa,semi-furnished,east,1,17.4648522,78.2616527
C70123420,osman nagar,osman nagar,66000000.0,4.0,3667.0,3667.0,,20.0,2.0,3.0,3.0,3.0,30.0,villa,semi-furnished,east,0,17.43716,78.286303
I70511438,unknown,unknown,25600000.0,3.0,3200.0,3200.0,,12.0,1.0,2.0,2.0,17.0,21.0,villa,semi-furnished,north-east,0,17.4664197,78.285342
S70354848,unknown,unknown,2500000.0,1.0,5445.0,5445.0,,12.0,1.0,2.0,1.0,0.0,30.0,house,furnished,east,0,,
E70283890,unknown,unknown,25600000.0,3.0,3200.0,3200.0,,12.0,1.0,2.0,2.0,0.0,30.0,villa,semi-furnished,north-east,0,17.443855,78.250431
C70281038,unknown,unknown,20000000.0,3.0,2500.0,2500.0,,12.0,1.0,2.0,2.0,0.0,30.0,villa,semi-furnished,north-east,0,17.443855,78.250431
J70231484,unknown,unknown,9500000.0,3.0,1720.0,1720.0,,12.0,5.0,9.0,2.0,0.0,30.0,flat,semi-furnished,east,0,17.443855,78.250431
O71003368,unknown,unknown,6500000.0,2.0,1069.0,1069.0,,20.0,3.0,5.0,1.0,6.0,2.0,flat,furnished,unknown,0,17.529701,78.333031
G71003282,unknown,unknown,6498000.0,2.0,1050.0,1050.0,,20.0,1.0,5.0,1.0,6.0,2.0,flat,furnished,unknown,0,17.529701,78.333031
J71003198,unknown,unknown,6495000.0,2.0,1069.0,1069.0,,20.0,4.0,5.0,1.0,34.0,2.0,flat,furnished,unknown,0,17.5238479933976,78.3227692229911
K71003052,unknown,unknown,6500000.0,2.0,1069.0,1069.0,,20.0,3.0,5.0,1.0,34.0,2.0,flat,unfurnished,unknown,0,17.5238479933976,78.3227692229911
P71002988,unknown,unknown,40000000.0,3.0,3000.0,3000.0,,12.0,3.0,6.0,2.0,50.0,2.0,flat,semi-furnished,unknown,0,17.4295317,78.41266
H71002960,unknown,unknown,40000000.0,3.0,3000.0,3000.0,,12.0,3.0,6.0,2.0,50.0,2.0,flat,semi-furnished,unknown,0,17.4295317,78.41266
E71002920,unknown,unknown,6500000.0,2.0,1065.0,1065.0,,20.0,3.0,5.0,1.0,34.0,2.0,flat,furnished,unknown,0,17.5238479933976,78.3227692229911
D71002884,unknown,unknown,6500000.0,2.0,1065.0,1065.0,,20.0,2.0,5.0,1.0,34.0,2.0,flat,furnished,unknown,0,17.5238479933976,78.3227692229911
V66437794,kukatpally,kukatpally,34000000.0,4.0,1737.0,1737.0,,2.5,2.0,3.0,2.0,47.0,,villa,furnished,north-east,0,17.46843,78.40761
I70153776,unknown,unknown,5830000.0,2.0,1100.0,1100.0,,12.0,1.0,5.0,2.0,34.0,30.0,flat,semi-furnished,east,0,17.5238479933976,78.3227692229911
C70153422,unknown,unknown,6300000.0,2.0,1150.0,1150.0,,12.0,2.0,4.0,1.0,34.0,30.0,flat,semi-furnished,east,0,17.5238479933976,78.3227692229911
O69344854,unknown,unknown,14200000.0,4.0,1530.0,1530.0,,20.0,1.0,2.0,2.0,6.0,14.0,villa,furnished,east,0,17.5564,78.36389
R70700338,unknown,unknown,10000000.0,3.0,1665.0,1665.0,,20.0,5.0,5.0,1.0,50.0,14.0,flat,semi-furnished,west,0,17.4897803,78.3575296
O70700242,unknown,unknown,11000000.0,3.0,1665.0,1665.0,,20.0,5.0,5.0,2.0,11.0,14.0,flat,semi-furnished,west,0,17.509181,78.3521088
W70568894,unknown,unknown,8252000.0,2.0,1310.0,1310.0,,12.0,8.0,8.0,1.0,50.0,21.0,flat,semi-furnished,east,0,17.485091,78.3671565
G69354394,unknown,unknown,4860000.0,2.0,1215.0,1215.0,,0.0,5.0,5.0,2.0,44.0,28.0,flat,semi-furnished,east,1,17.435053,78.366264
H69354176,unknown,unknown,7020000.0,3.0,1350.0,1350.0,,0.0,5.0,5.0,2.0,44.0,28.0,flat,semi-furnished,east,1,17.435053,78.366264
K69354074,unknown,unknown,4940000.0,2.0,950.0,950.0,,0.0,5.0,5.0,2.0,50.0,28.0,flat,semi-furnished,east,1,17.527554,78.42414
Q70076932,unknown,unknown,7109999.999999999,2.0,1205.0,1205.0,,0.0,5.0,5.0,2.0,13.0,30.0,flat,semi-furnished,east,1,17.466402,78.28256
J70076854,unknown,unknown,6638000.0,2.0,1125.0,1125.0,,0.0,5.0,5.0,2.0,13.0,30.0,flat,semi-furnished,east,1,17.466402,78.28256
A70076966,unknown,unknown,7151000.000000001,2.0,1212.0,1212.0,,0.0,5.0,5.0,2.0,50.0,30.0,flat,semi-furnished,east,1,17.500656,78.420364
O70401616,unknown,unknown,7161000.0,2.0,1155.0,1155.0,,0.0,5.0,5.0,1.0,50.0,30.0,flat,semi-furnished,east,1,17.500656,78.420364
B69287968,unknown,unknown,8773000.0,3.0,1415.0,1415.0,,0.0,5.0,5.0,2.0,50.0,30.0,flat,semi-furnished,east,1,17.500656,78.420364
R70401480,unknown,unknown,7378000.0,2.0,1190.0,1190.0,,0.0,5.0,5.0,1.0,50.0,30.0,flat,semi-furnished,north,1,17.500656,78.420364
I70402122,unknown,unknown,7600000.0,3.0,1295.0,1295.0,,0.0,4.0,4.0,2.0,49.0,30.0,flat,semi-furnished,west,1,17.497484,78.408134
U69021808,unknown,unknown,7395000.0,3.0,1450.0,1450.0,,0.0,5.0,5.0,2.0,49.0,30.0,flat,semi-furnished,west,1,17.504227,78.331726
M69021716,unknown,unknown,5355000.0,2.0,1050.0,1050.0,,0.0,5.0,5.0,2.0,49.0,30.0,flat,semi-furnished,east,1,17.504227,78.331726
F69021772,unknown,unknown,5610000.0,2.0,1100.0,1100.0,,0.0,5.0,5.0,2.0,49.0,30.0,flat,semi-furnished,east,1,17.504227,78.331726
B70356840,unknown,unknown,43000000.0,3.0,4342.0,4342.0,,12.0,1.0,2.0,2.0,0.0,30.0,villa,semi-furnished,east,0,17.443855,78.250431
T70356694,unknown,unknown,32600000.0,3.0,4342.0,4342.0,,12.0,1.0,2.0,2.0,0.0,30.0,villa,semi-furnished,east,0,17.443855,78.250431
A70356406,unknown,unknown,37000000.0,3.0,3739.0,3739.0,,12.0,1.0,2.0,2.0,0.0,30.0,villa,semi-furnished,east,0,17.443855,78.250431
A70356298,unknown,unknown,28000000.0,3.0,3739.0,3739.0,,12.0,1.0,2.0,2.0,0.0,30.0,villa,semi-furnished,east,0,17.443855,78.250431
B70255218,unknown,unknown,11000000.0,3.0,1804.0,1804.0,,12.0,15.0,15.0,2.0,17.0,30.0,flat,semi-furnished,east,0,17.311940823733476,78.47302608769566
W70255160,unknown,unknown,7277000.0,2.0,1193.0,1193.0,,12.0,15.0,15.0,2.0,17.0,30.0,flat,semi-furnished,east,0,17.311940823733476,78.47302608769566
H70254416,unknown,unknown,9311000.0,3.0,1455.0,1455.0,,12.0,17.0,17.0,2.0,50.0,30.0,flat,semi-furnished,east,0,17.509181,78.3521088
N70254324,unknown,unknown,7934999.999999999,2.0,1240.0,1240.0,,12.0,17.0,17.0,2.0,50.0,30.0,flat,semi-furnished,east,0,17.509181,78.3521088
W70254224,unknown,unknown,7775000.0,2.0,1215.0,1215.0,,12.0,17.0,17.0,2.0,50.0,30.0,flat,semi-furnished,east,0,17.509181,78.3521088
U70125962,unknown,unknown,15800000.0,3.0,1360.0,1360.0,,0.0,1.0,15.0,2.0,15.0,30.0,flat,semi-furnished,east,0,17.4609913,78.3532083
B69941130,unknown,unknown,7401000.000000001,3.0,1175.0,1175.0,,12.0,14.0,14.0,2.0,50.0,30.0,flat,semi-furnished,east,0,17.509181,78.3521088
Z69688042,unknown,unknown,4935000.0,2.0,1050.0,1050.0,,12.0,5.0,5.0,1.0,10.0,7.0,flat,semi-furnished,north,0,17.5468498,78.3650231
F69687972,unknown,unknown,5390000.0,2.0,1100.0,1100.0,,12.0,5.0,5.0,2.0,10.0,7.0,flat,semi-furnished,east,0,17.5468498,78.3650231
H69158922,unknown,unknown,10200000.0,2.0,2050.0,2050.0,,12.0,1.0,2.0,2.0,2.0,30.0,villa,semi-furnished,east,0,17.58074372545,78.207685730403
S69158262,unknown,unknown,9225000.0,2.0,2050.0,2050.0,,12.0,1.0,2.0,2.0,2.0,30.0,villa,semi-furnished,east,0,17.58074372545,78.207685730403
G69708318,unknown,unknown,80000000.0,4.0,4155.0,4155.0,,12.0,7.0,35.0,2.0,10.0,7.0,flat,semi-furnished,west,0,17.4066129,78.3941767
Q63947630,unknown,unknown,16500000.0,2.0,1620.0,1620.0,,0.0,0.0,1.0,1.0,1.0,120.0,villa,semi-furnished,west,0,17.442196,78.280067
T69936782,unknown,unknown,12000000.0,4.0,1350.0,1350.0,,0.0,0.0,1.0,2.0,36.0,30.0,villa,semi-furnished,east,1,17.397512,78.61494
E70121738,unknown,unknown,12800000.0,3.0,2061.0,2061.0,,12.0,12.0,22.0,1.0,0.0,30.0,flat,semi-furnished,unknown,0,,
Y70893774,unknown,unknown,17700000.0,3.0,2235.0,2235.0,,20.0,6.0,10.0,2.0,12.0,7.0,flat,semi-furnished,west,0,17.4609913,78.3532083
X70879462,unknown,unknown,7034999.999999999,2.0,1050.0,1050.0,,20.0,2.0,5.0,0.0,49.0,7.0,flat,semi-furnished,east,0,17.4609913,78.3532083
I70877926,unknown,unknown,9900000.0,3.0,1885.0,1885.0,,12.0,5.0,8.0,2.0,0.0,7.0,flat,semi-furnished,east,0,17.443855,78.250431
W70858364,unknown,unknown,10800000.0,3.0,1615.0,1615.0,,20.0,2.0,5.0,2.0,49.0,7.0,flat,semi-furnished,north,0,17.4609913,78.3532083
X70813046,unknown,unknown,22000000.0,3.0,2509.0,2509.0,,20.0,4.0,5.0,2.0,50.0,7.0,flat,furnished,west,0,17.4011618,78.37569
M70780914,unknown,unknown,7600000.0,3.0,1250.0,1250.0,,0.0,4.0,5.0,2.0,50.0,14.0,flat,furnished,west,0,17.4011618,78.37569
I70780874,unknown,unknown,9000000.0,2.0,1280.0,1280.0,,0.0,5.0,5.0,2.0,50.0,14.0,flat,furnished,east,0,17.4011618,78.37569
G70749590,unknown,unknown,8500000.0,3.0,1485.0,1485.0,,2.5,1.0,5.0,3.0,50.0,14.0,flat,furnished,west,0,17.4011618,78.37569
C70706294,unknown,unknown,24200000.0,3.0,2198.0,2198.0,,2.5,6.0,20.0,2.0,49.0,14.0,flat,furnished,east,1,17.412891,78.399847
U70708820,unknown,unknown,41400000.0,3.0,3315.0,3315.0,,2.5,1.0,4.0,1.0,50.0,14.0,flat,furnished,north,0,17.4295317,78.41266
R70707668,unknown,unknown,15000000.0,3.0,1730.0,1730.0,,2.5,1.0,5.0,2.0,47.0,14.0,flat,furnished,west,0,17.4359437,78.3416731
P70702174,unknown,unknown,22100000.0,3.0,2323.0,2323.0,,0.0,1.0,5.0,2.0,49.0,14.0,flat,semi-furnished,south,1,17.423529,78.45261
A70701684,unknown,unknown,24800000.0,3.0,2255.0,2255.0,,0.0,1.0,5.0,2.0,49.0,14.0,flat,semi-furnished,north,1,17.423489,78.45231
H70679554,unknown,unknown,7700000.0,4.0,1800.0,1800.0,,12.0,2.0,3.0,4.0,0.0,14.0,villa,semi-furnished,east,0,17.233562897673416,78.54189608906688
O70666594,unknown,unknown,7584000.0,2.0,1132.0,1132.0,,20.0,2.0,5.0,1.0,49.0,14.0,flat,semi-furnished,east,0,17.4609913,78.3532083
P70655798,unknown,unknown,10300000.0,3.0,1540.0,1540.0,,20.0,2.0,5.0,2.0,49.0,14.0,flat,semi-furnished,north,0,17.4609913,78.3532083
O70514014,unknown,unknown,22900000.0,3.0,2158.0,2158.0,,0.0,6.0,16.0,3.0,48.0,21.0,flat,semi-furnished,east,0,17.46432,78.37295
L70511692,unknown,unknown,23000000.0,3.0,183.0,183.0,,20.0,1.0,2.0,2.0,1.0,21.0,villa,semi-furnished,east,0,17.492871,78.239079
E70484324,unknown,unknown,9415000.0,2.0,1345.0,1345.0,,20.0,1.0,5.0,1.0,50.0,28.0,flat,furnished,west,0,17.3130765,78.5632461
K70482788,unknown,unknown,10600000.0,3.0,1515.0,1515.0,,20.0,1.0,5.0,1.0,48.0,28.0,flat,furnished,east,0,17.3561,78.5333
Y70480564,unknown,unknown,10600000.0,3.0,1515.0,1515.0,,20.0,1.0,5.0,1.0,50.0,28.0,flat,furnished,east,0,17.4018092,78.5601892
O70480322,unknown,unknown,9415000.0,2.0,1345.0,1345.0,,20.0,2.0,5.0,1.0,49.0,28.0,flat,furnished,west,0,17.3638489,78.5348507
Y70479474,unknown,unknown,9415000.0,2.0,1345.0,1345.0,,20.0,2.0,5.0,1.0,50.0,28.0,flat,furnished,west,0,17.3253751,78.574602
J70479190,unknown,unknown,10600000.0,3.0,1515.0,1515.0,,20.0,1.0,5.0,1.0,49.0,28.0,flat,furnished,east,0,17.3464806,78.5509583
Q70479002,unknown,unknown,9415000.0,2.0,1345.0,1345.0,,20.0,1.0,5.0,1.0,49.0,28.0,flat,furnished,west,0,17.3446823,78.5522626
N70466148,unknown,unknown,8000000.0,3.0,1700.0,1700.0,,12.0,6.0,12.0,2.0,1.0,30.0,flat,semi-furnished,east,0,17.442196,78.280067
C58245296,unknown,unknown,7558000.0,3.0,1608.0,1608.0,,20.0,1.0,5.0,1.0,46.0,30.0,flat,semi-furnished,east,0,17.5052305,78.5561374
Z63651000,unknown,unknown,5900000.0,2.0,1200.0,1200.0,,20.0,3.0,5.0,2.0,46.0,30.0,flat,semi-furnished,north-east,0,17.5052148,78.5561571
U64260026,unknown,unknown,7500000.0,3.0,1400.0,1400.0,,20.0,3.0,5.0,2.0,50.0,30.0,flat,semi-furnished,west,0,17.492542,78.44098
W65625088,unknown,unknown,6130000.0,2.0,1226.0,1226.0,,20.0,2.0,6.0,1.0,50.0,30.0,flat,semi-furnished,east,0,17.492542,78.44098
S70067274,unknown,unknown,7500000.0,2.0,1170.0,1170.0,,20.0,3.0,5.0,1.0,49.0,30.0,flat,semi-furnished,east,0,17.4609913,78.3532083
U69979660,unknown,unknown,8911000.0,2.0,1330.0,1330.0,,20.0,6.0,13.0,2.0,15.0,30.0,flat,furnished,east,0,17.4478104,78.5263305
T69973946,unknown,unknown,42000000.0,3.0,2986.0,2986.0,,20.0,2.0,3.0,3.0,17.0,30.0,villa,furnished,east,0,17.4664197,78.285342
C69973672,unknown,unknown,160000000.0,5.0,7000.0,7000.0,,20.0,1.0,2.0,4.0,17.0,30.0,villa,furnished,west,0,17.4664197,78.285342
A69958086,unknown,unknown,13000000.0,3.0,1850.0,1850.0,,20.0,2.0,5.0,2.0,49.0,30.0,flat,semi-furnished,north,0,17.4609913,78.3532083
W69916418,unknown,unknown,11500000.0,3.0,1670.0,1670.0,,20.0,3.0,5.0,2.0,49.0,60.0,flat,semi-furnished,east,0,17.4609913,78.3532083
V70264216,unknown,unknown,13600000.000000002,2.0,1283.0,1283.0,,0.0,10.0,35.0,1.0,30.0,4.0,flat,semi-furnished,east,1,17.413533637872785,78.33906915038824
L70403754,unknown,unknown,44800000.00000001,4.0,4070.0,4070.0,,0.0,12.0,35.0,2.0,50.0,7.0,flat,semi-furnished,east,1,17.46793,78.34858
G70402360,unknown,unknown,42000000.0,4.0,4060.0,4060.0,,0.0,20.0,35.0,2.0,50.0,7.0,flat,semi-furnished,east,1,17.46793,78.34858
R69159152,unknown,unknown,56000000.0,3.0,2595.0,2595.0,,0.0,32.0,36.0,2.0,13.0,14.0,flat,furnished,east,1,17.430915,78.37728
N70115580,unknown,unknown,28000000.0,4.0,2729.0,2729.0,,0.0,19.0,34.0,2.0,10.0,21.0,flat,semi-furnished,east,1,17.4359437,78.3416731
A68983142,unknown,unknown,28500000.0,4.0,2848.0,2848.0,,0.0,17.0,35.0,3.0,10.0,21.0,flat,semi-furnished,east,1,17.41341,78.339447
K69532384,unknown,unknown,20500000.0,3.0,1600.0,1600.0,,0.0,30.0,31.0,1.0,15.0,30.0,flat,semi-furnished,east,0,17.427164,78.44375
N68791404,unknown,unknown,14200000.0,2.0,1314.0,1314.0,,0.0,5.0,31.0,1.0,12.0,60.0,flat,furnished,east,0,17.399452,78.36364
U71016932,unknown,unknown,3600000.0,2.0,900.0,900.0,,20.0,2.0,4.0,1.0,50.0,,flat,semi-furnished,unknown,0,17.5090182,78.3001801
J71014942,unknown,unknown,4500000.0,2.0,1150.0,1150.0,,20.0,2.0,4.0,1.0,50.0,,flat,semi-furnished,east,0,17.5090182,78.3001801
G69794544,unknown,unknown,13500000.0,3.0,1685.0,1685.0,,12.0,6.0,12.0,3.0,50.0,6.0,flat,semi-furnished,east,0,17.4011618,78.37569
S70820160,unknown,unknown,26500000.0,4.0,4200.0,4200.0,,12.0,37.0,40.0,3.0,25.0,7.0,flat,semi-furnished,west,0,17.3923634,78.3621784
O70819556,unknown,unknown,23000000.0,4.0,3600.0,3600.0,,12.0,18.0,40.0,3.0,25.0,7.0,flat,semi-furnished,west,0,17.3923634,78.3621784
R70327908,unknown,unknown,14600000.0,3.0,2020.0,2020.0,,12.0,21.0,43.0,3.0,50.0,30.0,flat,semi-furnished,east,0,17.4011618,78.37569
Y70327824,unknown,unknown,14600000.0,3.0,2020.0,2020.0,,12.0,20.0,43.0,3.0,47.0,30.0,flat,semi-furnished,west,0,17.4359437,78.3416731
T70327722,unknown,unknown,11800000.0,3.0,1695.0,1695.0,,12.0,14.0,43.0,3.0,50.0,30.0,flat,semi-furnished,west,0,17.3973794,78.3856447
Z70327626,unknown,unknown,11500000.0,3.0,1660.0,1660.0,,12.0,7.0,43.0,3.0,50.0,30.0,flat,semi-furnished,west,0,17.3973794,78.3856447
H70306284,unknown,unknown,10800000.0,3.0,1840.0,1840.0,,12.0,8.0,12.0,3.0,6.0,30.0,flat,semi-furnished,east,0,17.529701,78.333031
V69969664,unknown,unknown,35000000.0,6.0,2403.0,2403.0,,20.0,2.0,3.0,4.0,35.0,30.0,villa,semi-furnished,east,1,17.5256027,78.3055263
P68844316,unknown,unknown,7198999.999999999,3.0,1440.0,1440.0,,12.0,9.0,16.0,3.0,0.0,30.0,flat,semi-furnished,east,0,17.443855,78.250431
N69969624,unknown,unknown,30000000.0,5.0,2097.0,2097.0,,20.0,2.0,3.0,3.0,34.0,30.0,villa,semi-furnished,east,1,17.5254143,78.3063147
A71023778,unknown,unknown,8980000.0,3.0,2245.0,2245.0,,12.0,10.0,15.0,3.0,49.0,,flat,unfurnished,east,0,17.38504,78.48667
T71013692,unknown,unknown,4800000.0,2.0,1210.0,1210.0,,12.0,4.0,15.0,1.0,11.0,,flat,semi-furnished,east,0,17.4219,78.63155
M71013376,unknown,unknown,4800000.0,2.0,1210.0,1210.0,,12.0,4.0,15.0,2.0,11.0,,flat,semi-furnished,east,0,17.4219,78.63155
O71013034,unknown,unknown,8497000.0,3.0,1545.0,1545.0,,20.0,3.0,6.0,2.0,15.0,,flat,semi-furnished,east,0,17.4876857,78.5483395
J71012802,unknown,unknown,6638000.0,2.0,1207.0,1207.0,,20.0,1.0,6.0,1.0,15.0,,flat,semi-furnished,east,0,17.4876857,78.5483395
G71007992,unknown,unknown,8700000.0,3.0,1583.0,1583.0,,20.0,4.0,6.0,2.0,15.0,,flat,unfurnished,west,0,17.4876857,78.5483395
B71007700,unknown,unknown,6900000.0,2.0,1256.0,1256.0,,20.0,2.0,6.0,2.0,15.0,,flat,unfurnished,east,0,17.4876857,78.5483395
K66107584,unknown,unknown,5100000.0,2.0,1245.0,1245.0,,12.0,3.0,7.0,1.0,2.0,30.0,flat,semi-furnished,east,0,17.557546,78.557555
E66202810,unknown,unknown,5500000.0,2.0,1337.0,1337.0,,12.0,1.0,7.0,1.0,50.0,30.0,flat,semi-furnished,east,0,17.4930942,78.5036065
C67307308,unknown,unknown,8180000.0,3.0,1717.0,1717.0,,12.0,9.0,12.0,1.0,50.0,14.0,flat,semi-furnished,east,0,17.526544,78.265008
O70856160,unknown,unknown,10000000.0,3.0,1335.0,1335.0,,12.0,4.0,7.0,1.0,0.0,7.0,flat,unfurnished,east,0,,
A70855690,unknown,unknown,11600000.0,3.0,1675.0,1675.0,,12.0,3.0,5.0,1.0,26.0,7.0,flat,semi-furnished,east,0,17.40223,78.3444
E70588338,unknown,unknown,12500000.0,3.0,1430.0,1430.0,,2.5,1.0,10.0,1.0,50.0,21.0,flat,furnished,west,0,17.47078,78.30668
Z70572760,unknown,unknown,67800000.0,4.0,5430.0,5430.0,,12.0,30.0,45.0,2.0,47.0,21.0,flat,semi-furnished,east,0,17.4359437,78.3416731
O70570840,unknown,unknown,54000000.0,4.0,5400.0,5400.0,,12.0,2.0,3.0,4.0,3.0,21.0,villa,semi-furnished,east,0,17.20869,78.47603
I70545066,unknown,unknown,15000000.0,3.0,1670.0,1670.0,,12.0,20.0,40.0,1.0,1.0,21.0,flat,semi-furnished,east,0,17.366347,78.348441
O70500962,unknown,unknown,55000000.0,4.0,5400.0,5400.0,,12.0,2.0,3.0,4.0,3.0,28.0,villa,semi-furnished,east,0,17.20869,78.47603
H70985028,unknown,unknown,14700000.0,2.0,1283.0,1283.0,,0.0,1.0,35.0,1.0,10.0,2.0,flat,furnished,east,0,17.4359437,78.3416731
S70543008,unknown,unknown,31000000.0,4.0,2848.0,2848.0,,2.5,20.0,35.0,3.0,10.0,3.0,flat,semi-furnished,east,1,17.413693912867863,78.33948254585266
F70899706,unknown,unknown,13000000.0,3.0,1517.0,1517.0,,0.0,5.0,12.0,1.0,15.0,3.0,flat,semi-furnished,east,1,17.39261766469185,78.3229111880064
G70899642,unknown,unknown,13000000.0,3.0,1516.0,1516.0,,0.0,6.0,12.0,1.0,15.0,3.0,flat,semi-furnished,unknown,1,17.393171811912758,78.32292560487986
E70943442,unknown,unknown,18000000.0,3.0,1600.0,1600.0,,2.5,15.0,31.0,1.0,15.0,4.0,flat,furnished,north,0,17.42278,78.34724
Z70827470,unknown,unknown,14100000.0,2.0,1283.0,1283.0,,0.0,32.0,35.0,1.0,4.0,7.0,flat,semi-furnished,east,1,17.261827,78.54463
E70827356,unknown,unknown,19200000.0,3.0,1742.0,1742.0,,0.0,23.0,35.0,1.0,4.0,7.0,flat,semi-furnished,east,1,17.261827,78.54463
X70899746,unknown,unknown,13000000.0,3.0,1518.0,1518.0,,0.0,4.0,12.0,1.0,15.0,7.0,flat,semi-furnished,north,1,17.40223,78.3444
X70899612,unknown,unknown,13100000.0,2.0,1515.0,1515.0,,0.0,4.0,12.0,1.0,15.0,7.0,flat,semi-furnished,west,1,17.469858,78.35783
T70899664,unknown,unknown,13000000.0,3.0,1515.0,1515.0,,0.0,7.0,12.0,1.0,15.0,7.0,flat,semi-furnished,unknown,1,17.40223,78.3444
V70828828,unknown,unknown,44800000.00000001,4.0,4070.0,4070.0,,0.0,6.0,35.0,2.0,4.0,7.0,flat,semi-furnished,north,1,17.26192,78.54463
X70892274,unknown,unknown,29800000.0,4.0,2713.0,2713.0,,0.0,14.0,35.0,3.0,4.0,7.0,flat,semi-furnished,east,1,17.26192,78.54463
Y70753070,unknown,unknown,28500000.0,4.0,2848.0,2848.0,,0.0,10.0,35.0,3.0,49.0,7.0,flat,semi-furnished,east,1,17.467455,78.34756
N70493372,unknown,unknown,19000000.0,3.0,1745.0,1745.0,,0.0,30.0,31.0,1.0,15.0,14.0,flat,furnished,east,1,17.42278,78.34724
F70989516,unknown,unknown,5537000.0,2.0,1320.0,1320.0,,12.0,3.0,14.0,2.0,37.0,2.0,flat,semi-furnished,east,0,17.538237,78.480804
K70347434,unknown,unknown,18500000.0,2.0,2760.0,2760.0,,12.0,9.0,10.0,2.0,50.0,30.0,flat,semi-furnished,east,0,17.4011618,78.37569
C70330384,unknown,unknown,8350000.0,2.0,1290.0,1290.0,,12.0,8.0,10.0,2.0,49.0,30.0,flat,semi-furnished,unknown,0,17.38504,78.48667
H70330362,unknown,unknown,13000000.0,3.0,1960.0,1960.0,,20.0,7.0,10.0,2.0,15.0,30.0,flat,semi-furnished,east,0,17.3923634,78.3621784
Q70330348,unknown,unknown,6875000.0,2.0,1250.0,1250.0,,20.0,9.0,10.0,1.0,50.0,30.0,flat,semi-furnished,east,0,17.5203424,78.3970205
M70330276,unknown,unknown,5150000.0,2.0,1290.0,1290.0,,12.0,5.0,5.0,1.0,10.0,30.0,flat,semi-furnished,east,0,17.5468498,78.3650231
S70328396,unknown,unknown,23100000.0,3.0,2895.0,2895.0,,12.0,2.0,3.0,1.0,8.0,30.0,villa,semi-furnished,east,0,17.443855,78.250431
M70328244,unknown,unknown,4650000.0,3.0,1200.0,1200.0,,12.0,12.0,15.0,2.0,0.0,30.0,flat,semi-furnished,east,0,17.443855,78.250431
Z70325440,unknown,unknown,8800000.0,3.0,2020.0,2020.0,,12.0,22.0,43.0,2.0,50.0,30.0,flat,semi-furnished,east,0,17.4011618,78.37569
I70325330,unknown,unknown,9322000.0,2.0,1695.0,1695.0,,12.0,20.0,43.0,2.0,50.0,30.0,flat,semi-furnished,east,0,17.4011618,78.37569
O70325192,unknown,unknown,11100000.000000002,3.0,2020.0,2020.0,,12.0,20.0,43.0,2.0,50.0,30.0,flat,semi-furnished,west,0,17.3973794,78.3856447
Y70324450,unknown,unknown,7000000.0,3.0,1800.0,1800.0,,12.0,12.0,15.0,2.0,0.0,30.0,flat,semi-furnished,east,0,17.443855,78.250431
G70323646,unknown,unknown,12200000.0,3.0,1525.0,1525.0,,12.0,10.0,12.0,2.0,15.0,30.0,flat,semi-furnished,east,0,17.4609913,78.3532083
E70312900,unknown,unknown,14100000.0,3.0,2140.0,2140.0,,12.0,9.0,10.0,2.0,15.0,30.0,flat,semi-furnished,north,0,17.40223,78.3444
S70312790,unknown,unknown,13200000.0,3.0,2010.0,2010.0,,20.0,7.0,10.0,2.0,15.0,30.0,flat,semi-furnished,east,0,17.40223,78.3444
I70312568,unknown,unknown,14600000.0,3.0,2010.0,2010.0,,12.0,9.0,10.0,1.0,50.0,30.0,flat,semi-furnished,east,0,17.4011618,78.37569
L70312522,unknown,unknown,11299999.999999998,2.0,1570.0,1570.0,,12.0,9.0,10.0,1.0,46.0,30.0,flat,semi-furnished,north,0,17.4151333,78.3631194
R70312502,unknown,unknown,11200000.000000002,2.0,1570.0,1570.0,,12.0,7.0,10.0,1.0,48.0,30.0,flat,semi-furnished,north,0,17.41214,78.36431
L70312240,unknown,unknown,8350000.0,2.0,1290.0,1290.0,,12.0,6.0,9.0,1.0,4.0,30.0,flat,semi-furnished,east,0,17.47078,78.30668
P70312086,unknown,unknown,11399999.999999998,3.0,1971.0,1971.0,,12.0,10.0,13.0,2.0,47.0,30.0,flat,semi-furnished,east,0,17.4359437,78.3416731
S70312078,unknown,unknown,7295999.999999999,2.0,1258.0,1258.0,,12.0,11.0,13.0,1.0,47.0,30.0,flat,semi-furnished,east,0,17.4359437,78.3416731
K70310726,unknown,unknown,12200000.0,3.0,1890.0,1890.0,,12.0,7.0,9.0,2.0,4.0,30.0,flat,semi-furnished,east,0,17.4359437,78.3416731
M70310648,unknown,unknown,8531000.0,3.0,1471.0,1471.0,,12.0,11.0,13.0,1.0,50.0,30.0,flat,semi-furnished,east,0,17.47078,78.30668
S70310604,unknown,unknown,7250000.0,2.0,1258.0,1258.0,,12.0,10.0,13.0,1.0,47.0,30.0,flat,semi-furnished,north,0,17.4359437,78.3416731
U70310520,unknown,unknown,5600000.0,3.0,1400.0,1400.0,,12.0,4.0,5.0,1.0,6.0,30.0,flat,semi-furnished,east,0,17.5564,78.36389
G70308666,unknown,unknown,11000000.0,3.0,2020.0,2020.0,,12.0,18.0,43.0,2.0,46.0,30.0,flat,semi-furnished,east,0,17.4151333,78.3631194
K70308614,unknown,unknown,11000000.0,3.0,2020.0,2020.0,,12.0,40.0,43.0,2.0,50.0,30.0,flat,semi-furnished,east,0,17.3973794,78.3856447
L70308592,unknown,unknown,8350000.0,2.0,1290.0,1290.0,,12.0,9.0,9.0,1.0,4.0,30.0,flat,semi-furnished,east,0,17.4359437,78.3416731
C70307476,unknown,unknown,8531000.0,3.0,1471.0,1471.0,,12.0,11.0,16.0,1.0,17.0,30.0,flat,semi-furnished,east,0,17.4664197,78.285342
C70307384,unknown,unknown,8550000.0,3.0,150.0,150.0,,12.0,1.0,2.0,1.0,46.0,30.0,villa,semi-furnished,east,0,17.5330867548758,78.2682745858627
T70307252,unknown,unknown,11299999.999999998,,1705.0,1705.0,,12.0,4.0,10.0,,50.0,30.0,flat,semi-furnished,west,0,17.4011618,78.37569
C70303442,unknown,unknown,13200000.0,3.0,2000.0,2000.0,,20.0,7.0,10.0,2.0,26.0,30.0,flat,semi-furnished,west,0,17.40223,78.3444
E70302988,unknown,unknown,7200000.0,2.0,1250.0,1250.0,,12.0,6.0,16.0,1.0,17.0,30.0,flat,semi-furnished,east,0,17.4664197,78.285342
M70297974,unknown,unknown,12500000.0,3.0,1730.0,1730.0,,12.0,7.0,10.0,2.0,46.0,30.0,flat,semi-furnished,west,0,17.4151333,78.3631194
L70297664,unknown,unknown,11500000.0,3.0,1790.0,1790.0,,12.0,5.0,9.0,2.0,4.0,30.0,flat,semi-furnished,east,0,17.4359437,78.3416731
Q70297544,unknown,unknown,8384999.999999999,2.0,1290.0,1290.0,,12.0,8.0,9.0,1.0,4.0,30.0,flat,semi-furnished,west,0,17.4359437,78.3416731
J70297304,unknown,unknown,12900000.0,3.0,1960.0,1960.0,,12.0,7.0,10.0,2.0,26.0,30.0,flat,semi-furnished,east,0,17.40223,78.3444
P70297008,unknown,unknown,9420000.0,3.0,2100.0,2100.0,,12.0,1.0,2.0,1.0,0.0,30.0,villa,semi-furnished,unknown,0,17.443855,78.250431
Z70295866,unknown,unknown,9342000.0,3.0,1730.0,1730.0,,12.0,7.0,10.0,2.0,50.0,30.0,flat,semi-furnished,unknown,0,17.4011618,78.37569
S70108008,unknown,unknown,6529000.000000001,3.0,1555.0,1555.0,,12.0,5.0,14.0,2.0,37.0,30.0,flat,semi-furnished,east,0,17.538237,78.480804
Q71007862,patancheruvu,patancheruvu,5615000.0,2.0,1337.0,1337.0,,12.0,9.0,12.0,1.0,46.0,,flat,semi-furnished,north-east,0,17.5330867548758,78.2682745858627
C71007556,pati,pati,7552000.0,3.0,1798.0,1798.0,,12.0,8.0,12.0,1.0,1.0,,flat,semi-furnished,north-east,0,17.492871,78.239079
H70970750,kollur,kollur,29100000.0,4.0,4215.0,4215.0,,12.0,1.0,2.0,2.0,0.0,3.0,villa,semi-furnished,north-east,0,17.443855,78.250431
E70929956,tellapur,tellapur,4634000.0,2.0,1448.0,1448.0,,12.0,6.0,18.0,1.0,17.0,5.0,flat,semi-furnished,north-east,0,17.4664197,78.285342
M70850522,kollur,kollur,9748000.0,3.0,2321.0,2321.0,,12.0,6.0,18.0,2.0,0.0,7.0,flat,semi-furnished,north-east,0,17.443855,78.250431
V70682482,kollur,kollur,4706000.0,3.0,1345.0,1345.0,,12.0,5.0,12.0,1.0,0.0,14.0,flat,semi-furnished,north-east,0,17.443855,78.250431
E70682258,kollur,kollur,6481000.0,2.0,1323.0,1323.0,,12.0,4.0,12.0,1.0,0.0,14.0,flat,semi-furnished,north-east,0,17.443855,78.250431
H70682138,kollur,kollur,5555000.0,2.0,1323.0,1323.0,,12.0,4.0,12.0,1.0,0.0,14.0,flat,semi-furnished,north-east,0,17.443855,78.250431
W70681956,kollur,kollur,4631000.0,2.0,1323.0,1323.0,,12.0,4.0,12.0,1.0,0.0,14.0,flat,semi-furnished,north-east,0,17.443855,78.250431
O70663928,kollur,kollur,27200000.000000004,4.0,3940.0,3940.0,,12.0,1.0,2.0,3.0,0.0,14.0,villa,semi-furnished,north-east,0,17.443855,78.250431
H70663236,muthangi,muthangi,14300000.0,3.0,2100.0,2100.0,,12.0,0.0,1.0,2.0,6.0,14.0,villa,semi-furnished,north-east,0,17.542319,78.226934
U70662774,patancheruvu,patancheruvu,10100000.0,3.0,2100.0,2100.0,,12.0,0.0,1.0,2.0,46.0,14.0,villa,semi-furnished,north-east,0,17.5330867548758,78.2682745858627
R70662218,kollur,kollur,5813000.0,2.0,1384.0,1384.0,,12.0,5.0,12.0,1.0,0.0,14.0,flat,semi-furnished,north-east,0,17.443855,78.250431
H70661012,kollur,kollur,4844000.0,2.0,1384.0,1384.0,,12.0,5.0,12.0,1.0,0.0,14.0,flat,semi-furnished,north-east,0,17.443855,78.250431
N70660650,patancheruvu,patancheruvu,8810000.0,3.0,1798.0,1798.0,,12.0,8.0,12.0,1.0,46.0,14.0,flat,semi-furnished,north-east,0,17.5330867548758,78.2682745858627
M70026784,unknown,unknown,28200000.0,3.0,2888.0,2888.0,,12.0,56.0,56.0,2.0,26.0,30.0,flat,semi-furnished,unknown,0,17.40223,78.3444
H70026260,unknown,unknown,37900000.0,4.0,3888.0,3888.0,,12.0,46.0,46.0,2.0,26.0,30.0,flat,semi-furnished,east,0,17.40223,78.3444
F68480860,unknown,unknown,18300000.0,3.0,2124.0,2124.0,,12.0,36.0,36.0,1.0,13.0,30.0,flat,semi-furnished,east,0,17.402291123438,78.338167423361
W70423086,unknown,unknown,13300000.0,3.0,2300.0,2300.0,,0.0,4.0,5.0,2.0,50.0,30.0,flat,semi-furnished,east,1,17.388365,78.56378
J70986642,unknown,unknown,56000000.0,3.0,2595.0,2595.0,,0.0,32.0,36.0,1.0,13.0,2.0,flat,semi-furnished,west,0,17.430915,78.37728
B70986160,unknown,unknown,13700000.000000002,3.0,1824.0,1824.0,,12.0,18.0,50.0,1.0,13.0,2.0,flat,semi-furnished,east,0,17.48141,78.41979
T70985980,unknown,unknown,19100000.0,3.0,2540.0,2540.0,,12.0,24.0,50.0,1.0,13.0,2.0,flat,semi-furnished,east,0,17.48141,78.41979
H70985770,unknown,unknown,22800000.0,3.0,1890.0,1890.0,,0.0,13.0,20.0,3.0,36.0,2.0,flat,semi-furnished,north,0,17.40281,78.350792
O70985624,unknown,unknown,24500000.0,4.0,2630.0,2630.0,,20.0,10.0,18.0,2.0,10.0,2.0,flat,semi-furnished,east,0,17.387587,78.348054
I70703212,unknown,unknown,20000000.0,3.0,2040.0,2040.0,,7.5,13.0,20.0,1.0,45.0,7.0,flat,semi-furnished,west,1,17.444797,78.366116
S70725614,unknown,unknown,18000000.0,3.0,1740.0,1740.0,,12.0,5.0,26.0,2.0,11.0,14.0,flat,semi-furnished,east,0,17.469415,78.311077
L70638402,unknown,unknown,10000000.0,3.0,150.0,150.0,,12.0,0.0,1.0,1.0,0.0,21.0,villa,semi-furnished,east,0,,
Y70623060,unknown,unknown,10000000.0,3.0,150.0,150.0,,12.0,0.0,1.0,1.0,0.0,21.0,villa,semi-furnished,east,0,17.2494091,78.4183466
P70577082,unknown,unknown,12000000.0,3.0,1839.0,1839.0,,12.0,22.0,42.0,1.0,49.0,21.0,flat,semi-furnished,east,0,17.516728,78.341893
O70577002,unknown,unknown,9807000.0,3.0,1509.0,1509.0,,12.0,8.0,42.0,1.0,49.0,21.0,flat,semi-furnished,east,0,17.516728,78.341893
X70576898,unknown,unknown,8663000.0,3.0,1333.0,1333.0,,12.0,14.0,40.0,1.0,49.0,21.0,flat,semi-furnished,east,0,17.516728,78.341893
K70483228,unknown,unknown,21000000.0,3.0,1800.0,1800.0,,12.0,1.0,2.0,2.0,0.0,28.0,villa,semi-furnished,east,0,17.467181,78.205133
W70483164,unknown,unknown,21000000.0,3.0,1800.0,1800.0,,12.0,1.0,2.0,2.0,0.0,28.0,villa,semi-furnished,east,0,17.516623,78.226869
H70483094,unknown,unknown,21000000.0,3.0,1800.0,1800.0,,12.0,1.0,2.0,2.0,1.0,28.0,villa,semi-furnished,east,0,17.41821,78.29459
M70483010,unknown,unknown,21000000.0,3.0,1800.0,1800.0,,12.0,1.0,2.0,2.0,1.0,28.0,villa,semi-furnished,east,0,17.492871,78.239079
Y70482160,unknown,unknown,21000000.0,3.0,1800.0,1800.0,,12.0,1.0,2.0,2.0,1.0,28.0,villa,semi-furnished,east,0,17.477415,78.227409
B70466262,unknown,unknown,75200000.0,4.0,4701.0,4701.0,,2.5,6.0,22.0,3.0,9.0,30.0,flat,semi-furnished,east,0,17.450024,78.361293
I70239350,unknown,unknown,22000000.0,3.0,2320.0,2320.0,,2.5,2.0,14.0,1.0,43.0,30.0,flat,furnished,east,1,17.421388,78.340833
A70249438,unknown,unknown,10900000.0,3.0,1617.0,1617.0,,12.0,25.0,33.0,1.0,12.0,30.0,flat,semi-furnished,west,0,17.53969,78.3581
L70249332,unknown,unknown,7418000.000000001,2.0,1099.0,1099.0,,12.0,20.0,33.0,1.0,15.0,30.0,flat,semi-furnished,west,0,17.53969,78.3581
E70116586,unknown,unknown,22000000.0,3.0,2165.0,2165.0,,0.0,13.0,20.0,1.0,36.0,30.0,flat,semi-furnished,east,1,17.40281,78.350792
K70040350,unknown,unknown,11200000.000000002,3.0,1539.0,1539.0,,12.0,36.0,40.0,1.0,15.0,30.0,flat,semi-furnished,west,0,17.396115,78.357941
J69991288,unknown,unknown,15500000.0,3.0,1785.0,1785.0,,0.0,5.0,30.0,1.0,12.0,30.0,flat,semi-furnished,east,1,17.45227,78.299843
B70548530,unknown,unknown,17000000.0,2.0,1800.0,1800.0,,2.5,0.0,1.0,1.0,29.0,21.0,villa,furnished,north,0,17.496115351725,78.2805645404651
Y70262040,unknown,unknown,30000000.0,4.0,2750.0,2750.0,,0.0,7.0,8.0,3.0,48.0,30.0,flat,furnished,north-east,0,17.42278,78.34724
A69990084,unknown,unknown,23000000.0,3.0,2165.0,2165.0,,0.0,13.0,20.0,2.0,36.0,30.0,flat,furnished,west,0,17.40281,78.350792
K69816744,unknown,unknown,30000000.0,4.0,2300.0,2300.0,,0.0,1.0,2.0,3.0,0.0,30.0,villa,furnished,west,0,17.444407,78.186035
J69397800,unknown,unknown,19000000.0,3.0,1820.0,1820.0,,0.0,3.0,5.0,2.0,44.0,60.0,flat,furnished,west,0,17.44008,78.348915
A69814728,unknown,unknown,26000000.0,3.0,2430.0,2430.0,,2.5,3.0,10.0,2.0,40.0,60.0,flat,furnished,west,0,17.4350753,78.3707122
G69210274,unknown,unknown,60000000.0,5.0,4500.0,4500.0,,2.5,2.0,3.0,4.0,31.0,30.0,villa,unfurnished,east,1,17.542116,78.49383
T68256172,unknown,unknown,18000000.0,4.0,3200.0,3200.0,,2.5,3.0,4.0,3.0,46.0,30.0,flat,semi-furnished,east,0,17.442331,78.468837
Q70988540,unknown,unknown,13300000.0,3.0,150.0,150.0,,12.0,1.0,2.0,1.0,50.0,2.0,villa,semi-furnished,west,0,17.37128,78.49869
K69684816,unknown,unknown,16000000.0,3.0,2255.0,2255.0,,12.0,3.0,13.0,3.0,25.0,2.0,flat,unfurnished,east,0,17.3923634,78.3621784
W69685566,unknown,unknown,21600000.0,3.0,2540.0,2540.0,,12.0,3.0,30.0,3.0,26.0,2.0,flat,unfurnished,east,0,17.40223,78.3444
R69685636,unknown,unknown,15000000.0,3.0,1765.0,1765.0,,12.0,3.0,30.0,2.0,26.0,2.0,flat,semi-furnished,east,0,17.40223,78.3444
X70994052,unknown,unknown,8114000.0,3.0,1399.0,1399.0,,12.0,1.0,5.0,2.0,50.0,2.0,flat,unfurnished,east,0,17.4011618,78.37569
A70805386,unknown,unknown,8500000.0,3.0,1405.0,1405.0,,20.0,5.0,5.0,2.0,24.0,7.0,flat,semi-furnished,east,1,17.389205,78.364207
I70415316,unknown,unknown,18000000.0,3.0,1800.0,1800.0,,12.0,1.0,2.0,2.0,3.0,30.0,villa,semi-furnished,east,0,17.20869,78.47603
X70238324,unknown,unknown,8600000.0,2.0,1336.0,1336.0,,12.0,3.0,5.0,2.0,50.0,30.0,flat,semi-furnished,east,0,17.4011618,78.37569
O70237776,unknown,unknown,7192000.0,2.0,1240.0,1240.0,,12.0,5.0,5.0,1.0,50.0,30.0,flat,semi-furnished,west,0,17.4011618,78.37569
G70237514,unknown,unknown,10100000.0,3.0,1750.0,1750.0,,20.0,3.0,5.0,2.0,50.0,30.0,flat,semi-furnished,west,0,17.4011618,78.37569
N70234640,unknown,unknown,15200000.0,3.0,2175.0,2175.0,,20.0,7.0,15.0,2.0,50.0,30.0,flat,semi-furnished,east,0,17.47078,78.30668
N70108132,unknown,unknown,8300000.0,2.0,1400.0,1400.0,,12.0,3.0,7.0,1.0,6.0,30.0,flat,semi-furnished,unknown,0,17.391805,78.372447
M70029604,unknown,unknown,13000000.0,3.0,2250.0,2250.0,,7.5,2.0,5.0,2.0,49.0,30.0,flat,furnished,unknown,1,17.4609913,78.3532083
G70889920,puppalaguda,puppalaguda,8000000.0,2.0,1200.0,1200.0,,0.0,3.0,5.0,2.0,50.0,2.0,flat,semi-furnished,east,1,17.3980066,78.3730027
G70799894,unknown,unknown,5000000.0,2.0,1200.0,1200.0,,2.5,2.0,2.0,2.0,47.0,7.0,flat,semi-furnished,east,0,17.48718,78.5786
T63838146,bandam kommu,bandam kommu,14500000.0,3.0,1665.0,1665.0,,20.0,7.0,14.0,1.0,47.0,14.0,flat,semi-furnished,west,0,17.504129,78.32318
R70728146,unknown,unknown,20000000.0,6.0,1197.0,1197.0,,0.0,2.0,3.0,2.0,50.0,14.0,villa,furnished,east,0,17.4011618,78.37569
B70718436,unknown,unknown,14000000.0,4.0,2765.0,2765.0,,12.0,1.0,2.0,3.0,6.0,14.0,villa,semi-furnished,east,0,17.5564,78.36389
I69657602,unknown,unknown,11000000.0,3.0,1850.0,1850.0,,20.0,3.0,5.0,2.0,49.0,21.0,flat,unfurnished,unknown,0,17.407219,78.390645
P70524210,unknown,unknown,19000000.0,5.0,900.0,900.0,,0.0,2.0,3.0,3.0,50.0,21.0,villa,furnished,east,0,17.468429,78.354317
V70286292,unknown,unknown,54000000.0,3.0,4050.0,4050.0,,7.5,1.0,2.0,1.0,47.0,30.0,villa,furnished,east,0,17.486413,78.541439
E70211814,unknown,unknown,13000000.0,3.0,2205.0,2205.0,,12.0,5.0,11.0,2.0,50.0,30.0,flat,semi-furnished,east,0,17.5203424,78.3970205
S70181550,unknown,unknown,9024000.0,,1920.0,1920.0,,12.0,1.0,5.0,,6.0,30.0,flat,semi-furnished,east,0,17.5564,78.36389
Y70166534,manikonda,manikonda,7900000.0,3.0,1575.0,1575.0,,20.0,1.0,5.0,2.0,50.0,30.0,flat,semi-furnished,west,0,17.4062155,78.3763486
F70161968,unknown,unknown,67900000.0,4.0,4528.0,4528.0,,20.0,1.0,2.0,3.0,19.0,30.0,villa,semi-furnished,unknown,0,17.33746,78.38138
Z70076074,unknown,unknown,13000000.0,3.0,2080.0,2080.0,,7.5,8.0,15.0,2.0,50.0,30.0,flat,furnished,west,0,17.485091,78.3671565
T36471055,mallapur,mallapur,17000000.0,7.0,1350.0,1350.0,,2.5,2.0,3.0,2.0,50.0,30.0,villa,furnished,west,0,17.4393467,78.5711667
E70016738,unknown,unknown,12700000.0,3.0,1408.0,1408.0,,2.5,4.0,5.0,1.0,45.0,30.0,flat,furnished,west,0,17.445121,78.39967
J70007118,unknown,unknown,7900000.0,3.0,1350.0,1350.0,,2.5,5.0,6.0,2.0,47.0,30.0,flat,semi-furnished,west,0,17.49182,78.32617
I69977460,unknown,unknown,34700000.0,4.0,3466.0,3466.0,,0.0,2.0,3.0,2.0,50.0,30.0,villa,semi-furnished,west,1,17.507765,78.4604
B69977962,unknown,unknown,34700000.0,4.0,3466.0,3466.0,,0.0,2.0,3.0,2.0,50.0,30.0,villa,semi-furnished,east,1,17.507765,78.4604
L70214394,unknown,unknown,9000000.0,2.0,1250.0,1250.0,,20.0,3.0,5.0,2.0,50.0,30.0,flat,furnished,west,1,17.4220263,78.5027788
A70170866,unknown,unknown,9500000.0,3.0,1400.0,1400.0,,7.5,4.0,5.0,1.0,50.0,30.0,flat,furnished,east,1,17.4273243,78.5056013
V70765726,unknown,unknown,12500000.0,2.0,1395.0,1395.0,,2.5,2.0,15.0,2.0,46.0,7.0,flat,semi-furnished,east,1,17.4204458,78.3528953
K70829978,unknown,unknown,37000000.0,3.0,2700.0,2700.0,,20.0,1.0,2.0,1.0,0.0,7.0,villa,semi-furnished,east,1,17.4376657,78.1925359
Z70814440,unknown,unknown,11500000.0,2.0,1261.0,1261.0,,20.0,3.0,9.0,1.0,13.0,7.0,flat,semi-furnished,east,1,17.4546625,78.2917542
N70615362,unknown,unknown,35000000.0,3.0,2700.0,2700.0,,0.0,1.0,2.0,1.0,0.0,21.0,villa,furnished,west,1,17.4437669,78.1862569
P70549936,unknown,unknown,65000000.0,5.0,340.0,340.0,,20.0,2.0,3.0,1.0,1.0,21.0,villa,semi-furnished,west,1,17.4498617,78.2800017
G70548728,unknown,unknown,52000000.0,4.0,2412.0,2412.0,,20.0,1.0,2.0,1.0,1.0,21.0,villa,semi-furnished,west,1,17.4497676,78.2802565
Z70387720,unknown,unknown,45000000.0,4.0,2115.0,2115.0,,20.0,2.0,3.0,1.0,12.0,30.0,villa,semi-furnished,east,1,17.4362634,78.2837639
M70387806,unknown,unknown,58000000.0,4.0,2700.0,2700.0,,20.0,2.0,3.0,1.0,12.0,30.0,villa,semi-furnished,east,0,17.442196,78.280067
W70387514,unknown,unknown,54000000.0,4.0,2448.0,2448.0,,20.0,2.0,3.0,1.0,15.0,30.0,villa,semi-furnished,east,0,17.4664197,78.285342
P70387512,unknown,unknown,64000000.0,4.0,3150.0,3150.0,,20.0,2.0,3.0,1.0,15.0,30.0,villa,semi-furnished,west,0,17.4664197,78.285342
A70249530,unknown,unknown,46500000.0,3.0,3325.0,3325.0,,0.0,6.0,18.0,2.0,14.0,30.0,flat,semi-furnished,east,1,17.3950751,78.3390518
G70251058,unknown,unknown,23500000.0,3.0,2235.0,2235.0,,20.0,28.0,32.0,1.0,13.0,30.0,flat,semi-furnished,east,1,17.4011626,78.344256
F69923268,sri balaji layout,sri balaji layout,5198000.0,2.0,1000.0,1000.0,,0.0,2.0,5.0,1.0,50.0,30.0,flat,semi-furnished,east,0,17.519728,78.44351
M70985592,unknown,unknown,2000000.0,1.0,21779.0,21779.0,,12.0,0.0,1.0,1.0,49.0,2.0,house,semi-furnished,east,0,17.38504,78.48667
H70985098,unknown,unknown,12000000.0,2.0,1499.0,1499.0,,0.0,0.0,1.0,1.0,50.0,2.0,villa,furnished,north,0,17.536121,78.289779
E70984860,unknown,unknown,12000000.0,2.0,1494.0,1494.0,,0.0,0.0,1.0,1.0,50.0,2.0,villa,furnished,north,0,17.536121,78.289779
J70925414,unknown,unknown,2000000.0,1.0,21779.0,21779.0,,12.0,0.0,1.0,1.0,49.0,5.0,house,semi-furnished,east,0,17.38504,78.48667
F70924864,unknown,unknown,2000000.0,1.0,21779.0,21779.0,,12.0,0.0,1.0,1.0,49.0,5.0,house,semi-furnished,east,0,17.38504,78.48667
L70924736,unknown,unknown,13500000.0,3.0,2400.0,2400.0,,20.0,1.0,2.0,2.0,1.0,5.0,villa,semi-furnished,east,0,17.509668,78.196121
M70859186,unknown,unknown,1800000.0,1.0,21779.0,21779.0,,12.0,0.0,,1.0,49.0,7.0,house,semi-furnished,east,0,17.38504,78.48667
O70817982,unknown,unknown,13000000.0,3.0,2692.0,2692.0,,12.0,1.0,2.0,1.0,1.0,7.0,villa,semi-furnished,west,0,17.509668,78.196121
V70742770,unknown,unknown,20000000.0,3.0,2808.0,2808.0,,12.0,1.0,2.0,2.0,0.0,14.0,villa,semi-furnished,north-east,0,17.443855,78.250431
K70612180,unknown,unknown,20000000.0,3.0,1494.0,1494.0,,12.0,1.0,2.0,2.0,0.0,21.0,villa,semi-furnished,north,0,17.443855,78.250431
E70487256,unknown,unknown,8100000.0,3.0,1500.0,1500.0,,12.0,1.0,5.0,1.0,50.0,28.0,flat,semi-furnished,west,0,17.5203424,78.3970205
N70487192,unknown,unknown,7209000.0,3.0,1335.0,1335.0,,12.0,3.0,5.0,1.0,50.0,28.0,flat,semi-furnished,west,0,17.5203424,78.3970205
Z70487136,unknown,unknown,6156000.0,2.0,1140.0,1140.0,,12.0,2.0,5.0,1.0,50.0,28.0,flat,semi-furnished,east,0,17.5203424,78.3970205
T70107726,unknown,unknown,11900000.0,3.0,1585.0,1585.0,,12.0,4.0,5.0,1.0,49.0,30.0,flat,semi-furnished,north,0,17.4609913,78.3532083
Z70107648,unknown,unknown,12000000.0,3.0,1605.0,1605.0,,12.0,1.0,5.0,1.0,49.0,30.0,flat,semi-furnished,east,0,17.4609913,78.3532083
Z70107564,unknown,unknown,11100000.000000002,3.0,1475.0,1475.0,,12.0,1.0,5.0,1.0,49.0,30.0,flat,semi-furnished,east,0,17.4609913,78.3532083
C70107152,unknown,unknown,12000000.0,3.0,1675.0,1675.0,,12.0,1.0,5.0,1.0,49.0,30.0,flat,semi-furnished,east,0,17.4609913,78.3532083
H70048220,unknown,unknown,16500000.0,8.0,1602.0,1602.0,,0.0,2.0,4.0,4.0,1.0,30.0,villa,semi-furnished,east,1,17.481297,78.23589
T70047692,unknown,unknown,10500000.0,2.0,1125.0,1125.0,,20.0,0.0,1.0,2.0,50.0,30.0,villa,semi-furnished,west,0,17.5090182,78.3001801
X70047512,unknown,unknown,17200000.0,6.0,1638.0,1638.0,,20.0,2.0,3.0,3.0,34.0,30.0,villa,semi-furnished,west,0,17.5238479933976,78.3227692229911
G70045134,unknown,unknown,15000000.0,3.0,1260.0,1260.0,,20.0,1.0,2.0,2.0,50.0,30.0,villa,semi-furnished,unknown,0,17.5090182,78.3001801
H69940544,nallagandla,nallagandla,18000000.0,3.0,1800.0,1800.0,,7.5,15.0,20.0,1.0,50.0,30.0,flat,furnished,west,0,17.463262,78.311576
V71009314,hi tech city,hi tech city,45000000.0,4.0,3750.0,3750.0,,2.5,15.0,18.0,1.0,43.0,,flat,furnished,south,0,17.444443,78.367262
B70172904,ambedkar nagar,ambedkar nagar,125000000.0,5.0,3258.0,3258.0,,2.5,2.0,3.0,2.0,49.0,30.0,villa,furnished,west,1,17.41163,78.402176
T70171632,shilpa hills,shilpa hills,23900000.0,3.0,2295.0,2295.0,,2.5,3.0,18.0,1.0,47.0,30.0,flat,furnished,east,1,17.463222,78.373772
V70203176,unknown,unknown,19500000.0,3.0,2160.0,2160.0,,2.5,6.0,8.0,1.0,49.0,30.0,flat,furnished,east,1,17.4558758,78.4480617
Z70175346,allauddin basthi,allauddin basthi,12000000.0,2.0,1377.0,1377.0,,2.5,7.0,8.0,1.0,49.0,30.0,flat,furnished,east,1,17.456025,78.448549
L68475878,5th phase kphb,5th phase kphb,55000000.0,4.0,4761.0,4761.0,,2.5,1.0,39.0,1.0,4.0,30.0,flat,furnished,north-east,1,17.474334,78.393433
D68801902,hi tech city,hi tech city,83000000.0,4.0,4070.0,4070.0,,20.0,25.0,36.0,2.0,13.0,60.0,flat,semi-furnished,east,0,17.430915,78.37728
M71025144,unknown,unknown,17000000.0,3.0,1818.0,1818.0,,7.5,0.0,1.0,3.0,50.0,,villa,unfurnished,unknown,0,17.330448,78.549628
I64419596,mokila,mokila,84100000.0,5.0,4800.0,4800.0,,0.0,0.0,1.0,3.0,0.0,3.0,villa,furnished,east,0,17.432124,78.211344
A68298766,gachibowli,gachibowli,55100000.0,6.0,4300.0,4300.0,,2.5,2.0,3.0,3.0,50.0,4.0,villa,furnished,east,1,17.450483,78.424416
G69580094,banjara hills,banjara hills,40100000.0,4.0,4000.0,4000.0,,2.5,3.0,3.0,2.0,50.0,4.0,flat,furnished,north-east,1,17.450436,78.424385
A70912614,patancheru,patancheru,4400000.0,2.0,1070.0,1070.0,,20.0,2.0,5.0,2.0,44.0,5.0,flat,semi-furnished,west,1,17.5372251,78.2609347
N70912458,patancheru,patancheru,4400000.0,2.0,1070.0,1070.0,,20.0,1.0,5.0,2.0,44.0,5.0,flat,semi-furnished,west,1,17.5372558,78.2610517
X70912730,patancheru,patancheru,4400000.0,2.0,1070.0,1070.0,,20.0,4.0,5.0,2.0,45.0,6.0,flat,semi-furnished,east,0,17.5377161,78.2606407
H70895266,patancheru,patancheru,4600000.0,2.0,1220.0,1220.0,,20.0,3.0,5.0,2.0,48.0,7.0,flat,semi-furnished,east,0,17.5316,78.26729
B70895000,patancheru,patancheru,4600000.0,2.0,1220.0,1220.0,,20.0,2.0,5.0,2.0,48.0,7.0,flat,semi-furnished,east,0,17.5316,78.26729
R70894538,patancheru,patancheru,4600000.0,2.0,1220.0,1220.0,,20.0,2.0,5.0,2.0,48.0,7.0,flat,semi-furnished,west,0,17.5316,78.26729
Z69660744,banjara hills,banjara hills,51100000.0,4.0,4288.0,4288.0,,0.0,5.0,8.0,2.0,15.0,7.0,flat,semi-furnished,east,1,17.406293,78.437333
Y70893898,patancheru,patancheru,4600000.0,2.0,1220.0,1220.0,,20.0,1.0,5.0,2.0,48.0,7.0,flat,semi-furnished,east,0,17.5316,78.26729
D69660976,banjara hills,banjara hills,32400000.000000004,3.0,3125.0,3125.0,,0.0,1.0,8.0,2.0,15.0,7.0,flat,semi-furnished,east,1,17.406293,78.437333
J69658586,banjara hills,banjara hills,25400000.0,3.0,2423.0,2423.0,,0.0,1.0,8.0,2.0,15.0,7.0,flat,semi-furnished,unknown,1,17.406293,78.437333
X70761432,unknown,unknown,14000000.0,4.0,1503.0,1503.0,,0.0,1.0,2.0,2.0,4.0,7.0,villa,unfurnished,east,1,17.261839,78.54463
U70802544,patancheru,patancheru,4400000.0,2.0,1070.0,1070.0,,20.0,2.0,2.0,1.0,45.0,7.0,flat,semi-furnished,east,1,17.5375313,78.2605564
F70802732,patancheru,patancheru,4400000.0,2.0,1070.0,1070.0,,20.0,3.0,3.0,1.0,44.0,7.0,flat,semi-furnished,east,1,17.5372879,78.2611537
V70802986,patancheru,patancheru,4400000.0,2.0,1070.0,1070.0,,20.0,4.0,5.0,1.0,45.0,7.0,flat,semi-furnished,east,1,17.5376659,78.2606141
R70783620,unknown,unknown,14800000.0,3.0,1490.0,1490.0,,0.0,6.0,14.0,2.0,50.0,7.0,flat,semi-furnished,west,0,17.485091,78.3671565
D70451662,chandanagar,chandanagar,2000000.0,1.0,520.0,520.0,,2.5,3.0,5.0,1.0,50.0,14.0,flat,furnished,north,1,17.483421,78.32509
U70513952,patancheruvu,patancheruvu,4700000.0,2.0,1220.0,1220.0,,0.0,3.0,5.0,2.0,44.0,14.0,flat,semi-furnished,east,1,17.53432,78.25666
T70308650,patancheru,patancheru,4600000.0,2.0,1220.0,1220.0,,0.0,2.0,5.0,2.0,44.0,14.0,flat,semi-furnished,east,1,17.53432,78.25666
M70514216,patancheru,patancheru,4680000.0,2.0,1220.0,1220.0,,0.0,3.0,5.0,2.0,44.0,14.0,flat,semi-furnished,west,1,17.53432,78.25666
P70514018,patancheru,patancheru,4600000.0,2.0,1220.0,1220.0,,0.0,4.0,5.0,2.0,44.0,14.0,flat,semi-furnished,west,1,17.53432,78.25666
Y70514140,patancheru,patancheru,4650000.0,2.0,1220.0,1220.0,,0.0,4.0,5.0,2.0,44.0,14.0,flat,semi-furnished,north,1,17.53432,78.25666
Y70718530,kollur,kollur,4800000.0,2.0,1434.0,1434.0,,12.0,5.0,12.0,1.0,6.0,14.0,flat,semi-furnished,east,0,17.443855,78.250431
Q70683698,unknown,unknown,25000000.0,4.0,3800.0,3800.0,,12.0,2.0,3.0,3.0,0.0,14.0,villa,semi-furnished,east,0,17.443855,78.250431
A65467298,bhel,bhel,31400000.0,3.0,1730.0,1730.0,,7.5,0.0,1.0,1.0,50.0,21.0,villa,furnished,east,1,17.450485,78.424385
M69052830,unknown,unknown,16000000.0,3.0,300.0,300.0,,0.0,1.0,2.0,3.0,2.0,28.0,villa,semi-furnished,east,1,17.19515,78.65624
U70008532,patancheru,patancheru,4600000.0,2.0,1220.0,1220.0,,20.0,2.0,5.0,1.0,44.0,30.0,flat,semi-furnished,east,1,17.5345251,78.2566553
J59438886,banjara hills,banjara hills,27400000.000000004,3.0,2476.0,2476.0,,20.0,6.0,8.0,1.0,46.0,30.0,flat,semi-furnished,west,0,17.4164707,78.4382469
R70008918,patancheru,patancheru,4600000.0,2.0,1152.0,1152.0,,20.0,2.0,5.0,1.0,44.0,30.0,flat,semi-furnished,east,1,17.5345272,78.2569975
W70009154,patancheru,patancheru,4600000.0,2.0,1220.0,1220.0,,20.0,3.0,5.0,1.0,44.0,30.0,flat,semi-furnished,east,1,17.5345255,78.2566423
E65471668,mokila,mokila,34100000.0,3.0,2550.0,2550.0,,0.0,0.0,1.0,3.0,0.0,30.0,villa,furnished,north-east,1,17.437795,78.187659
W65472320,mokila,mokila,39400000.0,3.0,2550.0,2550.0,,0.0,0.0,1.0,3.0,0.0,30.0,villa,semi-furnished,east,1,17.435282,78.18645
Q69955710,mokila,mokila,65100000.0,4.0,4779.0,4779.0,,20.0,0.0,1.0,1.0,0.0,30.0,villa,semi-furnished,east,0,17.425736,78.210733
M71024770,unknown,unknown,32500000.0,4.0,2925.0,2925.0,,0.0,1.0,2.0,2.0,0.0,,villa,semi-furnished,north-east,0,17.443354,78.182044
C71006628,qutubullapur kompally,qutubullapur kompally,11600000.0,3.0,1940.0,1940.0,,12.0,4.0,5.0,3.0,0.0,,flat,semi-furnished,unknown,0,,
F71002316,unknown,unknown,95000000.0,5.0,4260.0,4260.0,,0.0,2.0,3.0,3.0,17.0,2.0,villa,furnished,east,0,17.4664197,78.285342
A70970590,unknown,unknown,22000000.0,3.0,2378.0,2378.0,,12.0,1.0,5.0,3.0,49.0,3.0,flat,semi-furnished,unknown,0,17.4046741,78.5107083
Q70970348,unknown,unknown,23000000.0,3.0,2378.0,2378.0,,12.0,1.0,5.0,3.0,49.0,3.0,flat,semi-furnished,unknown,0,17.4046741,78.5107083
A70968976,unknown,unknown,6873999.999999999,2.0,1375.0,1375.0,,12.0,6.0,32.0,1.0,0.0,3.0,flat,semi-furnished,east,0,17.443855,78.250431
J70958030,unknown,unknown,22000000.0,3.0,2355.0,2355.0,,20.0,24.0,35.0,1.0,12.0,4.0,flat,semi-furnished,east,0,17.4609913,78.3532083
G70957608,unknown,unknown,13500000.0,2.0,1440.0,1440.0,,20.0,15.0,35.0,2.0,12.0,4.0,flat,semi-furnished,west,0,17.4609913,78.3532083
T70941094,unknown,unknown,16500000.0,3.0,2083.0,2083.0,,0.0,3.0,9.0,2.0,3.0,5.0,flat,semi-furnished,west,0,17.4563368,78.2967816
X70941088,unknown,unknown,13799999.999999998,3.0,1950.0,1950.0,,12.0,5.0,14.0,2.0,12.0,5.0,flat,semi-furnished,west,0,17.39992,78.36983
H70941062,unknown,unknown,12700000.0,3.0,1795.0,1795.0,,12.0,5.0,14.0,2.0,12.0,5.0,flat,semi-furnished,east,0,17.39992,78.36983
F70940996,unknown,unknown,11500000.0,3.0,1917.0,1917.0,,12.0,11.0,46.0,2.0,0.0,5.0,flat,semi-furnished,west,0,,
B70935796,unknown,unknown,18500000.0,3.0,1740.0,1740.0,,0.0,3.0,32.0,2.0,7.0,5.0,flat,semi-furnished,east,1,17.49479,78.39964
B70935058,unknown,unknown,22000000.0,3.0,2455.0,2455.0,,0.0,2.0,8.0,2.0,49.0,5.0,flat,semi-furnished,west,1,17.4609913,78.3532083
N70934790,unknown,unknown,15100000.0,3.0,1550.0,1550.0,,0.0,26.0,31.0,1.0,13.0,5.0,flat,semi-furnished,east,1,17.4480919,78.3787508
P70934568,unknown,unknown,11299999.999999998,2.0,1210.0,1210.0,,0.0,13.0,31.0,1.0,13.0,5.0,flat,semi-furnished,west,1,17.4480919,78.3787508
Y70933664,unknown,unknown,20000000.0,3.0,1875.0,1875.0,,0.0,19.0,25.0,1.0,13.0,5.0,flat,semi-furnished,east,1,17.47078,78.30668
P70933614,unknown,unknown,28500000.0,4.0,2660.0,2660.0,,0.0,4.0,25.0,1.0,13.0,5.0,flat,semi-furnished,east,1,17.47078,78.30668
B70933764,unknown,unknown,14100000.0,2.0,1375.0,1375.0,,0.0,9.0,25.0,2.0,13.0,5.0,flat,unfurnished,east,1,17.47078,78.30668
N70933526,unknown,unknown,15800000.0,3.0,1510.0,1510.0,,0.0,3.0,25.0,1.0,13.0,5.0,flat,semi-furnished,west,1,17.47078,78.30668
J70933796,unknown,unknown,13400000.0,2.0,1275.0,1275.0,,0.0,11.0,25.0,1.0,13.0,5.0,flat,unfurnished,east,1,17.47078,78.30668
A70892924,unknown,unknown,11500000.0,3.0,1981.0,1981.0,,12.0,12.0,19.0,2.0,1.0,7.0,flat,semi-furnished,east,0,17.442196,78.280067
Y70892834,unknown,unknown,9373000.0,3.0,1616.0,1616.0,,12.0,11.0,19.0,2.0,1.0,7.0,flat,semi-furnished,west,0,17.442196,78.280067
Q70892754,unknown,unknown,7801000.000000001,2.0,1345.0,1345.0,,12.0,11.0,19.0,2.0,1.0,7.0,flat,semi-furnished,east,0,17.442196,78.280067
K70892562,unknown,unknown,10100000.0,3.0,1740.0,1740.0,,12.0,8.0,19.0,2.0,1.0,7.0,flat,semi-furnished,east,0,17.442196,78.280067
S70892500,unknown,unknown,8891000.0,3.0,1533.0,1533.0,,12.0,10.0,19.0,2.0,1.0,7.0,flat,semi-furnished,west,0,17.442196,78.280067
L70892344,unknown,unknown,7320000.0,2.0,1262.0,1262.0,,12.0,10.0,19.0,2.0,1.0,7.0,flat,semi-furnished,east,0,17.442196,78.280067
N70542232,unknown,unknown,8500000.0,3.0,1400.0,1400.0,,0.0,3.0,5.0,2.0,50.0,7.0,flat,semi-furnished,west,1,17.401445,78.37764
A70833108,unknown,unknown,13700000.000000002,3.0,1719.0,1719.0,,0.0,9.0,12.0,2.0,50.0,7.0,flat,semi-furnished,east,1,17.469858,78.35783
Z70832936,unknown,unknown,9239000.0,2.0,1155.0,1155.0,,0.0,11.0,12.0,1.0,50.0,7.0,flat,semi-furnished,west,1,17.469858,78.35783
K70833068,unknown,unknown,13400000.0,3.0,1676.0,1676.0,,0.0,8.0,12.0,2.0,50.0,7.0,flat,semi-furnished,east,1,17.469858,78.35783
Q70833012,unknown,unknown,10400000.0,2.0,1300.0,1300.0,,0.0,6.0,12.0,1.0,50.0,7.0,flat,semi-furnished,east,1,17.469858,78.35783
Z70815432,unknown,unknown,8700000.0,3.0,1170.0,1170.0,,20.0,1.0,4.0,2.0,49.0,7.0,flat,semi-furnished,north,0,17.490589,78.342543
C70802468,unknown,unknown,9800000.0,2.0,1282.0,1282.0,,0.0,6.0,22.0,1.0,13.0,7.0,flat,semi-furnished,east,1,17.4359437,78.3416731
F70780388,gachibowli,gachibowli,9900000.0,2.0,1290.0,1290.0,,0.0,17.0,22.0,1.0,13.0,7.0,flat,semi-furnished,east,1,17.4359437,78.3416731
W70723974,unknown,unknown,12900000.0,3.0,1615.0,1615.0,,0.0,2.0,5.0,1.0,45.0,7.0,flat,semi-furnished,west,1,17.446787,78.398544
Y70802204,unknown,unknown,16000000.0,3.0,1785.0,1785.0,,20.0,5.0,30.0,1.0,0.0,7.0,flat,semi-furnished,west,0,,
Z70797964,gachibowli,gachibowli,12500000.0,3.0,1384.0,1384.0,,0.0,2.0,14.0,1.0,47.0,7.0,flat,furnished,west,0,17.4359437,78.3416731
P70797234,"qutubullapur, jagadgiri gutta - suchitra circle","qutubullapur, jagadgiri gutta - suchitra circle",12700000.0,4.0,2115.0,2115.0,,12.0,2.0,5.0,3.0,0.0,7.0,flat,semi-furnished,unknown,0,,
F70797054,"qutubullapur, kphb suchitra road","qutubullapur, kphb suchitra road",11500000.0,3.0,1910.0,1910.0,,12.0,4.0,5.0,3.0,0.0,7.0,flat,semi-furnished,north-east,0,,
C70796838,"qutubullapur, jeedimetla","qutubullapur, jeedimetla",10900000.0,3.0,1795.0,1795.0,,12.0,3.0,5.0,2.0,0.0,7.0,flat,semi-furnished,east,0,,
O70796698,unknown,unknown,19500000.0,3.0,1915.0,1915.0,,2.5,13.0,20.0,3.0,45.0,7.0,flat,semi-furnished,east,0,17.444797,78.366116
W70794564,unknown,unknown,8500000.0,3.0,1500.0,1500.0,,20.0,5.0,5.0,2.0,47.0,7.0,flat,semi-furnished,east,0,17.49182,78.32617
J70782844,unknown,unknown,18200000.0,3.0,1510.0,1510.0,,20.0,18.0,25.0,1.0,13.0,7.0,flat,semi-furnished,east,0,17.466409,78.311677
O70762162,unknown,unknown,7200000.0,2.0,1260.0,1260.0,,20.0,2.0,9.0,1.0,3.0,14.0,flat,semi-furnished,north-east,0,17.4664197,78.285342
M70750228,unknown,unknown,57100000.0,4.0,4398.0,4398.0,,0.0,2.0,3.0,2.0,0.0,14.0,villa,semi-furnished,east,1,17.442305,78.26832
I70750060,unknown,unknown,33200000.0,4.0,2321.0,2321.0,,0.0,2.0,3.0,2.0,0.0,14.0,villa,semi-furnished,east,1,17.442081,78.26848
U70750116,unknown,unknown,54900000.0,4.0,4398.0,4398.0,,0.0,2.0,3.0,2.0,0.0,14.0,villa,semi-furnished,unknown,1,17.442081,78.26848
K70750160,unknown,unknown,27900000.0,4.0,2321.0,2321.0,,0.0,2.0,3.0,2.0,0.0,14.0,villa,semi-furnished,west,1,17.442305,78.26832
D70750010,unknown,unknown,52800000.0,4.0,4398.0,4398.0,,0.0,2.0,3.0,2.0,0.0,14.0,villa,semi-furnished,east,1,17.442438,78.268456
L70749958,unknown,unknown,27800000.0,4.0,2321.0,2321.0,,0.0,2.0,3.0,2.0,0.0,14.0,villa,semi-furnished,east,1,17.442438,78.268456
L70724854,unknown,unknown,42699999.99999999,5.0,4250.0,4250.0,,12.0,1.0,2.0,2.0,0.0,14.0,villa,semi-furnished,east,0,17.443354,78.182044
K70724620,unknown,unknown,85700000.0,3.0,3430.0,3430.0,,20.0,20.0,36.0,2.0,13.0,14.0,flat,semi-furnished,west,0,17.4480919,78.3787508
H70724442,unknown,unknown,28000000.0,5.0,3300.0,3300.0,,12.0,1.0,2.0,2.0,49.0,14.0,villa,semi-furnished,east,0,17.38504,78.48667
L70696796,unknown,unknown,42000000.0,3.0,4070.0,4070.0,,0.0,9.0,35.0,2.0,10.0,14.0,flat,semi-furnished,north,0,17.4359437,78.3416731
D70599362,unknown,unknown,79000000.0,3.0,3430.0,3430.0,,0.0,10.0,36.0,2.0,13.0,14.0,flat,furnished,west,1,17.4480919,78.3787508
R70665952,qutbullapur,qutbullapur,9990000.0,3.0,1665.0,1665.0,,12.0,1.0,5.0,2.0,50.0,14.0,flat,semi-furnished,north,0,17.49833,78.45806
I70610328,unknown,unknown,11700000.0,3.0,1620.0,1620.0,,0.0,6.0,14.0,1.0,12.0,21.0,flat,semi-furnished,east,1,17.3973794,78.3856447
Y70610434,unknown,unknown,9590000.0,2.0,1370.0,1370.0,,0.0,7.0,14.0,1.0,12.0,21.0,flat,semi-furnished,east,1,17.3973794,78.3856447
J70610378,unknown,unknown,10200000.0,2.0,1460.0,1460.0,,0.0,6.0,14.0,1.0,12.0,21.0,flat,semi-furnished,east,1,17.431576,78.39428
C70610228,unknown,unknown,15200000.0,3.0,2170.0,2170.0,,0.0,8.0,14.0,1.0,12.0,21.0,flat,semi-furnished,east,1,17.431576,78.39428
L70610286,unknown,unknown,14700000.0,3.0,2100.0,2100.0,,0.0,5.0,14.0,1.0,12.0,21.0,flat,semi-furnished,east,1,17.3973794,78.3856447
F70610532,unknown,unknown,8785000.0,2.0,1255.0,1255.0,,0.0,5.0,9.0,1.0,12.0,21.0,flat,semi-furnished,east,1,17.431576,78.39428
T70610578,unknown,unknown,10700000.0,3.0,1528.0,1528.0,,0.0,5.0,9.0,1.0,12.0,21.0,flat,semi-furnished,east,1,17.431576,78.39428
H70608346,madhapur,madhapur,19500000.0,3.0,1950.0,1950.0,,20.0,2.0,5.0,1.0,43.0,21.0,flat,furnished,east,1,17.4446837,78.4015034
E70607190,unknown,unknown,53000000.0,4.0,2448.0,2448.0,,20.0,2.0,3.0,1.0,15.0,21.0,villa,semi-furnished,west,0,17.465956,78.261911
R70603272,unknown,unknown,23000000.0,3.0,1960.0,1960.0,,0.0,3.0,25.0,2.0,13.0,21.0,flat,semi-furnished,west,0,17.466409,78.311677
J70589546,unknown,unknown,17500000.0,3.0,1636.0,1636.0,,12.0,17.0,39.0,1.0,0.0,21.0,flat,semi-furnished,west,0,,
Y70586846,unknown,unknown,56000000.0,3.0,3180.0,3180.0,,2.5,5.0,18.0,1.0,43.0,21.0,flat,furnished,west,0,17.444443,78.367262
K70586214,unknown,unknown,75000000.0,4.0,3600.0,3600.0,,2.5,1.0,2.0,2.0,50.0,21.0,villa,semi-furnished,west,0,17.489713,78.363397
X70575974,unknown,unknown,24000000.0,3.0,1834.0,1834.0,,0.0,10.0,31.0,1.0,12.0,21.0,flat,furnished,west,0,17.398775,78.355493
O70573672,unknown,unknown,25000000.0,3.0,2346.0,2346.0,,0.0,5.0,15.0,2.0,44.0,21.0,flat,furnished,west,0,17.4400802,78.3489168
R70570256,unknown,unknown,21000000.0,3.0,1915.0,1915.0,,2.5,13.0,20.0,1.0,45.0,21.0,flat,semi-furnished,east,0,17.444797,78.366116
Z70549726,unknown,unknown,12700000.0,4.0,2115.0,2115.0,,12.0,3.0,5.0,2.0,37.0,21.0,flat,semi-furnished,unknown,0,17.538237,78.480804
W70549508,unknown,unknown,12700000.0,4.0,2115.0,2115.0,,12.0,3.0,5.0,2.0,50.0,21.0,flat,semi-furnished,unknown,0,17.506667,78.458742
V70549358,unknown,unknown,9990000.0,3.0,1665.0,1665.0,,12.0,4.0,5.0,2.0,50.0,21.0,flat,semi-furnished,unknown,0,17.506667,78.458742
N70543082,unknown,unknown,55000000.0,3.0,3223.0,3223.0,,20.0,2.0,3.0,3.0,15.0,21.0,villa,semi-furnished,east,0,17.4664197,78.285342
I69939804,unknown,unknown,43500000.0,3.0,4069.0,4069.0,,0.0,22.0,35.0,2.0,10.0,28.0,flat,semi-furnished,east,1,17.4159934,78.3419095
P70491690,unknown,unknown,38000000.0,4.0,1827.0,1827.0,,20.0,2.0,3.0,4.0,50.0,28.0,villa,semi-furnished,west,0,17.394985,78.532609
X70437624,unknown,unknown,26000000.0,3.0,2170.0,2170.0,,0.0,16.0,19.0,2.0,15.0,30.0,flat,furnished,west,0,17.388245,78.341234
L70436322,unknown,unknown,58000000.0,4.0,4779.0,4779.0,,0.0,2.0,3.0,1.0,0.0,30.0,villa,semi-furnished,east,0,17.443354,78.182044
M69413420,unknown,unknown,26000000.0,3.0,1860.0,1860.0,,0.0,9.0,30.0,1.0,8.0,30.0,flat,semi-furnished,north-east,1,17.482796,78.32642
M69431240,unknown,unknown,35000000.0,4.0,3360.0,3360.0,,0.0,30.0,31.0,1.0,13.0,30.0,flat,semi-furnished,east,1,17.465823,78.407845
W69391178,unknown,unknown,13500000.0,2.0,1275.0,1275.0,,0.0,6.0,9.0,1.0,50.0,30.0,flat,semi-furnished,east,1,17.473732,78.3586
U70420606,unknown,unknown,30100000.0,3.0,2230.0,2230.0,,20.0,6.0,19.0,1.0,4.0,30.0,flat,semi-furnished,east,0,17.4609913,78.3532083
R70410454,unknown,unknown,26000000.0,3.0,2485.0,2485.0,,2.5,4.0,9.0,1.0,49.0,30.0,flat,furnished,west,0,17.465761,78.371569
W68263102,unknown,unknown,20500000.0,3.0,1915.0,1915.0,,2.5,13.0,20.0,1.0,45.0,30.0,flat,semi-furnished,west,0,17.444797,78.366116
F68262936,unknown,unknown,21500000.0,3.0,2040.0,2040.0,,2.5,10.0,20.0,4.0,45.0,30.0,flat,furnished,west,0,17.444797,78.366116
S68263822,unknown,unknown,22000000.0,3.0,1993.0,1993.0,,20.0,26.0,35.0,1.0,10.0,30.0,flat,semi-furnished,east,0,17.41341,78.339447
J68264404,unknown,unknown,13200000.0,2.0,1275.0,1275.0,,0.0,6.0,9.0,1.0,50.0,30.0,flat,semi-furnished,west,0,17.473732,78.3586
E68534384,unknown,unknown,30800000.0,4.0,3620.0,3620.0,,12.0,30.0,34.0,3.0,50.0,30.0,flat,semi-furnished,east,0,17.3973794,78.3856447
R68264696,unknown,unknown,24800000.0,3.0,2235.0,2235.0,,12.0,23.0,32.0,1.0,0.0,30.0,flat,semi-furnished,east,0,,
O68535088,unknown,unknown,40000000.0,4.0,4710.0,4710.0,,12.0,10.0,34.0,3.0,50.0,30.0,flat,semi-furnished,east,0,17.3973794,78.3856447
U66595494,unknown,unknown,44000000.0,4.0,2115.0,2115.0,,20.0,1.0,2.0,2.0,12.0,30.0,villa,semi-furnished,east,0,17.437953,78.283138
A66650504,unknown,unknown,92000000.0,3.0,3996.0,3996.0,,2.5,1.0,2.0,2.0,17.0,30.0,villa,furnished,east,0,17.454578,78.305819
M66663120,unknown,unknown,11000000.0,2.0,1284.0,1284.0,,12.0,9.0,10.0,1.0,49.0,30.0,flat,semi-furnished,east,0,17.4609913,78.3532083
E66718548,unknown,unknown,17500000.0,3.0,1495.0,1495.0,,0.0,4.0,12.0,1.0,0.0,30.0,flat,semi-furnished,east,0,,
U67954702,unknown,unknown,14600000.0,3.0,1535.0,1535.0,,12.0,20.0,22.0,2.0,0.0,30.0,flat,semi-furnished,unknown,0,,
U67954570,unknown,unknown,19500000.0,3.0,2070.0,2070.0,,12.0,21.0,22.0,2.0,9.0,30.0,flat,semi-furnished,unknown,0,17.478221,78.312255
M68130896,unknown,unknown,25000000.0,3.0,2295.0,2295.0,,0.0,3.0,18.0,1.0,47.0,30.0,flat,furnished,east,0,17.463222,78.373772
M68264784,unknown,unknown,21000000.0,3.0,1957.0,1957.0,,12.0,13.0,32.0,1.0,0.0,30.0,flat,semi-furnished,east,0,,
D68272538,unknown,unknown,14000000.0,3.0,1495.0,1495.0,,0.0,10.0,12.0,1.0,15.0,30.0,flat,furnished,east,0,17.453593,78.299753
V68272962,unknown,unknown,21000000.0,3.0,2020.0,2020.0,,12.0,35.0,40.0,2.0,0.0,30.0,flat,semi-furnished,west,0,,
Z68274418,unknown,unknown,83000000.0,4.0,3600.0,3600.0,,0.0,2.0,3.0,2.0,0.0,30.0,villa,semi-furnished,east,0,17.447875,78.277918
W68274084,unknown,unknown,56000000.0,4.0,350.0,350.0,,0.0,2.0,3.0,2.0,14.0,30.0,villa,furnished,east,0,17.455728,78.294946
E68277506,unknown,unknown,18000000.0,3.0,2175.0,2175.0,,20.0,14.0,15.0,1.0,10.0,30.0,flat,semi-furnished,west,0,17.450719,78.301264
W68277948,unknown,unknown,21000000.0,3.0,2270.0,2270.0,,12.0,18.0,31.0,1.0,39.0,30.0,flat,semi-furnished,west,0,17.4476331353165,78.374496642335
I68277850,unknown,unknown,20000000.0,3.0,2400.0,2400.0,,12.0,18.0,31.0,1.0,39.0,30.0,flat,semi-furnished,east,0,17.4476331353165,78.374496642335
F68278446,unknown,unknown,8500000.0,2.0,1300.0,1300.0,,12.0,5.0,13.0,1.0,50.0,30.0,flat,semi-furnished,east,0,17.48331,78.32076
F68282932,unknown,unknown,45000000.0,4.0,2178.0,2178.0,,20.0,2.0,3.0,2.0,12.0,30.0,villa,semi-furnished,east,0,17.437953,78.283138
N68280608,unknown,unknown,18000000.0,3.0,1620.0,1620.0,,12.0,11.0,25.0,1.0,12.0,30.0,flat,semi-furnished,west,0,17.45753,78.36247
K68433874,unknown,unknown,28500000.0,3.0,1900.0,1900.0,,0.0,6.0,20.0,1.0,15.0,30.0,flat,semi-furnished,west,0,17.464041,78.337481
U68356250,unknown,unknown,5600000.0,2.0,1105.0,1105.0,,12.0,5.0,12.0,1.0,0.0,30.0,flat,semi-furnished,east,0,17.443855,78.250431
M68355998,unknown,unknown,6500000.0,2.0,1295.0,1295.0,,12.0,5.0,9.0,1.0,0.0,30.0,flat,semi-furnished,east,0,17.443855,78.250431
H68433906,unknown,unknown,11500000.0,2.0,1315.0,1315.0,,12.0,15.0,30.0,1.0,0.0,30.0,flat,semi-furnished,east,0,,
R68878718,unknown,unknown,13899999.999999998,2.0,1325.0,1325.0,,20.0,10.0,18.0,1.0,12.0,30.0,flat,semi-furnished,east,0,17.466742,78.337059
I68953092,unknown,unknown,44000000.0,4.0,269.0,269.0,,20.0,2.0,3.0,2.0,12.0,30.0,villa,semi-furnished,east,0,17.437953,78.283138
F68917508,unknown,unknown,18600000.0,3.0,1600.0,1600.0,,20.0,10.0,31.0,1.0,15.0,30.0,flat,furnished,north,0,17.422584,78.350841
J69017810,unknown,unknown,20500000.0,3.0,1600.0,1600.0,,20.0,26.0,31.0,1.0,15.0,30.0,flat,semi-furnished,north,0,17.422584,78.350841
Q69140284,unknown,unknown,26000000.0,3.0,2290.0,2290.0,,12.0,6.0,25.0,1.0,0.0,30.0,flat,semi-furnished,east,0,,
T69138578,unknown,unknown,19500000.0,3.0,1620.0,1620.0,,12.0,13.0,25.0,1.0,0.0,30.0,flat,semi-furnished,west,0,,
S69156368,unknown,unknown,14600000.0,2.0,1314.0,1314.0,,20.0,21.0,31.0,1.0,12.0,30.0,flat,furnished,east,0,17.398775,78.355493
S69140914,unknown,unknown,34000000.0,3.0,2646.0,2646.0,,7.5,0.0,1.0,2.0,50.0,30.0,villa,semi-furnished,south,0,17.47777,78.31405
W69198814,unknown,unknown,18000000.0,3.0,1496.0,1496.0,,0.0,19.0,19.0,1.0,15.0,30.0,flat,furnished,west,0,17.464041,78.337481
S69202242,unknown,unknown,25200000.0,3.0,2960.0,2960.0,,12.0,29.0,36.0,3.0,50.0,30.0,flat,semi-furnished,east,0,17.3973794,78.3856447
Q69201628,unknown,unknown,20600000.0,3.0,2420.0,2420.0,,12.0,20.0,36.0,3.0,50.0,30.0,flat,semi-furnished,east,0,17.3973794,78.3856447
H69206630,unknown,unknown,70600000.0,4.0,6723.0,6723.0,,12.0,40.0,45.0,4.0,50.0,30.0,flat,semi-furnished,east,0,17.3973794,78.3856447
S69202306,unknown,unknown,18600000.0,3.0,2185.0,2185.0,,12.0,30.0,36.0,3.0,50.0,30.0,flat,semi-furnished,north,0,17.3973794,78.3856447
G69230322,unknown,unknown,12500000.0,2.0,1052.0,1052.0,,0.0,1.0,6.0,1.0,36.0,30.0,flat,furnished,north,0,17.458176,78.382869
D69215394,unknown,unknown,30000000.0,3.0,2815.0,2815.0,,0.0,4.0,7.0,1.0,50.0,30.0,flat,semi-furnished,east,0,17.467071,78.370218
H69233590,unknown,unknown,57500000.0,3.0,2595.0,2595.0,,0.0,30.0,36.0,1.0,13.0,30.0,flat,semi-furnished,west,0,17.430915,78.37728
Y69339992,unknown,unknown,16000000.0,2.0,1314.0,1314.0,,0.0,21.0,31.0,1.0,12.0,30.0,flat,furnished,west,0,17.398775,78.355493
D69363468,unknown,unknown,18000000.0,3.0,1592.0,1592.0,,0.0,8.0,32.0,1.0,7.0,30.0,flat,furnished,west,0,17.47699,78.39062
W69390354,unknown,unknown,19500000.0,3.0,2597.0,2597.0,,12.0,12.0,22.0,3.0,0.0,30.0,flat,semi-furnished,west,0,,
J69389898,unknown,unknown,31200000.0,3.0,2465.0,2465.0,,20.0,12.0,21.0,3.0,0.0,30.0,flat,semi-furnished,east,0,,
Q69406476,unknown,unknown,14500000.0,2.0,1297.0,1297.0,,20.0,12.0,15.0,1.0,0.0,30.0,flat,semi-furnished,west,0,,
T69396234,unknown,unknown,17500000.0,3.0,2075.0,2075.0,,0.0,5.0,5.0,1.0,49.0,30.0,flat,furnished,east,0,17.469667,78.343681
J70391088,unknown,unknown,11200000.000000002,2.0,1210.0,1210.0,,20.0,13.0,31.0,1.0,13.0,30.0,flat,semi-furnished,north,0,17.4480919,78.3787508
C70387194,unknown,unknown,15000000.0,3.0,1550.0,1550.0,,20.0,26.0,31.0,1.0,13.0,30.0,flat,semi-furnished,north-east,0,17.4480919,78.3787508
Q70381636,unknown,unknown,68900000.0,3.0,3430.0,3430.0,,20.0,24.0,36.0,2.0,13.0,30.0,flat,semi-furnished,west,0,17.4480919,78.3787508
Z70381470,unknown,unknown,45000000.0,4.0,3750.0,3750.0,,2.5,15.0,18.0,2.0,39.0,30.0,flat,furnished,unknown,0,17.4480919,78.3787508
O70381274,unknown,unknown,28000000.0,4.0,2660.0,2660.0,,20.0,4.0,25.0,1.0,13.0,30.0,flat,semi-furnished,west,0,17.47078,78.30668
A70381040,unknown,unknown,13000000.0,2.0,1346.0,1346.0,,12.0,9.0,14.0,1.0,50.0,30.0,flat,semi-furnished,west,0,17.485091,78.3671565
D70380932,unknown,unknown,19500000.0,3.0,2485.0,2485.0,,2.5,8.0,9.0,1.0,49.0,30.0,flat,semi-furnished,west,0,17.465883,78.371926
Y70361030,unknown,unknown,22600000.0,3.0,1890.0,1890.0,,0.0,11.0,20.0,3.0,48.0,30.0,flat,furnished,north,0,17.42278,78.34724
W69997264,unknown,unknown,21500000.0,3.0,1834.0,1834.0,,0.0,20.0,31.0,1.0,12.0,30.0,flat,semi-furnished,east,1,17.500689,78.42035
C70313040,unknown,unknown,66800000.0,4.0,4300.0,4300.0,,0.0,1.0,2.0,2.0,49.0,30.0,villa,furnished,east,0,17.38504,78.48667
G70303282,unknown,unknown,29000000.0,4.0,2700.0,2700.0,,0.0,1.0,2.0,2.0,0.0,30.0,villa,semi-furnished,west,1,17.447039,78.17897
F70302796,unknown,unknown,32000000.0,4.0,2700.0,2700.0,,0.0,1.0,2.0,2.0,0.0,30.0,villa,semi-furnished,east,1,17.447039,78.17897
O70304332,unknown,unknown,26800000.0,4.0,3325.0,3325.0,,0.0,2.0,3.0,2.0,0.0,30.0,villa,semi-furnished,east,1,17.445192,78.146736
J70304296,unknown,unknown,26700000.0,4.0,3325.0,3325.0,,0.0,2.0,3.0,2.0,0.0,30.0,villa,semi-furnished,west,1,17.445192,78.146736
U70304180,unknown,unknown,26600000.0,4.0,3325.0,3325.0,,0.0,2.0,3.0,2.0,0.0,30.0,villa,semi-furnished,east,1,17.445587,78.146774
L70304244,unknown,unknown,27700000.0,4.0,3325.0,3325.0,,0.0,2.0,3.0,2.0,0.0,30.0,villa,semi-furnished,east,1,17.445587,78.146774
P70304130,unknown,unknown,26600000.0,4.0,3325.0,3325.0,,0.0,2.0,3.0,2.0,1.0,30.0,villa,semi-furnished,west,1,17.44723,78.281006
Q70304380,unknown,unknown,26800000.0,4.0,3325.0,3325.0,,0.0,2.0,3.0,2.0,0.0,30.0,villa,semi-furnished,east,1,17.445475,78.14703
V70301108,unknown,unknown,40199999.99999999,4.0,3400.0,3400.0,,0.0,2.0,3.0,2.0,1.0,30.0,villa,semi-furnished,west,1,17.44723,78.281006
Z70300980,unknown,unknown,40000000.0,4.0,3400.0,3400.0,,0.0,2.0,3.0,2.0,17.0,30.0,villa,unfurnished,west,1,17.4664197,78.285342
C70300930,unknown,unknown,40800000.0,4.0,3400.0,3400.0,,0.0,2.0,3.0,2.0,17.0,30.0,villa,semi-furnished,east,1,17.4664197,78.285342
U66883384,unknown,unknown,26000000.0,2.0,1998.0,1998.0,,7.5,1.0,2.0,2.0,50.0,30.0,villa,semi-furnished,unknown,0,17.495438,78.2960172
Y70279042,unknown,unknown,15500000.0,3.0,2100.0,2100.0,,12.0,1.0,14.0,1.0,12.0,30.0,flat,semi-furnished,east,0,17.3973794,78.3856447
O70130310,unknown,unknown,15300000.0,3.0,1960.0,1960.0,,0.0,14.0,19.0,3.0,14.0,30.0,flat,semi-furnished,east,1,17.463175,78.28648
F70246022,unknown,unknown,15000000.0,2.0,900.0,900.0,,7.5,0.0,1.0,2.0,50.0,30.0,villa,semi-furnished,north-east,0,17.3941246,78.5170995
T70166754,puppalaguda,puppalaguda,22800000.0,3.0,1834.0,1834.0,,20.0,25.0,31.0,1.0,12.0,30.0,flat,furnished,unknown,0,17.3973794,78.3856447
N69914496,unknown,unknown,42000000.0,4.0,3500.0,3500.0,,0.0,1.0,2.0,2.0,14.0,30.0,villa,semi-furnished,west,0,17.463173,78.28648
N69914206,unknown,unknown,33600000.0,4.0,2800.0,2800.0,,0.0,1.0,2.0,2.0,14.0,30.0,villa,semi-furnished,west,0,17.463173,78.28648
L69977912,huda layout,huda layout,9500000.0,3.0,1740.0,1740.0,,0.0,3.0,5.0,2.0,29.0,30.0,flat,furnished,east,1,17.417875,78.33617
W69962176,unknown,unknown,36000000.0,4.0,3755.0,3755.0,,0.0,1.0,2.0,2.0,8.0,30.0,villa,semi-furnished,west,1,17.446318,78.150024
E69962044,unknown,unknown,36200000.0,4.0,3755.0,3755.0,,0.0,1.0,2.0,2.0,8.0,30.0,villa,semi-furnished,east,1,17.443354,78.182044
L69962132,unknown,unknown,35800000.0,4.0,3770.0,3770.0,,0.0,1.0,2.0,2.0,8.0,30.0,villa,unfurnished,west,1,17.443354,78.182044
G69962092,unknown,unknown,35600000.0,4.0,3788.0,3788.0,,0.0,1.0,2.0,2.0,8.0,30.0,villa,unfurnished,east,1,17.443354,78.182044
V69939620,unknown,unknown,8900000.0,2.0,1125.0,1125.0,,0.0,0.0,1.0,1.0,7.0,30.0,villa,semi-furnished,east,1,17.395199,78.64021
G69941590,unknown,unknown,3850000.0,2.0,1100.0,1100.0,,12.0,3.0,12.0,1.0,8.0,30.0,flat,semi-furnished,east,0,17.443855,78.250431
Y69941160,unknown,unknown,4903000.0,3.0,1401.0,1401.0,,12.0,1.0,12.0,1.0,8.0,30.0,flat,semi-furnished,east,0,17.443855,78.250431
J69940464,unknown,unknown,17200000.0,3.0,1492.0,1492.0,,0.0,4.0,35.0,1.0,10.0,30.0,flat,furnished,west,0,17.416338,78.3410646
E69914354,unknown,unknown,26700000.0,4.0,3332.0,3332.0,,12.0,1.0,2.0,2.0,49.0,60.0,villa,semi-furnished,east,0,17.38504,78.48667
M69378202,unknown,unknown,40000000.0,4.0,225.0,225.0,,0.0,2.0,3.0,2.0,17.0,6.0,villa,semi-furnished,east,0,17.4664197,78.285342
G69369126,unknown,unknown,,6.0,4438.0,4438.0,,2.5,2.0,3.0,3.0,47.0,6.0,villa,furnished,north,0,17.4359437,78.3416731
A69349152,unknown,unknown,16500000.0,3.0,1450.0,1450.0,,20.0,16.0,31.0,1.0,13.0,30.0,flat,semi-furnished,east,0,17.4480919,78.3787508
F71026408,unknown,unknown,13200000.0,3.0,1510.0,1510.0,,0.0,1.0,5.0,3.0,47.0,0.0,flat,furnished,east,0,17.4359437,78.3416731
M70990358,manikonda,manikonda,5800000.0,4.0,200.0,200.0,,20.0,1.0,2.0,3.0,50.0,2.0,villa,semi-furnished,east,0,17.4011618,78.37569
E70989786,manikonda,manikonda,11000000.0,2.0,1570.0,1570.0,,12.0,10.0,10.0,2.0,50.0,2.0,flat,semi-furnished,east,0,17.4011618,78.37569
E70989468,manikonda,manikonda,7625000.0,3.0,1525.0,1525.0,,12.0,4.0,5.0,3.0,50.0,2.0,flat,semi-furnished,east,0,17.4011618,78.37569
Y70704326,unknown,unknown,36000000.0,4.0,1998.0,1998.0,,20.0,0.0,1.0,3.0,3.0,14.0,villa,semi-furnished,east,0,17.210329,78.500098
R70628604,unknown,unknown,33200000.0,3.0,4254.0,4254.0,,12.0,1.0,2.0,2.0,0.0,21.0,villa,semi-furnished,east,0,17.443354,78.182044
L70628572,unknown,unknown,33200000.0,3.0,4254.0,4254.0,,12.0,1.0,2.0,2.0,0.0,21.0,villa,semi-furnished,east,0,17.443354,78.182044
J70628552,unknown,unknown,33200000.0,3.0,4254.0,4254.0,,12.0,1.0,2.0,2.0,0.0,21.0,villa,semi-furnished,east,0,17.443354,78.182044
E70628456,unknown,unknown,33200000.0,3.0,4254.0,4254.0,,12.0,1.0,2.0,2.0,50.0,21.0,villa,semi-furnished,east,0,17.3973794,78.3856447
Z70628436,unknown,unknown,33200000.0,3.0,4254.0,4254.0,,12.0,1.0,2.0,2.0,50.0,21.0,villa,semi-furnished,east,0,17.3973794,78.3856447
O70628398,unknown,unknown,33200000.0,3.0,4254.0,4254.0,,12.0,1.0,2.0,2.0,48.0,21.0,villa,semi-furnished,east,0,17.42278,78.34724
J70628372,unknown,unknown,33200000.0,3.0,4254.0,4254.0,,12.0,1.0,2.0,2.0,15.0,21.0,villa,semi-furnished,east,0,17.4563368,78.2967816
K70628342,unknown,unknown,33200000.0,3.0,4254.0,4254.0,,12.0,1.0,2.0,2.0,17.0,21.0,villa,semi-furnished,east,0,17.4664197,78.285342
P70628326,unknown,unknown,33200000.0,3.0,4254.0,4254.0,,12.0,1.0,2.0,2.0,17.0,21.0,villa,semi-furnished,east,0,17.4664197,78.285342
W70628286,unknown,unknown,33200000.0,3.0,4254.0,4254.0,,12.0,1.0,2.0,2.0,47.0,21.0,villa,semi-furnished,east,0,17.4359437,78.3416731
J70628248,unknown,unknown,33200000.0,3.0,4254.0,4254.0,,12.0,1.0,2.0,2.0,47.0,21.0,villa,semi-furnished,east,0,17.4359437,78.3416731
Z70628234,unknown,unknown,33200000.0,3.0,4254.0,4254.0,,12.0,1.0,2.0,2.0,47.0,21.0,villa,semi-furnished,east,0,17.4359437,78.3416731
X70628170,unknown,unknown,33200000.0,3.0,4254.0,4254.0,,12.0,1.0,2.0,2.0,47.0,21.0,villa,semi-furnished,east,0,17.4359437,78.3416731
T70628146,unknown,unknown,33200000.0,3.0,4254.0,4254.0,,12.0,1.0,2.0,2.0,0.0,21.0,villa,semi-furnished,east,0,17.443354,78.182044
D70628126,unknown,unknown,33200000.0,3.0,4254.0,4254.0,,12.0,1.0,2.0,2.0,0.0,21.0,villa,semi-furnished,east,0,17.443354,78.182044
A70628106,unknown,unknown,33200000.0,3.0,4254.0,4254.0,,12.0,1.0,2.0,2.0,0.0,21.0,villa,semi-furnished,east,0,17.443354,78.182044
W70628080,unknown,unknown,33200000.0,3.0,4254.0,4254.0,,12.0,1.0,2.0,2.0,0.0,21.0,villa,semi-furnished,east,0,17.443354,78.182044
K70628072,unknown,unknown,33200000.0,3.0,4254.0,4254.0,,12.0,1.0,2.0,2.0,0.0,21.0,villa,semi-furnished,east,0,17.443354,78.182044
M70628060,unknown,unknown,33200000.0,3.0,4254.0,4254.0,,12.0,1.0,2.0,2.0,0.0,21.0,villa,semi-furnished,east,0,17.443354,78.182044
T70922090,unknown,unknown,9000000.0,2.0,1245.0,1245.0,,12.0,7.0,14.0,2.0,11.0,6.0,flat,semi-furnished,east,0,17.485091,78.3671565
I70761904,unknown,unknown,7000000.0,2.0,1350.0,1350.0,,12.0,0.0,1.0,2.0,6.0,14.0,house,semi-furnished,north-east,0,17.542319,78.226934
N70345632,unknown,unknown,15400000.0,3.0,2802.0,2802.0,,0.0,7.0,15.0,4.0,9.0,21.0,flat,semi-furnished,east,0,17.4664197,78.285342
Q70307498,unknown,unknown,8800000.0,2.0,1107.0,1107.0,,20.0,1.0,10.0,2.0,15.0,30.0,flat,semi-furnished,unknown,0,17.325907,78.424158
O70279164,unknown,unknown,7500000.0,2.0,1050.0,1050.0,,0.0,3.0,5.0,1.0,0.0,30.0,flat,semi-furnished,north,0,,
V70229502,unknown,unknown,6087000.0,2.0,1295.0,1295.0,,12.0,2.0,5.0,2.0,6.0,30.0,flat,semi-furnished,east,0,17.5564,78.36389
E70064196,unknown,unknown,6500000.0,2.0,1200.0,1200.0,,12.0,5.0,5.0,1.0,6.0,30.0,flat,semi-furnished,north,0,17.5564,78.36389
P70866602,chandanagar,chandanagar,5300000.0,2.0,1202.0,1202.0,,20.0,1.0,5.0,2.0,50.0,7.0,flat,semi-furnished,east,0,17.488379,78.327
X70866552,bachupally,bachupally,5500000.0,3.0,1360.0,1360.0,,20.0,1.0,5.0,2.0,9.0,7.0,flat,semi-furnished,east,0,17.54865,78.3856
C70866532,addagutta,addagutta,5200000.0,2.0,1157.0,1157.0,,20.0,1.0,5.0,2.0,47.0,7.0,flat,semi-furnished,east,0,17.5007411,78.3958548
H70866508,pragathi nagar,pragathi nagar,5200000.0,2.0,1157.0,1157.0,,20.0,1.0,5.0,2.0,50.0,7.0,flat,semi-furnished,east,0,17.5203424,78.3970205
G70866480,gajulramaram,gajulramaram,5100000.0,2.0,1157.0,1157.0,,20.0,1.0,5.0,2.0,47.0,7.0,flat,semi-furnished,east,0,17.5337007,78.401286
X70866466,gajulramaram,gajulramaram,5200000.0,2.0,1157.0,1157.0,,20.0,1.0,5.0,2.0,47.0,7.0,flat,semi-furnished,east,0,17.5337007,78.401286
M70866446,kukatpally,kukatpally,5200000.0,2.0,1207.0,1207.0,,20.0,1.0,5.0,2.0,47.0,7.0,flat,semi-furnished,east,0,17.49479,78.39964
I70866444,kukatpally,kukatpally,5300000.0,2.0,1207.0,1207.0,,20.0,1.0,5.0,2.0,47.0,7.0,flat,semi-furnished,east,0,17.49479,78.39964
L70866420,kphb,kphb,5300000.0,2.0,1207.0,1207.0,,20.0,1.0,5.0,2.0,50.0,7.0,flat,semi-furnished,east,0,17.4833526,78.3870668
R70866406,kphb,kphb,5400000.0,2.0,1207.0,1207.0,,20.0,1.0,5.0,2.0,50.0,7.0,flat,semi-furnished,east,0,17.4833526,78.3870668
G69245450,kukatapally,kukatapally,5200000.0,2.0,1137.0,1137.0,,0.0,1.0,5.0,2.0,13.0,7.0,flat,semi-furnished,west,0,17.292131,78.52624
G69162348,aminpur,aminpur,5000000.0,2.0,1053.0,1053.0,,0.0,2.0,5.0,2.0,40.0,7.0,flat,semi-furnished,east,0,17.521349,78.30607
J69245426,beeramguda,beeramguda,4600000.0,2.0,1156.0,1156.0,,0.0,1.0,5.0,2.0,32.0,7.0,flat,semi-furnished,east,0,17.527477,78.308815
O69426512,bachupally,bachupally,4700000.0,2.0,1200.0,1200.0,,0.0,1.0,5.0,2.0,18.0,7.0,flat,semi-furnished,east,0,17.5459996775916,78.39104600250721
M69065840,kukatapally,kukatapally,5300000.0,2.0,1137.0,1137.0,,0.0,1.0,5.0,2.0,13.0,7.0,flat,semi-furnished,east,0,17.29206,78.52628
D69065928,chandanagar,chandanagar,5200000.0,2.0,1102.0,1102.0,,0.0,1.0,5.0,2.0,47.0,7.0,flat,semi-furnished,east,0,17.489697,78.32271
W69082198,aminpur,aminpur,6300000.0,2.0,1343.0,1343.0,,0.0,1.0,5.0,2.0,47.0,7.0,flat,semi-furnished,east,0,17.489697,78.32271
C69082160,kphb,kphb,5300000.0,2.0,1157.0,1157.0,,0.0,1.0,5.0,2.0,13.0,7.0,flat,semi-furnished,east,0,17.292048,78.52628
W69082142,gajulramaram,gajulramaram,5300000.0,2.0,1157.0,1157.0,,0.0,1.0,5.0,2.0,50.0,7.0,flat,semi-furnished,east,0,17.515236,78.42038
G69245446,kukatapally,kukatapally,5300000.0,2.0,1156.0,1156.0,,0.0,1.0,5.0,2.0,13.0,7.0,flat,semi-furnished,east,0,17.292118,78.52625
B69082076,chandanagar,chandanagar,7200000.0,3.0,1437.0,1437.0,,0.0,1.0,5.0,2.0,13.0,7.0,flat,semi-furnished,west,0,17.292131,78.52624
C69082134,gajulramaram,gajulramaram,5200000.0,2.0,1153.0,1153.0,,0.0,1.0,5.0,2.0,50.0,7.0,flat,semi-furnished,east,0,17.515236,78.42038
J69162254,aminpur,aminpur,5400000.0,2.0,1152.0,1152.0,,0.0,1.0,5.0,2.0,49.0,7.0,flat,semi-furnished,east,0,17.503677,78.416
B69245408,beeramguda,beeramguda,4500000.0,2.0,1056.0,1056.0,,0.0,1.0,5.0,2.0,32.0,7.0,flat,semi-furnished,east,0,17.527477,78.308815
C69426606,beeramguda,beeramguda,4400000.0,2.0,1105.0,1105.0,,0.0,1.0,5.0,2.0,28.0,7.0,flat,semi-furnished,east,0,17.530041954127157,78.30981429666281
G69426574,beeramguda,beeramguda,4500000.0,2.0,1055.0,1055.0,,0.0,1.0,5.0,2.0,44.0,7.0,flat,semi-furnished,east,0,17.517812162625887,78.30416053533554
I69426492,bachupally,bachupally,4800000.0,2.0,1202.0,1202.0,,0.0,1.0,5.0,2.0,19.0,7.0,flat,semi-furnished,east,0,17.544842761099115,78.3855189755559
I69426662,gajulramaram,gajulramaram,5200000.0,2.0,1105.0,1105.0,,0.0,1.0,5.0,2.0,47.0,7.0,flat,semi-furnished,east,0,17.532810903354342,78.39660689234734
F69065826,kukatapally,kukatapally,5500000.0,2.0,1152.0,1152.0,,0.0,1.0,5.0,2.0,13.0,7.0,flat,semi-furnished,west,0,17.292053,78.52628
G69245414,beeramguda,beeramguda,4500000.0,2.0,1156.0,1156.0,,0.0,1.0,5.0,2.0,13.0,7.0,flat,semi-furnished,west,0,17.292053,78.52628
E69082124,gajulramaram,gajulramaram,5200000.0,2.0,1137.0,1137.0,,0.0,1.0,5.0,2.0,13.0,7.0,flat,semi-furnished,west,0,17.292053,78.52628
Q69245868,kphb,kphb,5300000.0,2.0,1155.0,1155.0,,0.0,1.0,5.0,2.0,40.0,7.0,flat,semi-furnished,west,0,17.521349,78.30607
N69245486,bachupally,bachupally,4800000.0,2.0,1178.0,1178.0,,0.0,1.0,5.0,2.0,13.0,7.0,flat,semi-furnished,west,0,17.292053,78.52628
J69162500,aminpur,aminpur,6300000.0,2.0,1350.0,1350.0,,0.0,2.0,5.0,2.0,47.0,7.0,flat,semi-furnished,east,0,17.489697,78.32271
W69245468,gajulramaram,gajulramaram,5250000.0,2.0,1127.0,1127.0,,0.0,1.0,5.0,2.0,32.0,7.0,flat,semi-furnished,east,0,17.527477,78.308815
M69162698,chandanagar,chandanagar,5475000.0,2.0,1153.0,1153.0,,0.0,2.0,5.0,2.0,32.0,7.0,flat,semi-furnished,east,0,17.527477,78.308815
S69245458,gajulramaram,gajulramaram,5200000.0,2.0,1155.0,1155.0,,0.0,1.0,5.0,2.0,13.0,7.0,flat,semi-furnished,west,0,17.292053,78.52628
R69162812,chandanagar,chandanagar,6750000.0,3.0,1437.0,1437.0,,0.0,2.0,5.0,2.0,13.0,7.0,flat,semi-furnished,east,0,17.292053,78.52628
H69426704,kphb,kphb,5200000.0,2.0,1153.0,1153.0,,0.0,1.0,5.0,2.0,47.0,7.0,flat,semi-furnished,east,0,17.532810903354342,78.39660689234734
W69426742,chandanagar,chandanagar,5200000.0,2.0,1153.0,1153.0,,0.0,1.0,5.0,2.0,47.0,7.0,flat,semi-furnished,east,0,17.532810903354342,78.39660689234734
H69931882,gajulramaram,gajulramaram,5400000.0,2.0,1190.0,1190.0,,0.0,1.0,5.0,2.0,48.0,30.0,flat,semi-furnished,east,0,17.501258812970175,78.40502802282572
B69931354,beeramguda,beeramguda,4500000.0,2.0,1090.0,1090.0,,0.0,1.0,5.0,2.0,43.0,30.0,flat,semi-furnished,east,0,17.518670947765116,78.30384504050016
Y69931386,beeramguda,beeramguda,4500000.0,2.0,1099.0,1099.0,,0.0,1.0,5.0,2.0,49.0,30.0,flat,semi-furnished,east,0,17.493614238079616,78.32779482007027
X69931062,chandanagar,chandanagar,6800000.0,3.0,1510.0,1510.0,,0.0,1.0,5.0,2.0,49.0,30.0,flat,semi-furnished,east,0,17.50620601524729,78.33034861832857
O69930956,aminpur,aminpur,6800000.0,3.0,1510.0,1510.0,,0.0,1.0,5.0,2.0,50.0,30.0,flat,semi-furnished,east,0,17.51734568008974,78.31574197858572
A69930860,aminpur,aminpur,5300000.0,2.0,1168.0,1168.0,,0.0,1.0,5.0,2.0,8.0,30.0,flat,semi-furnished,east,0,17.53775117156079,78.33891458809376
H69930804,aminpur,aminpur,5200000.0,2.0,1105.0,1105.0,,0.0,1.0,5.0,2.0,8.0,30.0,flat,semi-furnished,east,0,17.53775117156079,78.33891458809376
Y69929870,chandanagar,chandanagar,5200000.0,2.0,1125.0,1125.0,,0.0,2.0,5.0,2.0,50.0,30.0,flat,semi-furnished,east,0,17.49036438896237,78.36227461695671
B69929508,chandanagar,chandanagar,5300000.0,2.0,1180.0,1180.0,,0.0,1.0,5.0,2.0,50.0,30.0,flat,semi-furnished,east,0,17.49036438896237,78.36227461695671
D69931872,gajulramaram,gajulramaram,5500000.0,2.0,1190.0,1190.0,,0.0,1.0,5.0,2.0,50.0,30.0,flat,semi-furnished,east,0,17.49036438896237,78.36227461695671
F69931700,bachupally,bachupally,4800000.0,2.0,1190.0,1190.0,,0.0,1.0,5.0,2.0,47.0,30.0,flat,semi-furnished,east,0,17.532810903354342,78.39660689234734
W69931140,chandanagar,chandanagar,7000000.0,3.0,1595.0,1595.0,,0.0,1.0,5.0,2.0,49.0,30.0,flat,semi-furnished,east,0,17.5201639,78.3224154
V69931630,bachupally,bachupally,4800000.0,2.0,1180.0,1180.0,,0.0,1.0,5.0,2.0,28.0,30.0,flat,semi-furnished,east,0,17.530041954127157,78.30981429666281
Z69931312,beeramguda,beeramguda,4500000.0,2.0,1060.0,1060.0,,0.0,1.0,5.0,2.0,49.0,30.0,flat,semi-furnished,east,0,17.5201639,78.3224154
H69931900,kphb,kphb,5400000.0,2.0,1190.0,1190.0,,0.0,1.0,5.0,2.0,49.0,30.0,flat,semi-furnished,east,0,17.488481221432767,78.39845057576895
F70717782,unknown,unknown,23000000.0,3.0,1925.0,1925.0,,0.0,6.0,31.0,3.0,15.0,14.0,flat,furnished,east,0,17.422584,78.350841
C70144210,unknown,unknown,13300000.0,2.0,1380.0,1380.0,,20.0,5.0,24.0,1.0,46.0,30.0,flat,semi-furnished,east,0,17.414254,78.354416
S70135182,unknown,unknown,16200000.000000002,3.0,1895.0,1895.0,,20.0,14.0,15.0,2.0,12.0,30.0,flat,semi-furnished,east,0,17.407369,78.388221
F70117614,unknown,unknown,19300000.0,3.0,2260.0,2260.0,,20.0,14.0,15.0,2.0,12.0,30.0,flat,semi-furnished,east,0,17.407369,78.388221
T70091386,unknown,unknown,16299999.999999998,3.0,1910.0,1910.0,,20.0,14.0,15.0,2.0,12.0,30.0,flat,semi-furnished,east,0,17.407369,78.388221
C70002556,unknown,unknown,45000000.0,4.0,3750.0,3750.0,,2.5,15.0,18.0,4.0,43.0,30.0,flat,furnished,south,0,17.444443,78.367262
K69335812,unknown,unknown,10800000.0,4.0,1800.0,1800.0,,20.0,2.0,5.0,1.0,50.0,30.0,flat,furnished,east,0,17.4018092,78.5601892
M70697236,unknown,unknown,14100000.0,3.0,2980.0,2980.0,,12.0,1.0,2.0,2.0,2.0,14.0,villa,semi-furnished,unknown,0,17.19515,78.65624
M70547966,rc puram,rc puram,17500000.0,3.0,1840.0,1840.0,,20.0,18.0,35.0,1.0,43.0,21.0,flat,semi-furnished,east,0,17.516785,78.295298
N70337014,velly view enclave,velly view enclave,60000000.0,4.0,4770.0,4770.0,,2.5,1.0,2.0,2.0,24.0,30.0,villa,furnished,unknown,0,17.35459,78.400939
H68340718,kollur,kollur,48500000.0,4.0,1980.0,1980.0,,12.0,1.0,2.0,2.0,4.0,30.0,villa,semi-furnished,east,0,17.523851,78.254744
C66217376,unknown,unknown,24000000.0,3.0,2440.0,2440.0,,20.0,5.0,27.0,2.0,12.0,30.0,flat,semi-furnished,east,0,17.4692958,78.333071
I64601992,unknown,unknown,23500000.0,3.0,2545.0,2545.0,,20.0,15.0,20.0,1.0,12.0,30.0,flat,semi-furnished,west,0,17.4692958,78.333071
A68780838,unknown,unknown,27000000.0,3.0,2410.0,2410.0,,20.0,12.0,20.0,1.0,12.0,30.0,flat,semi-furnished,east,0,17.4692958,78.333071
F71004810,unknown,unknown,7400000.0,2.0,1125.0,1125.0,,20.0,0.0,1.0,1.0,3.0,,villa,semi-furnished,east,0,17.575068,78.253963
G70784516,unknown,unknown,17000000.0,6.0,1215.0,1215.0,,2.5,1.0,2.0,2.0,50.0,5.0,villa,furnished,south,1,17.4816014,78.4832055
X70905580,unknown,unknown,15500000.0,3.0,1700.0,1700.0,,0.0,2.0,5.0,1.0,49.0,7.0,flat,semi-furnished,east,0,17.38504,78.48667
F70905070,unknown,unknown,15500000.0,3.0,1215.0,1215.0,,2.5,0.0,1.0,2.0,49.0,7.0,villa,semi-furnished,east,0,17.38504,78.48667
X70895008,unknown,unknown,12500000.0,4.0,945.0,945.0,,0.0,1.0,2.0,2.0,49.0,7.0,house,semi-furnished,east,0,17.38504,78.48667
Y70894792,unknown,unknown,48500000.0,10.0,2700.0,2700.0,,0.0,2.0,3.0,4.0,47.0,7.0,house,furnished,east,0,17.48718,78.5786
P70894694,unknown,unknown,9000000.0,3.0,1500.0,1500.0,,0.0,3.0,5.0,2.0,49.0,7.0,flat,semi-furnished,unknown,0,17.4667989,78.5398204
W70894446,unknown,unknown,14500000.0,5.0,1188.0,1188.0,,20.0,1.0,2.0,2.0,49.0,7.0,villa,unfurnished,unknown,0,17.4667989,78.5398204
G70894210,unknown,unknown,8500000.0,5.0,900.0,900.0,,2.5,0.0,1.0,2.0,49.0,7.0,villa,semi-furnished,west,0,17.38504,78.48667
U70893634,unknown,unknown,23000000.0,4.0,1800.0,1800.0,,2.5,1.0,2.0,2.0,50.0,7.0,villa,semi-furnished,west,0,17.48531,78.4933
R70811518,unknown,unknown,6400000.0,2.0,900.0,900.0,,20.0,0.0,1.0,1.0,3.0,7.0,villa,furnished,north,0,17.575068,78.253963
Z70811448,unknown,unknown,16500000.0,4.0,1359.0,1359.0,,20.0,1.0,2.0,2.0,6.0,7.0,villa,semi-furnished,east,0,17.529701,78.333031
K70811268,unknown,unknown,14200000.0,4.0,1350.0,1350.0,,20.0,1.0,2.0,2.0,50.0,7.0,villa,furnished,east,0,17.5090182,78.3001801
X70797032,unknown,unknown,10600000.0,2.0,1350.0,1350.0,,20.0,1.0,2.0,2.0,50.0,7.0,villa,semi-furnished,west,0,17.5090182,78.3001801
P70796304,unknown,unknown,10700000.0,2.0,1440.0,1440.0,,20.0,0.0,1.0,1.0,7.0,7.0,villa,furnished,west,0,17.543634,78.293712
O70796198,unknown,unknown,11299999.999999998,4.0,1215.0,1215.0,,20.0,1.0,2.0,2.0,50.0,7.0,villa,furnished,east,0,17.536121,78.289779
T70796140,unknown,unknown,9900000.0,3.0,999.0,999.0,,20.0,1.0,2.0,2.0,50.0,7.0,villa,semi-furnished,east,0,17.536121,78.289779
P70796102,unknown,unknown,12200000.0,4.0,1260.0,1260.0,,20.0,1.0,2.0,2.0,50.0,7.0,villa,semi-furnished,west,0,17.536121,78.289779
N70796072,unknown,unknown,9700000.0,2.0,1350.0,1350.0,,20.0,0.0,1.0,1.0,50.0,7.0,villa,semi-furnished,east,0,17.5090182,78.3001801
Q70796042,unknown,unknown,16000000.0,4.0,1350.0,1350.0,,20.0,1.0,2.0,2.0,50.0,7.0,villa,semi-furnished,unknown,0,17.5090182,78.3001801
T70796016,unknown,unknown,12500000.0,4.0,1399.0,1399.0,,20.0,1.0,2.0,3.0,50.0,7.0,villa,furnished,west,0,17.536121,78.289779
O70795984,unknown,unknown,12000000.0,4.0,1381.0,1381.0,,20.0,1.0,2.0,2.0,7.0,7.0,villa,semi-furnished,east,0,17.543634,78.293712
T70784734,unknown,unknown,11000000.0,3.0,138.0,138.0,,2.5,1.0,2.0,3.0,50.0,7.0,villa,furnished,west,0,17.49125,78.50325
M70784648,unknown,unknown,17000000.0,4.0,2394.0,2394.0,,2.5,0.0,1.0,2.0,49.0,7.0,villa,furnished,unknown,0,17.38504,78.48667
Y70719836,unknown,unknown,8500000.0,3.0,1044.0,1044.0,,20.0,1.0,2.0,2.0,50.0,14.0,villa,semi-furnished,east,0,17.536121,78.289779
W70719830,unknown,unknown,11200000.000000002,2.0,1350.0,1350.0,,0.0,0.0,1.0,1.0,50.0,14.0,villa,furnished,west,0,17.5090182,78.3001801
C70450864,unknown,unknown,30000000.0,8.0,8000.0,8000.0,,2.5,2.0,3.0,2.0,50.0,30.0,villa,furnished,north,0,17.48531,78.4933
X70300018,unknown,unknown,15000000.0,4.0,157.0,157.0,,2.5,1.0,2.0,2.0,48.0,30.0,villa,unfurnished,north-east,1,17.439932,78.498276
C70180620,unknown,unknown,2200000.0,1.0,600.0,600.0,,7.5,2.0,3.0,1.0,49.0,30.0,flat,furnished,north-east,1,17.4838,78.478233
S70004166,unknown,unknown,7000000.0,4.0,1800.0,1800.0,,2.5,0.0,1.0,2.0,0.0,30.0,villa,unfurnished,north-east,1,17.42164,78.180916
W70118866,unknown,unknown,3300000.0,2.0,90.0,90.0,,2.5,2.0,5.0,1.0,49.0,30.0,flat,semi-furnished,north-east,1,17.4838,78.478233
N70004538,unknown,unknown,11000000.0,4.0,2000.0,2000.0,,0.0,1.0,2.0,2.0,0.0,30.0,villa,semi-furnished,north-east,1,17.42164,78.180916
Z70171914,unknown,unknown,31000000.0,4.0,7000.0,7000.0,,20.0,1.0,2.0,2.0,50.0,30.0,villa,semi-furnished,unknown,0,17.48531,78.4933
S69935212,unknown,unknown,20000000.0,3.0,135.0,135.0,,2.5,0.0,1.0,2.0,14.0,30.0,villa,unfurnished,east,1,17.463179,78.28648
N69934982,unknown,unknown,13000000.0,2.0,175.0,175.0,,7.5,0.0,0.0,1.0,50.0,30.0,villa,semi-furnished,north-east,1,17.450481,78.42444
X69938824,unknown,unknown,11000000.0,2.0,900.0,900.0,,2.5,0.0,0.0,1.0,50.0,30.0,house,unfurnished,east,1,17.450481,78.42444
V69935594,unknown,unknown,18500000.0,3.0,1500.0,1500.0,,2.5,0.0,0.0,2.0,39.0,30.0,house,unfurnished,unknown,1,17.44985,78.39151
P69935982,unknown,unknown,6800000.0,2.0,1200.0,1200.0,,20.0,2.0,5.0,2.0,49.0,30.0,flat,semi-furnished,unknown,0,17.499527,78.4767399
R69935406,unknown,unknown,18000000.0,5.0,1200.0,1200.0,,20.0,1.0,1.0,3.0,3.0,30.0,house,unfurnished,unknown,0,17.557123,78.343555
C69841518,unknown,unknown,11000000.0,2.0,1350.0,1350.0,,2.5,0.0,1.0,1.0,50.0,4.0,villa,semi-furnished,east,0,17.5090182,78.3001801
Z69561294,unknown,unknown,10700000.0,2.0,1350.0,1350.0,,0.0,0.0,1.0,1.0,50.0,14.0,villa,semi-furnished,east,0,17.5090182,78.3001801
W69561244,unknown,unknown,4800000.0,2.0,1080.0,1080.0,,20.0,1.0,5.0,1.0,50.0,14.0,flat,furnished,east,0,17.5090182,78.3001801
I69561222,unknown,unknown,12000000.0,4.0,1350.0,1350.0,,0.0,1.0,2.0,2.0,50.0,14.0,villa,semi-furnished,east,0,17.5090182,78.3001801
T69561204,unknown,unknown,9700000.0,2.0,1125.0,1125.0,,20.0,0.0,1.0,1.0,50.0,14.0,villa,semi-furnished,west,0,17.5090182,78.3001801
H69561164,unknown,unknown,11600000.0,4.0,1381.0,1381.0,,20.0,1.0,2.0,2.0,7.0,14.0,villa,semi-furnished,east,0,17.543634,78.293712
X69561130,unknown,unknown,13899999.999999998,4.0,1350.0,1350.0,,20.0,1.0,2.0,2.0,50.0,14.0,villa,semi-furnished,east,0,17.5090182,78.3001801
Q69561086,unknown,unknown,14500000.0,3.0,1440.0,1440.0,,0.0,1.0,2.0,2.0,50.0,14.0,villa,semi-furnished,unknown,0,17.5090182,78.3001801
Y69561018,unknown,unknown,11500000.0,4.0,1215.0,1215.0,,20.0,1.0,2.0,2.0,50.0,14.0,villa,semi-furnished,east,0,17.5090182,78.3001801
D69560976,unknown,unknown,11500000.0,4.0,1350.0,1350.0,,20.0,1.0,2.0,2.0,50.0,14.0,villa,semi-furnished,east,0,17.5090182,78.3001801
M70832172,unknown,unknown,72400000.0,4.0,4528.0,4528.0,,20.0,1.0,2.0,2.0,19.0,7.0,villa,semi-furnished,east,0,17.33746,78.38138
S70529524,unknown,unknown,13000000.0,3.0,1600.0,1600.0,,0.0,14.0,15.0,1.0,47.0,21.0,flat,furnished,east,1,17.49479,78.39964
X70528600,unknown,unknown,5000000.0,2.0,950.0,950.0,,0.0,1.0,5.0,1.0,50.0,21.0,flat,furnished,unknown,1,17.514215,78.3982
N67544594,unknown,unknown,6623000.0,2.0,1050.0,1050.0,,0.0,3.0,5.0,1.0,50.0,30.0,flat,semi-furnished,east,1,17.399403,78.36901
T70364158,unknown,unknown,9393000.0,3.0,1491.0,1491.0,,12.0,1.0,5.0,2.0,47.0,30.0,flat,semi-furnished,east,0,17.493235,78.318054
E71016716,unknown,unknown,3650000.0,2.0,900.0,900.0,,20.0,2.0,4.0,1.0,50.0,,flat,semi-furnished,east,0,17.5090182,78.3001801
Y70945672,pocharam,pocharam,3798000.0,2.0,1055.0,1055.0,,12.0,3.0,5.0,1.0,10.0,4.0,flat,semi-furnished,east,0,17.44007494380667,78.64775831900772
P70932856,unknown,unknown,14000000.0,2.0,1283.0,1283.0,,0.0,21.0,35.0,1.0,10.0,5.0,flat,semi-furnished,east,1,17.4148247,78.339464
V70932934,unknown,unknown,15000000.0,2.0,1283.0,1283.0,,0.0,17.0,35.0,1.0,10.0,5.0,flat,semi-furnished,east,0,17.4149017,78.3396527
D70908584,narapally,narapally,21000000.0,4.0,2088.0,2088.0,,12.0,1.0,2.0,2.0,11.0,6.0,villa,semi-furnished,west,0,17.4219,78.63155
I56432262,bandam kommu,bandam kommu,14500000.0,3.0,1670.0,1670.0,,20.0,6.0,13.0,1.0,47.0,7.0,flat,semi-furnished,west,1,17.5043271,78.3265082
F70796410,unknown,unknown,80000000.0,3.0,3430.0,3430.0,,0.0,10.0,36.0,2.0,13.0,7.0,flat,semi-furnished,unknown,0,17.430915,78.37728
O70498620,unknown,unknown,17200000.0,3.0,1580.0,1580.0,,0.0,15.0,19.0,2.0,9.0,28.0,flat,furnished,east,0,17.467762,78.408146
M70320210,unknown,unknown,11500000.0,3.0,1795.0,1795.0,,2.5,4.0,5.0,1.0,50.0,30.0,flat,furnished,east,0,17.39718420583,78.3765384351226
A70167558,unknown,unknown,9875000.0,3.0,1500.0,1500.0,,0.0,5.0,5.0,1.0,50.0,30.0,flat,semi-furnished,north,1,17.500793,78.42038
O70167540,unknown,unknown,7845999.999999999,2.0,1200.0,1200.0,,0.0,5.0,5.0,1.0,50.0,30.0,flat,semi-furnished,west,1,17.500793,78.42038
D70167546,unknown,unknown,9812000.0,3.0,1500.0,1500.0,,0.0,1.0,5.0,1.0,50.0,30.0,flat,semi-furnished,north,1,17.500793,78.42038
M70167532,unknown,unknown,7800000.0,2.0,1200.0,1200.0,,0.0,1.0,5.0,1.0,50.0,30.0,flat,semi-furnished,north,1,17.500793,78.42038
Y70167552,unknown,unknown,9875000.0,3.0,1500.0,1500.0,,0.0,4.0,5.0,1.0,50.0,30.0,flat,semi-furnished,unknown,1,17.500696,78.42036
K70167536,unknown,unknown,7866000.0,2.0,1200.0,1200.0,,0.0,4.0,5.0,1.0,50.0,30.0,flat,semi-furnished,west,1,17.500696,78.42036
H70142410,unknown,unknown,9900000.0,3.0,1260.0,1260.0,,12.0,0.0,1.0,2.0,6.0,30.0,villa,semi-furnished,west,0,17.542319,78.226934
S70085372,unknown,unknown,13500000.0,2.0,1535.0,1535.0,,20.0,13.0,35.0,2.0,12.0,30.0,flat,semi-furnished,north-east,0,17.4609913,78.3532083
C70039626,unknown,unknown,44000000.0,4.0,3470.0,3470.0,,20.0,2.0,3.0,2.0,12.0,30.0,villa,semi-furnished,east,0,17.442196,78.280067
F68612842,narapally,narapally,6000000.0,2.0,1230.0,1230.0,,12.0,3.0,5.0,1.0,11.0,30.0,flat,semi-furnished,east,0,17.4219,78.63155
Q49763748,unknown,unknown,26500000.0,4.0,4036.0,4036.0,,20.0,2.0,5.0,4.0,49.0,30.0,flat,semi-furnished,north-east,0,17.365671,78.435166
S70279458,unknown,unknown,16000000.0,3.0,2000.0,2000.0,,12.0,1.0,2.0,2.0,0.0,30.0,villa,unfurnished,east,0,17.443855,78.250431
I67222464,unknown,unknown,7500000.0,3.0,200.0,200.0,,20.0,0.0,1.0,1.0,11.0,6.0,villa,semi-furnished,east,0,17.234817,78.642111
U70101346,unknown,unknown,7200000.0,3.0,200.0,200.0,,0.0,1.0,2.0,1.0,48.0,30.0,villa,semi-furnished,east,1,17.427197,78.44375
E70101316,unknown,unknown,7000000.0,3.0,200.0,200.0,,0.0,1.0,2.0,1.0,11.0,30.0,villa,semi-furnished,east,1,17.427197,78.44375
Y70101296,unknown,unknown,6800000.0,3.0,200.0,200.0,,0.0,1.0,2.0,1.0,11.0,30.0,villa,semi-furnished,east,1,17.427197,78.44375
G70101254,unknown,unknown,6500000.0,3.0,200.0,200.0,,0.0,1.0,2.0,1.0,48.0,30.0,villa,semi-furnished,east,1,17.427197,78.44375
U69939598,unknown,unknown,8800000.0,2.0,1080.0,1080.0,,0.0,0.0,1.0,2.0,7.0,30.0,villa,semi-furnished,east,1,17.395199,78.64021
I70892298,unknown,unknown,68600000.0,3.0,3430.0,3430.0,,20.0,32.0,36.0,2.0,13.0,2.0,flat,semi-furnished,unknown,1,17.4321057,78.3781081
P70934452,chandanagar,chandanagar,8200000.0,3.0,1500.0,1500.0,,12.0,2.0,5.0,2.0,47.0,5.0,flat,semi-furnished,east,0,17.49182,78.32617
M70934212,chandanagar,chandanagar,6300000.0,2.0,1150.0,1150.0,,12.0,2.0,5.0,2.0,47.0,5.0,flat,semi-furnished,east,0,17.49182,78.32617
F70893200,chandanagar,chandanagar,8200000.0,3.0,1500.0,1500.0,,12.0,1.0,5.0,3.0,47.0,7.0,flat,semi-furnished,east,0,17.49182,78.32617
J70892892,aminpur,aminpur,6300000.0,2.0,1150.0,1150.0,,12.0,2.0,5.0,2.0,6.0,7.0,flat,semi-furnished,west,0,17.529701,78.333031
K70892756,chandanagar,chandanagar,6000000.0,2.0,1100.0,1100.0,,12.0,4.0,5.0,2.0,47.0,7.0,flat,semi-furnished,east,0,17.49182,78.32617
O70881394,unknown,unknown,135000000.0,4.0,5000.0,5000.0,,0.0,2.0,3.0,2.0,4.0,7.0,villa,furnished,unknown,0,17.385392,78.33106
K70880096,unknown,unknown,92500000.0,4.0,3503.0,3503.0,,20.0,2.0,3.0,2.0,4.0,7.0,villa,furnished,unknown,0,17.385392,78.33106
W70879208,unknown,unknown,48099999.99999999,3.0,3461.0,3461.0,,20.0,12.0,20.0,2.0,0.0,7.0,flat,semi-furnished,unknown,0,,
C70878196,unknown,unknown,26400000.0,3.0,2200.0,2200.0,,20.0,6.0,14.0,1.0,50.0,7.0,flat,furnished,unknown,0,17.4011618,78.37569
C70530276,chandanagar,chandanagar,8800000.0,3.0,1600.0,1600.0,,20.0,3.0,5.0,2.0,47.0,21.0,flat,semi-furnished,east,0,17.49182,78.32617
E70445722,chandanagar,chandanagar,6095000.0,2.0,1150.0,1150.0,,20.0,3.0,5.0,2.0,47.0,30.0,flat,semi-furnished,east,0,17.49182,78.32617
B70414164,ameenpur village,ameenpur village,5830000.0,2.0,1100.0,1100.0,,12.0,2.0,5.0,1.0,34.0,30.0,flat,semi-furnished,east,0,17.5238479933976,78.3227692229911
H70413974,aminpur,aminpur,5136000.0,2.0,1070.0,1070.0,,20.0,4.0,5.0,1.0,34.0,30.0,flat,semi-furnished,north,0,17.52388,78.32246
M70124514,unknown,unknown,22500000.0,3.0,1957.0,1957.0,,12.0,13.0,32.0,1.0,13.0,30.0,flat,semi-furnished,west,0,17.391372,78.339424
L70041404,unknown,unknown,50000000.0,3.0,2935.0,2935.0,,20.0,3.0,5.0,1.0,46.0,30.0,flat,semi-furnished,unknown,1,17.4203107,78.4403866
P70308636,unknown,unknown,8800000.0,3.0,1600.0,1600.0,,12.0,36.0,43.0,2.0,50.0,30.0,flat,semi-furnished,east,0,17.4011618,78.37569
O70300242,unknown,unknown,9500000.0,3.0,1800.0,1800.0,,12.0,9.0,42.0,1.0,4.0,30.0,flat,semi-furnished,north-east,0,17.509181,78.3521088
E70294120,unknown,unknown,60000000.0,10.0,1800.0,1800.0,,0.0,3.0,6.0,2.0,49.0,30.0,villa,semi-furnished,west,0,17.4609913,78.3532083
U71001934,unknown,unknown,24500000.0,3.0,2360.0,2360.0,,0.0,1.0,15.0,1.0,8.0,0.0,flat,unfurnished,north-east,1,17.435795,78.3012
B71013764,unknown,unknown,10000000.0,2.0,1025.0,1025.0,,2.5,20.0,25.0,1.0,14.0,,flat,furnished,north-east,1,17.4230897,78.3406988
J71008748,unknown,unknown,20000000.0,3.0,2042.0,2042.0,,0.0,7.0,8.0,2.0,45.0,,flat,semi-furnished,north-east,1,17.4612488,78.3439446
V70985754,unknown,unknown,14500000.0,3.0,1886.0,1886.0,,0.0,15.0,22.0,1.0,13.0,,flat,semi-furnished,west,1,17.4072477,78.3384088
B70906210,unknown,unknown,25000000.0,3.0,2440.0,2440.0,,2.5,11.0,14.0,1.0,43.0,2.0,flat,furnished,north-east,1,17.421388,78.340833
X70835842,unknown,unknown,24000000.0,3.0,1925.0,1925.0,,0.0,6.0,31.0,3.0,15.0,7.0,flat,furnished,north-east,1,17.4226823,78.3511028
S70772186,unknown,unknown,10000000.0,2.0,1290.0,1290.0,,0.0,17.0,22.0,1.0,13.0,14.0,flat,semi-furnished,west,1,17.4069767,78.3386323
C70625108,unknown,unknown,28900000.0,3.0,2600.0,2600.0,,0.0,15.0,19.0,2.0,15.0,14.0,flat,furnished,east,1,17.388441,78.3420472
Z70665526,unknown,unknown,16500000.0,3.0,1687.0,1687.0,,0.0,8.0,14.0,1.0,3.0,14.0,flat,semi-furnished,east,1,17.415875,78.3696133
J70630388,unknown,unknown,15500000.0,2.0,1314.0,1314.0,,0.0,11.0,31.0,1.0,12.0,14.0,flat,furnished,west,1,17.3992545,78.3543961
W70628664,unknown,unknown,15500000.0,3.0,1886.0,1886.0,,0.0,11.0,22.0,1.0,13.0,14.0,flat,semi-furnished,west,1,17.4076028,78.3380416
P70626318,unknown,unknown,10000000.0,2.0,1250.0,1250.0,,0.0,7.0,9.0,1.0,12.0,14.0,flat,semi-furnished,west,1,17.3826267,78.3459238
S70347164,unknown,unknown,29000000.0,3.0,2600.0,2600.0,,0.0,16.0,19.0,2.0,15.0,21.0,flat,furnished,east,1,17.40223,78.3444
Z70225006,unknown,unknown,20700000.0,3.0,1993.0,1993.0,,0.0,19.0,35.0,1.0,10.0,21.0,flat,furnished,east,1,17.4359437,78.3416731
V68643306,mokila,mokila,30000000.0,4.0,2403.0,2403.0,,20.0,2.0,3.0,4.0,0.0,30.0,villa,furnished,east,0,17.429012,78.196189
S70383464,unknown,unknown,27600000.0,3.0,1860.0,1860.0,,0.0,9.0,30.0,1.0,8.0,30.0,flat,semi-furnished,north-east,1,17.446655,78.35012
V70263576,unknown,unknown,23000000.0,3.0,2165.0,2165.0,,0.0,13.0,20.0,4.0,36.0,30.0,flat,furnished,west,1,17.4027626,78.3504047
F70224938,unknown,unknown,9500000.0,2.0,1300.0,1300.0,,0.0,2.0,5.0,2.0,50.0,30.0,flat,furnished,east,1,17.4011618,78.37569
S51857606,unknown,unknown,10900000.0,4.0,1485.0,1485.0,,20.0,1.0,2.0,2.0,44.0,,villa,semi-furnished,west,0,17.518688,78.300995
G69782056,unknown,unknown,17000000.0,3.0,1890.0,1890.0,,20.0,0.0,1.0,1.0,8.0,,villa,furnished,east,0,17.558119,78.278593
W69762360,unknown,unknown,17100000.0,3.0,1485.0,1485.0,,20.0,0.0,1.0,2.0,50.0,,villa,furnished,west,0,17.5090182,78.3001801
S63702210,unknown,unknown,9800000.0,2.0,1440.0,1440.0,,20.0,1.0,2.0,1.0,50.0,2.0,villa,semi-furnished,east,0,17.531212,78.28312
U51857528,unknown,unknown,9823000.0,4.0,1350.0,1350.0,,20.0,1.0,2.0,2.0,44.0,2.0,villa,semi-furnished,west,0,17.518688,78.300995
Y60728020,unknown,unknown,4300000.0,2.0,950.0,950.0,,20.0,4.0,5.0,1.0,0.0,3.0,flat,semi-furnished,east,0,,
W69822414,unknown,unknown,20000000.0,4.0,1890.0,1890.0,,20.0,1.0,2.0,3.0,50.0,4.0,villa,semi-furnished,unknown,0,17.5090182,78.3001801
N69802004,unknown,unknown,9455000.0,2.0,1575.0,1575.0,,20.0,0.0,,1.0,7.0,4.0,villa,furnished,unknown,0,17.543634,78.293712
E70208600,unknown,unknown,17500000.0,4.0,1458.0,1458.0,,20.0,0.0,1.0,2.0,49.0,5.0,villa,semi-furnished,east,1,17.5015947,78.4928162
F70926846,unknown,unknown,8498000.0,3.0,1700.0,1700.0,,12.0,6.0,14.0,2.0,5.0,5.0,flat,semi-furnished,east,0,17.640228766466283,78.4828090954698
R70925636,unknown,unknown,6000000.0,2.0,1200.0,1200.0,,12.0,3.0,14.0,1.0,37.0,5.0,flat,semi-furnished,east,0,17.538237,78.480804
X70924984,unknown,unknown,10900000.0,3.0,1824.0,1824.0,,12.0,6.0,50.0,2.0,13.0,5.0,flat,semi-furnished,east,0,17.48141,78.41979
I70910350,unknown,unknown,7997000.0,2.0,1333.0,1333.0,,12.0,5.0,50.0,2.0,13.0,6.0,flat,semi-furnished,east,0,17.48141,78.41979
M51857702,unknown,unknown,13600000.000000002,4.0,1620.0,1620.0,,20.0,1.0,2.0,2.0,49.0,7.0,villa,semi-furnished,west,0,17.38504,78.48667
H69684890,unknown,unknown,5006000.0,2.0,1155.0,1155.0,,20.0,2.0,5.0,1.0,7.0,7.0,flat,furnished,east,0,17.543634,78.293712
Z70877722,unknown,unknown,5998000.0,2.0,12916.0,12916.0,,12.0,4.0,14.0,2.0,8.0,7.0,flat,semi-furnished,east,0,17.587951,78.443155
S50006438,unknown,unknown,4120000.000000001,2.0,1295.0,1295.0,,20.0,3.0,5.0,2.0,50.0,7.0,flat,furnished,east,0,17.536121,78.289779
K69727822,unknown,unknown,14500000.0,3.0,1485.0,1485.0,,20.0,0.0,1.0,2.0,7.0,7.0,villa,furnished,east,0,17.543634,78.293712
O70855384,unknown,unknown,11500000.0,3.0,1916.0,1916.0,,12.0,8.0,47.0,2.0,50.0,7.0,flat,semi-furnished,west,0,17.480976,78.365858
B49939890,unknown,unknown,11500000.0,3.0,1350.0,1350.0,,20.0,0.0,,2.0,4.0,7.0,villa,furnished,west,0,17.541164,78.30037
X49817528,unknown,unknown,9800000.0,3.0,1350.0,1350.0,,12.0,1.0,2.0,1.0,6.0,7.0,villa,furnished,unknown,0,17.529701,78.333031
Q69644714,unknown,unknown,22100000.0,4.0,1800.0,1800.0,,20.0,1.0,2.0,2.0,50.0,7.0,villa,semi-furnished,east,0,17.5090182,78.3001801
B42625753,unknown,unknown,5890000.0,2.0,1320.0,1320.0,,20.0,0.0,,1.0,6.0,7.0,villa,furnished,unknown,0,17.542319,78.226934
I70783680,unknown,unknown,31500000.0,4.0,3150.0,3150.0,,20.0,4.0,14.0,4.0,48.0,7.0,flat,semi-furnished,east,0,17.458430621858,78.364243246073
U70773432,unknown,unknown,6061000.0,2.0,1101.0,1101.0,,12.0,6.0,23.0,2.0,11.0,14.0,flat,semi-furnished,east,0,17.529715,78.259844
X62967046,unknown,unknown,13700000.000000002,4.0,1350.0,1350.0,,20.0,1.0,2.0,1.0,6.0,14.0,villa,semi-furnished,east,0,17.546556,78.29298
J63109980,unknown,unknown,6100000.0,2.0,1080.0,1080.0,,12.0,0.0,1.0,0.0,6.0,14.0,villa,semi-furnished,east,0,17.548606,78.210422
P65307770,unknown,unknown,3800000.0,2.0,940.0,940.0,,20.0,2.0,5.0,1.0,6.0,14.0,flat,furnished,west,0,17.542319,78.226934
E62965384,unknown,unknown,5800000.0,2.0,1080.0,1080.0,,20.0,0.0,1.0,1.0,50.0,14.0,villa,semi-furnished,unknown,0,17.450594,78.42439
C70721574,unknown,unknown,8000000.0,2.0,1260.0,1260.0,,20.0,0.0,1.0,1.0,6.0,14.0,villa,semi-furnished,unknown,1,17.5568013,78.228295
G70730770,unknown,unknown,5875000.0,2.0,1175.0,1175.0,,12.0,11.0,14.0,2.0,8.0,14.0,flat,semi-furnished,east,0,17.587951,78.443155
R60728176,unknown,unknown,4100000.0,2.0,985.0,985.0,,20.0,4.0,5.0,1.0,50.0,14.0,flat,semi-furnished,unknown,0,17.450594,78.42439
A63110872,unknown,unknown,6000000.0,2.0,1125.0,1125.0,,20.0,0.0,1.0,0.0,13.0,14.0,villa,semi-furnished,unknown,0,17.556002,78.27862
F41557417,unknown,unknown,8951000.0,3.0,1349.0,1349.0,,20.0,0.0,1.0,2.0,43.0,14.0,villa,furnished,north,0,17.518515,78.30385
W60723440,unknown,unknown,13500000.0,4.0,175.0,175.0,,20.0,1.0,2.0,1.0,0.0,14.0,villa,semi-furnished,east,0,17.558758,78.28533
V60681122,unknown,unknown,7500000.0,2.0,1341.0,1341.0,,20.0,0.0,1.0,1.0,49.0,14.0,villa,semi-furnished,east,0,17.379839,78.576416
C66304688,unknown,unknown,8800000.0,3.0,1450.0,1450.0,,20.0,0.0,,1.0,7.0,14.0,villa,furnished,west,0,17.543634,78.293712
S66440112,unknown,unknown,4430000.0,2.0,1100.0,1100.0,,20.0,1.0,10.0,1.0,7.0,14.0,flat,furnished,east,0,17.543634,78.293712
Z70658246,new sai nagar colony,new sai nagar colony,12600000.0,3.0,2100.0,2100.0,,12.0,18.0,47.0,2.0,50.0,14.0,flat,semi-furnished,east,0,17.416278,78.579471
E70647058,unknown,unknown,31200000.0,4.0,3122.0,3122.0,,20.0,4.0,14.0,4.0,48.0,14.0,flat,semi-furnished,west,0,17.458430621858,78.364243246073
V70645258,unknown,unknown,11500000.0,3.0,1916.0,1916.0,,12.0,15.0,47.0,2.0,44.0,14.0,flat,semi-furnished,west,0,17.441802,78.341577
S70633764,unknown,unknown,9450000.0,3.0,1575.0,1575.0,,12.0,12.0,17.0,1.0,4.0,21.0,flat,semi-furnished,east,0,17.48,78.39
Z70582948,unknown,unknown,11100000.000000002,4.0,990.0,990.0,,20.0,0.0,1.0,2.0,8.0,21.0,villa,semi-furnished,unknown,0,17.558119,78.278593
U70566918,unknown,unknown,17500000.0,3.0,1440.0,1440.0,,20.0,1.0,2.0,2.0,50.0,21.0,villa,semi-furnished,unknown,1,17.5337824,78.2843766
I65307538,unknown,unknown,3200000.0,2.0,900.0,900.0,,20.0,2.0,5.0,1.0,3.0,21.0,flat,furnished,west,0,17.575068,78.253963
L42151893,unknown,unknown,7228000.0,2.0,1301.0,1301.0,,20.0,1.0,2.0,1.0,8.0,21.0,villa,semi-furnished,unknown,0,17.536009,78.3587
Z41557333,unknown,unknown,11500000.0,3.0,1455.0,1455.0,,20.0,0.0,1.0,2.0,43.0,21.0,villa,semi-furnished,west,0,17.518515,78.30385
K70532060,unknown,unknown,14800000.0,3.0,2120.0,2120.0,,12.0,0.0,1.0,2.0,1.0,21.0,villa,semi-furnished,east,0,17.29118,78.61292
P41069297,unknown,unknown,8870000.0,2.0,1344.0,1344.0,,20.0,0.0,,1.0,17.0,28.0,villa,semi-furnished,unknown,0,17.457998,78.29839
W49824592,unknown,unknown,3787000.0,2.0,1075.0,1075.0,,20.0,3.0,5.0,2.0,4.0,28.0,house,furnished,east,0,17.541164,78.30037
L62965496,unknown,unknown,5850000.0,2.0,900.0,900.0,,20.0,0.0,1.0,1.0,47.0,28.0,villa,semi-furnished,unknown,0,17.537672,78.28583
A70484548,unknown,unknown,11500000.0,4.0,1017.0,1017.0,,20.0,1.0,2.0,1.0,50.0,28.0,villa,semi-furnished,unknown,0,17.5090182,78.3001801
J70477624,unknown,unknown,12500000.0,4.0,140.0,140.0,,20.0,1.0,2.0,1.0,50.0,28.0,villa,semi-furnished,west,0,17.5090182,78.3001801
T49808590,unknown,unknown,6600000.0,2.0,1350.0,1350.0,,20.0,1.0,2.0,1.0,4.0,30.0,villa,furnished,east,0,17.541164,78.30037
D63111740,unknown,unknown,6800000.0,4.0,900.0,900.0,,20.0,1.0,2.0,1.0,6.0,30.0,villa,semi-furnished,unknown,0,17.546556,78.29298
G70450296,unknown,unknown,9900000.0,3.0,1645.0,1645.0,,12.0,12.0,17.0,1.0,4.0,30.0,flat,semi-furnished,east,0,17.48,78.39
N49816986,unknown,unknown,9789000.0,3.0,2249.0,2249.0,,20.0,0.0,1.0,2.0,50.0,30.0,villa,semi-furnished,east,0,17.536121,78.289779
P46235239,unknown,unknown,10000000.0,4.0,1368.0,1368.0,,20.0,0.0,1.0,2.0,47.0,30.0,villa,semi-furnished,east,0,17.49182,78.32617
Z60712338,unknown,unknown,7500000.0,2.0,1350.0,1350.0,,12.0,0.0,1.0,1.0,3.0,30.0,villa,semi-furnished,unknown,0,17.575068,78.253963
D42660577,unknown,unknown,6656000.0,2.0,1350.0,1350.0,,20.0,0.0,,1.0,49.0,30.0,villa,semi-furnished,west,0,17.49332,78.41363
G42895981,unknown,unknown,7200000.0,2.0,1080.0,1080.0,,20.0,0.0,,1.0,6.0,30.0,villa,semi-furnished,east,0,17.542319,78.226934
P41285081,unknown,unknown,9055000.0,2.0,1593.0,1593.0,,20.0,0.0,,1.0,17.0,30.0,villa,furnished,north,0,17.457998,78.29839
T51857098,unknown,unknown,12300000.0,4.0,1350.0,1350.0,,20.0,0.0,1.0,2.0,50.0,30.0,villa,furnished,east,0,17.536121,78.289779
H49917328,unknown,unknown,9000000.0,2.0,990.0,990.0,,20.0,0.0,,1.0,43.0,30.0,villa,furnished,unknown,0,17.518469,78.30385
H63109794,unknown,unknown,6200000.0,2.0,1125.0,1125.0,,12.0,0.0,1.0,0.0,6.0,30.0,villa,semi-furnished,east,0,17.548606,78.210422
C49964802,unknown,unknown,4100000.0,2.0,1300.0,1300.0,,20.0,3.0,5.0,2.0,50.0,30.0,flat,furnished,east,0,17.5090182,78.3001801
H60724844,unknown,unknown,12500000.0,2.0,1350.0,1350.0,,20.0,0.0,1.0,1.0,9.0,30.0,villa,semi-furnished,east,0,17.437532,78.5984
C70339562,unknown,unknown,11399999.999999998,3.0,1900.0,1900.0,,12.0,2.0,47.0,1.0,50.0,30.0,flat,semi-furnished,east,0,17.467498,78.34991
C60681286,unknown,unknown,6000000.0,2.0,900.0,900.0,,12.0,0.0,1.0,1.0,50.0,30.0,villa,semi-furnished,west,0,,
V60686830,unknown,unknown,7000000.0,2.0,999.0,999.0,,20.0,0.0,1.0,1.0,49.0,30.0,villa,semi-furnished,west,0,17.53286,78.27255
K70308728,unknown,unknown,15900000.0,3.0,2895.0,2895.0,,12.0,26.0,43.0,2.0,48.0,30.0,flat,semi-furnished,east,0,17.41214,78.36431
Q60788828,unknown,unknown,7450000.0,2.0,1350.0,1350.0,,20.0,0.0,1.0,1.0,36.0,30.0,villa,semi-furnished,west,0,17.53113,78.297
C60874474,unknown,unknown,9500000.0,4.0,1116.0,1116.0,,20.0,1.0,2.0,1.0,49.0,30.0,villa,semi-furnished,west,0,17.379839,78.576416
P66324398,unknown,unknown,4922000.0,3.0,1344.0,1344.0,,20.0,1.0,6.0,2.0,7.0,30.0,flat,furnished,unknown,0,17.543634,78.293712
O49852472,unknown,unknown,6500000.0,2.0,1350.0,1350.0,,20.0,0.0,,1.0,38.0,30.0,villa,furnished,east,0,17.545926,78.285736
P46264763,unknown,unknown,9780000.0,4.0,1512.0,1512.0,,20.0,1.0,2.0,2.0,47.0,30.0,villa,furnished,east,0,17.49182,78.32617
X41557495,unknown,unknown,9077000.0,3.0,1494.0,1494.0,,20.0,0.0,1.0,2.0,50.0,30.0,villa,furnished,north,0,17.5090182,78.30018010000003
Q60724532,unknown,unknown,8500000.0,2.0,1350.0,1350.0,,20.0,0.0,1.0,1.0,50.0,30.0,villa,semi-furnished,east,0,17.450594,78.42439
N63941620,unknown,unknown,9500000.0,4.0,999.0,999.0,,20.0,1.0,2.0,1.0,49.0,30.0,villa,semi-furnished,east,0,17.441887,78.429955
N62965690,unknown,unknown,6500000.0,2.0,1197.0,1197.0,,20.0,0.0,1.0,1.0,47.0,30.0,villa,semi-furnished,east,0,17.537672,78.28583
X60788266,unknown,unknown,7200000.0,2.0,1332.0,1332.0,,20.0,0.0,1.0,1.0,50.0,30.0,villa,semi-furnished,east,0,17.450594,78.42439
Z60724176,unknown,unknown,4000000.0,2.0,1005.0,1005.0,,20.0,4.0,5.0,1.0,6.0,30.0,flat,semi-furnished,unknown,0,17.542319,78.226934
D66280234,unknown,unknown,4256000.0,2.0,1100.0,1100.0,,20.0,1.0,6.0,1.0,50.0,30.0,flat,furnished,east,0,17.5090182,78.3001801
V60723528,unknown,unknown,11600000.0,4.0,1197.0,1197.0,,20.0,1.0,2.0,1.0,6.0,30.0,villa,semi-furnished,east,0,17.546556,78.29298
G63110334,unknown,unknown,7800000.0,2.0,1350.0,1350.0,,20.0,0.0,1.0,0.0,50.0,30.0,villa,semi-furnished,north-east,0,17.450594,78.42439
S49876910,unknown,unknown,6515000.000000001,2.0,1215.0,1215.0,,20.0,0.0,,1.0,49.0,30.0,villa,furnished,east,0,17.53286,78.27255
Y46264789,unknown,unknown,9990000.0,4.0,1530.0,1530.0,,20.0,1.0,2.0,3.0,47.0,30.0,villa,semi-furnished,east,0,17.49182,78.32617
S60724106,unknown,unknown,4100000.0,2.0,1105.0,1105.0,,12.0,2.0,5.0,1.0,6.0,30.0,flat,semi-furnished,east,0,17.560525,78.215963
N63935164,unknown,unknown,5400000.0,2.0,1150.0,1150.0,,20.0,2.0,5.0,0.0,50.0,30.0,flat,furnished,north,0,17.5090182,78.3001801
M65799692,unknown,unknown,4992000.0,2.0,1050.0,1050.0,,20.0,2.0,5.0,1.0,50.0,30.0,flat,furnished,west,0,17.5090182,78.3001801
N60724898,beeramguda,beeramguda,16000000.0,4.0,1440.0,1440.0,,12.0,1.0,2.0,1.0,50.0,30.0,villa,semi-furnished,east,0,17.5090182,78.3001801
X50042114,unknown,unknown,4516000.0,2.0,1150.0,1150.0,,20.0,3.0,5.0,2.0,47.0,30.0,flat,unfurnished,east,0,17.49182,78.32617
B50023038,unknown,unknown,4010000.0,2.0,1200.0,1200.0,,20.0,5.0,6.0,1.0,50.0,30.0,flat,furnished,east,0,17.536121,78.289779
E62965594,unknown,unknown,8000000.0,2.0,1440.0,1440.0,,20.0,0.0,1.0,1.0,50.0,30.0,villa,semi-furnished,unknown,0,17.450594,78.42439
L63702678,unknown,unknown,15500000.0,4.0,1503.0,1503.0,,20.0,1.0,2.0,1.0,49.0,30.0,villa,semi-furnished,north-east,0,17.441887,78.429955
S65799642,unknown,unknown,4999000.0,2.0,1000.0,1000.0,,20.0,2.0,5.0,1.0,50.0,30.0,flat,furnished,west,0,17.5090182,78.3001801
Q65307332,unknown,unknown,5001000.0,2.0,900.0,900.0,,20.0,2.0,5.0,1.0,50.0,30.0,flat,furnished,east,0,17.5090182,78.3001801
L41557753,unknown,unknown,9033000.0,3.0,1377.0,1377.0,,20.0,0.0,1.0,2.0,50.0,30.0,villa,furnished,north,0,17.5090182,78.30018010000003
E63702012,unknown,unknown,13899999.999999998,4.0,1350.0,1350.0,,20.0,1.0,2.0,1.0,49.0,30.0,villa,semi-furnished,east,0,17.441887,78.429955
R42206535,unknown,unknown,9080000.0,3.0,1400.0,1400.0,,20.0,1.0,2.0,2.0,50.0,30.0,villa,furnished,west,0,17.5090182,78.3001801
E70009016,unknown,unknown,17500000.0,4.0,1458.0,1458.0,,20.0,0.0,1.0,2.0,50.0,30.0,villa,semi-furnished,east,0,17.4980973,78.5027043
Y46236091,unknown,unknown,9988000.0,4.0,1440.0,1440.0,,20.0,0.0,,2.0,47.0,30.0,villa,semi-furnished,east,0,17.49182,78.32617
Z66324242,unknown,unknown,12200000.0,3.0,2200.0,2200.0,,20.0,0.0,1.0,2.0,8.0,30.0,villa,furnished,unknown,0,17.558119,78.278593
U50013922,unknown,unknown,3955000.0,2.0,1250.0,1250.0,,20.0,3.0,5.0,2.0,50.0,30.0,flat,furnished,east,0,17.536121,78.289779
X65306836,unknown,unknown,8600000.0,2.0,1305.0,1305.0,,20.0,0.0,,1.0,35.0,30.0,villa,furnished,east,0,17.528454,78.29922
E65307394,unknown,unknown,5000000.0,2.0,1050.0,1050.0,,20.0,1.0,5.0,1.0,50.0,30.0,flat,furnished,east,0,17.5090182,78.3001801
N63941334,unknown,unknown,9800000.0,4.0,2000.0,2000.0,,20.0,2.0,2.0,1.0,49.0,30.0,house,semi-furnished,unknown,0,17.441887,78.429955
Q69976548,unknown,unknown,13500000.0,5.0,1332.0,1332.0,,20.0,0.0,1.0,2.0,50.0,30.0,villa,semi-furnished,east,0,17.4980973,78.5027043
O49888140,unknown,unknown,6620000.0,2.0,1100.0,1100.0,,20.0,0.0,,1.0,43.0,30.0,villa,furnished,east,0,17.518469,78.30385
M60724600,unknown,unknown,9000000.0,2.0,1350.0,1350.0,,12.0,0.0,1.0,1.0,50.0,30.0,villa,semi-furnished,east,0,17.536121,78.289779
F49816974,unknown,unknown,10000000.0,3.0,2300.0,2300.0,,20.0,0.0,1.0,2.0,50.0,30.0,villa,furnished,east,0,17.536121,78.289779
S69941300,unknown,unknown,14000000.0,3.0,1609.0,1609.0,,0.0,3.0,14.0,2.0,48.0,30.0,flat,semi-furnished,west,0,17.458430621858,78.364243246073
Q65753620,unknown,unknown,7500000.0,2.0,1197.0,1197.0,,20.0,0.0,,1.0,8.0,30.0,villa,furnished,north,0,17.558119,78.278593
L66324222,unknown,unknown,13500000.0,4.0,2350.0,2350.0,,20.0,1.0,2.0,2.0,8.0,30.0,villa,furnished,west,0,17.558119,78.278593
W60875138,unknown,unknown,11500000.0,4.0,1350.0,1350.0,,20.0,1.0,2.0,1.0,49.0,30.0,villa,semi-furnished,west,0,17.379839,78.576416
Z60713152,unknown,unknown,9500000.0,4.0,1116.0,1116.0,,20.0,1.0,2.0,1.0,13.0,60.0,villa,semi-furnished,east,0,17.556002,78.27862
G62964942,unknown,unknown,6000000.0,2.0,1125.0,1125.0,,20.0,0.0,1.0,1.0,49.0,60.0,villa,semi-furnished,east,0,17.53286,78.27255
E66304660,unknown,unknown,7400000.0,2.0,1250.0,1250.0,,20.0,0.0,,1.0,7.0,60.0,villa,furnished,west,0,17.543634,78.293712
X70643188,unknown,unknown,24000000.0,3.0,2235.0,2235.0,,20.0,26.0,32.0,2.0,13.0,14.0,flat,semi-furnished,east,1,17.3927066,78.3382051
I70643136,unknown,unknown,21000000.0,3.0,1957.0,1957.0,,20.0,28.0,32.0,2.0,13.0,14.0,flat,semi-furnished,east,1,17.3914699,78.3378777
E69758462,unknown,unknown,16000000.0,3.0,2200.0,2200.0,,20.0,1.0,2.0,1.0,30.0,7.0,villa,semi-furnished,east,0,17.48308,78.603777
V70722452,unknown,unknown,7800000.0,3.0,1758.0,1758.0,,2.5,1.0,15.0,1.0,50.0,7.0,flat,semi-furnished,unknown,1,17.5304208,78.4285813
G70723084,prasanth nagar,prasanth nagar,10500000.0,3.0,1972.0,1972.0,,2.5,2.0,5.0,3.0,50.0,14.0,flat,furnished,west,0,17.50231,78.353671
Q69956460,kondapur,kondapur,12500000.0,3.0,1662.0,1662.0,,0.0,3.0,5.0,1.0,50.0,21.0,flat,furnished,east,1,17.50067,78.420334
G69191558,indira nagar,indira nagar,16000000.0,3.0,1800.0,1800.0,,2.5,3.0,9.0,3.0,46.0,21.0,flat,semi-furnished,east,1,17.438076,78.35422
K68538854,hi tech city,hi tech city,54000000.0,4.0,4320.0,4320.0,,0.0,3.0,15.0,3.0,40.0,21.0,flat,semi-furnished,west,1,17.45275,78.369679
Y70526370,mehdipatnam,mehdipatnam,65000000.0,5.0,4437.0,4437.0,,7.5,1.0,2.0,3.0,49.0,21.0,villa,furnished,east,1,17.3868889,78.4342289
P65533492,unknown,unknown,27200000.000000004,4.0,2880.0,2880.0,,7.5,0.0,1.0,2.0,50.0,21.0,villa,semi-furnished,east,0,17.495306,78.45874
Q68794834,hi tech city,hi tech city,54000000.0,4.0,4320.0,4320.0,,20.0,7.0,17.0,3.0,40.0,30.0,flat,semi-furnished,west,0,17.45275,78.369679
A68798022,diamond hills,diamond hills,26500000.0,3.0,2690.0,2690.0,,2.5,5.0,10.0,2.0,38.0,30.0,flat,furnished,north,0,17.437012,78.371384
T68796106,p janardhan reddy nagar,p janardhan reddy nagar,20000000.0,3.0,2235.0,2235.0,,2.5,1.0,19.0,2.0,45.0,30.0,flat,furnished,north,0,17.444797,78.366116
N68795816,p janardhan reddy nagar,p janardhan reddy nagar,19800000.0,3.0,2041.0,2041.0,,2.5,11.0,19.0,2.0,45.0,30.0,flat,furnished,west,0,17.444797,78.366116
Y70817486,unknown,unknown,10000000.0,2.0,1053.0,1053.0,,0.0,9.0,14.0,1.0,3.0,7.0,flat,furnished,west,1,17.4150995,78.3715525
D70783874,unknown,unknown,16000000.0,3.0,1687.0,1687.0,,0.0,6.0,14.0,1.0,3.0,7.0,flat,furnished,east,1,17.4154098,78.3698104
N70668694,unknown,unknown,10500000.0,3.0,1500.0,1500.0,,20.0,4.0,5.0,1.0,50.0,14.0,flat,semi-furnished,west,1,17.4786226,78.3487172
C70632836,unknown,unknown,11500000.0,3.0,1384.0,1384.0,,0.0,5.0,14.0,1.0,3.0,14.0,flat,furnished,east,1,17.4154209,78.3707757
Q69363374,unknown,unknown,9420000.0,3.0,1570.0,1570.0,,12.0,1.0,5.0,2.0,50.0,21.0,flat,semi-furnished,east,0,17.4478104,78.5263305
M70266832,unknown,unknown,9600000.0,2.0,1053.0,1053.0,,0.0,9.0,14.0,1.0,3.0,30.0,flat,furnished,east,1,17.4159692,78.3710842
M69682530,unknown,unknown,9000000.0,2.0,944.0,944.0,,0.0,8.0,14.0,0.0,3.0,7.0,flat,furnished,east,0,17.41214,78.36431
B71001922,beeramguda,beeramguda,13200000.0,3.0,2400.0,2400.0,,12.0,2.0,3.0,3.0,6.0,2.0,villa,semi-furnished,east,0,17.5090182,78.3001801
O71001756,patancheruvu,patancheruvu,10100000.0,3.0,2100.0,2100.0,,12.0,0.0,1.0,3.0,46.0,2.0,villa,semi-furnished,east,0,17.5330867548758,78.2682745858627
W70940632,kollur,kollur,4788000.0,2.0,1368.0,1368.0,,12.0,10.0,18.0,1.0,0.0,5.0,flat,semi-furnished,east,0,17.443855,78.250431
P70940552,kollur,kollur,30600000.0,4.0,3874.0,3874.0,,12.0,1.0,2.0,2.0,0.0,5.0,villa,semi-furnished,east,0,17.443855,78.250431
Q62202652,patancheru,patancheru,19200000.0,4.0,3185.0,3185.0,,12.0,1.0,2.0,2.0,48.0,5.0,villa,semi-furnished,east,0,17.5316,78.26729
X69363454,unknown,unknown,9700000.0,4.0,2000.0,2000.0,,12.0,1.0,2.0,2.0,0.0,5.0,villa,semi-furnished,east,0,17.063734,78.488644
U69385560,unknown,unknown,9500000.0,4.0,1950.0,1950.0,,12.0,1.0,2.0,2.0,6.0,5.0,villa,semi-furnished,east,0,17.548606,78.210422
A70907976,gachibowli,gachibowli,7998000.0,3.0,1333.0,1333.0,,12.0,5.0,50.0,2.0,13.0,7.0,flat,semi-furnished,east,0,17.4359437,78.3416731
D70749636,pati,pati,7352000.0,2.0,1337.0,1337.0,,12.0,9.0,12.0,2.0,1.0,14.0,flat,semi-furnished,east,0,17.492871,78.239079
V70723168,kollur,kollur,6342000.0,3.0,1812.0,1812.0,,12.0,9.0,18.0,2.0,0.0,14.0,flat,semi-furnished,east,0,17.443855,78.250431
O70697352,gachibowli,gachibowli,10400000.0,3.0,1605.0,1605.0,,12.0,45.0,50.0,2.0,13.0,14.0,flat,semi-furnished,east,0,17.4359437,78.3416731
F70625094,unknown,unknown,9500000.0,2.0,1210.0,1210.0,,0.0,1.0,5.0,1.0,49.0,21.0,flat,furnished,west,0,17.4609913,78.3532083
E70526090,unknown,unknown,45199999.99999999,4.0,3715.0,3715.0,,20.0,3.0,7.0,3.0,49.0,21.0,flat,semi-furnished,east,0,17.38504,78.48667
W70525816,unknown,unknown,53800000.0,4.0,4400.0,4400.0,,20.0,4.0,7.0,3.0,49.0,21.0,flat,semi-furnished,east,0,17.38504,78.48667
G70405934,unknown,unknown,13799999.999999998,4.0,1820.0,1820.0,,12.0,6.0,16.0,3.0,49.0,30.0,flat,semi-furnished,east,0,17.38504,78.48667
Z70316430,kokapet,kokapet,23500000.0,3.0,2235.0,2235.0,,20.0,23.0,32.0,2.0,13.0,30.0,flat,semi-furnished,east,0,17.40223,78.3444
P70264554,gachibowli,gachibowli,25300000.0,3.0,2160.0,2160.0,,0.0,4.0,17.0,2.0,48.0,30.0,flat,furnished,east,1,17.433847,78.332074
Q70264436,puppalaguda,puppalaguda,21100000.0,3.0,1834.0,1834.0,,0.0,9.0,31.0,1.0,12.0,30.0,flat,semi-furnished,east,1,17.452513,78.29955
C70193414,kondapur,kondapur,27000000.0,3.0,2550.0,2550.0,,20.0,10.0,21.0,2.0,11.0,30.0,flat,semi-furnished,east,0,17.4609913,78.3532083
J70182014,kondapur,kondapur,15200000.0,2.0,1290.0,1290.0,,12.0,5.0,25.0,2.0,12.0,30.0,flat,semi-furnished,east,0,17.4609913,78.3532083
V70181848,kondapur,kondapur,13200000.0,2.0,1325.0,1325.0,,12.0,3.0,18.0,2.0,12.0,30.0,flat,semi-furnished,east,0,17.4609913,78.3532083
Q70181732,kondapur,kondapur,20000000.0,3.0,2000.0,2000.0,,20.0,16.0,35.0,2.0,12.0,30.0,flat,semi-furnished,east,0,17.4609913,78.3532083
I70046268,nallagandla,nallagandla,20300000.0,3.0,1960.0,1960.0,,20.0,18.0,25.0,2.0,13.0,30.0,flat,semi-furnished,east,0,17.47078,78.30668
X69780142,kondapur,kondapur,14500000.0,2.0,1297.0,1297.0,,20.0,3.0,15.0,2.0,15.0,30.0,flat,furnished,west,0,17.4609913,78.3532083
A63707584,unknown,unknown,8250000.0,2.0,1330.0,1330.0,,20.0,5.0,10.0,1.0,50.0,30.0,flat,semi-furnished,east,0,17.506203,78.3616
A70965848,gachibowli,gachibowli,19500000.0,3.0,1905.0,1905.0,,0.0,11.0,15.0,1.0,47.0,3.0,flat,furnished,north-east,0,17.4359437,78.3416731
W70962650,unknown,unknown,4600000.0,2.0,1150.0,1150.0,,0.0,3.0,5.0,1.0,6.0,3.0,flat,semi-furnished,east,0,17.542319,78.226934
U70836426,unknown,unknown,10000000.0,3.0,1500.0,1500.0,,12.0,0.0,1.0,1.0,10.0,7.0,villa,semi-furnished,east,0,17.4639176,78.6242289
P70832368,gachibowli,gachibowli,8272000.0,2.0,1342.0,1342.0,,12.0,7.0,22.0,1.0,13.0,7.0,flat,semi-furnished,east,0,17.4359437,78.3416731
R70760816,unknown,unknown,4200000.0,2.0,1000.0,1000.0,,0.0,3.0,5.0,1.0,45.0,7.0,flat,semi-furnished,east,1,17.446787,78.398544
E70803372,unknown,unknown,9800000.0,2.0,1398.0,1398.0,,20.0,6.0,22.0,1.0,13.0,7.0,flat,semi-furnished,east,0,17.4359437,78.3416731
K70797876,unknown,unknown,12500000.0,3.0,1384.0,1384.0,,0.0,2.0,14.0,1.0,47.0,7.0,flat,furnished,west,0,17.4359437,78.3416731
L63745128,unknown,unknown,3300000.0,1.0,312.0,312.0,,20.0,0.0,1.0,0.0,0.0,21.0,house,semi-furnished,east,0,17.2494091,78.4183466
L61470882,unknown,unknown,3300000.0,1.0,1800.0,1800.0,,12.0,0.0,0.0,0.0,0.0,21.0,house,semi-furnished,east,0,17.2494091,78.4183466
G70608374,unknown,unknown,19500000.0,3.0,1950.0,1950.0,,20.0,2.0,5.0,2.0,49.0,21.0,flat,furnished,east,0,17.38504,78.48667
U70544322,unknown,unknown,19200000.0,3.0,1905.0,1905.0,,0.0,11.0,15.0,1.0,47.0,21.0,flat,semi-furnished,north-east,0,17.4359437,78.3416731
P70504902,unknown,unknown,15200000.0,2.0,1314.0,1314.0,,0.0,9.0,31.0,1.0,12.0,28.0,flat,furnished,east,1,17.399313,78.3538722
V68736286,unknown,unknown,6500000.0,2.0,1350.0,1350.0,,12.0,0.0,1.0,1.0,0.0,30.0,villa,semi-furnished,east,0,17.2494091,78.4183466
U69993508,unknown,unknown,6500000.0,2.0,990.0,990.0,,12.0,0.0,1.0,1.0,6.0,30.0,villa,semi-furnished,east,0,17.542319,78.226934
R70927004,gayathri nagar colony,gayathri nagar colony,11500000.0,3.0,1400.0,1400.0,,0.0,3.0,5.0,1.0,44.0,2.0,flat,furnished,east,1,17.440084,78.348915
N70775216,kokapet,kokapet,20500000.0,3.0,2049.0,2049.0,,20.0,31.0,34.0,1.0,13.0,3.0,flat,semi-furnished,east,1,17.3966194,78.3392511
O70927704,kokapet,kokapet,19000000.0,3.0,2049.0,2049.0,,20.0,6.0,34.0,1.0,13.0,3.0,flat,semi-furnished,east,1,17.3956879,78.3413741
Q70901638,unknown,unknown,14000000.0,3.0,1390.0,1390.0,,12.0,13.0,34.0,1.0,13.0,7.0,flat,semi-furnished,west,0,17.40223,78.3444
F70899754,unknown,unknown,89500000.0,4.0,4070.0,4070.0,,20.0,19.0,36.0,2.0,13.0,7.0,flat,semi-furnished,west,0,17.4480919,78.3787508
L70899634,unknown,unknown,72000000.0,3.0,3430.0,3430.0,,20.0,15.0,36.0,2.0,13.0,7.0,flat,semi-furnished,west,0,17.4480919,78.3787508
B70873300,unknown,unknown,14100000.0,3.0,1390.0,1390.0,,12.0,9.0,34.0,1.0,13.0,7.0,flat,semi-furnished,west,0,17.40223,78.3444
Z70806186,gachibowli,gachibowli,22500000.0,3.0,1993.0,1993.0,,0.0,26.0,35.0,1.0,10.0,7.0,flat,semi-furnished,east,0,17.4359437,78.3416731
J69269062,unknown,unknown,70000000.0,10.0,3600.0,3600.0,,2.5,2.0,3.0,3.0,50.0,7.0,villa,furnished,unknown,0,17.3780046,78.4305287
E70795108,unknown,unknown,85000000.0,3.0,3430.0,3430.0,,20.0,20.0,36.0,2.0,13.0,7.0,flat,semi-furnished,west,0,17.4480919,78.3787508
X70787926,unknown,unknown,19000000.0,3.0,1769.0,1769.0,,12.0,25.0,34.0,1.0,13.0,7.0,flat,semi-furnished,west,0,17.40223,78.3444
F70787798,unknown,unknown,14600000.0,2.0,1283.0,1283.0,,20.0,7.0,35.0,1.0,10.0,7.0,flat,furnished,east,0,17.4359437,78.3416731
N70771590,kokapet,kokapet,21500000.0,3.0,2048.0,2048.0,,12.0,20.0,34.0,1.0,13.0,14.0,flat,semi-furnished,west,0,17.40223,78.3444
C70751342,unknown,unknown,17800000.0,2.0,1492.0,1492.0,,20.0,4.0,35.0,1.0,10.0,14.0,flat,furnished,west,0,17.4359437,78.3416731
E70605164,unknown,unknown,15000000.0,3.0,1390.0,1390.0,,12.0,18.0,34.0,1.0,13.0,21.0,flat,semi-furnished,west,0,17.40223,78.3444
E70585864,unknown,unknown,26000000.0,3.0,2235.0,2235.0,,20.0,29.0,32.0,1.0,13.0,21.0,flat,semi-furnished,east,0,17.40223,78.3444
W70473438,unknown,unknown,38100000.0,4.0,2928.0,2928.0,,12.0,14.0,42.0,2.0,12.0,28.0,flat,semi-furnished,west,0,17.4480919,78.3787508
O70385186,unknown,unknown,20000000.0,3.0,1742.0,1742.0,,20.0,4.0,35.0,1.0,10.0,30.0,flat,semi-furnished,west,0,17.4359437,78.3416731
F70385160,unknown,unknown,15700000.0,2.0,1492.0,1492.0,,20.0,8.0,35.0,1.0,10.0,30.0,flat,semi-furnished,west,0,17.4359437,78.3416731
V70385122,unknown,unknown,13500000.0,2.0,1283.0,1283.0,,20.0,9.0,35.0,1.0,10.0,30.0,flat,semi-furnished,east,0,17.4359437,78.3416731
Y70311560,unknown,unknown,61000000.0,3.0,3430.0,3430.0,,20.0,1.0,36.0,2.0,13.0,30.0,flat,semi-furnished,west,0,17.4480919,78.3787508
C70255362,unknown,unknown,18000000.0,2.0,1492.0,1492.0,,20.0,4.0,35.0,1.0,10.0,30.0,flat,furnished,west,0,17.4359437,78.3416731
F70249862,unknown,unknown,75000000.0,10.0,10000.0,10000.0,,7.5,2.0,5.0,4.0,49.0,30.0,villa,furnished,north-east,0,17.38504,78.48667
M70184112,unknown,unknown,58000000.0,3.0,3370.0,3370.0,,0.0,7.0,14.0,1.0,48.0,30.0,flat,furnished,east,0,17.4411482,78.3910691
X69026226,unknown,unknown,19500000.0,4.0,2400.0,2400.0,,7.5,4.0,5.0,2.0,45.0,30.0,flat,semi-furnished,west,1,17.44057,78.365551
H70172654,unknown,unknown,9000000.0,3.0,1248.0,1248.0,,0.0,4.0,7.0,1.0,49.0,30.0,flat,furnished,west,1,17.4609913,78.3532083
J70160498,unknown,unknown,14400000.0,2.0,1314.0,1314.0,,20.0,21.0,31.0,1.0,12.0,30.0,flat,semi-furnished,unknown,0,17.3973794,78.3856447
X70160166,unknown,unknown,21500000.0,3.0,1834.0,1834.0,,20.0,30.0,31.0,1.0,12.0,30.0,flat,semi-furnished,unknown,0,17.3973794,78.3856447
A70159648,unknown,unknown,21000000.0,3.0,1600.0,1600.0,,20.0,24.0,31.0,1.0,15.0,30.0,flat,semi-furnished,unknown,0,17.42278,78.34724
Z70107042,unknown,unknown,102500000.0,4.0,3276.0,3276.0,,2.5,1.0,2.0,1.0,50.0,30.0,villa,furnished,north,0,17.4295317,78.41266
T70097924,unknown,unknown,27400000.000000004,3.0,2380.0,2380.0,,2.5,1.0,4.0,1.0,48.0,30.0,house,furnished,west,0,17.470128,78.380278
A70097840,unknown,unknown,54700000.0,4.0,4760.0,4760.0,,2.5,3.0,4.0,2.0,48.0,30.0,house,furnished,west,0,17.470128,78.380278
L70097708,unknown,unknown,120000000.0,10.0,12000.0,12000.0,,2.5,2.0,4.0,4.0,48.0,30.0,house,furnished,north,0,17.470128,78.380278
J70096878,unknown,unknown,19500000.0,2.0,1492.0,1492.0,,20.0,9.0,35.0,1.0,10.0,30.0,flat,furnished,west,0,17.4359437,78.3416731
U70095212,unknown,unknown,520000000.0,7.0,12312.0,12312.0,,7.5,1.0,2.0,4.0,50.0,30.0,villa,furnished,unknown,0,17.4295317,78.41266
O70010930,unknown,unknown,12000000.0,2.0,1335.0,1335.0,,20.0,8.0,22.0,1.0,9.0,30.0,flat,semi-furnished,west,1,17.4783336,78.3130898
J69917020,unknown,unknown,17000000.0,3.0,1845.0,1845.0,,0.0,3.0,12.0,1.0,15.0,30.0,flat,furnished,west,0,17.4528877,78.3002781
M69964968,unknown,unknown,59500000.0,4.0,3150.0,3150.0,,20.0,1.0,2.0,2.0,0.0,30.0,villa,semi-furnished,west,1,17.4480281,78.2516547
M69979672,unknown,unknown,26500000.0,3.0,2300.0,2300.0,,0.0,1.0,2.0,2.0,0.0,30.0,villa,furnished,west,1,17.44502,78.186844
U69976866,unknown,unknown,25500000.0,3.0,2300.0,2300.0,,0.0,1.0,2.0,2.0,1.0,30.0,villa,unfurnished,east,1,17.482689,78.21213
G69976920,unknown,unknown,24900000.000000004,3.0,2300.0,2300.0,,0.0,1.0,2.0,2.0,1.0,30.0,villa,semi-furnished,west,1,17.482689,78.21213
O69975820,unknown,unknown,34500000.0,4.0,2800.0,2800.0,,0.0,1.0,2.0,2.0,1.0,30.0,villa,semi-furnished,east,1,17.482689,78.21213
B69974770,unknown,unknown,29500000.0,4.0,3480.0,3480.0,,0.0,2.0,3.0,2.0,0.0,30.0,villa,semi-furnished,west,1,17.443855,78.250431
J69973838,unknown,unknown,20800000.0,4.0,22050.0,22050.0,,0.0,2.0,3.0,2.0,0.0,30.0,villa,semi-furnished,west,1,17.443855,78.250431
J69973902,unknown,unknown,29800000.0,4.0,3316.0,3316.0,,0.0,2.0,3.0,2.0,0.0,30.0,villa,semi-furnished,east,1,17.443855,78.250431
P69970542,unknown,unknown,30200000.0,4.0,2848.0,2848.0,,20.0,6.0,35.0,3.0,10.0,30.0,flat,semi-furnished,north-east,0,17.4359437,78.3416731
L69970510,unknown,unknown,19500000.0,2.0,1492.0,1492.0,,20.0,9.0,35.0,1.0,10.0,30.0,flat,semi-furnished,west,0,17.4359437,78.3416731
Z69970498,unknown,unknown,13500000.0,2.0,1283.0,1283.0,,20.0,15.0,35.0,1.0,10.0,30.0,flat,semi-furnished,east,0,17.4359437,78.3416731
I69970490,unknown,unknown,16500000.0,2.0,1492.0,1492.0,,20.0,15.0,35.0,1.0,10.0,30.0,flat,semi-furnished,west,0,17.4359437,78.3416731
J69955426,unknown,unknown,29500000.0,8.0,1449.0,1449.0,,20.0,2.0,3.0,3.0,50.0,30.0,villa,semi-furnished,east,0,17.48331,78.32076
I69952922,unknown,unknown,9000000.0,2.0,1150.0,1150.0,,20.0,2.0,5.0,1.0,16.0,30.0,flat,semi-furnished,west,0,17.351292,78.380595
F69936028,unknown,unknown,20000000.0,3.0,1875.0,1875.0,,0.0,12.0,24.0,1.0,13.0,30.0,flat,semi-furnished,west,1,17.4659998,78.3119873
B69917762,unknown,unknown,14400000.0,3.0,1800.0,1800.0,,20.0,5.0,5.0,2.0,49.0,60.0,flat,semi-furnished,east,0,17.4609913,78.3532083
V69292148,unknown,unknown,14500000.0,2.0,1314.0,1314.0,,0.0,21.0,31.0,1.0,12.0,30.0,flat,semi-furnished,east,0,17.3973794,78.3856447
J70906508,unknown,unknown,12400000.0,2.0,1275.0,1275.0,,20.0,14.0,25.0,1.0,13.0,7.0,flat,unfurnished,east,0,17.47078,78.30668
X70906388,unknown,unknown,27500000.0,4.0,2925.0,2925.0,,20.0,4.0,35.0,2.0,12.0,7.0,flat,semi-furnished,west,0,17.4609913,78.3532083
H70901390,unknown,unknown,9500000.0,2.0,1270.0,1270.0,,2.5,1.0,10.0,1.0,50.0,7.0,flat,furnished,east,0,17.47078,78.30668
D70844450,unknown,unknown,16500000.0,3.0,2485.0,2485.0,,20.0,14.0,14.0,3.0,25.0,7.0,flat,semi-furnished,west,0,17.3923634,78.3621784
B70727622,unknown,unknown,13000000.0,2.0,1375.0,1375.0,,20.0,9.0,25.0,1.0,13.0,14.0,flat,semi-furnished,west,0,17.47078,78.30668
V70658802,unknown,unknown,9000000.0,3.0,1450.0,1450.0,,2.5,3.0,5.0,1.0,50.0,14.0,flat,semi-furnished,west,0,17.47078,78.30668
T70429906,unknown,unknown,18600000.0,3.0,1750.0,1750.0,,20.0,14.0,22.0,1.0,9.0,30.0,flat,semi-furnished,east,0,17.47078,78.30668
T70168724,unknown,unknown,20000000.0,3.0,2000.0,2000.0,,20.0,20.0,24.0,1.0,9.0,30.0,flat,semi-furnished,west,0,17.467762,78.408146
P70168680,unknown,unknown,11900000.0,2.0,1250.0,1250.0,,0.0,10.0,19.0,1.0,9.0,30.0,flat,furnished,west,0,17.467762,78.408146
E70069716,unknown,unknown,10800000.0,3.0,2170.0,2170.0,,0.0,8.0,9.0,2.0,0.0,30.0,flat,semi-furnished,east,0,,
F69990856,unknown,unknown,13000000.0,2.0,1270.0,1270.0,,0.0,8.0,12.0,2.0,26.0,30.0,flat,semi-furnished,east,0,17.40223,78.3444
R70909164,unknown,unknown,15000000.0,3.0,1800.0,1800.0,,2.5,12.0,20.0,1.0,50.0,3.0,flat,semi-furnished,east,1,17.47078,78.30668
F70797526,unknown,unknown,19800000.0,3.0,1790.0,1790.0,,0.0,12.0,25.0,1.0,13.0,4.0,flat,semi-furnished,east,1,17.412388,78.347496
D70952758,unknown,unknown,22500000.0,3.0,1790.0,1790.0,,0.0,11.0,25.0,1.0,13.0,4.0,flat,semi-furnished,west,0,17.47078,78.30668
L70952124,unknown,unknown,7700000.0,3.0,1540.0,1540.0,,12.0,3.0,5.0,2.0,0.0,4.0,flat,semi-furnished,east,0,,
Z70824854,unknown,unknown,14500000.0,3.0,1610.0,1610.0,,0.0,27.0,30.0,1.0,12.0,5.0,flat,semi-furnished,east,1,,
R70800294,unknown,unknown,17400000.0,3.0,1965.0,1965.0,,0.0,11.0,30.0,1.0,12.0,5.0,flat,semi-furnished,east,1,,
O70734444,unknown,unknown,11500000.0,2.0,1315.0,1315.0,,0.0,12.0,30.0,1.0,12.0,5.0,flat,semi-furnished,east,1,,
Y70482354,unknown,unknown,11500000.0,2.0,1350.0,1350.0,,0.0,15.0,30.0,1.0,12.0,5.0,flat,semi-furnished,east,1,,
O70797720,unknown,unknown,31000000.0,4.0,2700.0,2700.0,,0.0,1.0,2.0,2.0,17.0,5.0,villa,semi-furnished,west,1,17.4664197,78.285342
R70856954,nizampet,nizampet,21500000.0,3.0,2000.0,2000.0,,2.5,0.0,1.0,1.0,50.0,7.0,villa,furnished,west,0,17.5179636,78.3813785
O70845450,unknown,unknown,16200000.000000002,3.0,1785.0,1785.0,,20.0,4.0,30.0,1.0,12.0,7.0,flat,semi-furnished,west,0,,
E70804862,gachibowli,gachibowli,14400000.0,3.0,2055.0,2055.0,,20.0,3.0,5.0,1.0,0.0,7.0,flat,semi-furnished,east,0,,
N70804702,gachibowli,gachibowli,13300000.0,3.0,1900.0,1900.0,,20.0,3.0,5.0,0.0,0.0,7.0,flat,semi-furnished,north,0,,
K70804184,gachibowli,gachibowli,39800000.0,3.0,3399.0,3399.0,,0.0,1.0,2.0,2.0,1.0,7.0,villa,semi-furnished,west,0,17.434335,78.286311
J70804100,"tellapur, gachibowli","tellapur, gachibowli",39800000.0,3.0,2016.0,2016.0,,0.0,1.0,2.0,2.0,1.0,7.0,villa,semi-furnished,west,0,17.434335,78.286311
P70801034,unknown,unknown,6250000.0,2.0,1250.0,1250.0,,12.0,3.0,5.0,2.0,27.0,7.0,flat,semi-furnished,unknown,0,17.485206408706663,78.60681438946276
L70711632,manikonda,manikonda,19000000.0,3.0,2160.0,2160.0,,20.0,7.0,14.0,2.0,0.0,14.0,flat,semi-furnished,east,0,,
V70711560,manikonda,manikonda,17100000.0,3.0,1945.0,1945.0,,20.0,14.0,14.0,1.0,0.0,14.0,flat,semi-furnished,west,0,,
I70711460,manikonda,manikonda,19900000.0,3.0,2260.0,2260.0,,20.0,14.0,14.0,1.0,0.0,14.0,flat,semi-furnished,east,0,,
W70711378,manikonda,manikonda,16700000.0,3.0,1895.0,1895.0,,20.0,14.0,14.0,1.0,0.0,14.0,flat,semi-furnished,north,0,,
S70711234,manikonda,manikonda,16800000.0,3.0,1910.0,1910.0,,20.0,8.0,14.0,1.0,0.0,14.0,flat,semi-furnished,east,0,,
R70711108,manikonda,manikonda,14800000.0,3.0,1850.0,1850.0,,20.0,7.0,14.0,1.0,0.0,14.0,flat,semi-furnished,west,0,,
T70710960,manikonda,manikonda,13799999.999999998,3.0,1725.0,1725.0,,20.0,7.0,14.0,1.0,0.0,14.0,flat,semi-furnished,east,0,,
K70532656,unknown,unknown,6495000.0,2.0,1150.0,1150.0,,0.0,4.0,5.0,1.0,49.0,21.0,flat,semi-furnished,east,1,17.515892,78.32081
L70532302,unknown,unknown,6495999.999999999,2.0,1150.0,1150.0,,0.0,4.0,5.0,1.0,49.0,21.0,flat,semi-furnished,west,1,17.515892,78.32081
W70532744,unknown,unknown,6495999.999999999,2.0,1150.0,1150.0,,0.0,2.0,5.0,1.0,49.0,21.0,flat,semi-furnished,west,1,17.515892,78.32081
E70532458,unknown,unknown,6495999.999999999,2.0,1500.0,1500.0,,0.0,4.0,5.0,1.0,49.0,21.0,flat,semi-furnished,west,1,17.515892,78.32081
T70532496,unknown,unknown,5352000.0,3.0,1500.0,1500.0,,0.0,5.0,5.0,2.0,50.0,21.0,flat,semi-furnished,east,1,17.514215,78.3982
F70532170,unknown,unknown,6495000.0,2.0,1150.0,1150.0,,0.0,3.0,5.0,1.0,50.0,21.0,flat,semi-furnished,west,1,17.514215,78.3982
O70531712,unknown,unknown,6495999.999999999,2.0,1150.0,1150.0,,0.0,3.0,5.0,1.0,50.0,21.0,flat,semi-furnished,west,1,17.514215,78.3982
P70532372,unknown,unknown,8351000.000000001,3.0,1500.0,1500.0,,0.0,4.0,5.0,2.0,49.0,21.0,flat,semi-furnished,east,1,17.515892,78.32081
I70532336,unknown,unknown,6495000.0,2.0,1150.0,1150.0,,0.0,4.0,5.0,1.0,49.0,21.0,flat,semi-furnished,east,1,17.515892,78.32081
C70532410,unknown,unknown,6495999.999999999,2.0,1150.0,1150.0,,0.0,4.0,5.0,1.0,48.0,21.0,flat,semi-furnished,west,1,17.515892,78.32097
W70532696,unknown,unknown,6495999.999999999,2.0,1150.0,1150.0,,0.0,2.0,5.0,1.0,50.0,21.0,flat,semi-furnished,west,1,17.514215,78.3982
Y70532224,unknown,unknown,8300000.0,3.0,1500.0,1500.0,,0.0,4.0,5.0,2.0,50.0,21.0,flat,semi-furnished,east,1,17.514215,78.3982
K70477136,unknown,unknown,17500000.0,2.0,1296.0,1296.0,,20.0,15.0,42.0,2.0,12.0,28.0,flat,semi-furnished,east,0,17.4480919,78.3787508
E70423046,unknown,unknown,13300000.0,3.0,2300.0,2300.0,,0.0,4.0,5.0,2.0,50.0,30.0,flat,unfurnished,east,1,17.390257,78.57213
A70420396,unknown,unknown,106000000.0,3.0,16300.0,16300.0,,20.0,2.0,5.0,1.0,17.0,30.0,villa,semi-furnished,east,0,17.4664197,78.285342
U70371978,aditya nagar,aditya nagar,9232000.0,2.0,1338.0,1338.0,,12.0,7.0,14.0,1.0,11.0,30.0,flat,semi-furnished,west,0,17.459904,78.306975
I70371884,gachibowli,gachibowli,9598000.0,2.0,1391.0,1391.0,,12.0,2.0,14.0,1.0,11.0,30.0,flat,unfurnished,west,0,17.459904,78.306975
R70371742,aditya nagar,aditya nagar,13400000.0,3.0,1935.0,1935.0,,12.0,6.0,14.0,2.0,11.0,30.0,flat,semi-furnished,west,0,17.459904,78.306975
O70371682,"aditya nagar , nallagandla","aditya nagar , nallagandla",13400000.0,3.0,1935.0,1935.0,,12.0,3.0,14.0,2.0,11.0,30.0,flat,semi-furnished,east,0,17.459904,78.306975
B70371600,nanakramguda,nanakramguda,14900000.0,3.0,2162.0,2162.0,,12.0,14.0,14.0,2.0,11.0,30.0,flat,semi-furnished,west,0,17.459904,78.306975
R70371484,gachibowli,gachibowli,12100000.0,3.0,1754.0,1754.0,,12.0,9.0,14.0,1.0,11.0,30.0,flat,semi-furnished,west,0,17.459904,78.306975
I70371258,nanakramguda,nanakramguda,13100000.0,3.0,1896.0,1896.0,,12.0,2.0,14.0,1.0,11.0,30.0,flat,semi-furnished,east,0,17.459904,78.306975
Z70371212,gachibowli,gachibowli,10000000.0,3.0,1452.0,1452.0,,12.0,8.0,14.0,1.0,11.0,30.0,flat,semi-furnished,east,0,17.459904,78.306975
H70365314,nanakramguda,nanakramguda,14900000.0,3.0,2162.0,2162.0,,12.0,14.0,14.0,2.0,11.0,30.0,flat,semi-furnished,west,0,17.459904,78.306975
E70365246,gachibowli,gachibowli,12100000.0,3.0,1754.0,1754.0,,12.0,9.0,14.0,1.0,11.0,30.0,flat,semi-furnished,west,0,17.459904,78.306975
Y70365174,nanakramguda,nanakramguda,13100000.0,3.0,1896.0,1896.0,,12.0,1.0,14.0,1.0,11.0,30.0,flat,unfurnished,east,0,17.459904,78.306975
Y70365090,gachibowli,gachibowli,10000000.0,3.0,1452.0,1452.0,,12.0,2.0,14.0,1.0,11.0,30.0,flat,semi-furnished,east,0,17.459904,78.306975
X70364910,puppalaguda,puppalaguda,7840000.000000001,2.0,1300.0,1300.0,,12.0,5.0,5.0,2.0,0.0,30.0,flat,semi-furnished,east,0,,
B70364850,puppalaguda,puppalaguda,7550000.0,2.0,1250.0,1250.0,,12.0,4.0,5.0,1.0,0.0,30.0,flat,semi-furnished,east,0,,
S70357498,manikonda,manikonda,7840000.000000001,2.0,1300.0,1300.0,,12.0,4.0,5.0,2.0,0.0,30.0,flat,semi-furnished,east,0,,
C70327380,unknown,unknown,19800000.0,3.0,1865.0,1865.0,,20.0,14.0,25.0,2.0,13.0,30.0,flat,semi-furnished,unknown,0,17.47078,78.30668
Q70327086,unknown,unknown,15400000.0,3.0,1250.0,1250.0,,20.0,4.0,25.0,1.0,13.0,30.0,flat,semi-furnished,north-east,0,17.47078,78.30668
C70218320,chaitanya enclave,chaitanya enclave,18000000.0,3.0,1836.0,1836.0,,20.0,4.0,9.0,1.0,46.0,30.0,flat,furnished,east,0,17.414323,78.365354
Q70218234,chaitanya enclave,chaitanya enclave,12800000.0,2.0,1335.0,1335.0,,20.0,4.0,9.0,1.0,46.0,30.0,flat,furnished,west,0,17.414323,78.365354
J70155658,unknown,unknown,8478000.0,3.0,900.0,900.0,,20.0,2.0,5.0,2.0,0.0,30.0,flat,semi-furnished,east,0,,
I70109034,gachibowli,gachibowli,22000000.0,3.0,1855.0,1855.0,,20.0,10.0,24.0,1.0,0.0,30.0,flat,semi-furnished,north,0,,
Q70108432,gachibowli,gachibowli,20200000.0,3.0,1840.0,1840.0,,20.0,10.0,25.0,1.0,0.0,30.0,flat,semi-furnished,east,0,,
L70107984,gachibowli,gachibowli,18500000.0,3.0,1620.0,1620.0,,20.0,15.0,24.0,1.0,0.0,30.0,flat,semi-furnished,west,0,,
M70076068,unknown,unknown,46000000.0,3.0,224.0,224.0,,0.0,0.0,1.0,2.0,1.0,30.0,villa,furnished,east,0,17.442196,78.280067
M70011502,unknown,unknown,92000000.0,4.0,2700.0,2700.0,,0.0,1.0,2.0,2.0,26.0,30.0,villa,semi-furnished,west,0,17.40223,78.3444
X70011412,unknown,unknown,90000000.0,4.0,2700.0,2700.0,,0.0,1.0,2.0,2.0,26.0,30.0,villa,semi-furnished,west,0,17.40223,78.3444
Q69962900,unknown,unknown,57500000.0,4.0,290.0,290.0,,2.5,1.0,2.0,2.0,26.0,30.0,villa,furnished,south,0,17.40223,78.3444
M69923394,unknown,unknown,5829000.0,2.0,1100.0,1100.0,,0.0,3.0,5.0,1.0,48.0,60.0,flat,semi-furnished,west,0,17.515957,78.3209
B69923146,unknown,unknown,6094000.0,2.0,1150.0,1150.0,,0.0,2.0,5.0,1.0,48.0,60.0,flat,semi-furnished,west,0,17.515957,78.3209
S69923514,unknown,unknown,6093000.0,2.0,1150.0,1150.0,,0.0,3.0,5.0,1.0,48.0,60.0,flat,unfurnished,east,0,17.515957,78.3209
Z69923428,unknown,unknown,6094000.0,2.0,1150.0,1150.0,,0.0,4.0,5.0,1.0,48.0,60.0,flat,unfurnished,east,0,17.515957,78.3209
G69923480,unknown,unknown,5828000.0,2.0,1100.0,1100.0,,0.0,5.0,5.0,1.0,48.0,60.0,flat,semi-furnished,west,0,17.515957,78.3209
N69927646,unknown,unknown,15700000.0,3.0,1505.0,1505.0,,20.0,9.0,18.0,2.0,12.0,60.0,flat,semi-furnished,east,0,17.4609913,78.3532083
H69927536,unknown,unknown,18000000.0,3.0,1720.0,1720.0,,20.0,7.0,18.0,3.0,12.0,60.0,flat,semi-furnished,east,0,17.4609913,78.3532083
I69201466,financial district,financial district,14200000.0,3.0,1212.0,1212.0,,12.0,15.0,26.0,1.0,11.0,30.0,flat,semi-furnished,unknown,0,17.469415,78.311077
J69037596,unknown,unknown,5829000.0,2.0,800.0,800.0,,12.0,2.0,5.0,2.0,0.0,30.0,flat,semi-furnished,east,0,,
R70665980,unknown,unknown,9700000.0,3.0,2425.0,2425.0,,12.0,5.0,40.0,1.0,0.0,14.0,flat,semi-furnished,east,0,,
U70642480,unknown,unknown,10300000.0,3.0,2070.0,2070.0,,12.0,1.0,2.0,1.0,0.0,14.0,villa,semi-furnished,east,0,,
C70641362,unknown,unknown,12000000.0,2.0,1250.0,1250.0,,0.0,16.0,19.0,2.0,49.0,21.0,flat,furnished,east,0,17.471315,78.418257
U70620402,unknown,unknown,16100000.000000002,3.0,2769.0,2769.0,,12.0,1.0,2.0,1.0,0.0,21.0,villa,semi-furnished,east,0,,
U70581186,unknown,unknown,8500000.0,2.0,1030.0,1030.0,,12.0,0.0,1.0,1.0,6.0,21.0,villa,semi-furnished,unknown,0,17.542319,78.226934
M70580902,unknown,unknown,17000000.0,3.0,2600.0,2600.0,,12.0,0.0,1.0,1.0,0.0,21.0,villa,semi-furnished,east,0,,
K70580834,unknown,unknown,12500000.0,3.0,2400.0,2400.0,,12.0,0.0,1.0,1.0,0.0,21.0,villa,semi-furnished,east,0,,
C70489382,unknown,unknown,28100000.0,3.0,3752.0,3752.0,,12.0,1.0,2.0,1.0,0.0,28.0,villa,semi-furnished,east,0,17.443855,78.250431
S70464232,unknown,unknown,35000000.0,3.0,1800.0,1800.0,,0.0,1.0,2.0,1.0,0.0,30.0,villa,semi-furnished,east,0,,
B70463526,unknown,unknown,20000000.0,3.0,2900.0,2900.0,,12.0,1.0,2.0,2.0,0.0,30.0,villa,semi-furnished,unknown,0,,
R70416446,unknown,unknown,7150000.0,2.0,1432.0,1432.0,,12.0,5.0,15.0,1.0,0.0,30.0,flat,semi-furnished,unknown,0,17.434448,78.242669
W70416248,unknown,unknown,6741000.0,2.0,1204.0,1204.0,,12.0,5.0,14.0,1.0,8.0,30.0,flat,semi-furnished,east,0,17.549668,78.389932
W70388988,unknown,unknown,6868000.000000001,2.0,1205.0,1205.0,,12.0,3.0,9.0,1.0,33.0,30.0,flat,semi-furnished,east,0,17.5412828002,78.396649754338
J70385318,unknown,unknown,7276000.000000001,2.0,1323.0,1323.0,,12.0,3.0,10.0,1.0,48.0,30.0,flat,semi-furnished,east,0,17.457979,78.3626643
S70385232,unknown,unknown,9900000.0,3.0,1503.0,1503.0,,12.0,0.0,1.0,1.0,9.0,30.0,villa,semi-furnished,unknown,0,17.575957,78.471167
J70329262,unknown,unknown,10000000.0,3.0,1785.0,1785.0,,0.0,3.0,5.0,2.0,50.0,30.0,flat,furnished,north-east,0,17.4011618,78.37569
W70205766,unknown,unknown,14200000.0,2.0,1314.0,1314.0,,0.0,11.0,31.0,1.0,12.0,30.0,flat,furnished,east,0,17.3973794,78.3856447
W71026370,unknown,unknown,17500000.0,3.0,2109.0,2109.0,,0.0,11.0,15.0,1.0,33.0,0.0,flat,semi-furnished,west,0,17.411744,78.341175
V70980252,unknown,unknown,12300000.0,2.0,1450.0,1450.0,,0.0,21.0,35.0,1.0,12.0,,flat,semi-furnished,east,1,17.261835,78.544624
D71017280,unknown,unknown,24700000.000000004,3.0,1854.0,1854.0,,20.0,1.0,2.0,2.0,8.0,,villa,semi-furnished,east,0,17.443354,78.182044
K70943898,unknown,unknown,13500000.0,5.0,1197.0,1197.0,,0.0,2.0,3.0,3.0,2.0,,villa,semi-furnished,north-east,1,17.4788512,78.6332979
H71014808,unknown,unknown,12500000.0,3.0,1900.0,1900.0,,12.0,15.0,42.0,2.0,0.0,,flat,semi-furnished,east,0,,
G71014552,unknown,unknown,8710000.0,2.0,1400.0,1400.0,,12.0,10.0,42.0,1.0,10.0,,flat,semi-furnished,east,0,17.5468498,78.3650231
E71014022,unknown,unknown,15500000.0,3.0,2190.0,2190.0,,12.0,8.0,15.0,1.0,11.0,,flat,semi-furnished,east,0,17.311940823733476,78.47302608769566
R71013926,unknown,unknown,25000000.0,3.0,2125.0,2125.0,,20.0,5.0,30.0,1.0,8.0,,flat,unfurnished,east,0,17.3923634,78.3621784
B71013642,unknown,unknown,9000000.0,2.0,1050.0,1050.0,,0.0,4.0,5.0,1.0,0.0,,flat,semi-furnished,east,0,,
F71013402,mokila,mokila,20300000.0,3.0,1602.0,1602.0,,20.0,1.0,2.0,2.0,8.0,,villa,semi-furnished,east,0,17.428952,78.197469
R71013312,unknown,unknown,23000000.0,5.0,1575.0,1575.0,,0.0,2.0,3.0,3.0,50.0,,villa,semi-furnished,north,0,17.4930942,78.5036065
E70992082,unknown,unknown,13000000.0,5.0,1197.0,1197.0,,0.0,2.0,3.0,2.0,50.0,,villa,semi-furnished,west,1,17.5210704,78.5065384
J71010942,unknown,unknown,25000000.0,7.0,1620.0,1620.0,,0.0,2.0,3.0,3.0,50.0,,villa,semi-furnished,east,1,17.5256317,78.5059571
I71009680,unknown,unknown,11500000.0,3.0,1600.0,1600.0,,20.0,4.0,5.0,2.0,49.0,,flat,semi-furnished,east,0,17.38504,78.48667
P71005334,unknown,unknown,4500000.0,2.0,1400.0,1400.0,,12.0,5.0,18.0,2.0,49.0,,flat,semi-furnished,east,0,17.38504,78.48667
H70992212,unknown,unknown,10500000.0,3.0,285599.0,285599.0,,0.0,1.0,2.0,2.0,50.0,,villa,semi-furnished,west,1,17.5216506,78.5068696
O71003150,unknown,unknown,20800000.0,3.0,3057.0,3057.0,,20.0,0.0,1.0,2.0,44.0,2.0,villa,semi-furnished,east,0,17.526094,78.256628
F71003116,unknown,unknown,15200000.0,3.0,2235.0,2235.0,,20.0,0.0,1.0,2.0,39.0,2.0,villa,semi-furnished,east,0,17.553842,78.273153
S71002994,unknown,unknown,13700000.000000002,3.0,2000.0,2000.0,,20.0,6.0,14.0,2.0,50.0,2.0,flat,semi-furnished,east,0,17.3973794,78.3856447
A70508462,unknown,unknown,145000000.0,4.0,4200.0,4200.0,,0.0,2.0,3.0,2.0,26.0,2.0,villa,furnished,west,1,17.40223,78.3444
X70992404,unknown,unknown,27000000.0,4.0,3940.0,3940.0,,12.0,2.0,3.0,3.0,0.0,2.0,villa,semi-furnished,east,0,17.443855,78.250431
E70985968,unknown,unknown,12600000.0,3.0,2000.0,2000.0,,12.0,27.0,42.0,1.0,24.0,2.0,flat,semi-furnished,east,0,17.334703,78.406198
L70985482,unknown,unknown,7000000.0,2.0,1100.0,1100.0,,20.0,3.0,5.0,2.0,50.0,2.0,flat,semi-furnished,east,0,17.51251,78.35223
N70492432,unknown,unknown,15400000.0,2.0,1314.0,1314.0,,0.0,27.0,31.0,1.0,12.0,3.0,flat,furnished,east,1,17.3973794,78.3856447
K70489440,unknown,unknown,23400000.0,3.0,1834.0,1834.0,,0.0,5.0,31.0,1.0,12.0,3.0,flat,semi-furnished,east,1,17.3973794,78.3856447
E70981568,unknown,unknown,45000000.0,4.0,3416.0,3416.0,,20.0,2.0,3.0,2.0,17.0,3.0,villa,semi-furnished,east,0,17.4664197,78.285342
F70576694,unknown,unknown,7000000.0,2.0,1265.0,1265.0,,20.0,1.0,5.0,1.0,15.0,3.0,flat,semi-furnished,east,1,17.5472247,78.4828185
P70963860,unknown,unknown,10000000.0,4.0,2100.0,2100.0,,12.0,1.0,2.0,2.0,49.0,3.0,villa,semi-furnished,east,0,17.38504,78.48667
N70963170,unknown,unknown,11500000.0,3.0,1325.0,1325.0,,0.0,3.0,5.0,1.0,46.0,3.0,flat,furnished,north,0,17.3959393,78.431217
X70864962,unknown,unknown,8525000.0,3.0,1705.0,1705.0,,20.0,3.0,5.0,2.0,25.0,4.0,flat,semi-furnished,east,1,17.5516657,78.488298
C70939552,unknown,unknown,20400000.0,4.0,3750.0,3750.0,,12.0,2.0,3.0,2.0,48.0,5.0,villa,semi-furnished,east,0,17.5316,78.26729
M70939528,unknown,unknown,21500000.0,4.0,3750.0,3750.0,,12.0,2.0,3.0,2.0,48.0,5.0,villa,semi-furnished,east,0,17.5316,78.26729
P70939478,unknown,unknown,20700000.0,4.0,3750.0,3750.0,,12.0,2.0,3.0,2.0,48.0,5.0,villa,semi-furnished,west,0,17.5316,78.26729
N70939444,unknown,unknown,20500000.0,4.0,3750.0,3750.0,,12.0,2.0,3.0,2.0,48.0,5.0,villa,semi-furnished,west,0,17.5316,78.26729
S70935486,unknown,unknown,20500000.0,4.0,3750.0,3750.0,,12.0,2.0,3.0,2.0,1.0,5.0,villa,semi-furnished,unknown,0,17.492871,78.239079
Y70935450,unknown,unknown,22100000.0,4.0,3750.0,3750.0,,12.0,2.0,3.0,2.0,1.0,5.0,villa,semi-furnished,west,0,17.492871,78.239079
L70935402,unknown,unknown,21600000.0,4.0,3750.0,3750.0,,12.0,2.0,3.0,2.0,1.0,5.0,villa,semi-furnished,west,0,17.492871,78.239079
G70935354,unknown,unknown,20900000.0,4.0,3750.0,3750.0,,12.0,2.0,3.0,2.0,24.0,5.0,villa,semi-furnished,west,0,17.510159,78.247179
U70935238,unknown,unknown,29000000.0,4.0,3750.0,3750.0,,12.0,2.0,3.0,2.0,17.0,5.0,villa,semi-furnished,west,0,17.4664197,78.285342
N70934630,unknown,unknown,27800000.0,4.0,3750.0,3750.0,,12.0,2.0,3.0,2.0,17.0,5.0,villa,semi-furnished,west,0,17.4664197,78.285342
A70934474,unknown,unknown,26000000.0,4.0,3750.0,3750.0,,12.0,2.0,3.0,2.0,17.0,5.0,villa,semi-furnished,east,0,17.4664197,78.285342
F70934438,unknown,unknown,24500000.0,4.0,3750.0,3750.0,,12.0,2.0,3.0,2.0,17.0,5.0,villa,semi-furnished,west,0,17.4664197,78.285342
M70934392,unknown,unknown,22500000.0,4.0,3750.0,3750.0,,12.0,2.0,3.0,2.0,17.0,5.0,villa,semi-furnished,east,0,17.4664197,78.285342
C70879962,unknown,unknown,15500000.0,3.0,1825.0,1825.0,,0.0,7.0,15.0,2.0,33.0,5.0,flat,semi-furnished,north-east,1,17.411744,78.341175
X70932108,unknown,unknown,25400000.0,4.0,3750.0,3750.0,,12.0,2.0,3.0,2.0,0.0,5.0,villa,semi-furnished,east,0,17.443855,78.250431
L70932050,unknown,unknown,24500000.0,4.0,3750.0,3750.0,,12.0,2.0,3.0,2.0,0.0,5.0,villa,semi-furnished,west,0,17.443855,78.250431
M70931988,unknown,unknown,23100000.0,4.0,3750.0,3750.0,,12.0,2.0,3.0,2.0,0.0,5.0,villa,semi-furnished,east,0,17.443855,78.250431
V70931938,unknown,unknown,22500000.0,4.0,3750.0,3750.0,,12.0,2.0,3.0,2.0,0.0,5.0,villa,semi-furnished,west,0,17.443855,78.250431
S70925904,unknown,unknown,21200000.0,4.0,2384.0,2384.0,,20.0,1.0,2.0,2.0,8.0,5.0,villa,semi-furnished,east,0,17.443354,78.182044
P70925736,unknown,unknown,24700000.000000004,4.0,2780.0,2780.0,,20.0,1.0,2.0,2.0,8.0,5.0,villa,semi-furnished,east,0,17.443354,78.182044
J70906250,unknown,unknown,6500000.0,2.0,1100.0,1100.0,,20.0,3.0,6.0,2.0,50.0,7.0,flat,semi-furnished,east,0,17.51251,78.35223
J70900052,unknown,unknown,13000000.0,3.0,1515.0,1515.0,,0.0,3.0,12.0,1.0,15.0,7.0,flat,semi-furnished,east,1,17.469858,78.35783
C70899978,unknown,unknown,11399999.999999998,2.0,1330.0,1330.0,,0.0,4.0,12.0,1.0,15.0,7.0,flat,semi-furnished,west,1,17.469858,78.35783
J70508986,unknown,unknown,12500000.0,2.0,1350.0,1350.0,,0.0,11.0,11.0,1.0,48.0,7.0,flat,furnished,west,1,17.4142774,78.3689991
T70884350,unknown,unknown,16000000.0,4.0,1350.0,1350.0,,20.0,1.0,2.0,1.0,19.0,7.0,house,semi-furnished,east,1,17.4308299,78.6101105
V70882694,unknown,unknown,11600000.0,3.0,1515.0,1515.0,,20.0,2.0,10.0,2.0,50.0,7.0,flat,furnished,east,0,17.47078,78.30668
A70876300,unknown,unknown,18000000.0,5.0,1440.0,1440.0,,0.0,2.0,3.0,3.0,46.0,7.0,villa,semi-furnished,east,1,17.4941514,78.584106
C70870608,narsingi,narsingi,9186000.0,2.0,1225.0,1225.0,,0.0,6.0,9.0,1.0,12.0,7.0,flat,semi-furnished,east,0,17.3828053,78.3437872
P70869820,unknown,unknown,23000000.0,4.0,200.0,200.0,,2.5,1.0,2.0,2.0,43.0,7.0,villa,semi-furnished,west,1,17.5295781,78.485132
O70868422,unknown,unknown,20400000.0,3.0,1602.0,1602.0,,12.0,1.0,2.0,1.0,8.0,7.0,villa,furnished,east,0,17.443354,78.182044
T70865030,unknown,unknown,6925000.0,2.0,1500.0,1500.0,,20.0,3.0,5.0,2.0,37.0,7.0,flat,semi-furnished,east,0,17.538237,78.480804
O70863132,unknown,unknown,6525000.0,2.0,1303.0,1303.0,,20.0,2.0,5.0,1.0,25.0,7.0,flat,semi-furnished,west,0,17.551645,78.4884578
R70825992,unknown,unknown,11500000.0,3.0,1528.0,1528.0,,0.0,6.0,9.0,1.0,12.0,7.0,flat,semi-furnished,east,1,17.3923634,78.3621784
B70825938,unknown,unknown,8588000.0,2.0,1145.0,1145.0,,0.0,5.0,9.0,1.0,12.0,7.0,flat,semi-furnished,east,1,17.3923634,78.3621784
I70844194,unknown,unknown,10900000.0,4.0,2360.0,2360.0,,12.0,1.0,2.0,3.0,6.0,7.0,villa,semi-furnished,east,0,17.542319,78.226934
M70839252,unknown,unknown,9900000.0,4.0,585.0,585.0,,20.0,2.0,4.0,4.0,10.0,7.0,villa,furnished,north,0,17.5468498,78.3650231
X70838722,unknown,unknown,9500000.0,2.0,140.0,140.0,,20.0,0.0,1.0,3.0,6.0,7.0,villa,semi-furnished,east,0,17.542319,78.226934
W70838272,unknown,unknown,7500000.0,2.0,1170.0,1170.0,,20.0,0.0,1.0,3.0,6.0,7.0,villa,semi-furnished,east,0,17.542319,78.226934
Z70832124,unknown,unknown,9240000.0,2.0,1155.0,1155.0,,0.0,8.0,12.0,1.0,50.0,7.0,flat,semi-furnished,west,1,17.469858,78.35783
Y70832214,unknown,unknown,13400000.0,3.0,1676.0,1676.0,,0.0,9.0,12.0,2.0,50.0,7.0,flat,semi-furnished,east,1,17.469858,78.35783
C70832308,unknown,unknown,13600000.000000002,3.0,1696.0,1696.0,,0.0,8.0,12.0,2.0,50.0,7.0,flat,semi-furnished,east,1,17.469858,78.35783
U70831926,unknown,unknown,10400000.0,2.0,1300.0,1300.0,,0.0,6.0,12.0,1.0,50.0,7.0,flat,semi-furnished,east,1,17.469858,78.35783
G70834260,narsingi,narsingi,9411000.0,2.0,1255.0,1255.0,,20.0,6.0,9.0,1.0,12.0,7.0,flat,semi-furnished,east,0,17.3828053,78.3437872
X70833562,unknown,unknown,51000000.0,4.0,3750.0,3750.0,,2.5,15.0,18.0,2.0,43.0,7.0,flat,furnished,south,0,17.444443,78.367262
B70832960,unknown,unknown,13500000.0,2.0,1278.0,1278.0,,0.0,18.0,35.0,1.0,8.0,7.0,flat,furnished,unknown,0,17.475742,78.391786
X70830962,unknown,unknown,11000000.0,3.0,1601.0,1601.0,,0.0,4.0,6.0,1.0,47.0,7.0,flat,semi-furnished,east,1,17.459435,78.35466
V70830874,unknown,unknown,11000000.0,3.0,1600.0,1600.0,,0.0,4.0,6.0,1.0,47.0,7.0,flat,semi-furnished,east,1,17.459435,78.35466
K70830838,unknown,unknown,38600000.0,4.0,3350.0,3350.0,,20.0,16.0,25.0,2.0,12.0,7.0,flat,semi-furnished,west,0,17.45753,78.36247
N70828924,unknown,unknown,12500000.0,3.0,1528.0,1528.0,,20.0,3.0,9.0,1.0,12.0,7.0,flat,semi-furnished,east,0,17.3828053,78.3437872
L70824248,unknown,unknown,9500000.0,3.0,1660.0,1660.0,,2.5,3.0,5.0,2.0,37.0,7.0,flat,semi-furnished,west,0,17.538237,78.480804
X70818316,unknown,unknown,7600000.0,3.0,1450.0,1450.0,,20.0,2.0,5.0,2.0,6.0,7.0,flat,semi-furnished,west,0,17.529701,78.333031
D70815572,unknown,unknown,12000000.0,2.0,1261.0,1261.0,,20.0,3.0,9.0,1.0,3.0,7.0,flat,semi-furnished,east,0,17.455613,78.291029
X70795608,unknown,unknown,16100000.000000002,3.0,1935.0,1935.0,,20.0,7.0,12.0,1.0,15.0,7.0,flat,semi-furnished,east,0,17.40223,78.3444
M70795568,unknown,unknown,11100000.000000002,2.0,1330.0,1330.0,,20.0,6.0,12.0,1.0,15.0,7.0,flat,semi-furnished,east,0,17.40223,78.3444
S70787550,unknown,unknown,7626000.000000001,2.0,1315.0,1315.0,,20.0,3.0,9.0,1.0,0.0,7.0,flat,semi-furnished,unknown,0,,
E70773454,puppalaguda,puppalaguda,16399999.999999998,3.0,2300.0,2300.0,,12.0,4.0,17.0,3.0,12.0,14.0,flat,semi-furnished,west,0,17.39992,78.36983
S70772892,tellapur,tellapur,20300000.0,3.0,1602.0,1602.0,,20.0,1.0,2.0,1.0,17.0,14.0,villa,semi-furnished,east,0,17.4664197,78.285342
W70772760,tellapur,tellapur,5499000.0,2.0,1375.0,1375.0,,12.0,14.0,32.0,1.0,17.0,14.0,flat,semi-furnished,east,0,17.4664197,78.285342
C70392060,unknown,unknown,19000000.0,5.0,1440.0,1440.0,,0.0,2.0,3.0,3.0,50.0,14.0,villa,semi-furnished,east,1,17.50892,78.50437
L70274392,unknown,unknown,6600000.0,2.0,1245.0,1245.0,,0.0,1.0,5.0,2.0,50.0,14.0,flat,semi-furnished,east,1,17.50892,78.50437
P70771342,narsingi,narsingi,8586000.0,2.0,1145.0,1145.0,,0.0,6.0,9.0,1.0,12.0,14.0,flat,semi-furnished,east,0,17.3828053,78.3437872
M70770584,unknown,unknown,7800000.0,2.0,1155.0,1155.0,,12.0,4.0,9.0,1.0,12.0,14.0,flat,semi-furnished,west,0,17.5203424,78.3970205
M70764482,unknown,unknown,38000000.0,4.0,3114.0,3114.0,,20.0,2.0,3.0,3.0,37.0,14.0,villa,semi-furnished,west,0,17.538237,78.480804
X70759552,unknown,unknown,18500000.0,3.0,2900.0,2900.0,,20.0,1.0,2.0,2.0,4.0,14.0,villa,semi-furnished,east,0,17.56162,78.40555
J70752356,unknown,unknown,25000000.0,4.0,7200.0,7200.0,,20.0,2.0,3.0,2.0,50.0,14.0,villa,semi-furnished,unknown,0,17.498892,78.353062
J70746702,unknown,unknown,32400000.000000004,3.0,2754.0,2754.0,,0.0,1.0,2.0,1.0,8.0,14.0,villa,semi-furnished,west,1,17.443354,78.182044
H70746884,unknown,unknown,32200000.000000004,4.0,278.0,278.0,,0.0,1.0,2.0,1.0,8.0,14.0,villa,semi-furnished,west,1,17.430693,78.199165
K70747048,unknown,unknown,38000000.0,4.0,2889.0,2889.0,,0.0,1.0,2.0,1.0,8.0,14.0,villa,semi-furnished,east,1,17.443354,78.182044
I70746532,unknown,unknown,20300000.0,3.0,1602.0,1602.0,,0.0,1.0,2.0,1.0,8.0,14.0,villa,semi-furnished,east,1,17.443354,78.182044
D70746608,unknown,unknown,20000000.0,3.0,1602.0,1602.0,,0.0,1.0,2.0,1.0,8.0,14.0,villa,semi-furnished,east,1,17.443354,78.182044
P70747344,unknown,unknown,12500000.0,3.0,1660.0,1660.0,,0.0,7.0,8.0,2.0,6.0,14.0,flat,furnished,west,0,17.349758,78.360196
M70744778,unknown,unknown,13899999.999999998,3.0,1994.0,1994.0,,12.0,1.0,2.0,2.0,48.0,14.0,villa,semi-furnished,east,0,17.5316,78.26729
G70744512,unknown,unknown,7137000.0,2.0,1428.0,1428.0,,12.0,3.0,12.0,1.0,48.0,14.0,flat,semi-furnished,east,0,17.5316,78.26729
H70744352,unknown,unknown,6125000.0,2.0,1323.0,1323.0,,12.0,5.0,12.0,1.0,48.0,14.0,flat,semi-furnished,east,0,17.5316,78.26729
F70743764,unknown,unknown,11500000.0,3.0,3500.0,3500.0,,12.0,1.0,2.0,2.0,48.0,14.0,villa,semi-furnished,east,0,17.5316,78.26729
D70733370,mokila,mokila,23600000.0,3.0,1854.0,1854.0,,0.0,1.0,2.0,1.0,8.0,14.0,villa,semi-furnished,east,0,17.428952,78.197469
W70732526,chandanagar,chandanagar,7679000.000000001,2.0,1280.0,1280.0,,12.0,3.0,5.0,1.0,47.0,14.0,flat,semi-furnished,east,0,17.49182,78.32617
C70731622,unknown,unknown,14000000.0,2.0,1275.0,1275.0,,20.0,15.0,25.0,1.0,13.0,14.0,flat,semi-furnished,east,0,17.47078,78.30668
T70724228,unknown,unknown,4600000.0,2.0,1337.0,1337.0,,12.0,6.0,12.0,1.0,48.0,14.0,flat,semi-furnished,east,0,17.5316,78.26729
W70723978,unknown,unknown,5700000.0,3.0,1721.0,1721.0,,12.0,6.0,12.0,2.0,48.0,14.0,flat,semi-furnished,east,0,17.5316,78.26729
F70719796,mokila,mokila,20500000.0,3.0,2380.0,2380.0,,12.0,1.0,2.0,1.0,8.0,14.0,villa,furnished,east,0,17.428952,78.197469
K70714694,mokila,mokila,20300000.0,3.0,1602.0,1602.0,,0.0,1.0,2.0,1.0,0.0,14.0,villa,semi-furnished,east,0,17.443354,78.182044
X70711796,narsingi,narsingi,10400000.0,2.0,1250.0,1250.0,,20.0,9.0,9.0,1.0,12.0,14.0,flat,semi-furnished,east,0,17.3828053,78.3437872
R70710014,unknown,unknown,7700000.0,2.0,1155.0,1155.0,,12.0,5.0,9.0,1.0,50.0,14.0,flat,semi-furnished,east,0,17.517666,78.395903
D70682574,unknown,unknown,15000000.0,3.0,1496.0,1496.0,,0.0,13.0,15.0,2.0,15.0,14.0,flat,semi-furnished,east,1,17.4609913,78.3532083
W70683046,unknown,unknown,13400000.0,2.0,1340.0,1340.0,,0.0,8.0,25.0,1.0,13.0,14.0,flat,semi-furnished,east,1,17.47078,78.30668
R70682494,unknown,unknown,20400000.0,3.0,2040.0,2040.0,,0.0,14.0,25.0,2.0,13.0,14.0,flat,semi-furnished,east,1,17.47078,78.30668
C70682770,unknown,unknown,14800000.0,3.0,1490.0,1490.0,,0.0,18.0,20.0,1.0,15.0,14.0,flat,unfurnished,east,1,17.4609913,78.3532083
R70682614,unknown,unknown,18000000.0,3.0,1798.0,1798.0,,0.0,11.0,15.0,2.0,15.0,14.0,flat,semi-furnished,east,1,17.4609913,78.3532083
T70682822,unknown,unknown,19000000.0,3.0,1900.0,1900.0,,0.0,14.0,20.0,1.0,15.0,14.0,flat,semi-furnished,east,1,17.4609913,78.3532083
A70682664,unknown,unknown,12900000.0,2.0,1297.0,1297.0,,0.0,8.0,15.0,1.0,15.0,14.0,flat,semi-furnished,east,1,17.4609913,78.3532083
W70682424,unknown,unknown,19400000.0,3.0,1935.0,1935.0,,0.0,12.0,25.0,2.0,13.0,14.0,flat,semi-furnished,east,1,17.47078,78.30668
E70682316,unknown,unknown,18700000.0,3.0,1865.0,1865.0,,0.0,22.0,25.0,2.0,13.0,14.0,flat,unfurnished,east,1,17.47078,78.30668
B70682994,unknown,unknown,29000000.0,3.0,2440.0,2440.0,,0.0,8.0,21.0,2.0,11.0,14.0,flat,semi-furnished,east,1,17.464802,78.34477
T70682966,unknown,unknown,23100000.0,3.0,2315.0,2315.0,,0.0,14.0,21.0,2.0,11.0,14.0,flat,semi-furnished,east,1,17.4609913,78.3532083
C70679080,unknown,unknown,80000000.0,3.0,3430.0,3430.0,,0.0,20.0,36.0,1.0,13.0,14.0,flat,semi-furnished,west,0,17.430915,78.37728
L70667368,unknown,unknown,11800000.0,3.0,1685.0,1685.0,,0.0,9.0,14.0,2.0,32.0,14.0,flat,semi-furnished,west,1,17.41365,78.34361
G70667408,unknown,unknown,9520000.0,2.0,1360.0,1360.0,,0.0,8.0,14.0,1.0,32.0,14.0,flat,semi-furnished,west,1,17.41365,78.34361
B70667260,unknown,unknown,11299999.999999998,3.0,1620.0,1620.0,,0.0,8.0,14.0,1.0,32.0,14.0,flat,unfurnished,west,1,17.41365,78.34361
G70667812,unknown,unknown,16000000.0,3.0,1565.0,1565.0,,20.0,18.0,25.0,1.0,13.0,14.0,flat,semi-furnished,east,0,17.47078,78.30668
V70646890,unknown,unknown,41100000.0,3.0,238.0,238.0,,20.0,1.0,2.0,2.0,21.0,14.0,villa,semi-furnished,west,1,17.5554546,78.4867612
T70665334,unknown,unknown,7539000.0,2.0,1160.0,1160.0,,20.0,3.0,6.0,1.0,50.0,14.0,flat,semi-furnished,west,0,17.495438,78.2960172
M70662962,unknown,unknown,12700000.0,2.0,1275.0,1275.0,,0.0,8.0,25.0,1.0,13.0,14.0,flat,semi-furnished,north,1,17.47078,78.30668
A70645540,unknown,unknown,8500000.0,3.0,1362.0,1362.0,,20.0,3.0,5.0,2.0,0.0,14.0,flat,semi-furnished,west,0,,
E70638112,5th phase kphb,5th phase kphb,14000000.0,2.0,1476.0,1476.0,,0.0,5.0,35.0,2.0,8.0,21.0,flat,semi-furnished,east,0,17.475742,78.391786
P70628642,unknown,unknown,12400000.0,3.0,1513.0,1513.0,,20.0,5.0,5.0,1.0,50.0,21.0,flat,semi-furnished,east,0,17.47946,78.33037
B70595920,kollur,kollur,5499000.0,2.0,1375.0,1375.0,,12.0,16.0,32.0,1.0,0.0,21.0,flat,semi-furnished,east,0,17.443855,78.250431
C70589778,tellapur,tellapur,20300000.0,3.0,1602.0,1602.0,,20.0,1.0,2.0,1.0,17.0,21.0,villa,semi-furnished,east,0,17.4664197,78.285342
A70575576,chandanagar,chandanagar,7798999.999999999,2.0,1300.0,1300.0,,12.0,3.0,5.0,1.0,8.0,21.0,flat,semi-furnished,east,0,17.500911,78.324889
W70570240,5th phase kphb,5th phase kphb,14000000.0,2.0,1476.0,1476.0,,0.0,5.0,35.0,2.0,8.0,21.0,flat,semi-furnished,unknown,0,17.475742,78.391786
J70568672,unknown,unknown,18300000.0,4.0,2311.0,2311.0,,0.0,2.0,14.0,1.0,3.0,21.0,flat,semi-furnished,west,0,17.41214,78.36431
K70550116,unknown,unknown,13899999.999999998,3.0,1390.0,1390.0,,20.0,16.0,34.0,1.0,13.0,21.0,flat,semi-furnished,west,0,17.40223,78.3444
T70548822,unknown,unknown,25700000.0,3.0,2235.0,2235.0,,20.0,8.0,32.0,1.0,13.0,21.0,flat,semi-furnished,east,0,17.40223,78.3444
W70548420,unknown,unknown,43000000.0,3.0,267.0,267.0,,20.0,1.0,2.0,2.0,0.0,21.0,villa,semi-furnished,east,0,17.443855,78.250431
B70543854,unknown,unknown,20500000.0,3.0,1993.0,1993.0,,20.0,18.0,35.0,1.0,10.0,21.0,flat,semi-furnished,east,0,17.4359437,78.3416731
B70366912,unknown,unknown,23500000.0,3.0,1834.0,1834.0,,0.0,11.0,31.0,1.0,12.0,21.0,flat,furnished,north,1,17.3973794,78.3856447
P70537182,unknown,unknown,53000000.0,4.0,2403.0,2403.0,,0.0,1.0,2.0,2.0,0.0,21.0,villa,semi-furnished,west,0,,
J70534542,unknown,unknown,46000000.0,3.0,2876.0,2876.0,,12.0,15.0,35.0,2.0,10.0,21.0,flat,semi-furnished,west,0,17.4066129,78.3941767
U70517888,unknown,unknown,10500000.0,3.0,1384.0,1384.0,,0.0,12.0,14.0,1.0,3.0,21.0,flat,semi-furnished,west,0,17.41214,78.36431
G70511070,unknown,unknown,15700000.0,3.0,2215.0,2215.0,,12.0,5.0,14.0,1.0,12.0,21.0,flat,semi-furnished,west,0,17.3973794,78.3856447
M70327874,unknown,unknown,100000000.0,4.0,4000.0,4000.0,,2.5,1.0,2.0,2.0,26.0,21.0,villa,furnished,east,1,17.40223,78.3444
R70505650,unknown,unknown,15500000.0,3.0,1545.0,1545.0,,20.0,17.0,25.0,2.0,13.0,28.0,flat,semi-furnished,west,0,17.47078,78.30668
L70501662,patancheru,patancheru,16000000.0,4.0,2130.0,2130.0,,12.0,1.0,2.0,3.0,7.0,28.0,villa,semi-furnished,east,0,17.549646,78.269435
E70501274,mokila,mokila,20000000.0,3.0,2384.0,2384.0,,20.0,1.0,2.0,3.0,8.0,28.0,villa,semi-furnished,east,0,17.428952,78.197469
Q70479268,unknown,unknown,6988000.0,2.0,1205.0,1205.0,,20.0,4.0,9.0,1.0,10.0,28.0,flat,semi-furnished,west,0,17.5468498,78.3650231
H70418008,unknown,unknown,12200000.0,2.0,1360.0,1360.0,,0.0,8.0,14.0,1.0,12.0,30.0,flat,unfurnished,west,1,17.400112,78.3702
K70418024,unknown,unknown,16200000.000000002,3.0,1795.0,1795.0,,0.0,12.0,14.0,2.0,12.0,30.0,flat,unfurnished,east,1,17.3973794,78.3856447
D70469252,unknown,unknown,22000000.0,3.0,2275.0,2275.0,,20.0,10.0,15.0,1.0,15.0,30.0,flat,semi-furnished,east,0,17.4609913,78.3532083
H70440470,unknown,unknown,14300000.0,3.0,1545.0,1545.0,,20.0,16.0,22.0,1.0,9.0,30.0,flat,semi-furnished,west,0,17.47078,78.30668
R68989006,unknown,unknown,5650000.0,2.0,1150.0,1150.0,,20.0,3.0,5.0,2.0,49.0,30.0,flat,semi-furnished,north,0,17.5206695,78.323723
A69283230,unknown,unknown,18100000.0,3.0,2400.0,2400.0,,12.0,18.0,21.0,2.0,17.0,30.0,flat,semi-furnished,east,0,17.311940823733476,78.47302608769566
K69829686,unknown,unknown,60000000.0,4.0,3150.0,3150.0,,0.0,2.0,3.0,3.0,17.0,30.0,villa,semi-furnished,east,0,17.4664197,78.285342
S69851644,unknown,unknown,27700000.0,3.0,2390.0,2390.0,,20.0,14.0,21.0,2.0,11.0,30.0,flat,semi-furnished,west,0,17.4609913,78.3532083
S70244948,unknown,unknown,74900000.0,4.0,4159.0,4159.0,,20.0,2.0,3.0,2.0,15.0,30.0,villa,semi-furnished,east,0,17.4359437,78.3416731
Z70338180,unknown,unknown,23000000.0,3.0,1960.0,1960.0,,0.0,3.0,25.0,1.0,13.0,30.0,flat,semi-furnished,west,0,17.47078,78.30668
N70415930,unknown,unknown,23000000.0,3.0,1890.0,1890.0,,20.0,13.0,20.0,3.0,48.0,30.0,flat,furnished,east,0,17.42278,78.34724
L70403752,unknown,unknown,20100000.0,3.0,1825.0,1825.0,,0.0,11.0,21.0,2.0,11.0,30.0,flat,semi-furnished,east,1,17.4609913,78.3532083
W70403646,unknown,unknown,18700000.0,3.0,1700.0,1700.0,,0.0,12.0,15.0,2.0,48.0,30.0,flat,semi-furnished,east,1,17.46432,78.37295
Z70402940,unknown,unknown,17900000.0,3.0,1490.0,1490.0,,0.0,11.0,20.0,1.0,15.0,30.0,flat,semi-furnished,west,1,17.4609913,78.3532083
X70403962,unknown,unknown,20200000.0,3.0,1834.0,1834.0,,0.0,12.0,31.0,1.0,12.0,30.0,flat,semi-furnished,east,1,17.3973794,78.3856447
V70404086,unknown,unknown,15100000.0,3.0,1510.0,1510.0,,0.0,13.0,25.0,1.0,13.0,30.0,flat,semi-furnished,west,1,17.47078,78.30668
N70403610,unknown,unknown,18600000.0,3.0,1695.0,1695.0,,0.0,9.0,15.0,2.0,48.0,30.0,flat,semi-furnished,east,1,17.46432,78.37295
T70400836,unknown,unknown,15500000.0,2.0,1295.0,1295.0,,0.0,7.0,20.0,1.0,15.0,30.0,flat,semi-furnished,east,1,17.4609913,78.3532083
L70403838,unknown,unknown,23900000.0,3.0,2170.0,2170.0,,0.0,12.0,21.0,2.0,11.0,30.0,flat,semi-furnished,west,1,17.4609913,78.3532083
I70245208,unknown,unknown,11500000.0,3.0,1981.0,1981.0,,12.0,11.0,20.0,2.0,1.0,30.0,flat,semi-furnished,east,0,17.442196,78.280067
B70251664,unknown,unknown,17200000.0,3.0,1505.0,1505.0,,0.0,19.0,20.0,1.0,15.0,30.0,flat,furnished,west,0,17.4609913,78.3532083
H70392518,unknown,unknown,19400000.0,3.0,2160.0,2160.0,,20.0,2.0,10.0,2.0,50.0,30.0,flat,semi-furnished,north,0,17.416278,78.579471
Q70377796,unknown,unknown,13300000.0,3.0,1801.0,1801.0,,0.0,5.0,14.0,2.0,3.0,30.0,flat,semi-furnished,west,0,17.41214,78.36431
O70366462,unknown,unknown,55000000.0,4.0,2448.0,2448.0,,20.0,2.0,3.0,3.0,15.0,30.0,villa,semi-furnished,west,0,17.4664197,78.285342
J70365026,unknown,unknown,28000000.0,4.0,3737.0,3737.0,,12.0,1.0,2.0,2.0,0.0,30.0,villa,semi-furnished,unknown,0,,
E70353988,unknown,unknown,19100000.0,3.0,2125.0,2125.0,,20.0,6.0,10.0,2.0,49.0,30.0,flat,semi-furnished,east,0,17.4609913,78.3532083
F70259536,unknown,unknown,38500000.0,3.0,3473.0,3473.0,,0.0,5.0,5.0,2.0,42.0,30.0,flat,furnished,unknown,1,17.430185,78.370314
Q70335470,unknown,unknown,24700000.000000004,3.0,1585.0,1585.0,,20.0,27.0,32.0,1.0,13.0,30.0,flat,semi-furnished,west,0,17.40223,78.3444
E70252166,unknown,unknown,23500000.0,3.0,2235.0,2235.0,,0.0,23.0,32.0,1.0,13.0,30.0,flat,semi-furnished,east,1,17.463388,78.29396
A70306592,unknown,unknown,6800000.0,2.0,1215.0,1215.0,,12.0,8.0,17.0,1.0,0.0,30.0,flat,semi-furnished,north-east,0,,
N70279468,unknown,unknown,7800000.0,2.0,1300.0,1300.0,,12.0,2.0,5.0,1.0,8.0,30.0,flat,semi-furnished,east,0,17.500911,78.324889
Q70274172,unknown,unknown,18500000.0,3.0,1197.0,1197.0,,2.5,1.0,2.0,2.0,48.0,30.0,villa,semi-furnished,south,0,17.43993,78.49827
I70209158,unknown,unknown,14000000.0,5.0,1656.0,1656.0,,2.5,1.0,2.0,2.0,50.0,30.0,villa,semi-furnished,east,1,17.526495,78.5051
U69977514,unknown,unknown,15000000.0,4.0,990.0,990.0,,0.0,2.0,3.0,2.0,50.0,30.0,villa,semi-furnished,east,1,17.526495,78.5051
Z69977660,unknown,unknown,16000000.0,4.0,990.0,990.0,,0.0,2.0,3.0,2.0,50.0,30.0,villa,semi-furnished,west,1,17.526548,78.50529
X69975812,unknown,unknown,15000000.0,4.0,990.0,990.0,,0.0,2.0,3.0,3.0,50.0,30.0,villa,semi-furnished,east,1,17.526554,78.50513
M69953358,unknown,unknown,6000000.0,2.0,1031.0,1031.0,,0.0,2.0,3.0,1.0,50.0,30.0,flat,furnished,east,1,17.4930942,78.5036065
F70168548,unknown,unknown,5600000.0,2.0,1160.0,1160.0,,0.0,3.0,4.0,1.0,50.0,30.0,flat,semi-furnished,east,1,17.52403,78.50463
P70249964,unknown,unknown,23000000.0,3.0,1993.0,1993.0,,20.0,26.0,33.0,1.0,10.0,30.0,flat,semi-furnished,east,0,17.4359437,78.3416731
F70232014,unknown,unknown,20200000.0,3.0,2384.0,2384.0,,12.0,1.0,2.0,2.0,8.0,30.0,villa,semi-furnished,east,0,17.428952,78.197469
R70214250,unknown,unknown,53600000.0,3.0,2680.0,2680.0,,0.0,14.0,36.0,1.0,13.0,30.0,flat,semi-furnished,east,1,17.4480919,78.3787508
W70214178,unknown,unknown,51900000.00000001,3.0,2595.0,2595.0,,0.0,12.0,36.0,1.0,13.0,30.0,flat,semi-furnished,north,1,17.4480919,78.3787508
T70152912,unknown,unknown,24700000.000000004,3.0,2025.0,2025.0,,0.0,15.0,21.0,2.0,11.0,30.0,flat,semi-furnished,east,0,17.469719,78.35772
P70214764,unknown,unknown,16800000.0,3.0,1765.0,1765.0,,0.0,6.0,10.0,2.0,49.0,30.0,flat,semi-furnished,west,1,17.4609913,78.3532083
U70214826,unknown,unknown,18200000.0,3.0,1915.0,1915.0,,0.0,8.0,10.0,2.0,49.0,30.0,flat,semi-furnished,north,1,17.4609913,78.3532083
N70214698,unknown,unknown,16299999.999999998,3.0,1715.0,1715.0,,0.0,5.0,10.0,2.0,49.0,30.0,flat,semi-furnished,west,1,17.4609913,78.3532083
O70199416,unknown,unknown,36000000.0,4.0,3000.0,3000.0,,12.0,0.0,1.0,2.0,6.0,30.0,villa,semi-furnished,north-east,0,17.34259,78.396008
U70153030,unknown,unknown,26000000.0,3.0,2170.0,2170.0,,0.0,15.0,21.0,2.0,11.0,30.0,flat,semi-furnished,east,1,17.4609913,78.3532083
P70152796,unknown,unknown,21900000.0,3.0,1825.0,1825.0,,0.0,5.0,21.0,2.0,11.0,30.0,flat,semi-furnished,east,1,17.4609913,78.3532083
P70005200,unknown,unknown,21000000.0,3.0,1957.0,1957.0,,0.0,25.0,32.0,2.0,13.0,30.0,flat,semi-furnished,west,1,17.40223,78.3444
L70019388,unknown,unknown,15500000.0,3.0,1565.0,1565.0,,0.0,20.0,25.0,2.0,13.0,30.0,flat,semi-furnished,west,1,17.399403,78.36901
A70001824,unknown,unknown,22200000.000000004,3.0,1855.0,1855.0,,0.0,14.0,25.0,2.0,12.0,30.0,flat,semi-furnished,east,1,17.4609913,78.3532083
J70157804,unknown,unknown,23500000.0,3.0,1957.0,1957.0,,0.0,8.0,32.0,1.0,13.0,30.0,flat,semi-furnished,west,1,17.40223,78.3444
H70157658,unknown,unknown,14000000.0,2.0,1275.0,1275.0,,0.0,8.0,25.0,1.0,13.0,30.0,flat,unfurnished,west,1,17.469719,78.35772
R70157726,unknown,unknown,14400000.0,2.0,1305.0,1305.0,,0.0,8.0,25.0,2.0,13.0,30.0,flat,unfurnished,east,1,17.469719,78.35772
B70153252,unknown,unknown,21500000.0,3.0,1957.0,1957.0,,0.0,12.0,32.0,1.0,13.0,30.0,flat,semi-furnished,east,1,17.40223,78.3444
V70152970,unknown,unknown,24600000.0,3.0,2050.0,2050.0,,0.0,13.0,21.0,2.0,11.0,30.0,flat,semi-furnished,east,1,17.4609913,78.3532083
Y70152854,unknown,unknown,24800000.0,3.0,2065.0,2065.0,,0.0,12.0,21.0,2.0,11.0,30.0,flat,semi-furnished,east,1,17.469719,78.35772
H70153202,unknown,unknown,16900000.0,3.0,1540.0,1540.0,,0.0,13.0,25.0,2.0,13.0,30.0,flat,semi-furnished,east,1,17.47078,78.30668
J70156218,unknown,unknown,7728000.0,3.0,1680.0,1680.0,,12.0,6.0,12.0,2.0,50.0,30.0,flat,semi-furnished,unknown,0,17.47078,78.30668
Y70102350,czech colony,czech colony,12000000.0,3.0,1585.0,1585.0,,7.5,1.0,5.0,2.0,49.0,30.0,flat,semi-furnished,east,0,17.455364,78.438058
E70089224,unknown,unknown,14500000.0,3.0,1600.0,1600.0,,2.5,7.0,10.0,2.0,50.0,30.0,flat,furnished,unknown,0,17.473514,78.312623
U70082068,unknown,unknown,5687000.0,2.0,1197.0,1197.0,,12.0,3.0,5.0,1.0,6.0,30.0,flat,semi-furnished,east,0,17.529701,78.333031
I70028164,kollur,kollur,20300000.0,3.0,1602.0,1602.0,,20.0,1.0,2.0,1.0,0.0,30.0,villa,semi-furnished,east,0,17.443855,78.250431
Z70027742,unknown,unknown,20300000.0,3.0,2384.0,2384.0,,20.0,1.0,2.0,2.0,0.0,30.0,villa,semi-furnished,west,0,17.443354,78.182044
J70027470,unknown,unknown,23900000.0,3.0,2780.0,2780.0,,20.0,1.0,2.0,2.0,0.0,30.0,villa,semi-furnished,unknown,0,17.443354,78.182044
S70027332,unknown,unknown,20400000.0,3.0,2384.0,2384.0,,20.0,0.0,1.0,2.0,0.0,30.0,villa,semi-furnished,east,0,17.443354,78.182044
T70019464,unknown,unknown,52500000.0,3.0,2595.0,2595.0,,0.0,25.0,36.0,1.0,13.0,30.0,flat,furnished,west,0,17.4480919,78.3787508
C70009826,mokila,mokila,23700000.0,3.0,2780.0,2780.0,,20.0,1.0,2.0,1.0,0.0,30.0,villa,furnished,east,0,17.443354,78.182044
E70007624,gundlapochampalli,gundlapochampalli,21400000.0,4.0,3270.0,3270.0,,12.0,2.0,3.0,3.0,9.0,30.0,villa,semi-furnished,east,0,17.575957,78.471167
E69995946,sriram nagar,sriram nagar,11000000.0,3.0,1610.0,1610.0,,20.0,1.0,6.0,1.0,50.0,30.0,flat,semi-furnished,west,0,17.50064,78.42723
D69994326,mokila,mokila,20300000.0,3.0,1854.0,1854.0,,20.0,1.0,2.0,1.0,8.0,30.0,villa,semi-furnished,east,0,17.428952,78.197469
B69976170,mokila,mokila,23600000.0,3.0,1854.0,1854.0,,20.0,1.0,2.0,1.0,0.0,30.0,villa,furnished,unknown,0,17.443354,78.182044
A69960820,mokila,mokila,20500000.0,3.0,178.0,178.0,,20.0,1.0,2.0,1.0,0.0,30.0,villa,furnished,east,0,17.443354,78.182044
B69923274,unknown,unknown,7820999.999999999,2.0,1185.0,1185.0,,20.0,1.0,9.0,1.0,50.0,60.0,flat,semi-furnished,north,0,17.47105,78.310167
G69922860,unknown,unknown,7800000.0,3.0,1450.0,1450.0,,2.5,3.0,5.0,1.0,50.0,60.0,flat,furnished,unknown,0,17.458436,78.30638
X71026270,unknown,unknown,25500000.0,3.0,2125.0,2125.0,,20.0,5.0,30.0,1.0,8.0,0.0,flat,semi-furnished,east,0,17.400284,78.350663
K71026254,unknown,unknown,24900000.000000004,3.0,2075.0,2075.0,,20.0,20.0,30.0,1.0,8.0,0.0,flat,semi-furnished,west,0,17.400284,78.350663
D71007918,unknown,unknown,15000000.0,4.0,2025.0,2025.0,,0.0,0.0,,2.0,49.0,,villa,furnished,east,0,17.38504,78.48667
Z70971906,unknown,unknown,9500000.0,2.0,1345.0,1345.0,,20.0,5.0,5.0,1.0,5.0,3.0,flat,semi-furnished,east,0,17.509181,78.3521088
C70949450,unknown,unknown,26300000.0,3.0,2290.0,2290.0,,20.0,16.0,25.0,2.0,12.0,4.0,flat,semi-furnished,east,0,17.4609913,78.3532083
A69923784,unknown,unknown,10400000.0,3.0,1680.0,1680.0,,0.0,5.0,6.0,1.0,5.0,4.0,flat,furnished,east,1,17.3946444,78.357812
M70851446,unknown,unknown,12500000.0,2.0,1392.0,1392.0,,20.0,17.0,20.0,1.0,4.0,5.0,flat,furnished,east,1,17.3605187,78.3722118
L70895956,unknown,unknown,10900000.0,3.0,1880.0,1880.0,,12.0,7.0,10.0,1.0,1.0,7.0,flat,semi-furnished,east,0,17.442196,78.280067
A70895778,unknown,unknown,10900000.0,3.0,1875.0,1875.0,,12.0,9.0,10.0,1.0,1.0,7.0,flat,semi-furnished,west,0,17.442196,78.280067
A70895124,unknown,unknown,11900000.0,3.0,1981.0,1981.0,,12.0,7.0,22.0,1.0,1.0,7.0,flat,semi-furnished,east,0,17.442196,78.280067
N69185054,unknown,unknown,11000000.0,3.0,1836.0,1836.0,,12.0,9.0,22.0,1.0,1.0,7.0,flat,semi-furnished,east,0,17.442196,78.280067
D69219922,unknown,unknown,75000000.0,4.0,4550.0,4550.0,,20.0,2.0,3.0,3.0,1.0,7.0,villa,semi-furnished,west,0,17.450947,78.281192
B69725084,unknown,unknown,45000000.0,4.0,3416.0,3416.0,,20.0,2.0,3.0,3.0,3.0,7.0,villa,semi-furnished,east,0,17.461305,78.273389
H70888668,unknown,unknown,12700000.0,3.0,1585.0,1585.0,,12.0,10.0,16.0,2.0,49.0,7.0,flat,semi-furnished,east,0,17.4609913,78.3532083
V70888480,unknown,unknown,22800000.0,3.0,2048.0,2048.0,,12.0,15.0,34.0,2.0,13.0,7.0,flat,semi-furnished,west,0,17.396947,78.340246
Q69173592,unknown,unknown,23000000.0,3.0,2048.0,2048.0,,12.0,22.0,34.0,1.0,13.0,7.0,flat,semi-furnished,west,0,17.396947,78.340246
L70887072,unknown,unknown,9807000.0,3.0,1508.0,1508.0,,12.0,25.0,42.0,1.0,50.0,7.0,flat,semi-furnished,east,0,17.509181,78.3521088
E70881482,unknown,unknown,7900000.0,3.0,1450.0,1450.0,,20.0,1.0,5.0,1.0,47.0,7.0,flat,semi-furnished,east,1,17.4794485,78.5914228
L70865482,unknown,unknown,17000000.0,3.0,1535.0,1535.0,,20.0,6.0,18.0,1.0,10.0,7.0,flat,semi-furnished,east,0,17.3923634,78.3621784
Q70846692,unknown,unknown,13700000.000000002,3.0,1960.0,1960.0,,12.0,5.0,8.0,3.0,15.0,7.0,flat,semi-furnished,west,0,17.40223,78.3444
X70795516,unknown,unknown,11399999.999999998,2.0,1397.0,1397.0,,20.0,14.0,14.0,1.0,5.0,7.0,flat,semi-furnished,west,1,17.3820898,78.3465208
H70832566,unknown,unknown,4500000.0,2.0,1220.0,1220.0,,20.0,2.0,4.0,1.0,10.0,7.0,flat,semi-furnished,east,1,17.4615043,78.6295919
C70154960,unknown,unknown,7198999.999999999,2.0,1200.0,1200.0,,20.0,3.0,5.0,2.0,47.0,7.0,flat,semi-furnished,east,1,17.4991116,78.317176
X70824538,unknown,unknown,15500000.0,3.0,1825.0,1825.0,,12.0,22.0,26.0,1.0,12.0,7.0,flat,semi-furnished,west,0,17.4692958,78.333071
B70824486,unknown,unknown,11800000.0,2.0,1440.0,1440.0,,12.0,14.0,35.0,1.0,12.0,7.0,flat,semi-furnished,west,0,17.4692958,78.333071
P70824380,unknown,unknown,22500000.0,3.0,2355.0,2355.0,,20.0,24.0,35.0,1.0,12.0,7.0,flat,semi-furnished,east,0,17.4692958,78.333071
K70804576,unknown,unknown,22500000.0,3.0,2320.0,2320.0,,20.0,4.0,15.0,3.0,9.0,7.0,flat,furnished,west,1,17.4432175,78.2770726
H70447710,unknown,unknown,22000000.0,3.0,1855.0,1855.0,,0.0,10.0,25.0,1.0,12.0,7.0,flat,semi-furnished,east,1,17.4609913,78.3532083
M70581940,unknown,unknown,9990000.0,3.0,1198.0,1198.0,,0.0,20.0,24.0,1.0,14.0,7.0,flat,semi-furnished,west,1,17.411744,78.341175
P70730938,unknown,unknown,59500000.0,4.0,3966.0,3966.0,,0.0,0.0,,2.0,0.0,14.0,villa,semi-furnished,east,0,17.436222,78.238903
R70708462,unknown,unknown,8500000.0,3.0,1500.0,1500.0,,0.0,2.0,4.0,1.0,49.0,14.0,flat,furnished,west,1,17.5076858,78.3378883
L70702062,unknown,unknown,13200000.0,3.0,1700.0,1700.0,,2.5,2.0,5.0,3.0,50.0,14.0,flat,furnished,north,1,17.4352458,78.4311165
I70655572,unknown,unknown,24400000.0,10.0,3456.0,3456.0,,0.0,1.0,2.0,3.0,6.0,14.0,villa,furnished,unknown,0,17.548606,78.210422
T70612500,unknown,unknown,15000000.0,3.0,2040.0,2040.0,,20.0,0.0,1.0,1.0,23.0,21.0,villa,semi-furnished,east,1,17.4692968,78.6135607
J70609040,unknown,unknown,15600000.0,3.0,2600.0,2600.0,,20.0,1.0,4.0,2.0,46.0,21.0,flat,semi-furnished,north,0,17.4769491,78.5598292
K70569550,unknown,unknown,4600000.0,2.0,1220.0,1220.0,,20.0,1.0,5.0,1.0,5.0,21.0,flat,semi-furnished,east,1,17.5030809,78.6287025
T70568846,unknown,unknown,9860000.0,3.0,1700.0,1700.0,,12.0,7.0,14.0,1.0,11.0,21.0,flat,semi-furnished,west,0,17.51003,78.24035
W70374006,unknown,unknown,37500000.0,4.0,2885.0,2885.0,,0.0,0.0,,2.0,0.0,21.0,villa,semi-furnished,west,1,17.4421911,78.2689383
K70563150,unknown,unknown,40100000.0,4.0,3085.0,3085.0,,0.0,0.0,,2.0,0.0,21.0,villa,semi-furnished,west,0,17.436222,78.238903
K70562376,unknown,unknown,35500000.0,4.0,2928.0,2928.0,,12.0,14.0,42.0,2.0,12.0,21.0,flat,semi-furnished,east,0,17.4480919,78.3787508
H70557996,gachibowli,gachibowli,17000000.0,3.0,1845.0,1845.0,,0.0,2.0,12.0,2.0,15.0,21.0,flat,furnished,west,0,17.4359437,78.3416731
I70538926,unknown,unknown,17500000.0,3.0,2081.0,2081.0,,2.5,8.0,35.0,1.0,50.0,21.0,flat,furnished,west,1,17.4011618,78.37569
G70542912,unknown,unknown,9600000.0,2.0,1210.0,1210.0,,0.0,2.0,5.0,1.0,50.0,21.0,flat,semi-furnished,east,0,17.4011618,78.37569
Q69220124,unknown,unknown,72500000.0,4.0,4550.0,4550.0,,20.0,2.0,3.0,3.0,1.0,28.0,villa,semi-furnished,west,0,17.450947,78.281192
D69221468,unknown,unknown,,4.0,8000.0,8000.0,,20.0,2.0,3.0,4.0,4.0,28.0,villa,furnished,north,0,17.385392,78.33106
J69262762,unknown,unknown,33000000.0,4.0,3788.0,3788.0,,12.0,1.0,2.0,3.0,0.0,28.0,villa,semi-furnished,west,0,17.42169,78.21842
I69262836,unknown,unknown,35000000.0,4.0,3788.0,3788.0,,12.0,1.0,2.0,3.0,0.0,28.0,villa,semi-furnished,east,0,17.42169,78.21842
J69281446,unknown,unknown,23500000.0,4.0,2700.0,2700.0,,0.0,1.0,5.0,2.0,42.0,28.0,flat,furnished,east,0,17.4559433,78.3701241
O69236124,unknown,unknown,9500000.0,3.0,1325.0,1325.0,,0.0,4.0,5.0,1.0,50.0,28.0,flat,furnished,west,0,17.464303,78.305173
A70484096,unknown,unknown,12200000.0,3.0,1470.0,1470.0,,12.0,21.0,35.0,1.0,13.0,28.0,flat,semi-furnished,east,0,17.40223,78.3444
K70484014,unknown,unknown,8922000.0,2.0,1075.0,1075.0,,12.0,20.0,35.0,1.0,13.0,28.0,flat,semi-furnished,east,0,17.40223,78.3444
F70477162,unknown,unknown,9200000.0,2.0,1233.0,1233.0,,12.0,3.0,9.0,1.0,3.0,28.0,flat,semi-furnished,west,0,17.40223,78.3444
L70422894,unknown,unknown,7200000.0,2.0,1200.0,1200.0,,2.5,4.0,4.0,1.0,50.0,30.0,flat,furnished,south,1,17.4537795,78.527185
G70417440,unknown,unknown,10600000.0,3.0,1678.0,1678.0,,12.0,12.0,22.0,2.0,13.0,30.0,flat,semi-furnished,east,0,17.4359437,78.3416731
I70417428,unknown,unknown,11200000.000000002,3.0,1540.0,1540.0,,12.0,10.0,40.0,2.0,15.0,30.0,flat,semi-furnished,east,0,17.3923634,78.3621784
X70373720,unknown,unknown,13000000.0,3.0,2600.0,2600.0,,20.0,1.0,5.0,3.0,46.0,30.0,flat,semi-furnished,west,1,17.4963594,78.5580901
K70400166,unknown,unknown,16900000.0,3.0,2560.0,2560.0,,0.0,0.0,,2.0,10.0,30.0,villa,semi-furnished,unknown,0,17.16648,78.45784
R70400094,unknown,unknown,18800000.0,3.0,2800.0,2800.0,,0.0,0.0,,2.0,10.0,30.0,villa,semi-furnished,west,0,17.16648,78.45784
G70373904,unknown,unknown,84100000.0,4.0,6476.0,6476.0,,12.0,0.0,,2.0,0.0,30.0,villa,semi-furnished,east,0,17.43932,78.24244
Y70373860,unknown,unknown,27000000.0,3.0,2680.0,2680.0,,20.0,6.0,15.0,3.0,8.0,30.0,flat,semi-furnished,east,0,17.411744,78.341175
D70373734,unknown,unknown,44700000.0,4.0,4340.0,4340.0,,20.0,3.0,15.0,3.0,8.0,30.0,flat,semi-furnished,west,0,17.411744,78.341175
W70368332,unknown,unknown,13500000.0,3.0,1566.0,1566.0,,20.0,1.0,2.0,2.0,1.0,30.0,villa,semi-furnished,west,0,17.509668,78.196121
C70367992,unknown,unknown,13500000.0,3.0,1566.0,1566.0,,20.0,1.0,2.0,2.0,1.0,30.0,villa,semi-furnished,west,0,17.509668,78.196121
R70367886,unknown,unknown,19100000.0,3.0,2014.0,2014.0,,20.0,2.0,15.0,2.0,33.0,30.0,flat,semi-furnished,west,0,17.411744,78.341175
Y70366284,nanakramguda,nanakramguda,22600000.0,3.0,1890.0,1890.0,,20.0,13.0,20.0,3.0,48.0,30.0,flat,furnished,north,0,17.42278,78.34724
W70235344,unknown,unknown,14000000.0,3.0,1801.0,1801.0,,2.5,5.0,13.0,1.0,47.0,30.0,flat,semi-furnished,west,1,17.4359437,78.3416731
D70353530,unknown,unknown,6300000.0,1.0,648.0,648.0,,0.0,0.0,1.0,0.0,17.0,30.0,villa,semi-furnished,west,0,17.311940823733476,78.47302608769566
K70041130,unknown,unknown,15700000.0,3.0,2210.0,2210.0,,0.0,9.0,15.0,3.0,9.0,30.0,flat,furnished,east,0,17.463388,78.29396
A70257638,unknown,unknown,14700000.0,3.0,1400.0,1400.0,,0.0,4.0,9.0,1.0,45.0,30.0,flat,furnished,east,1,17.4178862,78.3641592
I70281336,unknown,unknown,23000000.0,3.0,2235.0,2235.0,,12.0,28.0,32.0,1.0,13.0,30.0,flat,semi-furnished,east,0,17.40223,78.3444
E70279270,unknown,unknown,16900000.0,4.0,2865.0,2865.0,,12.0,1.0,2.0,3.0,1.0,30.0,villa,semi-furnished,east,0,17.591122,78.569709
R70278714,unknown,unknown,20600000.0,4.0,3478.0,3478.0,,12.0,1.0,2.0,3.0,1.0,30.0,villa,semi-furnished,east,0,17.591122,78.569709
C70275120,unknown,unknown,22700000.0,3.0,2048.0,2048.0,,12.0,12.0,34.0,1.0,13.0,30.0,flat,semi-furnished,west,0,17.396947,78.340246
S70007362,unknown,unknown,15000000.0,3.0,2000.0,2000.0,,0.0,5.0,22.0,1.0,13.0,30.0,flat,semi-furnished,west,1,17.4359437,78.3416731
J70049144,unknown,unknown,8600000.0,3.0,1706.0,1706.0,,0.0,4.0,5.0,1.0,10.0,30.0,flat,semi-furnished,east,1,17.443855,78.250431
I70239306,unknown,unknown,53400000.0,4.0,4104.0,4104.0,,0.0,0.0,,2.0,0.0,30.0,villa,semi-furnished,west,0,17.436222,78.238903
O70204680,unknown,unknown,74900000.0,4.0,4159.0,4159.0,,12.0,2.0,3.0,2.0,15.0,30.0,villa,semi-furnished,west,0,17.477174,78.314374
S70168514,unknown,unknown,29000000.0,4.0,2321.0,2321.0,,0.0,0.0,,2.0,0.0,30.0,villa,semi-furnished,east,0,17.436222,78.238903
S70154006,unknown,unknown,6700000.0,2.0,1050.0,1050.0,,20.0,1.0,4.0,1.0,50.0,30.0,flat,semi-furnished,east,1,17.4318182,78.5172156
G70147976,puppalaguda,puppalaguda,15000000.0,2.0,1314.0,1314.0,,0.0,9.0,31.0,1.0,12.0,30.0,flat,furnished,east,0,17.3973794,78.3856447
G70112894,unknown,unknown,9590000.0,3.0,1390.0,1390.0,,12.0,10.0,16.0,2.0,25.0,30.0,flat,semi-furnished,east,0,17.3923634,78.3621784
Z70112672,unknown,unknown,9486000.0,2.0,1375.0,1375.0,,12.0,6.0,16.0,1.0,25.0,30.0,flat,semi-furnished,east,0,17.3923634,78.3621784
P70100364,unknown,unknown,8204000.000000001,3.0,1465.0,1465.0,,12.0,8.0,12.0,2.0,8.0,30.0,flat,semi-furnished,east,0,17.349758,78.360196
F70100324,unknown,unknown,6926000.000000001,2.0,1100.0,1100.0,,12.0,10.0,22.0,1.0,13.0,30.0,flat,semi-furnished,east,0,17.4359437,78.3416731
A70100316,unknown,unknown,14700000.0,4.0,2338.0,2338.0,,12.0,10.0,22.0,2.0,13.0,30.0,flat,semi-furnished,east,0,17.4359437,78.3416731
U70010692,unknown,unknown,11000000.0,3.0,1670.0,1670.0,,2.5,11.0,12.0,2.0,48.0,30.0,flat,semi-furnished,west,1,17.41214,78.36431
M70077878,kothapet,kothapet,42000000.0,2.0,3150.0,3150.0,,7.5,0.0,1.0,1.0,50.0,30.0,villa,furnished,unknown,0,17.3761525,78.5462098
P70011508,unknown,unknown,12500000.0,3.0,1384.0,1384.0,,2.5,5.0,13.0,1.0,47.0,30.0,flat,furnished,east,0,17.4359437,78.3416731
Y70003872,unknown,unknown,22200000.000000004,3.0,1855.0,1855.0,,12.0,11.0,25.0,1.0,12.0,30.0,flat,semi-furnished,north,0,17.45753,78.36247
Z70000666,unknown,unknown,16800000.0,3.0,1505.0,1505.0,,20.0,19.0,20.0,1.0,15.0,30.0,flat,furnished,west,0,17.464041,78.337481
U69992810,unknown,unknown,18000000.0,3.0,1600.0,1600.0,,20.0,20.0,31.0,1.0,15.0,30.0,flat,furnished,north,0,17.42278,78.34724
H69966454,unknown,unknown,20500000.0,3.0,1993.0,1993.0,,20.0,18.0,35.0,2.0,10.0,30.0,flat,semi-furnished,east,0,17.41341,78.339447
K69945124,unknown,unknown,83100000.0,4.0,6391.0,6391.0,,12.0,0.0,,2.0,0.0,30.0,villa,semi-furnished,west,0,17.43932,78.24244
N69944628,unknown,unknown,110700000.0,4.0,8515.0,8515.0,,12.0,0.0,,2.0,0.0,30.0,villa,semi-furnished,east,0,17.43932,78.24244
Y69944382,unknown,unknown,76300000.0,4.0,5873.0,5873.0,,12.0,1.0,2.0,2.0,0.0,30.0,villa,semi-furnished,west,0,17.43932,78.24244
Y69943744,unknown,unknown,17800000.0,3.0,2435.0,2435.0,,12.0,4.0,9.0,2.0,11.0,30.0,flat,semi-furnished,west,0,17.39382,78.33795
M69943456,unknown,unknown,13000000.0,3.0,1775.0,1775.0,,12.0,5.0,9.0,1.0,11.0,30.0,flat,semi-furnished,east,0,17.39382,78.33795
V69311674,unknown,unknown,38500000.0,4.0,3076.0,3076.0,,0.0,1.0,2.0,2.0,0.0,30.0,villa,semi-furnished,west,1,17.436222,78.238903
Q69279432,unknown,unknown,14600000.0,2.0,1314.0,1314.0,,20.0,21.0,31.0,1.0,12.0,30.0,flat,furnished,east,0,17.3973794,78.3856447
K69145778,unknown,unknown,33300000.0,4.0,4275.0,4275.0,,12.0,1.0,2.0,3.0,0.0,30.0,villa,semi-furnished,west,0,17.443354,78.182044
M70929608,unknown,unknown,14100000.0,2.0,1340.0,1340.0,,20.0,5.0,18.0,2.0,12.0,5.0,flat,semi-furnished,east,0,17.4609913,78.3532083
L70870202,unknown,unknown,9000000.0,2.0,1250.0,1250.0,,20.0,7.0,9.0,2.0,12.0,7.0,flat,semi-furnished,east,0,17.3923634,78.3621784
I70859292,unknown,unknown,9268000.0,3.0,1685.0,1685.0,,12.0,9.0,12.0,2.0,49.0,7.0,flat,semi-furnished,east,0,17.38504,78.48667
U70803962,unknown,unknown,12300000.0,3.0,1750.0,1750.0,,20.0,8.0,9.0,2.0,12.0,7.0,flat,semi-furnished,west,0,17.3923634,78.3621784
R51283304,bandam kommu,bandam kommu,14500000.0,3.0,1665.0,1665.0,,20.0,6.0,13.0,1.0,47.0,7.0,flat,semi-furnished,west,0,17.5034194,78.3262573
X70727930,unknown,unknown,25000000.0,3.0,2000.0,2000.0,,2.5,1.0,2.0,2.0,50.0,14.0,villa,furnished,west,0,17.5179636,78.3813785
C70665622,unknown,unknown,325500000.0,3.0,3255.0,3255.0,,0.0,10.0,20.0,2.0,48.0,14.0,flat,semi-furnished,east,0,17.42278,78.34724
E70265578,unknown,unknown,33000000.0,3.0,2490.0,2490.0,,0.0,9.0,15.0,3.0,26.0,30.0,flat,furnished,west,0,17.40223,78.3444
D70177538,unknown,unknown,24000000.0,3.0,2075.0,2075.0,,20.0,18.0,30.0,1.0,8.0,30.0,flat,semi-furnished,east,0,17.3923634,78.3621784
K70174246,unknown,unknown,24000000.0,3.0,2125.0,2125.0,,20.0,3.0,30.0,1.0,8.0,30.0,flat,semi-furnished,west,0,17.3923634,78.3621784
V70608172,unknown,unknown,21000000.0,3.0,2230.0,2230.0,,20.0,10.0,31.0,2.0,13.0,21.0,flat,semi-furnished,east,1,17.4654443,78.4017102
O70373750,unknown,unknown,19000000.0,3.0,2220.0,2220.0,,20.0,27.0,31.0,1.0,13.0,30.0,flat,semi-furnished,west,1,17.4660065,78.4270835
M70298190,unknown,unknown,17400000.0,3.0,1663.0,1663.0,,0.0,5.0,5.0,1.0,45.0,30.0,flat,semi-furnished,north,1,17.4473984,78.3996337
X70280642,unknown,unknown,20800000.0,3.0,2230.0,2230.0,,20.0,7.0,31.0,2.0,13.0,30.0,flat,semi-furnished,east,1,17.465172,78.4073071
T70152592,unknown,unknown,22500000.0,3.0,2230.0,2230.0,,20.0,15.0,31.0,2.0,13.0,30.0,flat,semi-furnished,east,1,17.4647856,78.4005796
B70047580,unknown,unknown,16800000.0,3.0,1650.0,1650.0,,20.0,14.0,31.0,1.0,13.0,30.0,flat,semi-furnished,east,0,17.4480919,78.3787508
N69977400,unknown,unknown,11500000.0,2.0,1160.0,1160.0,,20.0,17.0,31.0,1.0,13.0,30.0,flat,semi-furnished,east,1,17.4662557,78.4075027
L69976956,unknown,unknown,13000000.0,3.0,1400.0,1400.0,,20.0,25.0,31.0,1.0,13.0,30.0,flat,semi-furnished,north,1,17.4563946,78.4049347
B69973336,unknown,unknown,34000000.0,4.0,3360.0,3360.0,,20.0,30.0,31.0,2.0,13.0,30.0,flat,semi-furnished,east,1,17.4656408,78.4072899
J69935770,unknown,unknown,19000000.0,3.0,1490.0,1490.0,,0.0,7.0,20.0,1.0,15.0,30.0,flat,furnished,east,0,17.4609913,78.3532083
A70288150,unknown,unknown,14300000.0,3.0,1950.0,1950.0,,12.0,9.0,14.0,1.0,12.0,30.0,flat,semi-furnished,unknown,0,17.3973794,78.3856447
N70891602,unknown,unknown,10000000.0,4.0,1080.0,1080.0,,20.0,1.0,2.0,1.0,50.0,7.0,villa,semi-furnished,north-east,0,17.536121,78.289779
E70816062,unknown,unknown,18900000.0,3.0,3000.0,3000.0,,12.0,19.0,40.0,2.0,25.0,7.0,flat,semi-furnished,east,0,17.3923634,78.3621784
K70898750,unknown,unknown,35000000.0,4.0,3500.0,3500.0,,12.0,2.0,3.0,3.0,50.0,7.0,villa,semi-furnished,east,0,17.3697735,78.5618265
I70844138,unknown,unknown,4180000.0,2.0,1100.0,1100.0,,12.0,3.0,5.0,2.0,13.0,7.0,flat,semi-furnished,east,0,17.5789054,78.4268758
Z70833522,unknown,unknown,19800000.0,4.0,3040.0,3040.0,,12.0,2.0,3.0,3.0,3.0,7.0,villa,semi-furnished,east,0,17.47661,78.173427
N70592110,unknown,unknown,6720000.0,3.0,1600.0,1600.0,,12.0,5.0,23.0,3.0,11.0,21.0,flat,semi-furnished,east,0,17.5316,78.26729
T70491644,unknown,unknown,31000000.0,4.0,3392.0,3392.0,,12.0,2.0,3.0,2.0,0.0,28.0,villa,semi-furnished,east,0,17.443855,78.250431
X70442530,unknown,unknown,35000000.0,4.0,5000.0,5000.0,,12.0,1.0,2.0,3.0,47.0,30.0,villa,semi-furnished,east,0,17.4359437,78.3416731
K70442276,unknown,unknown,21000000.0,4.0,2500.0,2500.0,,12.0,1.0,2.0,3.0,4.0,30.0,villa,unfurnished,east,0,17.56162,78.40555
Z70395618,unknown,unknown,21000000.0,3.0,2900.0,2900.0,,20.0,1.0,2.0,3.0,50.0,30.0,villa,semi-furnished,east,0,17.509181,78.3521088
R70386744,unknown,unknown,9500000.0,3.0,1725.0,1725.0,,12.0,2.0,2.0,3.0,13.0,30.0,flat,semi-furnished,east,0,17.5789054,78.4268758
R70372042,unknown,unknown,11600000.0,3.0,2000.0,2000.0,,12.0,5.0,38.0,2.0,50.0,30.0,flat,semi-furnished,east,0,17.495438,78.2960172
T70371952,unknown,unknown,7540000.000000001,2.0,1300.0,1300.0,,12.0,5.0,38.0,2.0,50.0,30.0,flat,semi-furnished,east,0,17.495438,78.2960172
U70323056,unknown,unknown,6900000.0,2.0,1250.0,1250.0,,12.0,4.0,17.0,2.0,47.0,30.0,flat,semi-furnished,east,0,17.4359437,78.3416731
Z70312196,unknown,unknown,8000000.0,2.0,1260.0,1260.0,,12.0,4.0,10.0,2.0,50.0,30.0,flat,semi-furnished,east,0,17.5203424,78.3970205
O70312188,unknown,unknown,3960000.0,2.0,1100.0,1100.0,,12.0,2.0,5.0,2.0,50.0,30.0,flat,semi-furnished,west,0,17.5179636,78.3813785
M70308224,unknown,unknown,5600000.0,3.0,1400.0,1400.0,,12.0,3.0,5.0,2.0,6.0,30.0,flat,semi-furnished,east,0,17.5564,78.36389
D70307740,unknown,unknown,3960000.0,2.0,1100.0,1100.0,,12.0,2.0,5.0,2.0,10.0,30.0,flat,semi-furnished,east,0,17.5468498,78.3650231
T70307518,unknown,unknown,35000000.0,5.0,4900.0,4900.0,,12.0,2.0,3.0,3.0,0.0,30.0,villa,semi-furnished,east,0,17.443354,78.182044
Z70307406,unknown,unknown,17000000.0,4.0,2450.0,2450.0,,12.0,2.0,3.0,3.0,50.0,30.0,villa,semi-furnished,east,0,17.5090182,78.3001801
V69928160,unknown,unknown,8000000.0,3.0,100.0,100.0,,0.0,0.0,1.0,2.0,36.0,30.0,villa,semi-furnished,east,1,17.397509,78.614876
N70596530,unknown,unknown,5536000.0,2.0,1320.0,1320.0,,12.0,4.0,14.0,2.0,37.0,21.0,flat,semi-furnished,north-east,0,17.538237,78.480804
V70559630,unknown,unknown,13500000.0,3.0,1800.0,1800.0,,20.0,1.0,5.0,3.0,46.0,21.0,flat,semi-furnished,unknown,0,17.4164707,78.4382469
Z70076866,unknown,unknown,22000000.0,4.0,3080.0,3080.0,,12.0,2.0,3.0,3.0,3.0,30.0,villa,semi-furnished,east,0,17.20869,78.47603
M70625658,unknown,unknown,13600000.000000002,2.0,1290.0,1290.0,,12.0,16.0,25.0,1.0,12.0,21.0,flat,semi-furnished,west,0,17.45753,78.36247
D70625400,unknown,unknown,17000000.0,3.0,2050.0,2050.0,,12.0,7.0,27.0,2.0,10.0,21.0,flat,semi-furnished,west,0,17.46658,78.411635
Y70334760,unknown,unknown,20500000.0,3.0,2220.0,2220.0,,20.0,25.0,31.0,1.0,13.0,21.0,flat,semi-furnished,west,1,17.4656832,78.4077025
H70239546,unknown,unknown,19000000.0,3.0,2000.0,2000.0,,20.0,17.0,31.0,2.0,13.0,30.0,flat,semi-furnished,west,0,17.465823,78.407845
V70080546,unknown,unknown,15000000.0,3.0,1700.0,1700.0,,12.0,9.0,27.0,1.0,10.0,30.0,flat,semi-furnished,west,0,17.46658,78.411635
T70741994,mallampet,mallampet,6000000.0,2.0,1145.0,1145.0,,20.0,4.0,5.0,2.0,9.0,14.0,flat,semi-furnished,north-east,0,17.5564,78.36389
L71009768,unknown,unknown,28500000.0,4.0,2713.0,2713.0,,20.0,21.0,35.0,3.0,10.0,,flat,semi-furnished,east,0,17.41341,78.339447
P71009658,unknown,unknown,20900000.0,3.0,1993.0,1993.0,,20.0,29.0,35.0,1.0,10.0,,flat,semi-furnished,east,0,17.41341,78.339447
F70891048,unknown,unknown,29800000.0,4.0,2713.0,2713.0,,20.0,20.0,35.0,3.0,10.0,7.0,flat,semi-furnished,west,0,17.41341,78.339447
V70890998,unknown,unknown,30900000.0,4.0,2848.0,2848.0,,20.0,30.0,35.0,3.0,10.0,7.0,flat,semi-furnished,north,0,17.41341,78.339447
P70890992,unknown,unknown,42100000.0,3.0,4070.0,4070.0,,20.0,6.0,35.0,2.0,10.0,7.0,flat,semi-furnished,north,0,17.41341,78.339447
Q70890986,unknown,unknown,19100000.0,3.0,1742.0,1742.0,,20.0,16.0,35.0,1.0,10.0,7.0,flat,semi-furnished,west,0,17.41341,78.339447
U70890978,unknown,unknown,15800000.0,2.0,1492.0,1492.0,,20.0,20.0,35.0,1.0,10.0,7.0,flat,semi-furnished,west,0,17.41341,78.339447
B70890972,unknown,unknown,14700000.0,2.0,1283.0,1283.0,,20.0,8.0,35.0,1.0,10.0,7.0,flat,semi-furnished,north-east,0,17.41341,78.339447
I70890866,unknown,unknown,21100000.0,3.0,1993.0,1993.0,,20.0,30.0,35.0,1.0,10.0,7.0,flat,semi-furnished,east,0,17.41341,78.339447
S70814576,unknown,unknown,14700000.0,2.0,1283.0,1283.0,,20.0,31.0,35.0,1.0,10.0,7.0,flat,semi-furnished,east,0,17.41341,78.339447
S70746762,unknown,unknown,17500000.0,2.0,1492.0,1492.0,,20.0,4.0,35.0,1.0,10.0,14.0,flat,semi-furnished,unknown,0,17.41341,78.339447
S70623836,unknown,unknown,25000000.0,4.0,2708.0,2708.0,,12.0,11.0,36.0,3.0,13.0,21.0,flat,semi-furnished,east,0,17.402291123438,78.338167423361
Q70623084,unknown,unknown,40000000.0,3.0,4069.0,4069.0,,20.0,21.0,35.0,2.0,10.0,21.0,flat,semi-furnished,north-east,0,17.41341,78.339447
K70623064,unknown,unknown,44000000.0,3.0,4070.0,4070.0,,20.0,9.0,35.0,2.0,10.0,21.0,flat,semi-furnished,north,0,17.41341,78.339447
F70623044,unknown,unknown,30500000.0,4.0,2848.0,2848.0,,20.0,17.0,35.0,3.0,10.0,21.0,flat,semi-furnished,unknown,0,17.41341,78.339447
B70623026,unknown,unknown,29300000.0,4.0,2729.0,2729.0,,20.0,20.0,35.0,2.0,10.0,21.0,flat,semi-furnished,unknown,0,17.41341,78.339447
P70622344,unknown,unknown,20800000.0,3.0,1993.0,1993.0,,20.0,3.0,35.0,1.0,10.0,21.0,flat,semi-furnished,east,0,17.41341,78.339447
K70622324,unknown,unknown,18600000.0,3.0,1742.0,1742.0,,20.0,9.0,35.0,1.0,10.0,21.0,flat,semi-furnished,west,0,17.41341,78.339447
H70611790,unknown,unknown,15900000.0,2.0,1492.0,1492.0,,20.0,8.0,35.0,1.0,10.0,21.0,flat,semi-furnished,west,0,17.41341,78.339447
N70611712,unknown,unknown,13700000.000000002,2.0,1283.0,1283.0,,20.0,17.0,35.0,1.0,10.0,21.0,flat,semi-furnished,east,0,17.41341,78.339447
B70371342,unknown,unknown,16000000.0,3.0,2050.0,2050.0,,20.0,7.0,9.0,2.0,12.0,30.0,flat,semi-furnished,east,0,17.3828053,78.3437872
X70371230,unknown,unknown,13500000.0,3.0,1717.0,1717.0,,20.0,8.0,9.0,2.0,15.0,30.0,flat,semi-furnished,west,0,17.3828053,78.3437872
H70371208,unknown,unknown,20500000.0,3.0,2160.0,2160.0,,20.0,2.0,9.0,1.0,4.0,30.0,flat,semi-furnished,north,0,17.384283,78.328435
I70370528,unknown,unknown,22100000.0,4.0,2708.0,2708.0,,12.0,12.0,36.0,3.0,13.0,30.0,flat,semi-furnished,north-east,0,17.402291123438,78.338167423361
R70370494,unknown,unknown,14700000.0,3.0,1796.0,1796.0,,12.0,28.0,36.0,2.0,13.0,30.0,flat,semi-furnished,east,0,17.402291123438,78.338167423361
B70370468,unknown,unknown,17600000.0,3.0,2124.0,2124.0,,12.0,16.0,36.0,2.0,13.0,30.0,flat,semi-furnished,west,0,17.402291123438,78.338167423361
D70370430,unknown,unknown,40900000.0,3.0,4069.0,4069.0,,20.0,25.0,35.0,2.0,10.0,30.0,flat,semi-furnished,east,0,17.41341,78.339447
Y70370412,unknown,unknown,29000000.0,4.0,2729.0,2729.0,,20.0,19.0,35.0,2.0,10.0,30.0,flat,semi-furnished,west,0,17.41341,78.339447
W70370388,unknown,unknown,31000000.0,4.0,2848.0,2848.0,,20.0,10.0,35.0,3.0,10.0,30.0,flat,semi-furnished,north,0,17.41341,78.339447
W70370098,unknown,unknown,20900000.0,3.0,1993.0,1993.0,,20.0,3.0,35.0,1.0,10.0,30.0,flat,semi-furnished,east,0,17.41341,78.339447
G70370070,unknown,unknown,18300000.0,3.0,1742.0,1742.0,,20.0,17.0,35.0,1.0,10.0,30.0,flat,semi-furnished,unknown,0,17.41341,78.339447
W70370056,unknown,unknown,16000000.0,2.0,1492.0,1492.0,,20.0,8.0,35.0,1.0,10.0,30.0,flat,semi-furnished,west,0,17.41341,78.339447
B70370036,unknown,unknown,13899999.999999998,2.0,1283.0,1283.0,,20.0,10.0,35.0,1.0,10.0,30.0,flat,semi-furnished,east,0,17.41341,78.339447
P70338724,unknown,unknown,42500000.0,3.0,4069.0,4069.0,,20.0,28.0,35.0,2.0,10.0,30.0,flat,semi-furnished,north-east,0,17.41341,78.339447
S70338642,unknown,unknown,41000000.0,3.0,4069.0,4069.0,,20.0,19.0,35.0,3.0,10.0,30.0,flat,semi-furnished,north-east,0,17.41341,78.339447
V70306874,unknown,unknown,5160000.0,2.0,1290.0,1290.0,,12.0,3.0,5.0,1.0,6.0,30.0,flat,semi-furnished,east,0,17.5564,78.36389
P70280702,unknown,unknown,21000000.0,3.0,2160.0,2160.0,,20.0,2.0,9.0,2.0,4.0,30.0,flat,semi-furnished,north,0,17.384283,78.328435
I70278900,unknown,unknown,17400000.0,3.0,2124.0,2124.0,,12.0,16.0,36.0,2.0,13.0,30.0,flat,semi-furnished,west,0,17.402291123438,78.338167423361
Y69974296,unknown,unknown,22400000.000000004,4.0,2708.0,2708.0,,12.0,12.0,36.0,3.0,13.0,30.0,flat,semi-furnished,west,0,17.402291123438,78.338167423361
E69973104,unknown,unknown,14600000.0,3.0,1796.0,1796.0,,12.0,28.0,36.0,2.0,13.0,30.0,flat,semi-furnished,east,0,17.402291123438,78.338167423361
D69973008,unknown,unknown,17200000.0,3.0,2124.0,2124.0,,12.0,16.0,36.0,2.0,13.0,30.0,flat,semi-furnished,west,0,17.402291123438,78.338167423361
H69842956,unknown,unknown,14600000.0,3.0,1796.0,1796.0,,12.0,29.0,36.0,2.0,13.0,30.0,flat,semi-furnished,east,0,17.40223,78.3444
Q70235216,unknown,unknown,15200000.0,3.0,2150.0,2150.0,,20.0,7.0,15.0,2.0,50.0,30.0,flat,semi-furnished,east,0,17.47078,78.30668
H70991362,khajaguda,khajaguda,15000000.0,3.0,1740.0,1740.0,,2.5,3.0,5.0,1.0,0.0,2.0,flat,semi-furnished,west,0,,
O70968794,hayatt palace,hayatt palace,6500000.0,3.0,800.0,800.0,,0.0,0.0,1.0,2.0,0.0,3.0,villa,semi-furnished,north,0,,
D69757072,unknown,unknown,12000000.0,1.0,1800.0,1800.0,,7.5,0.0,1.0,0.0,6.0,4.0,villa,semi-furnished,west,0,17.529701,78.333031
A69626634,unknown,unknown,16500000.0,3.0,1602.0,1602.0,,0.0,1.0,2.0,1.0,0.0,4.0,villa,semi-furnished,east,0,17.445927,78.14929
V70811258,unknown,unknown,50000000.0,4.0,2430.0,2430.0,,12.0,2.0,3.0,2.0,49.0,7.0,villa,semi-furnished,east,0,17.38504,78.48667
T70517924,unknown,unknown,16800000.0,3.0,2300.0,2300.0,,12.0,11.0,14.0,2.0,12.0,21.0,flat,semi-furnished,east,0,17.39992,78.36983
I66679982,unknown,unknown,4700000.0,2.0,1260.0,1260.0,,12.0,4.0,5.0,3.0,6.0,28.0,flat,semi-furnished,east,0,17.542319,78.226934
R65541170,unknown,unknown,4650000.0,2.0,1240.0,1240.0,,12.0,2.0,5.0,3.0,6.0,28.0,flat,semi-furnished,east,0,17.548606,78.210422
X65541132,unknown,unknown,4662000.0,2.0,1260.0,1260.0,,12.0,4.0,5.0,3.0,6.0,28.0,flat,furnished,east,0,17.548606,78.210422
I65621904,unknown,unknown,4650000.0,2.0,1240.0,1240.0,,12.0,2.0,5.0,3.0,6.0,28.0,flat,semi-furnished,east,0,17.542319,78.226934
M65541188,unknown,unknown,4550000.0,2.0,1215.0,1215.0,,12.0,4.0,5.0,3.0,6.0,28.0,flat,semi-furnished,east,0,17.548606,78.210422
S66406934,unknown,unknown,4955000.0,2.0,1100.0,1100.0,,12.0,2.0,5.0,2.0,50.0,28.0,flat,semi-furnished,east,0,17.5090182,78.3001801
B65621962,patancheru main road,patancheru main road,4550000.0,2.0,1215.0,1215.0,,12.0,4.0,5.0,3.0,0.0,28.0,flat,semi-furnished,east,0,,
W65637434,patancheruva near,patancheruva near,4416000.0,2.0,1260.0,1260.0,,12.0,4.0,5.0,4.0,0.0,28.0,flat,semi-furnished,east,0,,
Z65637428,patancheruvu main road,patancheruvu main road,4344000.0,2.0,1240.0,1240.0,,12.0,4.0,5.0,3.0,0.0,28.0,flat,semi-furnished,east,0,,
H65637446,"ligampally,chanda nagar","ligampally,chanda nagar",4352000.0,2.0,1240.0,1240.0,,12.0,4.0,5.0,3.0,0.0,28.0,flat,semi-furnished,east,0,,
N65637444,beeramguda,beeramguda,4254000.0,2.0,1215.0,1215.0,,12.0,4.0,5.0,3.0,50.0,28.0,flat,semi-furnished,east,0,17.5090182,78.3001801
Y66679768,unknown,unknown,4340000.0,2.0,1240.0,1240.0,,12.0,4.0,5.0,3.0,6.0,28.0,flat,semi-furnished,east,0,17.542319,78.226934
N62458986,unknown,unknown,4340000.0,2.0,1240.0,1240.0,,20.0,4.0,5.0,1.0,30.0,28.0,flat,semi-furnished,east,0,17.39406,78.36492
D66406972,unknown,unknown,4956000.0,2.0,1100.0,1100.0,,12.0,2.0,5.0,2.0,0.0,28.0,flat,semi-furnished,unknown,0,,
R66406958,unknown,unknown,4956000.0,2.0,1100.0,1100.0,,12.0,2.0,5.0,2.0,0.0,28.0,flat,semi-furnished,east,0,,
L66290640,unknown,unknown,4840000.0,2.0,1100.0,1100.0,,12.0,2.0,5.0,2.0,0.0,28.0,flat,semi-furnished,west,0,,
K66290624,unknown,unknown,4840000.0,2.0,1100.0,1100.0,,12.0,2.0,5.0,2.0,0.0,28.0,flat,semi-furnished,east,0,,
E63887670,unknown,unknown,4549000.0,2.0,1215.0,1215.0,,12.0,4.0,5.0,3.0,0.0,28.0,flat,semi-furnished,east,0,,
T63833904,unknown,unknown,4410000.0,2.0,1260.0,1260.0,,12.0,4.0,5.0,3.0,0.0,28.0,flat,semi-furnished,east,0,,
M65338158,unknown,unknown,4400000.0,2.0,1215.0,1215.0,,12.0,4.0,5.0,2.0,6.0,28.0,flat,semi-furnished,east,0,17.548606,78.210422
C65621876,unknown,unknown,4551000.0,2.0,1215.0,1215.0,,12.0,4.0,5.0,3.0,6.0,28.0,flat,semi-furnished,east,0,17.542319,78.226934
Z65621930,muthangi,muthangi,4750000.0,2.0,1260.0,1260.0,,12.0,4.0,5.0,3.0,6.0,28.0,flat,semi-furnished,east,0,17.542319,78.226934
N63834286,unknown,unknown,4550000.0,2.0,1215.0,1215.0,,12.0,4.0,5.0,3.0,0.0,28.0,flat,semi-furnished,east,0,,
X63887926,unknown,unknown,4750000.0,2.0,1260.0,1260.0,,12.0,2.0,5.0,3.0,50.0,28.0,flat,semi-furnished,east,0,17.5090182,78.3001801
Y63887802,unknown,unknown,4650000.0,2.0,1240.0,1240.0,,12.0,2.0,5.0,3.0,0.0,28.0,flat,semi-furnished,east,0,,
F65260178,unknown,unknown,4551000.0,2.0,1215.0,1215.0,,12.0,4.0,5.0,2.0,6.0,28.0,flat,semi-furnished,east,0,17.548606,78.210422
A62420898,unknown,unknown,4750000.0,2.0,1260.0,1260.0,,12.0,4.0,5.0,2.0,0.0,28.0,flat,semi-furnished,east,0,,
Y65260234,unknown,unknown,4350000.0,2.0,1240.0,1240.0,,12.0,2.0,5.0,2.0,0.0,28.0,flat,semi-furnished,east,0,,
W65260094,unknown,unknown,4340000.0,2.0,1240.0,1240.0,,12.0,4.0,5.0,2.0,0.0,28.0,flat,semi-furnished,east,0,,
M65337954,unknown,unknown,6725000.0,3.0,1600.0,1600.0,,12.0,3.0,5.0,2.0,50.0,28.0,flat,semi-furnished,east,0,17.5203424,78.3970205
G65337888,unknown,unknown,6830000.0,3.0,1600.0,1600.0,,12.0,3.0,5.0,2.0,0.0,28.0,flat,semi-furnished,east,0,,
C65338008,unknown,unknown,4550000.0,2.0,1260.0,1260.0,,12.0,4.0,5.0,2.0,0.0,28.0,flat,semi-furnished,east,0,,
B65337716,unknown,unknown,6720000.0,3.0,1600.0,1600.0,,12.0,1.0,5.0,2.0,0.0,28.0,flat,semi-furnished,east,0,,
Y68580466,unknown,unknown,4950000.0,2.0,1100.0,1100.0,,12.0,2.0,5.0,2.0,46.0,28.0,flat,semi-furnished,unknown,0,17.5330867548758,78.2682745858627
L65338114,unknown,unknown,4500000.0,2.0,1240.0,1240.0,,12.0,4.0,5.0,2.0,0.0,28.0,flat,semi-furnished,unknown,0,,
O65337820,unknown,unknown,7250000.0,3.0,1610.0,1610.0,,12.0,3.0,5.0,2.0,47.0,28.0,flat,semi-furnished,unknown,0,17.496402,78.3941299
E68580476,unknown,unknown,4960000.0,2.0,1100.0,1100.0,,12.0,2.0,5.0,2.0,50.0,28.0,flat,semi-furnished,east,0,17.5090182,78.3001801
L62458956,unknown,unknown,4340000.0,2.0,1240.0,1240.0,,20.0,4.0,5.0,1.0,49.0,28.0,flat,semi-furnished,west,0,17.514614,78.33945
C62458924,unknown,unknown,4340000.0,2.0,1240.0,1240.0,,20.0,4.0,5.0,1.0,49.0,28.0,flat,semi-furnished,west,0,17.515013,78.33899
M62421094,unknown,unknown,4410000.0,2.0,1260.0,1260.0,,20.0,4.0,5.0,1.0,49.0,28.0,flat,semi-furnished,east,0,17.515013,78.33899
L62458966,unknown,unknown,4340000.0,2.0,1240.0,1240.0,,20.0,4.0,5.0,1.0,49.0,28.0,flat,semi-furnished,west,0,17.515013,78.33899
G62421154,unknown,unknown,4410000.0,2.0,1260.0,1260.0,,20.0,2.0,5.0,1.0,49.0,28.0,flat,semi-furnished,west,0,17.515013,78.33899
T62459044,unknown,unknown,4340000.0,2.0,1215.0,1215.0,,20.0,4.0,5.0,1.0,49.0,28.0,flat,semi-furnished,east,0,17.515013,78.33899
A62421006,unknown,unknown,4410000.0,2.0,1260.0,1260.0,,20.0,2.0,5.0,1.0,49.0,28.0,flat,semi-furnished,east,0,17.515013,78.33899
O62459060,unknown,unknown,4340000.0,2.0,1215.0,1215.0,,20.0,4.0,5.0,1.0,49.0,28.0,flat,semi-furnished,west,0,17.51459,78.33948
R62458910,unknown,unknown,4340000.0,2.0,1240.0,1240.0,,20.0,4.0,5.0,1.0,49.0,28.0,flat,semi-furnished,east,0,17.51459,78.33948
R62421134,unknown,unknown,4410000.0,2.0,1260.0,1260.0,,20.0,2.0,5.0,1.0,49.0,28.0,flat,semi-furnished,north-east,0,17.51459,78.33948
A62420962,unknown,unknown,4410000.0,2.0,1260.0,1260.0,,20.0,2.0,5.0,1.0,50.0,28.0,flat,semi-furnished,east,0,17.531847,78.29359
R62459024,unknown,unknown,4340000.0,2.0,1215.0,1215.0,,20.0,4.0,5.0,1.0,50.0,28.0,flat,semi-furnished,east,0,17.531847,78.29359
B62420986,unknown,unknown,4410000.0,2.0,1260.0,1260.0,,20.0,2.0,5.0,1.0,48.0,28.0,flat,semi-furnished,west,0,17.531643,78.293884
A62459034,unknown,unknown,4340000.0,2.0,1215.0,1215.0,,20.0,4.0,5.0,1.0,48.0,28.0,flat,semi-furnished,west,0,17.531643,78.293884
R62458934,unknown,unknown,4340000.0,2.0,1240.0,1240.0,,20.0,4.0,5.0,1.0,48.0,28.0,flat,semi-furnished,east,0,17.531643,78.293884
W62459078,unknown,unknown,4340000.0,2.0,1215.0,1215.0,,20.0,4.0,5.0,1.0,48.0,28.0,flat,semi-furnished,west,0,17.531643,78.293884
L62420932,unknown,unknown,4410000.0,2.0,1260.0,1260.0,,20.0,2.0,5.0,1.0,48.0,28.0,flat,semi-furnished,east,0,17.531643,78.293884
T70256708,unknown,unknown,11600000.0,3.0,1610.0,1610.0,,12.0,11.0,14.0,1.0,12.0,30.0,flat,furnished,east,0,17.39992,78.36983
M70238608,unknown,unknown,19900000.0,3.0,3613.0,3613.0,,12.0,1.0,2.0,1.0,1.0,30.0,villa,semi-furnished,north,0,17.509668,78.196121
B70195252,beverly hills,beverly hills,10500000.0,2.0,1300.0,1300.0,,0.0,5.0,5.0,1.0,0.0,30.0,flat,semi-furnished,east,0,,
F70191852,chandanagar,chandanagar,9000000.0,2.0,1220.0,1220.0,,2.5,9.0,12.0,1.0,0.0,30.0,flat,semi-furnished,west,0,,
J70081418,kompally,kompally,8450000.0,3.0,1690.0,1690.0,,20.0,1.0,5.0,2.0,0.0,30.0,flat,semi-furnished,east,0,,
A70061082,unknown,unknown,6100000.0,2.0,1220.0,1220.0,,0.0,2.0,4.0,1.0,49.0,30.0,flat,semi-furnished,east,0,17.38504,78.48667
O69273546,unknown,unknown,22500000.0,3.0,2150.0,2150.0,,2.5,1.0,1.0,2.0,47.0,30.0,flat,semi-furnished,east,0,17.447862,78.459592
D69273276,unknown,unknown,22500000.0,3.0,1850.0,1850.0,,0.0,1.0,1.0,2.0,0.0,30.0,flat,semi-furnished,east,0,,
Z68799766,unknown,unknown,33000000.0,4.0,3600.0,3600.0,,2.5,3.0,7.0,4.0,49.0,60.0,flat,unfurnished,west,0,17.4609913,78.3532083
E70997108,unknown,unknown,11800000.0,4.0,160.0,160.0,,12.0,2.0,3.0,1.0,5.0,2.0,villa,furnished,west,0,17.4975882,78.6313624
M70970240,unknown,unknown,4695000.0,2.0,850.0,850.0,,12.0,0.0,0.0,2.0,5.0,3.0,villa,furnished,east,0,17.4975882,78.6313624
C70914252,unknown,unknown,11100000.000000002,3.0,2160.0,2160.0,,20.0,0.0,0.0,1.0,2.0,,villa,furnished,unknown,0,17.5280399,78.6540576
U70503828,unknown,unknown,7209999.999999999,3.0,1530.0,1530.0,,12.0,0.0,0.0,1.0,2.0,5.0,villa,furnished,east,0,17.5280399,78.6540576
Y70378980,unknown,unknown,6550000.0,2.0,1150.0,1150.0,,12.0,0.0,1.0,1.0,2.0,30.0,villa,furnished,east,0,17.5280399,78.6540576
D70083032,unknown,unknown,4800000.0,2.0,1098.0,1098.0,,20.0,0.0,1.0,1.0,2.0,7.0,villa,furnished,east,0,17.5280399,78.6540576
H69955826,ecil,ecil,8330000.0,2.0,1800.0,1800.0,,20.0,0.0,1.0,1.0,49.0,30.0,villa,furnished,west,0,17.4630853,78.5699888
Q69902430,unknown,unknown,5800000.0,2.0,100.0,100.0,,12.0,0.0,0.0,1.0,16.0,60.0,villa,furnished,west,0,17.4953835,78.6239692
X71023590,kishareddypet,kishareddypet,15200000.0,4.0,1485.0,1485.0,,12.0,1.0,2.0,2.0,0.0,,villa,semi-furnished,east,0,,
Q70891046,unknown,unknown,21500000.0,3.0,1834.0,1834.0,,0.0,16.0,31.0,1.0,12.0,,flat,furnished,west,1,17.3973794,78.3856447
K70493332,unknown,unknown,22500000.0,3.0,1700.0,1700.0,,0.0,23.0,31.0,1.0,12.0,,flat,furnished,east,1,17.3973794,78.3856447
L70967160,unknown,unknown,18400000.0,3.0,2018.0,2018.0,,2.5,28.0,30.0,1.0,44.0,2.0,flat,semi-furnished,east,1,17.440084,78.348915
J70982642,unknown,unknown,26500000.0,3.0,2210.0,2210.0,,0.0,14.0,19.0,2.0,4.0,2.0,flat,semi-furnished,east,0,17.4609913,78.3532083
V70982638,unknown,unknown,31700000.0,3.0,2645.0,2645.0,,0.0,17.0,19.0,2.0,4.0,2.0,flat,semi-furnished,east,0,17.4609913,78.3532083
I70982634,unknown,unknown,51500000.0,4.0,4095.0,4095.0,,0.0,3.0,19.0,2.0,4.0,2.0,flat,semi-furnished,east,0,17.4609913,78.3532083
U70982630,unknown,unknown,26500000.0,3.0,2215.0,2215.0,,0.0,11.0,19.0,2.0,4.0,2.0,flat,semi-furnished,west,0,17.4609913,78.3532083
A70938460,beeramguda,beeramguda,15000000.0,4.0,2700.0,2700.0,,12.0,2.0,3.0,2.0,50.0,5.0,villa,semi-furnished,east,0,17.5090182,78.3001801
Y70907180,unknown,unknown,14000000.0,3.0,1390.0,1390.0,,12.0,13.0,34.0,1.0,13.0,7.0,flat,semi-furnished,west,0,17.40223,78.3444
H70896222,unknown,unknown,20800000.0,3.0,2045.0,2045.0,,0.0,4.0,10.0,1.0,4.0,7.0,flat,semi-furnished,east,1,17.452404,78.36719
V70896146,unknown,unknown,30400000.0,4.0,3050.0,3050.0,,0.0,10.0,10.0,2.0,4.0,7.0,flat,semi-furnished,west,1,17.4609913,78.3532083
M70896252,unknown,unknown,19100000.0,3.0,1870.0,1870.0,,0.0,7.0,10.0,1.0,4.0,7.0,flat,semi-furnished,east,1,17.4609913,78.3532083
P70898998,unknown,unknown,20000000.0,3.0,2049.0,2049.0,,12.0,7.0,34.0,1.0,13.0,7.0,flat,semi-furnished,east,0,17.40223,78.3444
E70896104,unknown,unknown,23000000.0,3.0,2290.0,2290.0,,0.0,2.0,10.0,2.0,4.0,7.0,flat,furnished,west,1,17.4609913,78.3532083
S70896080,unknown,unknown,23000000.0,3.0,2300.0,2300.0,,0.0,10.0,10.0,2.0,4.0,7.0,flat,semi-furnished,east,1,17.4609913,78.3532083
W70834322,unknown,unknown,15300000.0,4.0,1501.0,1501.0,,12.0,2.0,3.0,3.0,50.0,7.0,villa,semi-furnished,east,0,17.536121,78.289779
P70489404,unknown,unknown,21500000.0,3.0,2280.0,2280.0,,0.0,9.0,10.0,1.0,4.0,7.0,flat,semi-furnished,east,1,17.4609913,78.3532083
O70489570,unknown,unknown,19500000.0,3.0,2671.0,2671.0,,2.5,12.0,14.0,3.0,49.0,7.0,flat,furnished,west,1,17.4609913,78.3532083
L70304890,unknown,unknown,15100000.0,3.0,1500.0,1500.0,,0.0,2.0,3.0,3.0,4.0,14.0,villa,semi-furnished,east,1,17.261839,78.54463
Y70752762,beeramguda,beeramguda,15000000.0,4.0,2700.0,2700.0,,12.0,2.0,3.0,2.0,50.0,14.0,villa,semi-furnished,east,0,17.5090182,78.3001801
N68890564,unknown,unknown,25500000.0,3.0,2700.0,2700.0,,20.0,1.0,2.0,1.0,0.0,14.0,villa,semi-furnished,east,0,17.469239,78.20223
R70744926,unknown,unknown,25000000.0,3.0,2959.0,2959.0,,0.0,9.0,14.0,2.0,41.0,14.0,flat,semi-furnished,east,1,17.454485,78.37039
Q70489302,unknown,unknown,24500000.0,3.0,2185.0,2185.0,,0.0,3.0,10.0,1.0,4.0,14.0,flat,semi-furnished,east,1,17.454485,78.37039
A70562246,unknown,unknown,22500000.0,3.0,2185.0,2185.0,,0.0,2.0,10.0,1.0,4.0,14.0,flat,furnished,west,1,17.454485,78.37039
I70493352,unknown,unknown,19000000.0,3.0,1870.0,1870.0,,0.0,7.0,10.0,1.0,4.0,14.0,flat,semi-furnished,west,1,17.4609913,78.3532083
Y70493350,unknown,unknown,23500000.0,3.0,2300.0,2300.0,,0.0,10.0,10.0,1.0,4.0,14.0,flat,semi-furnished,east,1,17.452614,78.36758
Z69546248,bhanur,bhanur,22000000.0,3.0,2600.0,2600.0,,20.0,0.0,1.0,1.0,3.0,14.0,villa,semi-furnished,east,0,17.47661,78.173427
M70716868,unknown,unknown,16500000.0,3.0,1650.0,1650.0,,0.0,2.0,8.0,2.0,41.0,14.0,flat,furnished,north,0,17.454262,78.366306
E70678326,unknown,unknown,23000000.0,3.0,2055.0,2055.0,,0.0,3.0,30.0,1.0,8.0,14.0,flat,semi-furnished,east,0,17.3923634,78.3621784
A70660416,krishna reddy pet,krishna reddy pet,19000000.0,4.0,3400.0,3400.0,,12.0,2.0,3.0,2.0,50.0,14.0,villa,semi-furnished,east,0,17.536121,78.289779
T70660234,wadakpally,wadakpally,15000000.0,4.0,2700.0,2700.0,,12.0,2.0,3.0,2.0,0.0,14.0,villa,semi-furnished,east,0,17.563151,78.296336
E70605470,unknown,unknown,28600000.0,4.0,2860.0,2860.0,,20.0,2.0,10.0,2.0,4.0,21.0,flat,semi-furnished,west,1,17.4525975,78.3675771
O70565378,unknown,unknown,6800000.0,3.0,1100.0,1100.0,,7.5,3.0,5.0,1.0,49.0,21.0,flat,unfurnished,north,0,17.38504,78.48667
Z70512396,unknown,unknown,2800000.0,1.0,530.0,530.0,,7.5,2.0,2.0,1.0,50.0,21.0,flat,unfurnished,east,0,17.426833,78.534737
K70511006,beeramguda,beeramguda,19000000.0,4.0,3400.0,3400.0,,12.0,1.0,2.0,2.0,50.0,21.0,villa,semi-furnished,west,0,17.5090182,78.3001801
Y70510790,beeramguda,beeramguda,15000000.0,4.0,1503.0,1503.0,,12.0,1.0,2.0,3.0,50.0,21.0,villa,semi-furnished,east,0,17.5090182,78.3001801
X70489464,unknown,unknown,26000000.0,3.0,2440.0,2440.0,,2.5,11.0,14.0,1.0,48.0,28.0,flat,furnished,east,0,17.42278,78.34724
T70470200,unknown,unknown,21600000.0,3.0,2160.0,2160.0,,7.5,0.0,0.0,0.0,50.0,30.0,villa,semi-furnished,east,0,17.435821,78.560357
C70470164,unknown,unknown,7500000.0,2.0,1050.0,1050.0,,20.0,3.0,5.0,1.0,50.0,30.0,flat,unfurnished,north,0,17.434712,78.51859
G70419922,unknown,unknown,5500000.0,2.0,1125.0,1125.0,,7.5,1.0,3.0,1.0,49.0,30.0,flat,furnished,east,0,17.38504,78.48667
X70296870,unknown,unknown,14900000.0,4.0,2700.0,2700.0,,12.0,2.0,3.0,3.0,50.0,30.0,villa,semi-furnished,east,0,17.5090182,78.3001801
H70296460,unknown,unknown,14900000.0,4.0,1503.0,1503.0,,12.0,2.0,5.0,3.0,50.0,30.0,villa,furnished,west,0,17.536121,78.289779
F70257296,unknown,unknown,13700000.000000002,3.0,1558.0,1558.0,,20.0,4.0,4.0,2.0,49.0,30.0,flat,semi-furnished,east,0,17.38504,78.48667
R70235066,unknown,unknown,4200000.0,2.0,950.0,950.0,,7.5,3.0,5.0,1.0,50.0,30.0,flat,furnished,north,0,17.435821,78.560357
E70222620,unknown,unknown,25000000.0,8.0,2250.0,2250.0,,7.5,2.0,3.0,3.0,50.0,30.0,villa,unfurnished,south,0,17.435821,78.560357
Q70222542,unknown,unknown,20700000.0,3.0,2500.0,2500.0,,20.0,1.0,5.0,2.0,49.0,30.0,flat,semi-furnished,east,0,17.38504,78.48667
N70198088,unknown,unknown,6200000.0,2.0,900.0,900.0,,7.5,1.0,5.0,1.0,50.0,30.0,flat,semi-furnished,south,0,17.4068127,78.5476296
N70181316,unknown,unknown,5000000.0,2.0,960.0,960.0,,7.5,3.0,5.0,1.0,0.0,30.0,flat,semi-furnished,west,0,,
V70149200,bachupally,bachupally,7500000.0,3.0,1445.0,1445.0,,0.0,4.0,5.0,2.0,10.0,30.0,flat,semi-furnished,west,0,17.5468498,78.3650231
Y70129926,unknown,unknown,12500000.0,3.0,1810.0,1810.0,,0.0,4.0,5.0,2.0,50.0,30.0,flat,furnished,east,0,17.435821,78.560357
K70127032,unknown,unknown,3800000.0,2.0,750.0,750.0,,7.5,3.0,5.0,1.0,49.0,30.0,flat,semi-furnished,east,0,17.38504,78.48667
B70112276,unknown,unknown,6000000.0,3.0,1160.0,1160.0,,7.5,4.0,4.0,2.0,0.0,30.0,flat,semi-furnished,north,0,,
J70111630,banjara hills,banjara hills,31600000.0,4.0,1800.0,1800.0,,7.5,1.0,2.0,2.0,46.0,30.0,villa,furnished,south,0,17.4164707,78.4382469
G70080172,muthangi,muthangi,8000000.0,3.0,2000.0,2000.0,,12.0,1.0,2.0,3.0,6.0,30.0,villa,semi-furnished,east,0,17.542319,78.226934
M70060562,unknown,unknown,14200000.0,4.0,2765.0,2765.0,,12.0,2.0,3.0,3.0,50.0,30.0,villa,semi-furnished,east,0,17.536121,78.289779
B70039036,pragathi nagar,pragathi nagar,7500000.0,3.0,1450.0,1450.0,,20.0,4.0,5.0,2.0,50.0,30.0,flat,semi-furnished,north,0,17.5203424,78.3970205
E70037956,kondapur,kondapur,21800000.0,3.0,2400.0,2400.0,,0.0,8.0,8.0,2.0,49.0,30.0,flat,semi-furnished,west,0,17.4609913,78.3532083
K70037906,hi tech city,hi tech city,52500000.0,3.0,2595.0,2595.0,,2.5,28.0,36.0,1.0,13.0,30.0,flat,semi-furnished,west,0,17.4480919,78.3787508
V69989308,unknown,unknown,48800000.0,4.0,3600.0,3600.0,,20.0,2.0,3.0,3.0,0.0,30.0,villa,semi-furnished,east,0,17.436949,78.268649
P71027018,unknown,unknown,13000000.0,5.0,1503.0,1503.0,,12.0,2.0,3.0,3.0,47.0,0.0,villa,semi-furnished,north-east,0,17.5337007,78.401286
V71026952,unknown,unknown,14000000.0,5.0,1800.0,1800.0,,12.0,2.0,3.0,2.0,4.0,0.0,villa,semi-furnished,north-east,0,17.56162,78.40555
Z71026932,unknown,unknown,12000000.0,6.0,1503.0,1503.0,,12.0,2.0,3.0,3.0,4.0,0.0,villa,semi-furnished,east,0,17.56162,78.40555
R71026906,unknown,unknown,10000000.0,6.0,1800.0,1800.0,,12.0,2.0,3.0,3.0,0.0,0.0,villa,semi-furnished,north-east,0,17.61031,78.39133
D71026886,unknown,unknown,9000000.0,5.0,1503.0,1503.0,,12.0,2.0,3.0,3.0,0.0,0.0,villa,semi-furnished,north-east,0,17.61031,78.39133
Z71026870,unknown,unknown,15000000.0,6.0,1800.0,1800.0,,12.0,2.0,3.0,2.0,50.0,0.0,villa,semi-furnished,north-east,0,17.5090182,78.3001801
S71026850,unknown,unknown,13000000.0,5.0,1503.0,1503.0,,12.0,2.0,3.0,2.0,50.0,0.0,villa,semi-furnished,north-east,0,17.5090182,78.3001801
I70996428,unknown,unknown,13000000.0,5.0,1503.0,1503.0,,12.0,2.0,3.0,3.0,50.0,2.0,villa,semi-furnished,north-east,0,17.5179636,78.3813785
V70996180,unknown,unknown,11000000.0,5.0,1503.0,1503.0,,12.0,2.0,3.0,3.0,6.0,2.0,villa,semi-furnished,east,0,17.5564,78.36389
U70996040,unknown,unknown,12000000.0,5.0,1503.0,1503.0,,12.0,2.0,3.0,3.0,10.0,2.0,villa,semi-furnished,north-east,0,17.5468498,78.3650231
V70995944,unknown,unknown,14000000.0,6.0,1503.0,1503.0,,12.0,2.0,3.0,2.0,13.0,2.0,villa,semi-furnished,east,0,17.5789054,78.4268758
N70995846,unknown,unknown,15000000.0,6.0,1800.0,1800.0,,12.0,2.0,3.0,3.0,0.0,2.0,villa,semi-furnished,east,0,17.626354,78.400816
Z70994454,unknown,unknown,12000000.0,6.0,1503.0,1503.0,,12.0,2.0,3.0,3.0,0.0,2.0,villa,semi-furnished,east,0,17.626354,78.400816
T70990384,unknown,unknown,14300000.0,3.0,1440.0,1440.0,,20.0,1.0,2.0,1.0,39.0,2.0,villa,semi-furnished,east,0,17.553842,78.273153
Q70959692,unknown,unknown,6500000.0,3.0,1600.0,1600.0,,12.0,11.0,33.0,2.0,10.0,4.0,flat,semi-furnished,east,0,17.5468498,78.3650231
I70959672,unknown,unknown,5500000.0,2.0,1200.0,1200.0,,12.0,25.0,33.0,1.0,10.0,4.0,flat,semi-furnished,east,0,17.5468498,78.3650231
Q70959652,unknown,unknown,7000000.0,3.0,1600.0,1600.0,,12.0,14.0,33.0,2.0,50.0,4.0,flat,semi-furnished,east,0,17.5179636,78.3813785
D70959572,unknown,unknown,7200000.0,3.0,1600.0,1600.0,,12.0,21.0,33.0,2.0,50.0,4.0,flat,semi-furnished,north-east,0,17.5203424,78.3970205
U70959548,unknown,unknown,5400000.0,2.0,1200.0,1200.0,,12.0,17.0,33.0,1.0,50.0,4.0,flat,semi-furnished,north-east,0,17.5203424,78.3970205
W68238514,unknown,unknown,64900000.0,4.0,4146.0,4146.0,,20.0,2.0,3.0,1.0,15.0,4.0,villa,semi-furnished,west,1,17.4653919,78.2632133
N70881308,unknown,unknown,11000000.0,2.0,1385.0,1385.0,,20.0,6.0,12.0,1.0,50.0,5.0,flat,semi-furnished,east,1,17.471308969470805,78.35772746316867
G70912126,unknown,unknown,14400000.0,3.0,2210.0,2210.0,,12.0,1.0,2.0,1.0,39.0,6.0,villa,semi-furnished,east,0,17.553842,78.273153
Q70865956,unknown,unknown,11200000.000000002,2.0,1250.0,1250.0,,12.0,6.0,27.0,1.0,10.0,7.0,flat,semi-furnished,west,0,17.4480919,78.3787508
O70865844,unknown,unknown,10000000.0,2.0,1180.0,1180.0,,20.0,8.0,12.0,1.0,10.0,7.0,flat,semi-furnished,west,0,17.4359437,78.3416731
E70865746,unknown,unknown,14000000.0,3.0,1655.0,1655.0,,20.0,8.0,12.0,1.0,10.0,7.0,flat,semi-furnished,west,0,17.4359437,78.3416731
M70843988,unknown,unknown,21500000.0,3.0,1957.0,1957.0,,20.0,13.0,32.0,1.0,13.0,7.0,flat,semi-furnished,east,0,17.40223,78.3444
V70826052,unknown,unknown,3700000.0,2.0,1100.0,1100.0,,12.0,9.0,11.0,1.0,0.0,7.0,flat,semi-furnished,east,0,17.626354,78.400816
C70826028,unknown,unknown,4500000.0,3.0,1400.0,1400.0,,12.0,3.0,11.0,2.0,13.0,7.0,flat,semi-furnished,east,0,17.5789054,78.4268758
Q70825946,unknown,unknown,3900000.0,2.0,1100.0,1100.0,,12.0,5.0,11.0,1.0,13.0,7.0,flat,semi-furnished,east,0,17.5789054,78.4268758
Z70817736,unknown,unknown,5160000.0,2.0,1200.0,1200.0,,20.0,3.0,5.0,2.0,6.0,7.0,flat,semi-furnished,east,0,17.5564,78.36389
F70804476,unknown,unknown,21800000.0,3.0,2384.0,2384.0,,20.0,1.0,2.0,2.0,49.0,7.0,villa,semi-furnished,east,0,17.38504,78.48667
B70802882,unknown,unknown,21000000.0,3.0,1834.0,1834.0,,0.0,29.0,31.0,1.0,12.0,7.0,flat,semi-furnished,west,0,17.3973794,78.3856447
H70793728,kondapur,kondapur,3200000.0,1.0,500.0,500.0,,12.0,1.0,6.0,1.0,49.0,7.0,flat,semi-furnished,east,0,17.4609913,78.3532083
S70792916,unknown,unknown,24700000.000000004,3.0,2780.0,2780.0,,20.0,1.0,2.0,2.0,8.0,7.0,villa,semi-furnished,east,0,17.428952,78.197469
I70750936,unknown,unknown,9500000.0,2.0,1210.0,1210.0,,0.0,3.0,5.0,1.0,49.0,14.0,flat,furnished,west,0,17.4609913,78.3532083
Z70088752,unknown,unknown,24300000.0,3.0,2430.0,2430.0,,2.5,14.0,14.0,2.0,43.0,14.0,flat,furnished,west,1,17.4213447,78.3409343
G70707792,unknown,unknown,8700000.0,2.0,1104.0,1104.0,,0.0,4.0,5.0,1.0,49.0,14.0,flat,semi-furnished,north-east,1,17.516907,78.34283
M70707716,unknown,unknown,8650000.0,2.0,1106.0,1106.0,,0.0,2.0,5.0,1.0,49.0,14.0,flat,unfurnished,north-east,1,17.516907,78.34283
L70707652,unknown,unknown,8600000.0,2.0,1105.0,1105.0,,0.0,1.0,12.0,1.0,49.0,14.0,flat,semi-furnished,east,1,17.516907,78.34283
J70707858,unknown,unknown,8640000.0,2.0,1107.0,1107.0,,0.0,1.0,5.0,1.0,50.0,14.0,flat,semi-furnished,north-east,1,17.450455,78.424385
T70707958,unknown,unknown,9400000.0,2.0,1385.0,1385.0,,0.0,4.0,10.0,1.0,11.0,14.0,flat,semi-furnished,north-east,1,17.509181,78.3521088
B70684394,unknown,unknown,18000000.0,4.0,2960.0,2960.0,,20.0,1.0,2.0,2.0,49.0,14.0,villa,semi-furnished,north-east,0,17.4609913,78.3532083
U70684156,unknown,unknown,23000000.0,4.0,3100.0,3100.0,,20.0,0.0,1.0,2.0,47.0,14.0,villa,semi-furnished,north-east,0,17.4359437,78.3416731
Z70684026,unknown,unknown,16000000.0,4.0,2500.0,2500.0,,20.0,0.0,1.0,2.0,26.0,14.0,villa,unfurnished,north-east,0,17.40223,78.3444
L70683702,unknown,unknown,20000000.0,4.0,3000.0,3000.0,,20.0,2.0,3.0,1.0,26.0,14.0,villa,semi-furnished,north-east,0,17.40223,78.3444
E70680196,unknown,unknown,18000000.0,4.0,3000.0,3000.0,,20.0,0.0,1.0,2.0,50.0,14.0,villa,semi-furnished,east,0,17.4011618,78.37569
R70663678,unknown,unknown,9206000.0,3.0,1615.0,1615.0,,20.0,3.0,5.0,2.0,50.0,14.0,flat,semi-furnished,east,0,17.5203424,78.3970205
I70663378,unknown,unknown,7125000.0,2.0,1250.0,1250.0,,20.0,2.0,5.0,2.0,50.0,14.0,flat,semi-furnished,north,0,17.5203424,78.3970205
F70366844,unknown,unknown,51900000.00000001,4.0,3223.0,3223.0,,20.0,2.0,3.0,1.0,15.0,14.0,villa,semi-furnished,east,1,17.4673741,78.2646719
W70610758,unknown,unknown,16399999.999999998,3.0,2350.0,2350.0,,0.0,8.0,14.0,2.0,12.0,21.0,flat,semi-furnished,east,1,17.3973794,78.3856447
B70594212,unknown,unknown,14800000.0,3.0,2100.0,2100.0,,0.0,5.0,14.0,1.0,12.0,21.0,flat,semi-furnished,east,1,17.39992,78.36983
S70611398,unknown,unknown,16399999.999999998,3.0,2350.0,2350.0,,0.0,9.0,14.0,2.0,12.0,21.0,flat,semi-furnished,east,1,17.400322,78.36916
K70610832,unknown,unknown,15500000.0,3.0,2215.0,2215.0,,0.0,12.0,14.0,2.0,12.0,21.0,flat,unfurnished,east,1,17.3973794,78.3856447
Z70590808,unknown,unknown,15600000.0,3.0,2350.0,2350.0,,0.0,4.0,14.0,1.0,12.0,21.0,flat,semi-furnished,east,1,17.39992,78.36983
D70610510,unknown,unknown,15200000.0,3.0,2170.0,2170.0,,0.0,6.0,14.0,2.0,12.0,21.0,flat,semi-furnished,west,1,17.3973794,78.3856447
D70610696,unknown,unknown,14500000.0,3.0,2065.0,2065.0,,0.0,8.0,14.0,2.0,12.0,21.0,flat,semi-furnished,west,1,17.40054,78.369026
I70611648,unknown,unknown,15500000.0,3.0,2215.0,2215.0,,0.0,9.0,14.0,2.0,12.0,21.0,flat,semi-furnished,unknown,1,17.3973794,78.3856447
V70611104,unknown,unknown,16100000.000000002,3.0,2300.0,2300.0,,0.0,12.0,14.0,2.0,12.0,21.0,flat,semi-furnished,west,1,17.3973794,78.3856447
W70611250,unknown,unknown,16399999.999999998,3.0,2350.0,2350.0,,0.0,12.0,14.0,2.0,12.0,21.0,flat,semi-furnished,west,1,17.3973794,78.3856447
T70594624,unknown,unknown,14000000.0,3.0,2215.0,2215.0,,0.0,4.0,14.0,1.0,12.0,21.0,flat,semi-furnished,unknown,1,17.39992,78.36983
M70611308,unknown,unknown,14500000.0,3.0,2065.0,2065.0,,0.0,14.0,14.0,2.0,12.0,21.0,flat,unfurnished,west,1,17.3973794,78.3856447
Q70611180,unknown,unknown,15500000.0,3.0,2215.0,2215.0,,0.0,14.0,14.0,2.0,12.0,21.0,flat,semi-furnished,west,1,17.3973794,78.3856447
Y70611586,unknown,unknown,14700000.0,3.0,2100.0,2100.0,,0.0,12.0,14.0,2.0,12.0,21.0,flat,semi-furnished,west,0,17.3973794,78.3856447
B70611496,unknown,unknown,15200000.0,3.0,2170.0,2170.0,,0.0,12.0,14.0,2.0,12.0,21.0,flat,semi-furnished,east,0,17.3973794,78.3856447
D70610584,unknown,unknown,14700000.0,3.0,2100.0,2100.0,,0.0,7.0,14.0,2.0,12.0,21.0,flat,semi-furnished,west,0,17.3973794,78.3856447
M70600580,unknown,unknown,77500000.0,3.0,3430.0,3430.0,,20.0,10.0,36.0,2.0,13.0,21.0,flat,semi-furnished,east,0,17.4480919,78.3787508
V70598612,unknown,unknown,53000000.0,3.0,2595.0,2595.0,,20.0,29.0,36.0,1.0,13.0,21.0,flat,furnished,west,0,17.4480919,78.3787508
G70588626,unknown,unknown,4500000.0,2.0,1380.0,1380.0,,20.0,2.0,5.0,1.0,0.0,21.0,flat,semi-furnished,north-east,0,,
F70588248,unknown,unknown,5000000.0,2.0,1290.0,1290.0,,20.0,3.0,6.0,1.0,10.0,21.0,flat,semi-furnished,north-east,0,17.5468498,78.3650231
Z70588156,unknown,unknown,5500000.0,3.0,1520.0,1520.0,,20.0,1.0,6.0,1.0,10.0,21.0,flat,semi-furnished,north-east,0,17.5468498,78.3650231
Y70514748,unknown,unknown,21500000.0,3.0,1993.0,1993.0,,0.0,19.0,35.0,1.0,10.0,21.0,flat,semi-furnished,east,1,17.41341,78.339447
L70515106,unknown,unknown,29300000.0,4.0,2713.0,2713.0,,0.0,17.0,35.0,3.0,10.0,21.0,flat,semi-furnished,unknown,1,17.4359437,78.3416731
V70515056,unknown,unknown,30700000.0,4.0,2848.0,2848.0,,0.0,17.0,35.0,3.0,10.0,21.0,flat,semi-furnished,unknown,1,17.4359437,78.3416731
X70514660,unknown,unknown,18800000.0,3.0,1742.0,1742.0,,0.0,19.0,35.0,1.0,10.0,21.0,flat,semi-furnished,west,1,17.4359437,78.3416731
T70529952,unknown,unknown,7000000.0,2.0,1200.0,1200.0,,20.0,2.0,5.0,2.0,49.0,21.0,flat,semi-furnished,east,0,17.50028,78.34084
Z70514174,unknown,unknown,13000000.0,3.0,1628.0,1628.0,,0.0,5.0,12.0,2.0,49.0,21.0,flat,semi-furnished,west,1,17.4609913,78.3532083
K70514122,unknown,unknown,11000000.0,2.0,1385.0,1385.0,,0.0,4.0,12.0,1.0,50.0,21.0,flat,semi-furnished,west,1,17.467117,78.34888
M70496058,narsingi,narsingi,15600000.0,3.0,1750.0,1750.0,,0.0,6.0,9.0,2.0,12.0,28.0,flat,semi-furnished,east,1,17.3923634,78.3621784
M70496010,narsingi,narsingi,11500000.0,3.0,1528.0,1528.0,,0.0,5.0,9.0,2.0,12.0,28.0,flat,semi-furnished,east,1,17.3923634,78.3621784
W70495648,unknown,unknown,9029000.0,2.0,1290.0,1290.0,,0.0,6.0,9.0,1.0,12.0,28.0,flat,unfurnished,west,1,17.3923634,78.3621784
C70495952,narsingi,narsingi,12400000.0,3.0,1650.0,1650.0,,0.0,8.0,9.0,2.0,12.0,28.0,flat,semi-furnished,east,1,17.3923634,78.3621784
X70495890,unknown,unknown,8014000.0,2.0,1145.0,1145.0,,0.0,4.0,9.0,1.0,12.0,28.0,flat,semi-furnished,east,1,17.3923634,78.3621784
Y70491736,unknown,unknown,9099000.0,2.0,1300.0,1300.0,,0.0,7.0,10.0,1.0,25.0,28.0,flat,semi-furnished,north-east,1,17.3923634,78.3621784
M70467642,unknown,unknown,14700000.0,3.0,2100.0,2100.0,,0.0,5.0,14.0,1.0,12.0,28.0,flat,semi-furnished,east,1,17.3973794,78.3856447
K70467774,unknown,unknown,14700000.0,3.0,2100.0,2100.0,,0.0,6.0,14.0,1.0,12.0,28.0,flat,unfurnished,east,1,17.42231,78.39414
K70466454,unknown,unknown,15200000.0,3.0,2170.0,2170.0,,0.0,6.0,14.0,2.0,12.0,28.0,flat,semi-furnished,west,1,17.42231,78.39414
J70466312,unknown,unknown,15500000.0,3.0,2215.0,2215.0,,0.0,6.0,14.0,2.0,12.0,28.0,flat,semi-furnished,east,1,17.42231,78.39414
T70466246,unknown,unknown,16399999.999999998,3.0,2350.0,2350.0,,0.0,7.0,14.0,2.0,12.0,28.0,flat,semi-furnished,west,1,17.3973794,78.3856447
C70467438,unknown,unknown,15200000.0,3.0,2170.0,2170.0,,0.0,7.0,14.0,1.0,12.0,28.0,flat,semi-furnished,east,1,17.42231,78.39414
Z70466392,unknown,unknown,16100000.000000002,3.0,2300.0,2300.0,,0.0,8.0,14.0,2.0,12.0,28.0,flat,semi-furnished,west,1,17.3973794,78.3856447
B70466180,unknown,unknown,14500000.0,3.0,2065.0,2065.0,,0.0,6.0,14.0,2.0,12.0,28.0,flat,unfurnished,east,1,17.3973794,78.3856447
R70467696,unknown,unknown,14500000.0,3.0,2065.0,2065.0,,0.0,6.0,14.0,1.0,12.0,28.0,flat,semi-furnished,unknown,1,17.398212,78.374855
K70465998,unknown,unknown,14700000.0,3.0,2100.0,2100.0,,0.0,6.0,14.0,2.0,12.0,28.0,flat,semi-furnished,west,1,17.398212,78.374855
W70467100,unknown,unknown,14500000.0,3.0,2065.0,2065.0,,0.0,8.0,14.0,2.0,12.0,28.0,flat,semi-furnished,east,1,17.398212,78.374855
N70467730,unknown,unknown,15000000.0,3.0,2170.0,2170.0,,0.0,4.0,14.0,1.0,12.0,28.0,flat,semi-furnished,east,1,17.398212,78.374855
U70465490,unknown,unknown,14700000.0,3.0,2100.0,2100.0,,0.0,9.0,14.0,1.0,12.0,28.0,flat,semi-furnished,east,1,17.398212,78.374855
L70466680,unknown,unknown,14700000.0,3.0,2100.0,2100.0,,0.0,8.0,14.0,2.0,12.0,28.0,flat,semi-furnished,east,1,17.398212,78.374855
Q70442222,unknown,unknown,13000000.0,3.0,1629.0,1629.0,,0.0,4.0,12.0,2.0,50.0,28.0,flat,semi-furnished,north-east,1,17.47946,78.33037
C70465784,unknown,unknown,15200000.0,3.0,2170.0,2170.0,,0.0,12.0,14.0,2.0,12.0,30.0,flat,semi-furnished,east,1,17.3973794,78.3856447
I70441820,unknown,unknown,10500000.0,2.0,1304.0,1304.0,,0.0,4.0,12.0,2.0,50.0,30.0,flat,semi-furnished,north-east,1,17.469862,78.35783
W70441080,unknown,unknown,10500000.0,2.0,1303.0,1303.0,,0.0,5.0,12.0,1.0,50.0,30.0,flat,semi-furnished,east,1,17.47946,78.33037
X70441688,unknown,unknown,11100000.000000002,2.0,1385.0,1385.0,,0.0,3.0,12.0,1.0,50.0,30.0,flat,semi-furnished,east,1,17.482796,78.32642
C70441146,unknown,unknown,10500000.0,2.0,1302.0,1302.0,,0.0,5.0,12.0,1.0,50.0,30.0,flat,semi-furnished,east,1,17.47946,78.33037
C70441558,unknown,unknown,13200000.0,3.0,1628.0,1628.0,,0.0,5.0,12.0,2.0,50.0,30.0,flat,semi-furnished,north-east,1,17.47946,78.33037
E70442124,unknown,unknown,14600000.0,3.0,1815.0,1815.0,,0.0,4.0,12.0,2.0,50.0,30.0,flat,semi-furnished,west,1,17.47946,78.33037
A70441400,unknown,unknown,14600000.0,3.0,1816.0,1816.0,,0.0,2.0,12.0,2.0,50.0,30.0,flat,semi-furnished,east,1,17.47946,78.33037
S70402894,unknown,unknown,4850000.0,2.0,1000.0,1000.0,,20.0,2.0,5.0,2.0,0.0,30.0,flat,semi-furnished,north,0,,
J70402180,unknown,unknown,4844000.0,2.0,1242.0,1242.0,,20.0,3.0,5.0,2.0,6.0,30.0,flat,semi-furnished,east,0,17.5564,78.36389
D70370434,unknown,unknown,17800000.0,3.0,1730.0,1730.0,,20.0,8.0,14.0,2.0,39.0,30.0,flat,semi-furnished,west,0,17.4480919,78.3787508
K70324570,pragatinagar,pragatinagar,23400000.0,4.0,3660.0,3660.0,,12.0,8.0,15.0,4.0,0.0,30.0,villa,furnished,east,0,,
S70324094,pragatinagar,pragatinagar,6780000.0,2.0,1190.0,1190.0,,12.0,3.0,15.0,1.0,0.0,30.0,flat,furnished,east,0,,
H70285296,unknown,unknown,25000000.0,3.0,2500.0,2500.0,,20.0,14.0,24.0,1.0,9.0,30.0,flat,semi-furnished,west,0,17.4480919,78.3787508
S70284360,unknown,unknown,15000000.0,3.0,1583.0,1583.0,,12.0,14.0,16.0,1.0,9.0,30.0,flat,semi-furnished,west,0,17.4459627,78.4197681
G70270636,unknown,unknown,8164000.0,2.0,1296.0,1296.0,,12.0,24.0,47.0,1.0,13.0,30.0,flat,semi-furnished,north-east,0,17.4609913,78.3532083
M70255982,unknown,unknown,15000000.0,2.0,1370.0,1370.0,,12.0,32.0,39.0,1.0,13.0,30.0,flat,semi-furnished,east,0,17.3923634,78.3621784
Q70252030,unknown,unknown,75500000.0,3.0,3430.0,3430.0,,0.0,8.0,36.0,2.0,13.0,30.0,flat,furnished,west,0,17.4480919,78.3787508
O69980228,unknown,unknown,18300000.0,3.0,1580.0,1580.0,,0.0,9.0,24.0,1.0,9.0,30.0,flat,unfurnished,east,1,17.467762,78.408146
X70225090,unknown,unknown,19000000.0,3.0,3080.0,3080.0,,12.0,1.0,2.0,1.0,46.0,30.0,villa,semi-furnished,east,0,17.5330867548758,78.2682745858627
Q68986538,unknown,unknown,38000000.0,4.0,3400.0,3400.0,,20.0,2.0,3.0,1.0,17.0,30.0,villa,semi-furnished,west,0,17.4664197,78.285342
J70188608,unknown,unknown,23500000.0,3.0,1835.0,1835.0,,0.0,26.0,31.0,1.0,12.0,30.0,flat,furnished,west,1,17.398775,78.355493
E70209990,unknown,unknown,11200000.000000002,3.0,1535.0,1535.0,,0.0,1.0,18.0,1.0,10.0,30.0,flat,semi-furnished,east,1,17.387587,78.348054
K70207952,unknown,unknown,16000000.0,3.0,1875.0,1875.0,,0.0,8.0,18.0,1.0,10.0,30.0,flat,semi-furnished,west,1,17.387587,78.348054
W70208110,unknown,unknown,24000000.0,3.0,1925.0,1925.0,,0.0,7.0,31.0,3.0,15.0,30.0,flat,furnished,east,1,17.422314,78.35153
F70207988,unknown,unknown,65000000.0,4.0,3800.0,3800.0,,0.0,30.0,31.0,4.0,15.0,30.0,flat,semi-furnished,west,1,17.422584,78.350841
V70207920,unknown,unknown,16500000.0,3.0,1580.0,1580.0,,0.0,2.0,12.0,1.0,15.0,30.0,flat,semi-furnished,east,1,17.398994,78.357662
I70188464,unknown,unknown,14500000.0,2.0,1300.0,1300.0,,0.0,3.0,12.0,1.0,13.0,30.0,flat,furnished,west,1,17.398994,78.357662
D70212178,unknown,unknown,5600000.0,2.0,1100.0,1100.0,,2.5,1.0,3.0,1.0,49.0,30.0,flat,furnished,east,0,17.38504,78.48667
T70201808,unknown,unknown,10500000.0,2.0,1006.0,1006.0,,0.0,8.0,13.0,2.0,47.0,30.0,flat,furnished,east,0,17.4359437,78.3416731
U70195168,unknown,unknown,5700000.0,2.0,1140.0,1140.0,,20.0,2.0,5.0,2.0,0.0,30.0,flat,semi-furnished,east,0,,
R70188314,unknown,unknown,11000000.0,3.0,1535.0,1535.0,,0.0,1.0,18.0,1.0,10.0,30.0,flat,semi-furnished,east,1,17.387587,78.348054
G70188422,unknown,unknown,16500000.0,3.0,1580.0,1580.0,,0.0,2.0,12.0,1.0,15.0,30.0,flat,semi-furnished,west,1,17.398994,78.357662
Z70188562,unknown,unknown,16000000.0,2.0,1315.0,1315.0,,0.0,16.0,31.0,1.0,12.0,30.0,flat,semi-furnished,west,0,17.398775,78.355493
O70188504,unknown,unknown,15000000.0,2.0,1315.0,1315.0,,0.0,25.0,31.0,1.0,12.0,30.0,flat,furnished,east,0,17.398775,78.355493
E70188356,unknown,unknown,15500000.0,3.0,1535.0,1535.0,,0.0,3.0,18.0,1.0,10.0,30.0,flat,furnished,east,0,17.387587,78.348054
Z70172346,unknown,unknown,13000000.0,3.0,1440.0,1440.0,,12.0,1.0,2.0,2.0,39.0,30.0,villa,semi-furnished,east,0,17.553842,78.273153
N70170312,unknown,unknown,34000000.0,4.0,3780.0,3780.0,,7.5,3.0,7.0,3.0,43.0,30.0,flat,furnished,west,0,17.459445,78.371177
U70165598,unknown,unknown,5500000.0,2.0,1260.0,1260.0,,20.0,7.0,11.0,1.0,0.0,30.0,flat,furnished,east,0,17.443855,78.250431
A70156818,unknown,unknown,10500000.0,2.0,1366.0,1366.0,,12.0,7.0,16.0,1.0,9.0,30.0,flat,semi-furnished,east,0,17.4459627,78.4197681
S70136078,unknown,unknown,14400000.0,3.0,160.0,160.0,,12.0,1.0,2.0,2.0,46.0,30.0,villa,semi-furnished,east,0,17.5330867548758,78.2682745858627
I70127240,gachibowli,gachibowli,39200000.0,4.0,3925.0,3925.0,,2.5,8.0,14.0,3.0,47.0,30.0,flat,furnished,west,0,17.4359437,78.3416731
D70127024,unknown,unknown,40000000.0,4.0,3935.0,3935.0,,2.5,8.0,14.0,3.0,47.0,30.0,flat,furnished,unknown,0,17.4359437,78.3416731
Q70126690,unknown,unknown,23200000.0,3.0,2320.0,2320.0,,2.5,2.0,14.0,2.0,43.0,30.0,flat,furnished,unknown,0,17.421388,78.340833
S70116364,unknown,unknown,19200000.0,3.0,1742.0,1742.0,,0.0,7.0,35.0,1.0,10.0,30.0,flat,semi-furnished,west,0,17.4359437,78.3416731
S64119014,unknown,unknown,11600000.0,2.0,1250.0,1250.0,,20.0,20.0,31.0,1.0,13.0,30.0,flat,semi-furnished,east,0,17.4480919,78.3787508
F70091834,unknown,unknown,11700000.0,2.0,1250.0,1250.0,,20.0,26.0,31.0,1.0,13.0,30.0,flat,semi-furnished,east,0,17.4480919,78.3787508
U70085934,unknown,unknown,45000000.0,4.0,3416.0,3416.0,,20.0,2.0,3.0,2.0,50.0,30.0,villa,semi-furnished,east,1,17.4739709,78.2939945
V70085826,unknown,unknown,5000000.0,2.0,1200.0,1200.0,,20.0,2.0,12.0,1.0,46.0,30.0,flat,semi-furnished,east,0,17.5330867548758,78.2682745858627
A70085746,unknown,unknown,7000000.0,2.0,1200.0,1200.0,,20.0,7.0,12.0,1.0,48.0,30.0,flat,semi-furnished,unknown,0,17.42278,78.34724
A70085494,unknown,unknown,6000000.0,2.0,1200.0,1200.0,,20.0,3.0,12.0,1.0,17.0,30.0,flat,semi-furnished,east,0,17.4664197,78.285342
D70085386,unknown,unknown,7000000.0,2.0,1200.0,1200.0,,20.0,7.0,12.0,1.0,47.0,30.0,flat,semi-furnished,east,0,17.4359437,78.3416731
O70084816,unknown,unknown,6000000.0,2.0,1100.0,1100.0,,20.0,6.0,11.0,1.0,47.0,30.0,flat,semi-furnished,east,0,17.49182,78.32617
E70084724,unknown,unknown,5500000.0,2.0,1100.0,1100.0,,20.0,6.0,11.0,1.0,50.0,30.0,flat,semi-furnished,east,0,17.509181,78.3521088
Y70084566,unknown,unknown,3800000.0,2.0,1050.0,1050.0,,20.0,2.0,6.0,1.0,0.0,30.0,flat,semi-furnished,east,0,,
K70078254,unknown,unknown,11299999.999999998,2.0,1379.0,1379.0,,0.0,3.0,12.0,1.0,49.0,30.0,flat,semi-furnished,east,1,17.466434,78.34865
A70034318,unknown,unknown,13500000.0,3.0,1628.0,1628.0,,0.0,4.0,12.0,2.0,49.0,30.0,flat,semi-furnished,east,1,17.466434,78.34865
K70069176,unknown,unknown,11299999.999999998,2.0,1370.0,1370.0,,0.0,7.0,12.0,1.0,49.0,30.0,flat,semi-furnished,east,1,17.466434,78.34865
T70034364,unknown,unknown,10900000.0,2.0,1303.0,1303.0,,0.0,4.0,12.0,1.0,49.0,30.0,flat,semi-furnished,north-east,1,17.51691,78.34283
W70034252,unknown,unknown,11299999.999999998,2.0,1371.0,1371.0,,0.0,2.0,12.0,1.0,50.0,30.0,flat,semi-furnished,east,1,17.47946,78.33037
L70076668,unknown,unknown,26400000.0,3.0,2800.0,2800.0,,2.5,5.0,10.0,2.0,33.0,30.0,flat,furnished,east,0,17.411744,78.341175
C68170366,unknown,unknown,65000000.0,4.0,4200.0,4200.0,,20.0,2.0,3.0,1.0,10.0,30.0,villa,semi-furnished,west,1,17.4525178,78.291501
L70048158,unknown,unknown,85000000.0,5.0,5000.0,5000.0,,0.0,2.0,3.0,1.0,10.0,30.0,villa,semi-furnished,north,1,17.452188,78.2922602
U70032462,unknown,unknown,5720000.0,2.0,1100.0,1100.0,,20.0,2.0,5.0,2.0,10.0,30.0,flat,semi-furnished,east,0,17.5468498,78.3650231
R70018822,unknown,unknown,59000000.0,3.0,2595.0,2595.0,,0.0,13.0,36.0,1.0,13.0,30.0,flat,semi-furnished,west,0,17.4480919,78.3787508
D69992996,unknown,unknown,23000000.0,3.0,2165.0,2165.0,,0.0,13.0,20.0,4.0,48.0,30.0,flat,furnished,west,0,17.42278,78.34724
F69992884,unknown,unknown,22000000.0,3.0,2440.0,2440.0,,2.5,2.0,14.0,1.0,48.0,30.0,flat,furnished,west,0,17.42278,78.34724
O69942848,unknown,unknown,57000000.0,4.0,3800.0,3800.0,,0.0,4.0,14.0,4.0,48.0,30.0,flat,furnished,west,0,17.4411482,78.3910691
A69936662,unknown,unknown,12200000.0,3.0,1576.0,1576.0,,0.0,8.0,9.0,2.0,50.0,30.0,flat,furnished,west,0,17.50993,78.36858
C69920664,unknown,unknown,38000000.0,5.0,6200.0,6200.0,,2.5,5.0,6.0,3.0,50.0,60.0,flat,furnished,west,0,17.4011618,78.37569
W69920142,unknown,unknown,18800000.0,3.0,1810.0,1810.0,,20.0,2.0,14.0,2.0,39.0,60.0,flat,semi-furnished,west,0,17.4480919,78.3787508
Y69817746,unknown,unknown,53000000.0,4.0,3220.0,3220.0,,20.0,1.0,2.0,2.0,15.0,30.0,villa,unfurnished,unknown,0,17.465956,78.261911
O68534626,unknown,unknown,17500000.0,3.0,2500.0,2500.0,,20.0,1.0,2.0,2.0,37.0,7.0,villa,semi-furnished,west,0,17.538237,78.480804
E69006568,unknown,unknown,33000000.0,4.0,3700.0,3700.0,,7.5,8.0,9.0,2.0,50.0,30.0,flat,semi-furnished,unknown,0,17.463252,78.354557
Z64693078,chandanagar,chandanagar,5900000.0,2.0,1275.0,1275.0,,12.0,27.0,40.0,2.0,47.0,30.0,flat,semi-furnished,east,0,17.49182,78.32617
N64692990,kollur,kollur,6000000.0,2.0,1235.0,1235.0,,12.0,11.0,18.0,2.0,0.0,30.0,flat,semi-furnished,east,0,17.443855,78.250431
M64693680,aminpur,aminpur,5750000.0,2.0,1235.0,1235.0,,12.0,20.0,30.0,2.0,0.0,30.0,flat,semi-furnished,east,0,,
Q64693788,miyapur,miyapur,6000000.0,2.0,1275.0,1275.0,,12.0,20.0,32.0,2.0,50.0,30.0,flat,semi-furnished,east,0,17.509181,78.3521088
A64694116,chandanagar,chandanagar,5250000.0,2.0,1260.0,1260.0,,12.0,23.0,32.0,2.0,47.0,30.0,flat,semi-furnished,east,0,17.49182,78.32617
T64694078,bhel,bhel,4400000.0,2.0,1265.0,1265.0,,12.0,21.0,28.0,2.0,50.0,30.0,flat,semi-furnished,east,0,17.495438,78.2960172
M64694158,kollur,kollur,4875000.0,2.0,1245.0,1245.0,,12.0,11.0,18.0,2.0,0.0,30.0,flat,semi-furnished,east,0,17.443855,78.250431
R64899194,miyapur,miyapur,6450000.0,3.0,1650.0,1650.0,,12.0,20.0,36.0,4.0,50.0,30.0,flat,semi-furnished,east,0,17.509181,78.3521088
W64899076,miyapur,miyapur,5000000.0,2.0,1250.0,1250.0,,12.0,14.0,18.0,2.0,50.0,30.0,flat,semi-furnished,east,0,17.509181,78.3521088
N64899136,miyapur,miyapur,5500000.0,2.0,1200.0,1200.0,,12.0,14.0,18.0,2.0,50.0,30.0,flat,semi-furnished,east,0,17.509181,78.3521088
H64899040,miyapur,miyapur,4850000.0,2.0,1200.0,1200.0,,12.0,18.0,18.0,2.0,50.0,30.0,flat,semi-furnished,east,0,17.509181,78.3521088
O64899016,chandanagar,chandanagar,6500000.0,2.0,1180.0,1180.0,,12.0,14.0,36.0,2.0,47.0,30.0,flat,semi-furnished,east,0,17.49182,78.32617
H64879850,bhel,bhel,4959000.0,3.0,1500.0,1500.0,,12.0,14.0,36.0,4.0,50.0,30.0,flat,semi-furnished,east,0,17.495438,78.2960172
C64879574,chandanagar,chandanagar,6000000.0,3.0,1715.0,1715.0,,12.0,12.0,18.0,4.0,47.0,30.0,flat,semi-furnished,east,0,17.49182,78.32617
V64879456,kollur,kollur,5775000.0,3.0,1675.0,1675.0,,12.0,18.0,36.0,4.0,0.0,30.0,flat,semi-furnished,east,0,17.443855,78.250431
K64879292,kollur,kollur,5960000.0,3.0,1675.0,1675.0,,12.0,12.0,18.0,4.0,0.0,30.0,flat,semi-furnished,east,0,17.443855,78.250431
S70204106,unknown,unknown,12800000.0,2.0,1280.0,1280.0,,20.0,18.0,23.0,1.0,13.0,30.0,flat,semi-furnished,unknown,1,17.405995,78.4055545
D70204142,jubilee hills,jubilee hills,22800000.0,3.0,2275.0,2275.0,,20.0,6.0,23.0,1.0,13.0,30.0,flat,semi-furnished,unknown,1,17.4059656,78.4054404
P70210670,unknown,unknown,14200000.0,3.0,1535.0,1535.0,,20.0,18.0,18.0,1.0,10.0,30.0,flat,semi-furnished,east,1,17.3907794,78.3489984
W70204236,nanakramguda,nanakramguda,26000000.0,3.0,2750.0,2750.0,,20.0,6.0,8.0,2.0,38.0,30.0,flat,semi-furnished,east,1,17.4112375,78.35086
Y70204270,nanakramguda,nanakramguda,14300000.0,2.0,1250.0,1250.0,,20.0,7.0,8.0,2.0,39.0,30.0,flat,furnished,west,0,17.411191,78.351451
X70204126,jubilee hills,jubilee hills,22600000.0,3.0,2260.0,2260.0,,20.0,9.0,23.0,1.0,13.0,30.0,flat,semi-furnished,unknown,0,17.405956,78.404979
M70204088,unknown,unknown,12000000.0,2.0,1220.0,1220.0,,20.0,5.0,23.0,1.0,13.0,30.0,flat,semi-furnished,east,0,17.405956,78.404979
S70878570,nanakramguda,nanakramguda,18900000.0,4.0,3000.0,3000.0,,12.0,15.0,47.0,2.0,48.0,7.0,flat,semi-furnished,east,0,17.42278,78.34724
I70835372,narsingi,narsingi,22700000.0,3.0,3600.0,3600.0,,12.0,20.0,47.0,2.0,25.0,7.0,flat,semi-furnished,east,0,17.3923634,78.3621784
I70711256,osman nagar,osman nagar,9606000.0,3.0,1601.0,1601.0,,12.0,12.0,17.0,1.0,1.0,14.0,flat,semi-furnished,east,0,17.442196,78.280067
H70607828,unknown,unknown,9688000.0,3.0,1615.0,1615.0,,12.0,10.0,22.0,2.0,17.0,21.0,flat,semi-furnished,east,0,17.4664197,78.285342
D70607614,unknown,unknown,8070000.0,2.0,1345.0,1345.0,,12.0,10.0,22.0,1.0,1.0,21.0,flat,semi-furnished,east,0,17.442196,78.280067
S70058910,unknown,unknown,7180000.0,2.0,1330.0,1330.0,,12.0,9.0,19.0,2.0,9.0,30.0,flat,semi-furnished,east,0,17.43498,78.175278
J70027238,unknown,unknown,12700000.0,3.0,1800.0,1800.0,,12.0,1.0,2.0,2.0,9.0,30.0,villa,semi-furnished,east,0,17.575957,78.471167
Y70027198,unknown,unknown,12600000.0,3.0,1800.0,1800.0,,12.0,1.0,2.0,2.0,9.0,30.0,villa,semi-furnished,north,0,17.575957,78.471167
O69990550,unknown,unknown,9900000.0,3.0,1503.0,1503.0,,12.0,1.0,2.0,2.0,9.0,30.0,villa,semi-furnished,east,0,17.575957,78.471167
C69990546,unknown,unknown,9900000.0,3.0,1503.0,1503.0,,12.0,1.0,2.0,2.0,9.0,30.0,villa,semi-furnished,north,0,17.575957,78.471167
T69531914,khajaguda,khajaguda,55400000.0,4.0,5039.0,5039.0,,12.0,20.0,50.0,3.0,48.0,60.0,flat,semi-furnished,east,0,17.41214,78.36431
X68432070,unknown,unknown,50599999.99999999,4.0,280.0,280.0,,12.0,2.0,3.0,3.0,1.0,14.0,villa,semi-furnished,east,0,17.442196,78.280067
G70398912,unknown,unknown,22900000.0,3.0,2360.0,2360.0,,20.0,6.0,15.0,2.0,8.0,30.0,flat,semi-furnished,east,0,17.4125664,78.3404365
M66708784,unknown,unknown,24100000.0,3.0,2680.0,2680.0,,20.0,8.0,15.0,1.0,8.0,30.0,flat,semi-furnished,west,0,17.411744,78.341175
S65790366,unknown,unknown,21200000.0,3.0,2360.0,2360.0,,20.0,7.0,15.0,2.0,8.0,30.0,flat,semi-furnished,east,0,17.411744,78.341175
Y70173650,unknown,unknown,9000000.0,2.0,1150.0,1150.0,,0.0,2.0,5.0,1.0,17.0,30.0,flat,semi-furnished,west,0,17.311940823733476,78.47302608769566
J69939520,unknown,unknown,17400000.0,3.0,1492.0,1492.0,,0.0,4.0,35.0,1.0,10.0,30.0,flat,furnished,west,0,17.4359437,78.3416731
I71026976,unknown,unknown,18100000.0,3.0,1720.0,1720.0,,20.0,12.0,18.0,2.0,12.0,0.0,flat,semi-furnished,east,0,17.466742,78.337059
N71026758,unknown,unknown,18500000.0,3.0,1945.0,1945.0,,20.0,5.0,22.0,2.0,9.0,0.0,flat,semi-furnished,west,0,17.478221,78.312255
M71004520,unknown,unknown,24000000.0,3.0,1742.0,1742.0,,0.0,16.0,35.0,2.0,10.0,,flat,furnished,west,0,17.41341,78.339447
T71004428,unknown,unknown,16000000.0,3.0,1550.0,1550.0,,0.0,8.0,22.0,1.0,9.0,,flat,semi-furnished,west,0,17.478221,78.312255
P70983482,unknown,unknown,29100000.0,3.0,2710.0,2710.0,,0.0,17.0,18.0,2.0,12.0,2.0,flat,semi-furnished,west,0,17.466742,78.337059
C70962322,unknown,unknown,23500000.0,3.0,2235.0,2235.0,,20.0,24.0,32.0,1.0,13.0,3.0,flat,semi-furnished,east,0,17.40223,78.3444
C70962236,unknown,unknown,14100000.0,2.0,1340.0,1340.0,,20.0,5.0,18.0,1.0,12.0,3.0,flat,semi-furnished,east,0,17.4609913,78.3532083
R70962150,unknown,unknown,20600000.0,3.0,2080.0,2080.0,,20.0,14.0,18.0,2.0,12.0,3.0,flat,semi-furnished,east,0,17.4609913,78.3532083
F70852914,unknown,unknown,15600000.0,3.0,1860.0,1860.0,,0.0,7.0,21.0,2.0,12.0,7.0,flat,semi-furnished,west,0,17.4692958,78.333071
I70727416,unknown,unknown,15500000.0,3.0,1505.0,1505.0,,0.0,9.0,18.0,2.0,12.0,14.0,flat,furnished,unknown,0,17.466742,78.337059
A70696812,unknown,unknown,26500000.0,3.0,2405.0,2405.0,,0.0,16.0,31.0,2.0,48.0,14.0,flat,furnished,east,0,17.42278,78.34724
P70696548,unknown,unknown,23000000.0,3.0,1925.0,1925.0,,0.0,6.0,31.0,3.0,15.0,14.0,flat,furnished,east,0,17.422584,78.350841
O70696464,unknown,unknown,16500000.0,3.0,1505.0,1505.0,,20.0,17.0,18.0,2.0,12.0,14.0,flat,semi-furnished,east,0,17.466742,78.337059
G70696014,unknown,unknown,21800000.0,3.0,1835.0,1835.0,,0.0,12.0,17.0,1.0,48.0,14.0,flat,furnished,west,0,17.433847,78.332074
Q70695884,unknown,unknown,27600000.0,3.0,2055.0,2055.0,,0.0,16.0,30.0,2.0,8.0,14.0,flat,semi-furnished,east,0,17.400284,78.350663
J70670372,unknown,unknown,17300000.0,2.0,1245.0,1245.0,,0.0,23.0,31.0,1.0,15.0,14.0,flat,unfurnished,north,0,17.422584,78.350841
A70642224,unknown,unknown,6200000.0,2.0,1125.0,1125.0,,20.0,1.0,5.0,1.0,12.0,21.0,flat,semi-furnished,east,0,17.311940823733476,78.47302608769566
D70355532,unknown,unknown,5700000.0,2.0,1130.0,1130.0,,20.0,2.0,5.0,1.0,46.0,30.0,flat,semi-furnished,east,0,17.4769491,78.5598292
Y70156862,unknown,unknown,38000000.0,4.0,2250.0,2250.0,,12.0,1.0,2.0,3.0,10.0,30.0,villa,semi-furnished,west,0,17.33746,78.38138
I70003292,unknown,unknown,6200000.0,2.0,1050.0,1050.0,,2.5,4.0,4.0,1.0,50.0,30.0,flat,furnished,north-east,0,17.4478104,78.5263305
E70107108,nallagandla,nallagandla,22500000.0,3.0,1955.0,1955.0,,20.0,11.0,25.0,2.0,13.0,30.0,flat,semi-furnished,west,0,17.466409,78.311677
Q70526080,sd road,sd road,12000000.0,3.0,1500.0,1500.0,,2.5,2.0,5.0,2.0,49.0,5.0,flat,furnished,east,1,17.4417749,78.5010847
P70922404,sainikpuri,sainikpuri,2650000.0,1.0,500.0,500.0,,2.5,2.0,3.0,1.0,46.0,6.0,flat,furnished,east,0,17.4876857,78.5483395
N70922374,old bowenpally,old bowenpally,6600000.0,3.0,1325.0,1325.0,,2.5,3.0,5.0,2.0,49.0,6.0,flat,furnished,west,0,17.4838,78.478233
G70922360,satya sai enclave,satya sai enclave,5200000.0,2.0,1000.0,1000.0,,2.5,2.0,5.0,2.0,49.0,6.0,flat,furnished,east,0,17.485456,78.487045
F70908248,nizampet,nizampet,8500000.0,2.0,1160.0,1160.0,,20.0,3.0,5.0,2.0,50.0,7.0,flat,furnished,north-east,0,17.5179636,78.3813785
E70908200,unknown,unknown,10000000.0,4.0,1197.0,1197.0,,2.5,0.0,1.0,2.0,46.0,7.0,villa,furnished,north-east,0,17.4876857,78.5483395
K70908178,unknown,unknown,13000000.0,6.0,1350.0,1350.0,,2.5,1.0,2.0,3.0,24.0,7.0,house,furnished,north-east,0,17.50107,78.59508
L70908126,unknown,unknown,7900000.0,2.0,1503.0,1503.0,,0.0,0.0,0.0,2.0,11.0,7.0,villa,semi-furnished,north-east,0,17.4626216,78.6313624
X70908100,dr as rao nagar,dr as rao nagar,5000000.0,2.0,1000.0,1000.0,,2.5,1.0,5.0,2.0,46.0,7.0,flat,furnished,east,0,17.4769491,78.5598292
I70682468,banjara hills,banjara hills,16600000.0,3.0,2219.0,2219.0,,7.5,4.0,5.0,2.0,46.0,14.0,flat,furnished,west,0,17.4164707,78.4382469
Z70682290,film nagar,film nagar,40000000.0,3.0,2600.0,2600.0,,2.5,1.0,5.0,2.0,50.0,14.0,flat,furnished,unknown,0,17.413956,78.408351
Q70560130,marredpally,marredpally,9000000.0,2.0,1080.0,1080.0,,7.5,4.0,5.0,1.0,50.0,21.0,flat,furnished,north,0,17.44704,78.50547
D70382336,unknown,unknown,17000000.0,3.0,1675.0,1675.0,,20.0,1.0,5.0,2.0,43.0,30.0,flat,semi-furnished,unknown,1,17.4458134,78.4022389
M70080652,west marredpally,west marredpally,7500000.0,3.0,1440.0,1440.0,,7.5,3.0,3.0,2.0,50.0,30.0,flat,furnished,unknown,0,17.449237,78.5007657
H70874700,nallagandla,nallagandla,10200000.0,3.0,1600.0,1600.0,,12.0,4.0,5.0,2.0,50.0,7.0,flat,semi-furnished,east,0,17.47078,78.30668
Q70748632,manikonda,manikonda,6500000.0,2.0,1220.0,1220.0,,20.0,3.0,5.0,2.0,50.0,14.0,flat,semi-furnished,east,0,17.4011618,78.37569
