BEDROOM_NUM_CLEAN,TOTAL_FLOOR,FEATURE_COUNT,AMENITY_COUNT,LANDMARK_COUNT,FLOOR_RATIO,BALCONY_NUM,AREA_SQFT,LATITUDE,LONGITUDE,LISTING_AGE_DAYS,IS_READY_TO_MOVE,IS_UNDER_CONSTR,IS_RERA,IS_RESALE,IS_NEW_BOOKING,IS_VERIFIED,HAS_SOCIETY,IS_TOP_FLOOR,IS_GROUND_FLOOR,PROP_TYPE_CLEAN,FURNISH_LABEL,FACING_LABEL,AGE_LABEL,AREA_BUCKET,BALCONY_BUCKET,LOCALITY,TARGET_PRICE_SQFT,FLOOR_RATIO_WAS_MISSING,BALCONY_NUM_WAS_MISSING,BEDROOM_NUM_CLEAN_WAS_MISSING,TOTAL_FLOOR_WAS_MISSING
2.0,5.0,7,7,9.0,0.4,1.0,1215.0,17.575957,78.471167,30.0,1,0,0,1,0,0,1,0,0,Apartment,Semi_Furnished,West,Under_Construction,Medium,1,: ,5700.0,0,0,0,0
3.0,30.0,13,13,17.0,0.3,3.0,1658.0,17.4664197,78.285342,60.0,0,1,0,1,0,0,1,0,0,Apartment,Furnished,East,Resale_Old,Medium,3+,: ,5428.0,0,0,0,0
3.0,1.0,12,13,15.0,0.5384615384615384,1.0,3609.0,17.43411,78.202315,21.0,1,0,1,1,0,0,1,0,0,Villa,Semi_Furnished,West,Resale_Very_Old,XL,1,: ,115960.0,1,0,0,0
2.0,4.0,1,0,50.0,1.0,2.0,1190.0,17.330779,78.547919,21.0,1,0,0,1,0,1,1,1,0,Apartment,Furnished,Unknown,0_5_yrs,Small,2,: ,5042.0,0,0,0,0
2.0,2.0,5,5,49.0,0.5,1.0,565.0,17.4044157,78.5105026,30.0,1,0,0,1,0,0,0,0,0,Builder_Floor,Furnished,South,5_10_yrs,Micro,1,: ,7964.0,0,0,0,0
2.0,5.0,6,6,9.0,0.8,1.0,1205.0,17.442022,78.650225,30.0,1,0,0,1,0,0,1,0,0,Apartment,Semi_Furnished,East,Under_Construction,Medium,1,: ,4771.0,0,0,0,0
2.0,5.0,10,10,37.0,0.4,3.0,1685.0,17.388287,78.370072,90.0,1,0,0,1,0,1,1,0,0,Apartment,Semi_Furnished,East,0_5_yrs,Medium,3+,: ,6528.0,0,0,0,0
2.0,1.0,4,4,50.0,0.5384615384615384,0.0,1746.0,17.43604,78.5746,30.0,1,0,0,1,0,1,0,0,0,Villa,Unfurnished,North,5_10_yrs,Medium,Unknown,: ,109000.0,1,0,0,0
7.0,3.0,2,3,46.0,0.5384615384615384,4.0,2403.0,17.4769491,78.5598292,21.0,1,0,0,1,0,1,0,0,0,Villa,Furnished,West,Under_Construction,Large,3+,: ,183520.0,1,0,0,0
3.0,4.0,1,2,47.0,0.75,2.0,1325.0,17.49182,78.32617,90.0,1,0,0,1,0,0,1,0,0,Apartment,Semi_Furnished,East,5_10_yrs,Medium,2,Chandanagar,6188.0,0,0,0,0
2.0,22.0,20,21,15.0,0.5909090909090909,2.0,1433.0,17.4838748,78.3078633,28.0,0,1,1,1,0,0,1,0,0,Apartment,Unfurnished,East,Resale_Old,Medium,2,Kondapur,7700.0,0,0,0,0
2.0,5.0,3,3,43.0,0.5384615384615384,0.0,2034.0,17.519291,78.306542,90.0,1,0,0,1,0,0,1,0,0,Villa,Unfurnished,Unknown,5_10_yrs,Large,Unknown,Ramachandrapuram,146017.0,1,0,0,1
5.0,3.0,5,6,47.0,0.5384615384615384,2.0,4000.0,17.491639,78.55049,21.0,1,0,0,1,0,1,1,0,0,Villa,Semi_Furnished,North,5_10_yrs,XL,2,: ,16250.0,1,0,0,0
2.0,1.0,11,13,50.0,0.5384615384615384,0.0,1764.0,17.4472745,78.5413355,30.0,1,0,0,1,0,1,0,0,0,Villa,Semi_Furnished,South,5_10_yrs,Medium,Unknown,Vasanthapuri Colony,12083.0,1,0,0,0
6.0,2.0,2,3,50.0,0.5384615384615384,1.0,2250.0,17.3761525,78.5462098,21.0,1,0,0,1,0,0,0,0,0,Villa,Furnished,Unknown,Under_Construction,Large,1,: ,26000.0,1,0,0,0
3.0,5.0,3,4,0.0,0.8,2.0,1536.0,0.0,0.0,30.0,1,0,0,1,0,1,0,0,0,Builder_Floor,Semi_Furnished,North,0_5_yrs,Medium,2,Saidabad,5990.0,0,0,0,0
3.0,5.0,0,0,17.0,0.6,2.0,1770.0,17.391267,78.355303,30.0,1,0,1,1,0,1,1,0,0,Apartment,Unfurnished,Unknown,Under_Construction,Medium,2,: ,6779.0,0,0,0,0
2.0,1.0,2,2,49.0,0.5384615384615384,0.0,2862.0,17.3447337,78.5182911,90.0,1,0,0,1,0,1,0,0,0,Villa,Semi_Furnished,South,5_10_yrs,XL,Unknown,: ,100000.0,1,0,0,0
10.0,2.0,8,9,17.0,0.5384615384615384,2.0,1800.0,17.311940823733476,78.47302608769566,90.0,1,0,0,1,0,1,0,0,0,Villa,Semi_Furnished,Unknown,0_5_yrs,Medium,2,: ,4895.0,1,0,0,0
2.0,5.0,4,4,0.0,0.6,1.0,1312.0,78.48667,17.38504,28.0,1,0,0,1,0,1,1,0,0,Apartment,Semi_Furnished,West,Resale_Very_Old,Medium,1,: ,5638.0,0,0,0,0
2.0,5.0,3,4,29.0,0.4,2.0,1200.0,17.427296,78.325424,30.0,1,0,0,1,0,1,1,0,0,Apartment,Semi_Furnished,East,Under_Construction,Small,2,Gowlidoddy,5833.0,0,0,0,0
3.0,2.0,12,12,15.0,0.5384615384615384,2.0,1600.0,17.178249,78.481973,30.0,1,0,1,1,0,0,1,0,0,Villa,Semi_Furnished,East,Resale_Very_Old,Medium,2,: ,13750.0,1,0,0,0
3.0,2.0,0,0,48.0,1.0,0.0,1652.0,17.361493,78.550751,90.0,0,1,0,1,0,0,1,1,0,Apartment,Semi_Furnished,NW,Resale_Old,Medium,Unknown,Haripuri Colony,6053.0,0,0,0,0
3.0,5.0,9,10,33.0,0.8,1.0,1765.0,17.349841,78.419243,,1,0,0,1,0,0,1,0,0,Apartment,Semi_Furnished,North,5_10_yrs,Medium,1,: ,3399.0,0,0,0,0
2.0,4.0,1,0,50.0,1.0,1.0,1150.0,17.509181,78.3521088,30.0,1,0,0,1,0,1,1,1,0,Apartment,Semi_Furnished,Unknown,0_5_yrs,Small,1,: ,5565.0,0,0,0,0
3.0,5.0,11,13,50.0,1.0,2.0,2270.0,17.4011618,78.37569,7.0,1,0,0,1,0,0,1,1,0,Apartment,Furnished,East,Under_Construction,Large,2,: ,7488.0,0,0,0,0
2.0,2.0,8,9,49.0,0.5384615384615384,2.0,1647.0,17.33671,77.9044,60.0,1,0,0,1,0,0,1,0,0,Villa,Semi_Furnished,East,Resale_Very_Old,Medium,2,Vikarabad,33879.0,1,0,0,0
3.0,2.0,7,9,50.0,0.5384615384615384,1.0,2400.0,17.516967,78.379773,,1,0,0,1,0,1,1,0,0,Villa,Semi_Furnished,NE,5_10_yrs,Large,1,: ,11666.0,1,0,0,0
3.0,1.0,0,0,50.0,0.5384615384615384,1.0,2700.0,17.495438,78.2960172,5.0,1,0,0,1,0,1,1,0,0,Villa,Semi_Furnished,Unknown,5_10_yrs,XL,1,BHEL,20547.0,1,0,0,0
3.0,4.0,6,6,3.0,0.75,2.0,1530.0,17.20869,78.47603,14.0,0,1,1,1,0,0,1,0,0,Apartment,Semi_Furnished,NE,Resale_Old,Medium,2,: ,4575.0,0,0,0,0
2.0,1.0,0,0,50.0,0.5384615384615384,0.0,1134.0,17.324113,78.5519,30.0,1,0,0,1,0,1,0,0,0,Villa,Semi_Furnished,NW,5_10_yrs,Small,Unknown,: ,69841.0,1,0,0,0
3.0,4.0,4,4,50.0,0.25,2.0,1475.0,17.4011618,78.37569,60.0,1,0,0,1,0,1,1,0,0,Apartment,Semi_Furnished,North,5_10_yrs,Medium,2,Manikonda,5084.0,0,0,0,0
6.0,3.0,0,0,50.0,0.5384615384615384,2.0,567.0,17.42761,78.5054,60.0,1,0,0,1,0,1,0,0,0,Villa,Semi_Furnished,Unknown,5_10_yrs,Micro,2,: ,134920.0,1,0,0,0
4.0,3.0,12,13,50.0,0.5384615384615384,3.0,4500.0,17.4760126,78.4737003,60.0,1,0,0,1,0,1,0,0,0,Villa,Furnished,East,5_10_yrs,XL,3+,: ,17777.0,1,0,0,0
5.0,2.0,0,0,47.0,0.5384615384615384,1.0,1980.0,17.48718,78.5786,90.0,1,0,0,1,0,0,1,0,0,Villa,Unfurnished,Unknown,0_5_yrs,Large,1,: ,159090.0,1,0,0,0
3.0,40.0,4,4,25.0,0.3,1.0,2600.0,17.3923634,78.3621784,120.0,0,1,0,1,0,0,1,0,0,Apartment,Semi_Furnished,Unknown,Resale_Old,XL,1,: ,6500.0,0,0,0,0
3.0,4.0,13,14,50.0,0.5,4.0,2200.0,17.374194,78.553525,60.0,1,0,0,1,0,0,1,0,0,Apartment,Semi_Furnished,NE,Resale_Very_Old,Large,3+,: ,9090.0,0,0,0,0
4.0,2.0,1,2,47.0,0.5384615384615384,2.0,1215.0,17.49479,78.39964,30.0,1,0,0,1,0,1,0,0,0,Villa,Semi_Furnished,West,Under_Construction,Medium,2,: ,129629.0,1,0,0,0
5.0,1.0,0,0,46.0,0.5384615384615384,4.0,2700.0,17.4876857,78.5483395,7.0,1,0,0,1,0,1,1,0,0,Villa,Unfurnished,Unknown,Resale_Very_Old,XL,3+,: ,116666.0,1,0,0,0
3.0,1.0,0,0,1.0,0.5384615384615384,3.0,2350.0,17.442791,78.278282,30.0,1,0,0,1,0,1,1,0,0,Apartment,Furnished,Unknown,0_5_yrs,Large,3+,Osman Nagar,9574.0,1,0,0,0
2.0,15.0,3,4,11.0,0.5333333333333333,1.0,1440.0,17.311940823733476,78.47302608769566,120.0,0,1,1,1,0,0,1,0,0,Apartment,Semi_Furnished,East,Resale_Old,Medium,1,Bandlaguda Jagir,6800.0,0,0,0,0
4.0,1.0,11,11,6.0,0.5384615384615384,3.0,4310.0,17.611834,78.465146,120.0,0,1,0,1,0,0,1,0,0,Villa,Unfurnished,East,Resale_Old,XL,3+,Gowdavalli,7656.0,1,0,0,0
3.0,4.0,1,0,50.0,0.5,2.0,1475.0,17.5139295,78.3850518,30.0,1,0,0,1,0,1,1,0,0,Apartment,Furnished,Unknown,5_10_yrs,Medium,2,: ,4745.0,0,0,0,0
2.0,5.0,18,20,8.0,0.6,2.0,1160.0,17.5468498,78.3650231,30.0,1,0,1,1,0,1,1,0,0,Apartment,Semi_Furnished,East,Resale_Very_Old,Small,2,: ,6034.0,0,0,0,0
3.0,2.0,2,3,50.0,0.5384615384615384,1.0,1611.0,17.4930942,78.5036065,5.0,1,0,0,1,0,0,0,0,0,Villa,Unfurnished,Unknown,5_10_yrs,Medium,1,: ,75418.0,1,0,0,0
3.0,13.0,7,7,50.0,0.3076923076923077,1.0,1039.0,17.517266,78.315699,7.0,0,1,0,1,0,0,1,0,0,Apartment,Unfurnished,East,Resale_Old,Small,1,Aminpur,6352.0,0,0,0,0
3.0,30.0,12,12,50.0,0.2333333333333333,1.0,1923.0,17.408229,78.374398,14.0,1,0,0,1,0,1,1,0,0,Apartment,Furnished,Unknown,5_10_yrs,Large,1,: ,9368.0,0,0,0,0
3.0,5.0,6,6,50.0,0.6,2.0,1645.0,17.456088,78.435077,5.0,1,0,0,1,0,0,1,0,0,Apartment,Furnished,NE,5_10_yrs,Medium,2,Sanath Nagar,9726.0,0,0,0,0
2.0,2.0,2,2,50.0,0.5384615384615384,1.0,1440.0,17.333085,78.59372,14.0,0,1,0,1,0,0,0,0,0,Villa,Semi_Furnished,Unknown,Resale_Old,Medium,1,Lecturers Colony,93750.0,1,0,0,0
3.0,5.0,4,5,8.0,0.2,2.0,1600.0,17.3697735,78.5618265,120.0,1,0,1,1,0,1,1,0,0,Apartment,Semi_Furnished,East,Resale_Very_Old,Medium,2,: ,7812.0,0,0,0,0
3.0,3.0,5,7,1.0,0.5384615384615384,1.0,2700.0,17.41821,78.29459,180.0,0,1,0,1,0,0,0,0,0,Villa,Semi_Furnished,East,Resale_Old,XL,1,: ,6481.0,1,0,0,0
4.0,2.0,4,5,6.0,0.5384615384615384,1.0,1350.0,17.529701,78.333031,60.0,0,1,0,1,0,0,1,0,0,Villa,Semi_Furnished,East,Resale_Old,Medium,1,: ,7045.0,1,0,0,0
3.0,35.0,23,25,10.0,0.2571428571428571,1.0,1993.0,17.41341,78.339447,90.0,1,0,1,1,0,0,1,0,0,Apartment,Furnished,East,Under_Construction,Large,1,: ,10536.0,0,0,0,0
4.0,2.0,12,13,0.0,0.5384615384615384,2.0,9360.0,17.3423568,78.3011735,60.0,1,0,0,1,0,0,0,0,0,Farmhouse,Semi_Furnished,East,Under_Construction,XXL,2,: ,3739.0,1,0,0,0
2.0,1.0,0,0,49.0,0.5384615384615384,2.0,1125.0,17.49565,78.466262,90.0,1,0,0,1,0,1,0,0,0,Villa,Semi_Furnished,East,5_10_yrs,Small,2,: ,120000.0,1,0,0,0
3.0,4.0,6,6,50.0,1.0,2.0,1248.0,17.3964311,78.4815879,60.0,1,0,0,1,0,1,1,1,0,Apartment,Semi_Furnished,East,5_10_yrs,Medium,2,: ,7692.0,0,0,0,0
4.0,3.0,15,15,11.0,0.5384615384615384,3.0,2871.0,17.453581,78.291189,60.0,1,0,0,1,0,0,1,0,0,Villa,Semi_Furnished,West,Under_Construction,XL,3+,: ,26123.0,1,0,0,0
2.0,2.0,0,1,50.0,0.5384615384615384,2.0,3114.0,17.4106,78.46241,30.0,1,0,0,1,0,1,0,0,0,Villa,Semi_Furnished,Unknown,5_10_yrs,XL,2,: ,202312.0,1,0,0,0
3.0,1.0,10,10,47.0,0.5384615384615384,4.0,11205.0,17.4891865,78.5420732,30.0,1,0,0,1,0,1,0,0,0,Villa,Semi_Furnished,NE,5_10_yrs,XXL,3+,Sainikpuri,117269.0,1,0,0,0
3.0,5.0,23,24,33.0,0.4,2.0,1525.0,17.406421,78.616398,21.0,1,0,1,1,0,1,1,0,0,Apartment,Furnished,West,Resale_Very_Old,Medium,2,: ,8196.0,0,0,0,0
3.0,11.0,10,11,15.0,0.8181818181818182,2.0,2249.0,17.43271,78.444297,90.0,1,0,1,1,0,0,1,0,0,Apartment,Semi_Furnished,West,Resale_Very_Old,Large,2,Ameerpet,10500.0,0,0,0,0
4.0,3.0,19,19,0.0,0.5384615384615384,3.0,4255.0,17.448266,78.249577,30.0,0,1,0,1,0,0,1,0,0,Villa,Semi_Furnished,West,Resale_Old,XL,3+,Kollur,13513.0,1,0,0,0
3.0,5.0,10,11,20.0,0.5384615384615384,3.0,1526.0,17.526992,78.344595,30.0,1,0,0,1,0,1,1,0,0,Apartment,Unfurnished,West,5_10_yrs,Medium,3+,Miyapur,5504.0,1,0,0,0
3.0,2.0,0,0,49.0,0.5384615384615384,1.0,3150.0,17.497983,78.459688,7.0,1,0,0,1,0,1,1,0,0,Villa,Semi_Furnished,Unknown,0_5_yrs,XL,1,: ,4126.0,1,0,0,0
4.0,2.0,25,27,49.0,0.5,3.0,2564.0,17.505486,78.540761,90.0,1,0,0,1,0,0,1,0,0,Apartment,Furnished,Unknown,0_5_yrs,XL,3+,: ,7500.0,0,0,0,0
4.0,2.0,13,14,50.0,0.5384615384615384,1.0,1620.0,17.536121,78.289779,90.0,1,0,0,1,0,1,1,0,0,Villa,Semi_Furnished,East,Under_Construction,Medium,1,: ,9130.0,1,0,0,0
3.0,5.0,11,11,46.0,0.6,2.0,1530.0,17.483151,78.567007,90.0,0,1,0,1,0,0,1,0,0,Apartment,Semi_Furnished,East,Resale_Old,Medium,2,: ,5882.0,0,0,0,0
3.0,5.0,11,12,49.0,0.6,2.0,1945.0,17.465743,78.345041,7.0,1,0,0,1,0,1,1,0,0,Apartment,Semi_Furnished,East,Under_Construction,Large,2,: ,7712.0,0,0,0,0
3.0,5.0,1,1,50.0,0.6,2.0,1550.0,17.510933,78.533058,30.0,1,0,0,1,0,0,1,0,0,Apartment,Furnished,Unknown,5_10_yrs,Medium,2,: ,4193.0,0,0,0,0
3.0,18.0,16,17,47.0,0.7222222222222222,1.0,2705.0,17.463222,78.373772,60.0,1,0,0,1,0,1,1,0,0,Apartment,Furnished,West,0_5_yrs,XL,1,Shilpa Hills,11500.0,0,0,0,0
4.0,2.0,7,7,37.0,0.5384615384615384,2.0,3000.0,17.5386495,78.4803923,28.0,1,0,0,1,0,1,0,0,0,Villa,Furnished,Unknown,0_5_yrs,XL,2,Kompally,6000.0,1,0,0,0
3.0,2.0,12,13,0.0,0.5384615384615384,3.0,2700.0,17.443354,78.182044,4.0,1,0,0,1,0,0,0,0,0,Villa,Semi_Furnished,West,Resale_Very_Old,XL,3+,: ,126666.0,1,0,0,0
3.0,6.0,12,13,43.0,0.8333333333333334,2.0,1520.0,17.519291,78.306542,30.0,1,0,0,1,0,0,1,0,0,Apartment,Unfurnished,West,Resale_Very_Old,Medium,2,: ,6348.0,0,0,0,0
3.0,9.0,18,20,10.0,0.3333333333333333,1.0,1820.0,17.538237,78.480804,90.0,1,0,1,1,0,0,1,0,0,Apartment,Semi_Furnished,East,Resale_Very_Old,Large,1,Kompally,8186.0,0,0,0,0
2.0,5.0,13,13,33.0,0.2,1.0,1040.0,17.509831,78.542499,120.0,1,0,0,1,0,0,1,0,0,Apartment,Furnished,East,0_5_yrs,Small,1,Pedso 2,5288.0,0,0,0,0
3.0,14.0,2,2,48.0,0.8571428571428571,2.0,1920.0,17.42278,78.34724,30.0,1,0,0,1,0,1,1,0,0,Apartment,Furnished,West,0_5_yrs,Large,2,: ,9000.0,0,0,0,0
5.0,2.0,1,1,33.0,0.5384615384615384,2.0,1506.0,17.406421,78.616398,90.0,1,0,0,1,0,1,0,0,0,Villa,Semi_Furnished,NE,5_10_yrs,Medium,2,Peerzadiguda,8632.0,1,0,0,0
3.0,12.0,24,26,0.0,0.5384615384615384,1.0,1725.0,16.5609,77.85031,60.0,1,0,0,1,0,0,1,0,0,Apartment,Semi_Furnished,West,Under_Construction,Medium,1,: ,10202.0,1,0,0,0
3.0,4.0,1,1,49.0,0.5384615384615384,1.0,1500.0,17.3996648,78.4496168,60.0,1,0,0,1,0,1,1,0,0,Apartment,Semi_Furnished,Unknown,5_10_yrs,Medium,1,Masab Tank,11363.0,1,0,0,0
3.0,3.0,0,0,47.0,0.3333333333333333,0.0,200.0,17.4948,78.3996,7.0,1,0,0,1,0,0,1,0,0,Builder_Floor,Semi_Furnished,Unknown,Under_Construction,Micro,Unknown,Kukatpally,37500.0,0,0,0,0
2.0,5.0,8,8,47.0,0.8,2.0,1230.0,17.49479,78.39964,21.0,1,0,0,1,0,1,1,0,0,Apartment,Furnished,East,0_5_yrs,Medium,2,: ,6016.0,0,0,0,0
2.0,2.0,3,3,7.0,0.5384615384615384,2.0,1251.0,17.4208136218379,78.6406221360118,90.0,1,0,0,1,0,1,0,0,0,Villa,Furnished,South,5_10_yrs,Medium,2,Vijayapuri Colony,100719.0,1,0,0,0
2.0,5.0,8,8,9.0,0.6,2.0,1145.0,17.5468498,78.3650231,60.0,0,1,1,1,0,0,1,0,0,Apartment,Semi_Furnished,East,Resale_Old,Small,2,: ,6200.0,0,0,0,0
2.0,3.0,1,2,50.0,0.3333333333333333,1.0,850.0,17.377228,78.534817,14.0,1,0,0,1,0,0,1,0,0,Apartment,Semi_Furnished,North,5_10_yrs,Small,1,New Maruthi Nagar,5647.0,0,0,0,0
10.0,3.0,6,6,39.0,0.5384615384615384,3.0,2000.0,17.357233,78.404825,30.0,1,0,0,1,0,0,0,0,0,Villa,Semi_Furnished,South,0_5_yrs,Large,3+,P&T Colony,25000.0,1,0,0,0
2.0,8.0,19,20,8.0,0.5,1.0,1185.0,17.549696,78.478157,2.0,1,0,1,1,0,0,1,0,0,Apartment,Furnished,East,Resale_Very_Old,Small,1,: ,7172.0,0,0,0,0
2.0,4.0,4,6,50.0,0.5,2.0,750.0,17.3915153,78.4972145,4.0,1,0,0,1,0,0,1,0,0,Apartment,Furnished,NE,5_10_yrs,Micro,2,barkatpura,12666.0,0,0,0,0
4.0,1.0,0,0,0.0,0.5384615384615384,0.0,3000.0,20.5937,78.9629,21.0,1,0,0,1,0,0,0,0,0,Villa,Furnished,Unknown,Resale_Very_Old,XL,Unknown,Manikonda,26666.0,1,0,0,0
2.0,4.0,5,5,50.0,0.75,3.0,1420.0,17.448505,78.514838,60.0,1,0,0,1,0,1,1,0,0,Apartment,Semi_Furnished,East,5_10_yrs,Medium,3+,: ,4225.0,0,0,0,0
3.0,15.0,17,20,47.0,0.2,2.0,1800.0,17.49479,78.39964,14.0,1,0,0,1,0,1,1,0,0,Apartment,Furnished,East,0_5_yrs,Medium,2,Kukatpally,8403.0,0,0,0,0
3.0,5.0,7,7,49.0,0.6,2.0,1815.0,17.349881,78.555418,30.0,0,1,0,1,0,0,1,0,0,Apartment,Unfurnished,East,Resale_Old,Large,2,: ,6500.0,0,0,0,0
3.0,1.0,0,3,50.0,0.5384615384615384,0.0,375.0,17.412143,78.571477,30.0,1,0,0,1,0,1,0,0,0,Villa,Semi_Furnished,SE,5_10_yrs,Micro,Unknown,Srinivasa Colony,80000.0,1,0,0,0
2.0,4.0,5,5,47.0,0.5,2.0,1000.0,17.367175,78.52609,30.0,1,0,0,1,0,1,1,0,0,Apartment,Semi_Furnished,East,5_10_yrs,Small,2,: ,4900.0,0,0,0,0
2.0,5.0,14,15,50.0,0.2,2.0,1020.0,17.36928,78.55331,30.0,1,0,0,1,0,1,1,0,0,Apartment,Furnished,SW,0_5_yrs,Small,2,: ,6372.0,0,0,0,0
6.0,3.0,2,2,50.0,0.5384615384615384,2.0,4200.0,17.414894,78.55985,90.0,1,0,0,1,0,0,0,0,0,Villa,Furnished,East,0_5_yrs,XL,2,: ,5476.0,1,0,0,0
1.0,1.0,0,1,50.0,0.5384615384615384,1.0,540.0,17.3697735,78.5618265,30.0,1,0,0,1,0,1,0,0,0,Villa,Unfurnished,Unknown,0_5_yrs,Micro,1,Nagole,75000.0,1,0,0,0
2.0,4.0,1,2,49.0,0.25,1.0,819.0,17.38504,78.48667,90.0,1,0,0,1,0,0,1,0,0,Apartment,Semi_Furnished,Unknown,5_10_yrs,Small,1,: ,4639.0,0,0,0,0
3.0,15.0,23,25,15.0,0.4666666666666667,1.0,1525.0,17.568049,78.47042,7.0,1,0,1,1,0,1,1,0,0,Apartment,Semi_Furnished,East,Resale_Very_Old,Medium,1,: ,6360.0,0,0,0,0
3.0,14.0,10,10,11.0,0.9285714285714286,2.0,1754.0,17.459904,78.306975,150.0,0,1,1,1,0,0,1,0,0,Apartment,Unfurnished,West,Resale_Old,Medium,2,Nallagandla,6200.0,0,0,0,0
3.0,5.0,17,18,49.0,0.6,3.0,1818.0,17.456025,78.448549,90.0,1,0,0,1,0,0,1,0,0,Apartment,Furnished,East,0_5_yrs,Large,3+,: ,9625.0,0,0,0,0
2.0,5.0,1,1,48.0,1.0,2.0,927.0,17.419033,78.444699,30.0,1,0,0,1,0,0,1,1,0,Apartment,Semi_Furnished,Unknown,0_5_yrs,Small,2,: ,8629.0,0,0,0,0
3.0,15.0,18,18,49.0,0.5333333333333333,4.0,2385.0,17.407219,78.390645,60.0,1,0,0,1,0,1,1,0,0,Apartment,Semi_Furnished,East,Resale_Very_Old,Large,3+,: ,9450.0,0,0,0,0
2.0,10.0,5,5,4.0,0.5,1.0,918.0,17.520188,78.344915,30.0,0,1,1,1,0,0,1,0,0,Apartment,Semi_Furnished,Unknown,Resale_Old,Small,1,: ,7080.0,0,0,0,0
3.0,31.0,24,27,15.0,0.5384615384615384,1.0,1695.0,17.4223092,78.3512067,30.0,1,0,0,1,0,1,1,0,0,Apartment,Furnished,North,Under_Construction,Medium,1,: ,11000.0,1,0,0,0
4.0,3.0,4,4,37.0,0.5384615384615384,2.0,1692.0,17.538237,78.480804,60.0,0,1,0,1,0,1,1,0,0,Villa,Semi_Furnished,Unknown,Resale_Old,Medium,2,: ,132978.0,1,0,0,0
2.0,1.0,4,4,0.0,0.5384615384615384,2.0,5445.0,17.42169,78.21842,30.0,1,0,0,1,0,0,0,0,0,Farmhouse,Semi_Furnished,Unknown,Resale_Very_Old,XXL,2,: ,13223.0,1,0,0,0
3.0,2.0,13,13,0.0,0.5384615384615384,1.0,1800.0,0.0,0.0,30.0,1,0,0,1,0,1,0,0,0,Villa,Semi_Furnished,West,Under_Construction,Medium,1,Bachupally,11627.0,1,0,0,0
9.0,5.0,1,1,49.0,0.5384615384615384,1.0,11000.0,17.499527,78.4767399,30.0,1,0,0,1,0,1,0,0,0,Villa,Unfurnished,North,Under_Construction,XXL,1,: ,5400.0,1,0,0,0
4.0,4.0,3,3,50.0,1.0,3.0,1600.0,17.5186369,78.3962529,90.0,1,0,0,1,0,1,1,1,0,Apartment,Furnished,Unknown,5_10_yrs,Medium,3+,Pragathi Nagar,4062.0,0,0,0,0
2.0,5.0,9,9,50.0,0.2,1.0,1225.0,17.5203424,78.3970205,60.0,0,1,0,1,0,0,1,0,0,Apartment,Semi_Furnished,East,Resale_Old,Medium,1,: ,4500.0,0,0,0,0
3.0,5.0,14,17,50.0,0.6,1.0,1320.0,17.425309,78.505037,7.0,1,0,0,1,0,0,1,0,0,Apartment,Furnished,West,5_10_yrs,Medium,1,Migh Colony,7000.0,0,0,0,0
3.0,33.0,3,3,15.0,0.5151515151515151,1.0,1353.0,17.53969,78.3581,60.0,0,1,1,1,0,0,1,0,0,Apartment,Unfurnished,West,Resale_Old,Medium,1,Bachupally,6840.0,0,0,0,0
3.0,5.0,6,6,49.0,0.6,3.0,1790.0,17.505811,78.539781,150.0,1,0,0,1,0,0,1,0,0,Apartment,Semi_Furnished,East,Resale_Very_Old,Medium,3+,: ,4916.0,0,0,0,0
3.0,2.0,0,0,47.0,0.5384615384615384,2.0,2500.0,17.427863,78.43395,3.0,1,0,0,1,0,0,0,0,0,Villa,Furnished,Unknown,5_10_yrs,Large,2,: ,10000.0,1,0,0,0
7.0,3.0,0,0,50.0,0.5384615384615384,1.0,1080.0,17.52198,78.44962,30.0,0,1,0,1,0,0,0,0,0,Villa,Semi_Furnished,West,Resale_Old,Small,1,: ,141666.0,1,0,0,0
3.0,5.0,9,10,5.0,1.0,1.0,1680.0,17.394129,78.358085,30.0,1,0,0,1,0,0,1,1,0,Apartment,Furnished,East,Under_Construction,Medium,1,: ,6250.0,0,0,0,0
3.0,12.0,3,4,15.0,0.75,1.0,1495.0,17.4359437,78.3416731,4.0,1,0,0,1,0,0,1,0,0,Apartment,Unfurnished,East,Under_Construction,Medium,1,Gachibowli,9030.0,0,0,0,0
3.0,4.0,4,5,27.0,0.25,2.0,1725.0,17.485206408706663,78.60681438946276,14.0,0,1,0,1,0,0,1,0,0,Apartment,Semi_Furnished,East,Resale_Old,Medium,2,Nagaram,6003.0,0,0,0,0
3.0,35.0,16,16,7.0,1.0,2.0,1905.0,17.395671,78.335513,14.0,0,1,1,1,0,0,1,1,0,Apartment,Semi_Furnished,East,Resale_Old,Large,2,Kokapet,7700.0,0,0,0,0
3.0,10.0,19,22,50.0,0.1,2.0,1683.0,17.472876,78.310177,30.0,1,0,0,1,0,1,1,0,0,Apartment,Furnished,East,5_10_yrs,Medium,2,: ,7427.0,0,0,0,0
2.0,5.0,4,4,50.0,1.0,1.0,840.0,17.36821,78.506278,30.0,0,1,0,1,0,0,1,1,0,Apartment,Semi_Furnished,East,Resale_Old,Small,1,: ,10714.0,0,0,0,0
4.0,2.0,9,10,5.0,0.5384615384615384,2.0,3800.0,17.640228766466283,78.4828090954698,14.0,0,1,0,1,0,0,0,0,0,Villa,Furnished,East,Resale_Old,XL,2,: ,11578.0,1,0,0,0
3.0,17.0,8,8,12.0,0.2352941176470588,2.0,1725.0,17.442196,78.280067,21.0,0,1,1,1,0,0,1,0,0,Apartment,Semi_Furnished,East,Resale_Old,Medium,2,: ,6100.0,0,0,0,0
3.0,9.0,9,9,10.0,0.6666666666666666,1.0,2230.0,17.5222,78.49005,,1,0,1,1,0,0,1,0,0,Apartment,Semi_Furnished,West,Resale_Very_Old,Large,1,: ,10824.0,0,0,0,0
3.0,2.0,25,28,10.0,0.5384615384615384,2.0,1650.0,17.55936,78.371912,14.0,1,0,1,1,0,0,1,0,0,Villa,Semi_Furnished,West,Under_Construction,Medium,2,: ,14741.0,1,0,0,0
3.0,1.0,7,8,43.0,0.5384615384615384,1.0,3258.0,17.45723,78.58832,30.0,1,0,0,1,0,1,0,0,0,Villa,Furnished,East,5_10_yrs,XL,1,Cherlapally,46961.0,1,0,0,0
1.0,5.0,10,10,6.0,0.6,1.0,625.0,17.548606,78.210422,30.0,1,0,0,1,0,0,1,0,0,Apartment,Semi_Furnished,NE,Under_Construction,Micro,1,Isnapur,4400.0,0,0,0,0
3.0,5.0,20,23,1.0,0.4,2.0,1375.0,17.3673066,78.3443972,21.0,1,0,0,1,0,0,1,0,0,Apartment,Semi_Furnished,West,Resale_Very_Old,Medium,2,Manchirevula Village,5454.0,0,0,0,0
2.0,1.0,8,9,1.0,0.5384615384615384,2.0,1815.0,17.280656,78.635099,7.0,0,1,0,1,0,0,1,0,0,Villa,Semi_Furnished,East,Resale_Old,Large,2,: ,4683.0,1,0,0,0
6.0,4.0,3,4,43.0,0.5384615384615384,4.0,6400.0,17.519291,78.306542,14.0,1,0,0,1,0,1,0,0,0,Villa,Semi_Furnished,West,0_5_yrs,XXL,3+,Ramachandrapuram,4218.0,1,0,0,0
4.0,2.0,5,6,47.0,0.5384615384615384,2.0,200.0,17.48718,78.5786,5.0,1,0,0,1,0,0,1,0,0,Villa,Semi_Furnished,West,Resale_Very_Old,Micro,2,: ,92500.0,1,0,0,0
3.0,10.0,20,20,49.0,0.5,4.0,1894.0,17.5133928,78.4672905,7.0,1,0,0,1,0,1,1,0,0,Apartment,Semi_Furnished,East,Under_Construction,Large,3+,: ,6071.0,0,0,0,0
5.0,3.0,10,10,6.0,0.5384615384615384,1.0,1800.0,17.349758,78.360196,60.0,1,0,0,1,0,1,1,0,0,Villa,Semi_Furnished,East,Resale_Very_Old,Medium,1,: ,8476.0,1,0,0,0
3.0,14.0,20,20,15.0,0.5,1.0,1525.0,17.5681507,78.4702537,60.0,1,0,1,1,0,1,1,0,0,Apartment,Semi_Furnished,Unknown,Resale_Very_Old,Medium,1,: ,7213.0,0,0,0,0
2.0,5.0,0,0,50.0,0.2,1.0,1425.0,17.447717,78.503656,5.0,1,0,0,1,0,0,1,0,0,Apartment,Semi_Furnished,Unknown,5_10_yrs,Medium,1,: ,7017.0,0,0,0,0
3.0,22.0,9,10,49.0,0.3636363636363636,2.0,2100.0,17.4059875,78.3908428,90.0,1,0,0,1,0,1,1,0,0,Apartment,Semi_Furnished,East,Under_Construction,Large,2,Shaikpet,10555.0,0,0,0,0
6.0,3.0,2,4,12.0,0.5384615384615384,2.0,3350.0,17.3704242,78.6035628,30.0,1,0,0,1,0,1,0,0,0,Villa,Semi_Furnished,NW,Resale_Very_Old,XL,2,Nagole,4179.0,1,0,0,0
4.0,3.0,0,0,0.0,0.5384615384615384,2.0,1503.0,78.386311,17.51298,,1,0,0,1,0,1,1,0,0,Villa,Furnished,Unknown,5_10_yrs,Medium,2,Nizampet,19627.0,1,0,0,0
3.0,5.0,8,9,6.0,1.0,3.0,1580.0,17.349758,78.360196,30.0,0,1,0,1,0,0,1,1,0,Apartment,Semi_Furnished,East,Resale_Old,Medium,3+,: ,5500.0,0,0,0,0
2.0,31.0,27,29,12.0,0.6774193548387096,1.0,1314.0,17.398775,78.355493,60.0,1,0,0,1,0,1,1,0,0,Apartment,Semi_Furnished,West,Under_Construction,Medium,1,: ,12557.0,0,0,0,0
2.0,4.0,0,0,9.0,1.0,0.0,1180.0,17.551816,78.3860695,14.0,1,0,0,1,0,1,1,1,0,Apartment,Semi_Furnished,Unknown,Resale_Very_Old,Small,Unknown,Bachupally,5763.0,0,0,0,0
3.0,5.0,20,21,15.0,0.6,2.0,1686.0,17.507256,78.37092,21.0,1,0,1,1,0,1,1,0,0,Apartment,Semi_Furnished,West,Under_Construction,Medium,2,: ,8956.0,0,0,0,0
2.0,1.0,5,5,50.0,0.5384615384615384,1.0,1126.0,17.5090182,78.3001801,,1,0,0,1,0,0,0,0,0,Villa,Furnished,North,0_5_yrs,Small,1,Beeramguda,75878.0,1,0,0,0
2.0,4.0,4,5,50.0,1.0,2.0,1160.0,17.3209895023955,78.5715980869923,60.0,1,0,0,1,0,1,1,1,0,Apartment,Furnished,NE,0_5_yrs,Small,2,Vaidehi Nagar,3965.0,0,0,0,0
2.0,5.0,8,8,15.0,1.0,1.0,1090.0,17.495165,78.442782,120.0,1,0,0,1,0,1,1,1,0,Apartment,Semi_Furnished,Unknown,Under_Construction,Small,1,: ,4770.0,0,0,0,0
2.0,2.0,1,1,30.0,0.5384615384615384,2.0,1800.0,17.3471456259219,78.6030086945502,60.0,1,0,0,1,0,0,1,0,0,Builder_Floor,Semi_Furnished,West,5_10_yrs,Medium,2,Anjanadri Nagar,3611.0,1,0,0,0
4.0,2.0,4,4,50.0,0.5384615384615384,1.0,1980.0,17.497737,78.501152,3.0,1,0,0,1,0,0,0,0,0,Villa,Furnished,West,5_10_yrs,Large,1,: ,68181.0,1,0,0,0
3.0,5.0,0,0,37.0,0.8,1.0,1600.0,17.388287,78.370072,30.0,1,0,0,1,0,0,1,0,0,Apartment,Unfurnished,North,Under_Construction,Medium,1,: ,6000.0,0,0,0,0
3.0,20.0,6,7,11.0,0.35,2.0,1367.0,17.529715,78.259844,30.0,0,1,1,1,0,0,1,0,0,Apartment,Semi_Furnished,Unknown,Resale_Old,Medium,2,: ,5303.0,0,0,0,0
3.0,30.0,14,14,12.0,0.7666666666666667,2.0,1965.0,17.45227,78.299843,30.0,1,0,1,1,0,1,1,0,0,Apartment,Semi_Furnished,West,Resale_Very_Old,Large,2,: ,9109.0,0,0,0,0
2.0,24.0,23,23,12.0,0.5833333333333334,1.0,1290.0,17.45753,78.36247,30.0,1,0,1,1,0,0,1,0,0,Apartment,Semi_Furnished,East,Resale_Very_Old,Medium,1,: ,12015.0,0,0,0,0
2.0,6.0,14,14,49.0,0.5,2.0,1121.0,17.4609913,78.3532083,30.0,1,0,0,1,0,1,1,0,0,Apartment,Furnished,Unknown,Under_Construction,Small,2,Kondapur,9705.0,0,0,0,0
4.0,15.0,7,7,0.0,0.2666666666666666,2.0,2715.0,17.443354,78.182044,,0,1,0,1,0,0,1,0,0,Apartment,Semi_Furnished,West,Resale_Old,XL,2,: ,4700.0,0,0,0,0
3.0,5.0,0,0,47.0,0.6,3.0,1350.0,17.503176,78.394379,14.0,1,0,0,1,0,1,1,0,0,Apartment,Unfurnished,Unknown,0_5_yrs,Medium,3+,: ,6296.0,0,0,0,0
4.0,5.0,9,9,48.0,1.0,0.0,4100.0,17.428113,78.436765,14.0,1,0,0,1,0,1,1,1,0,Apartment,Furnished,West,5_10_yrs,XL,Unknown,: ,9756.0,0,0,0,0
2.0,5.0,7,7,12.0,0.4,2.0,1053.0,17.318429,78.451794,14.0,0,1,0,1,0,0,1,0,0,Apartment,Semi_Furnished,Unknown,Resale_Old,Small,2,: ,4463.0,0,0,0,0
3.0,5.0,7,7,12.0,0.2,3.0,1500.0,17.318429,78.451794,14.0,0,1,0,1,0,0,1,0,0,Apartment,Semi_Furnished,Unknown,Resale_Old,Medium,3+,: ,4466.0,0,0,0,0
2.0,14.0,13,13,8.0,0.5714285714285714,2.0,1200.0,17.587951,78.443155,30.0,0,1,1,1,0,0,1,0,0,Apartment,Semi_Furnished,West,Resale_Old,Small,2,Gandimaisamma,4750.0,0,0,0,0
3.0,5.0,7,7,47.0,0.6,1.0,1350.0,17.4948,78.3996,30.0,1,0,0,1,0,1,1,0,0,Apartment,Furnished,East,0_5_yrs,Medium,1,: ,6518.0,0,0,0,0
2.0,4.0,1,2,10.0,0.75,2.0,1335.0,17.5468498,78.3650231,60.0,1,0,0,1,0,1,1,0,0,Apartment,Semi_Furnished,North,Under_Construction,Medium,2,: ,4644.0,0,0,0,0
3.0,35.0,18,18,8.0,0.8857142857142857,3.0,2259.0,17.4747519,78.391788,21.0,1,0,0,1,0,0,1,0,0,Apartment,Semi_Furnished,East,Resale_Very_Old,Large,3+,5th Phase KPHB,9517.0,0,0,0,0
2.0,5.0,9,10,15.0,0.4,1.0,1135.0,17.555911,78.384207,90.0,1,0,1,1,0,1,1,0,0,Apartment,Semi_Furnished,East,Resale_Very_Old,Small,1,Bachupally,6167.0,0,0,0,0
2.0,1.0,0,0,50.0,0.5384615384615384,0.0,2080.0,17.366281,78.459663,21.0,1,0,0,1,0,1,0,0,0,Villa,Unfurnished,Unknown,0_5_yrs,Large,Unknown,: ,7884.0,1,0,0,0
2.0,5.0,14,16,17.0,0.8,1.0,1210.0,17.4664197,78.285342,60.0,1,0,0,1,0,1,1,0,0,Apartment,Furnished,West,Under_Construction,Medium,1,: ,7190.0,0,0,0,0
2.0,1.0,4,4,0.0,0.5384615384615384,1.0,1350.0,78.48667,17.38504,21.0,1,0,0,1,0,0,0,0,0,Villa,Semi_Furnished,North,0_5_yrs,Medium,1,"B.N.REDDY NAGAR,VINAYAKA HILLS,ROAD NO:-14, ALMAS GUDA",61333.0,1,0,0,0
2.0,5.0,0,1,48.0,0.4,1.0,1140.0,17.42702,78.49646,21.0,1,0,0,1,0,0,1,0,0,Apartment,Furnished,Unknown,5_10_yrs,Small,1,: ,6578.0,0,0,0,0
3.0,6.0,4,5,49.0,0.3333333333333333,1.0,1600.0,17.4609913,78.3532083,30.0,1,0,0,1,0,1,1,0,0,Apartment,Semi_Furnished,East,0_5_yrs,Medium,1,Kondapur,7187.0,0,0,0,0
2.0,1.0,6,6,18.0,0.5384615384615384,4.0,2767.0,17.513195,78.596818,150.0,1,0,0,1,0,0,0,0,0,Villa,Semi_Furnished,North,5_10_yrs,XL,3+,: ,39024.0,1,0,0,0
3.0,5.0,5,5,49.0,0.6,2.0,1575.0,17.409201,78.365617,3.0,1,0,0,1,0,0,1,0,0,Apartment,Furnished,East,Under_Construction,Medium,2,: ,7936.0,0,0,0,0
4.0,7.0,10,10,49.0,0.2857142857142857,2.0,1901.0,17.3984424,78.4174852,60.0,0,1,0,1,0,0,1,0,0,Apartment,Semi_Furnished,NW,Resale_Old,Large,2,: ,4655.0,0,0,0,0
2.0,5.0,23,25,5.0,0.4,2.0,842.0,17.53942,78.513112,21.0,1,0,1,1,0,1,1,0,0,Apartment,Semi_Furnished,East,Resale_Very_Old,Small,2,Kompally,7007.0,0,0,0,0
6.0,2.0,0,1,49.0,0.5384615384615384,2.0,963.0,17.376286,78.494843,60.0,1,0,0,1,0,1,0,0,0,Villa,Unfurnished,Unknown,0_5_yrs,Small,2,Malakpet,88785.0,1,0,0,0
3.0,5.0,5,5,50.0,0.6,2.0,1600.0,17.3969265,78.4901118,60.0,1,0,0,1,0,0,1,0,0,Apartment,Semi_Furnished,West,5_10_yrs,Medium,2,: ,6000.0,0,0,0,0
3.0,3.0,7,7,0.0,0.3333333333333333,2.0,1350.0,78.48667,17.38504,120.0,1,0,0,1,0,0,1,0,0,Apartment,Unfurnished,East,5_10_yrs,Medium,2,: ,3851.0,0,0,0,0
2.0,5.0,7,7,48.0,0.2,2.0,1032.0,17.4275766,78.4585875,21.0,1,0,0,1,0,1,1,0,0,Apartment,Furnished,West,5_10_yrs,Small,2,: ,6589.0,0,0,0,0
2.0,5.0,11,11,50.0,0.4,2.0,1140.0,17.5182555,78.5082769,3.0,1,0,0,1,0,0,1,0,0,Apartment,Semi_Furnished,North,Resale_Very_Old,Small,2,Bolarum,6667.0,0,0,0,0
3.0,1.0,0,0,50.0,1.0,3.0,1134.0,17.3697735,78.5618265,30.0,1,0,0,1,0,1,1,1,0,Builder_Floor,Furnished,NW,5_10_yrs,Small,3+,Nagole,83333.0,0,0,0,0
3.0,45.0,24,25,13.0,0.8222222222222222,1.0,3330.0,17.395955,78.358762,60.0,0,1,1,1,0,0,1,0,0,Apartment,Semi_Furnished,East,Resale_Old,XL,1,: ,10666.0,0,0,0,0
3.0,5.0,8,8,49.0,0.4,3.0,2200.0,17.3464806,78.5509583,90.0,0,1,0,1,0,1,1,0,0,Apartment,Semi_Furnished,East,Resale_Old,Large,3+,: ,6000.0,0,0,0,0
3.0,5.0,15,17,50.0,1.0,2.0,1513.0,17.47946,78.33037,14.0,1,0,1,1,0,1,1,1,0,Apartment,Furnished,East,Resale_Very_Old,Medium,2,: ,7300.0,0,0,0,0
3.0,5.0,1,0,16.0,0.6,1.0,1400.0,17.3676045,78.3742678,30.0,1,0,0,1,0,0,1,0,0,Apartment,Semi_Furnished,West,Resale_Very_Old,Medium,1,: ,5357.0,0,0,0,0
3.0,22.0,4,4,49.0,0.7272727272727273,2.0,2100.0,17.406722,78.394564,30.0,1,0,0,1,0,1,1,0,0,Apartment,Semi_Furnished,West,Resale_Very_Old,Large,2,Shaikpet,8334.0,0,0,0,0
2.0,4.0,2,2,0.0,0.25,2.0,1240.0,78.48667,17.38504,120.0,0,1,0,1,0,0,1,0,0,Apartment,Semi_Furnished,NE,Resale_Old,Medium,2,Moula Ali,6048.0,0,0,0,0
2.0,5.0,2,5,50.0,0.5384615384615384,0.0,1998.0,17.44751,78.538724,30.0,1,0,0,1,0,1,1,0,0,Villa,Furnished,West,5_10_yrs,Large,Unknown,: ,90090.0,1,0,0,1
3.0,5.0,6,8,47.0,0.2,2.0,1593.0,17.4670305,78.5571881,30.0,0,1,0,1,0,0,1,0,0,Apartment,Semi_Furnished,West,Resale_Old,Medium,2,Moula Ali,7000.0,0,0,0,0
3.0,5.0,12,14,37.0,1.0,1.0,1960.0,17.538237,78.480804,60.0,0,1,0,1,0,1,1,1,0,Apartment,Semi_Furnished,East,Resale_Old,Large,1,: ,5500.0,0,0,0,0
2.0,3.0,5,6,49.0,0.5384615384615384,2.0,870.0,17.4406386,78.4282972,30.0,1,0,0,1,0,1,1,0,0,Apartment,Furnished,NE,5_10_yrs,Small,2,Jawahar nagar,4511.0,1,0,0,0
4.0,2.0,2,3,48.0,0.5384615384615384,2.0,2600.0,17.517028,78.323802,5.0,1,0,0,1,0,1,1,0,0,Villa,Semi_Furnished,East,Resale_Very_Old,XL,2,Aminpur,6346.0,1,0,0,0
2.0,4.0,11,11,0.0,0.75,2.0,1103.0,78.48667,17.38504,60.0,1,0,0,1,0,1,1,0,0,Apartment,Furnished,East,5_10_yrs,Small,2,Pragathi Nagar,5184.0,0,0,0,0
2.0,27.0,18,18,7.0,0.5185185185185185,2.0,1279.0,17.47699,78.39062,3.0,1,0,0,1,0,0,1,0,0,Apartment,Semi_Furnished,West,Under_Construction,Medium,2,: ,10164.0,0,0,0,0
2.0,5.0,3,4,50.0,1.0,2.0,1150.0,17.40665,78.37,90.0,1,0,0,1,0,1,1,1,0,Apartment,Semi_Furnished,West,0_5_yrs,Small,2,: ,7777.0,0,0,0,0
4.0,2.0,1,1,50.0,0.5384615384615384,2.0,1458.0,17.327119,78.589535,60.0,1,0,0,1,0,1,1,0,0,Villa,Furnished,North,Resale_Very_Old,Medium,2,: ,89506.0,1,0,0,0
2.0,5.0,8,8,50.0,0.8,1.0,1107.0,17.435821,78.560357,4.0,1,0,0,1,0,1,1,0,0,Apartment,Semi_Furnished,West,Resale_Very_Old,Small,1,: ,5420.0,0,0,0,0
3.0,15.0,6,7,15.0,0.3333333333333333,1.0,1685.0,17.538237,78.480804,30.0,1,0,1,1,0,0,1,0,0,Apartment,Semi_Furnished,East,Resale_Very_Old,Medium,1,: ,6824.0,0,0,0,0
3.0,7.0,13,13,10.0,0.2857142857142857,1.0,1360.0,17.42468,78.666781,60.0,1,0,0,1,0,0,1,0,0,Apartment,Furnished,East,5_10_yrs,Medium,1,Pocharam,3514.0,0,0,0,0
3.0,2.0,0,1,50.0,0.5384615384615384,2.0,1540.0,17.536121,78.289779,30.0,1,0,0,1,0,1,1,0,0,Villa,Furnished,Unknown,0_5_yrs,Medium,2,Krishna Reddy Pet,9090.0,1,0,0,0
3.0,5.0,5,5,50.0,0.8,1.0,1050.0,17.398686,78.505806,30.0,0,1,0,1,0,0,1,0,0,Apartment,Semi_Furnished,North,Resale_Old,Small,1,: ,12380.0,0,0,0,0
3.0,5.0,13,13,26.0,1.0,2.0,1675.0,17.40223,78.3444,60.0,1,0,0,1,0,0,1,1,0,Apartment,Semi_Furnished,East,Resale_Very_Old,Medium,2,: ,7761.0,0,0,0,0
3.0,9.0,9,10,50.0,1.0,2.0,1830.0,17.431317,78.513772,60.0,1,0,0,1,0,1,1,1,0,Apartment,Furnished,NW,5_10_yrs,Large,2,: ,7377.0,0,0,0,0
2.0,6.0,8,8,25.0,0.5,1.0,1090.0,17.3923634,78.3621784,7.0,1,0,0,1,0,0,1,0,0,Apartment,Unfurnished,Unknown,Under_Construction,Small,1,: ,8623.0,0,0,0,0
2.0,5.0,11,11,50.0,1.0,1.0,1000.0,17.324113,78.5519,3.0,0,1,0,1,0,1,1,1,0,Apartment,Semi_Furnished,East,Resale_Old,Small,1,Hastinapuram,5700.0,0,0,0,0
3.0,1.0,4,5,19.0,0.5384615384615384,1.0,2106.0,17.3154003,78.4711424,,1,0,0,1,0,1,1,0,0,Villa,Furnished,Unknown,5_10_yrs,Large,1,chandrayangutta,5745.0,1,0,0,0
2.0,1.0,3,4,50.0,0.5384615384615384,1.0,1800.0,17.5068072,78.5014759,90.0,1,0,0,1,0,1,1,0,0,Villa,Unfurnished,South,5_10_yrs,Medium,1,: ,13888.0,1,0,0,0
2.0,12.0,8,8,4.0,1.0,1.0,918.0,17.509181,78.3521088,14.0,0,1,1,1,0,0,1,1,0,Apartment,Unfurnished,North,Resale_Old,Small,1,Miyapur,6000.0,0,0,0,0
2.0,5.0,8,10,10.0,1.0,1.0,910.0,17.5316,78.26729,6.0,1,0,1,1,0,0,1,1,0,Apartment,Semi_Furnished,East,Resale_Very_Old,Small,1,: ,4285.0,0,0,0,0
3.0,5.0,1,1,50.0,0.4,1.0,1405.0,17.454981,78.519109,30.0,1,0,0,1,0,1,1,0,0,Apartment,Semi_Furnished,East,Resale_Very_Old,Medium,1,Mahendra Hills,9608.0,0,0,0,0
2.0,2.0,0,0,48.0,0.5384615384615384,2.0,1044.0,17.46825,78.44908,30.0,1,0,0,1,0,1,0,0,0,Villa,Furnished,South,5_10_yrs,Small,2,: ,14367.0,1,0,0,0
3.0,4.0,7,7,50.0,0.25,3.0,2000.0,17.3253751,78.574602,60.0,0,1,0,1,0,1,1,0,0,Apartment,Semi_Furnished,NE,Resale_Old,Large,3+,Vanasthalipuram,6000.0,0,0,0,0
2.0,5.0,2,2,50.0,1.0,1.0,1000.0,17.44704,78.50547,90.0,1,0,0,1,0,1,1,1,0,Apartment,Furnished,East,5_10_yrs,Small,1,Marredpally,5900.0,0,0,0,0
5.0,3.0,9,9,35.0,0.5384615384615384,3.0,5800.0,17.526205,78.304924,30.0,1,0,0,1,0,1,1,0,0,Villa,Semi_Furnished,East,Resale_Very_Old,XXL,3+,Beeramguda,4230.0,1,0,0,0
3.0,4.0,2,2,50.0,0.75,1.0,1680.0,17.5203424,78.3970205,60.0,1,0,0,1,0,1,1,0,0,Apartment,Semi_Furnished,East,Resale_Very_Old,Medium,1,Pragathi Nagar,5059.0,0,0,0,0
2.0,5.0,0,0,50.0,0.8,2.0,1200.0,17.3956121,78.4920818,90.0,1,0,0,1,0,1,1,0,0,Apartment,Semi_Furnished,Unknown,5_10_yrs,Small,2,: ,7666.0,0,0,0,0
2.0,5.0,4,5,11.0,0.2,2.0,1075.0,17.543522,78.366315,14.0,1,0,0,1,0,1,1,0,0,Apartment,Semi_Furnished,East,Under_Construction,Small,2,Harithavanam Colony,4837.0,0,0,0,0
3.0,2.0,1,0,33.0,0.5384615384615384,2.0,1350.0,17.307541,78.590305,90.0,1,0,0,1,0,1,0,0,0,Villa,Semi_Furnished,West,Resale_Very_Old,Medium,2,Injapur,61333.0,1,0,0,0
4.0,2.0,3,4,41.0,0.5384615384615384,2.0,342.0,17.454727,78.368947,90.0,1,0,0,1,0,0,1,0,0,Villa,Semi_Furnished,West,5_10_yrs,Micro,2,: ,26333.0,1,0,0,0
5.0,3.0,6,7,50.0,0.5384615384615384,2.0,750.0,17.36821,78.506278,4.0,1,0,0,1,0,0,0,0,0,Villa,Semi_Furnished,Unknown,0_5_yrs,Micro,2,New Malakpet,120000.0,1,0,0,0
2.0,1.0,1,1,49.0,0.5384615384615384,0.0,1062.0,17.369071,78.433106,21.0,1,0,0,1,0,1,0,0,0,Villa,Semi_Furnished,West,5_10_yrs,Small,Unknown,Attapur,93220.0,1,0,0,0
5.0,3.0,11,12,0.0,0.5384615384615384,2.0,300.0,78.48667,17.38504,30.0,0,1,0,1,0,0,1,0,0,Villa,Semi_Furnished,East,Resale_Old,Micro,2,: ,11046.0,1,0,0,0
4.0,2.0,0,1,1.0,0.5384615384615384,1.0,2600.0,17.27395,78.59163,,1,0,0,1,0,0,0,0,0,Villa,Semi_Furnished,Unknown,Under_Construction,XL,1,: ,5346.0,1,0,0,0
3.0,5.0,12,12,8.0,0.2,1.0,1700.0,17.533129,78.365514,60.0,0,1,1,1,0,0,1,0,0,Apartment,Unfurnished,East,Resale_Old,Medium,1,: ,6499.0,0,0,0,0
2.0,14.0,7,8,11.0,0.6428571428571429,2.0,1214.0,17.459904,78.306975,90.0,1,0,1,1,0,1,1,0,0,Apartment,Semi_Furnished,East,Resale_Very_Old,Medium,2,Nallagandla,6200.0,0,0,0,0
3.0,4.0,9,9,49.0,1.0,3.0,1670.0,17.490589,78.342543,90.0,1,0,0,1,0,1,1,1,0,Apartment,Semi_Furnished,East,0_5_yrs,Medium,3+,Madinaguda,7000.0,0,0,0,0
2.0,5.0,2,3,50.0,0.4,2.0,980.0,17.4312892,78.4465453,90.0,1,0,0,1,0,1,1,0,0,Apartment,Semi_Furnished,North,0_5_yrs,Small,2,Yellareddyguda,5510.0,0,0,0,0
3.0,4.0,4,4,50.0,0.25,2.0,2000.0,17.4478104,78.5263305,60.0,1,0,0,1,0,0,1,0,0,Apartment,Furnished,Unknown,Under_Construction,Large,2,: ,5500.0,0,0,0,0
3.0,5.0,0,1,47.0,0.5384615384615384,1.0,2400.0,17.47392,78.53698,30.0,1,0,0,1,0,0,0,0,0,Villa,Furnished,Unknown,5_10_yrs,Large,1,Ramakrishnapuram ,10416.0,1,0,0,1
3.0,10.0,7,9,49.0,0.9,2.0,1420.0,17.510262,78.335388,21.0,1,0,1,1,0,0,1,0,0,Apartment,Furnished,North,Under_Construction,Medium,2,: ,11728.0,0,0,0,0
2.0,5.0,0,0,0.0,0.4,0.0,1295.0,0.0,0.0,21.0,1,0,0,1,0,0,0,0,0,Builder_Floor,Semi_Furnished,East,Resale_Very_Old,Medium,Unknown,Medchal,3769.0,0,0,0,0
3.0,2.0,9,10,50.0,0.5384615384615384,1.0,2133.0,17.5203424,78.3970205,6.0,1,0,0,1,0,0,0,0,0,Villa,Furnished,East,5_10_yrs,Large,1,Pragathi Nagar,124472.0,1,0,0,0
3.0,9.0,0,1,45.0,0.6666666666666666,3.0,2300.0,17.442908,78.470008,,1,0,0,1,0,1,1,0,0,Apartment,Semi_Furnished,Unknown,Under_Construction,Large,3+,: ,9523.0,0,0,0,0
3.0,12.0,22,22,15.0,0.6666666666666666,1.0,1945.0,17.388564,78.336152,60.0,1,0,1,1,0,1,1,0,0,Apartment,Unfurnished,West,Resale_Very_Old,Large,1,: ,8225.0,0,0,0,0
2.0,5.0,3,3,50.0,0.4,2.0,1025.0,17.4018092,78.5601892,,1,0,0,1,0,1,1,0,0,Apartment,Semi_Furnished,East,Resale_Very_Old,Small,2,: ,5463.0,0,0,0,0
3.0,12.0,17,17,50.0,0.5,2.0,1845.0,17.321852,78.549902,3.0,1,0,0,1,0,1,1,0,0,Apartment,Semi_Furnished,East,Resale_Very_Old,Large,2,: ,7046.0,0,0,0,0
3.0,4.0,0,0,49.0,1.0,2.0,1725.0,17.3464806,78.5509583,30.0,1,0,0,1,0,0,1,1,0,Apartment,Furnished,North,Resale_Very_Old,Medium,2,LB Nagar,4800.0,0,0,0,0
3.0,2.0,3,4,50.0,0.5384615384615384,1.0,963.0,17.5179636,78.3813785,4.0,1,0,0,1,0,1,0,0,0,Villa,Semi_Furnished,West,5_10_yrs,Small,1,Nizampet,112149.0,1,0,0,0
3.0,5.0,10,10,50.0,0.4,2.0,1525.0,17.349561,78.561578,60.0,0,1,0,1,0,0,1,0,0,Apartment,Semi_Furnished,East,Resale_Old,Medium,2,Mansoorabad,10245.0,0,0,0,0
3.0,5.0,12,12,17.0,0.4,2.0,1500.0,17.311940823733476,78.47302608769566,60.0,1,0,0,1,0,1,1,0,0,Apartment,Semi_Furnished,East,Resale_Very_Old,Medium,2,: ,5000.0,0,0,0,0
3.0,9.0,16,18,49.0,1.0,1.0,1495.0,17.4609913,78.3532083,7.0,1,0,0,1,0,1,1,1,0,Apartment,Furnished,West,5_10_yrs,Medium,1,: ,13000.0,0,0,0,0
2.0,1.0,2,3,50.0,0.5384615384615384,3.0,1485.0,17.323048,78.534004,7.0,1,0,0,1,0,1,1,0,0,Villa,Semi_Furnished,East,5_10_yrs,Medium,3+,: ,60606.0,1,0,0,0
3.0,5.0,10,11,47.0,0.8,3.0,1650.0,17.50203,78.3828,21.0,1,0,0,1,0,1,1,0,0,Apartment,Furnished,Unknown,0_5_yrs,Medium,3+,Hyder Nagar,7575.0,0,0,0,0
2.0,4.0,11,11,49.0,0.5384615384615384,2.0,1062.0,17.40777,78.6025,60.0,1,0,0,1,0,1,1,0,0,Apartment,Semi_Furnished,East,Under_Construction,Small,2,Medipally,4896.0,1,0,0,0
4.0,1.0,2,3,46.0,0.5384615384615384,2.0,2367.0,17.48082,78.566038,90.0,1,0,0,1,0,1,0,0,0,Villa,Semi_Furnished,North,5_10_yrs,Large,2,: ,5703.0,1,0,0,0
2.0,19.0,0,0,9.0,0.5263157894736842,1.0,1250.0,17.467762,78.408146,30.0,0,1,1,1,0,0,1,0,0,Apartment,Unfurnished,Unknown,Resale_Old,Medium,1,: ,10000.0,0,0,0,0
3.0,4.0,8,8,47.0,0.5,2.0,2350.0,17.492624,78.5435,90.0,1,0,0,1,0,1,1,0,0,Apartment,Furnished,East,Resale_Very_Old,Large,2,: ,6636.0,0,0,0,0
2.0,5.0,7,7,50.0,0.4,1.0,1020.0,17.4478104,78.5263305,90.0,1,0,0,1,0,1,1,0,0,Apartment,Furnished,NE,0_5_yrs,Small,1,: ,6372.0,0,0,0,0
3.0,5.0,4,4,50.0,0.6,2.0,1611.0,17.525542,78.423112,30.0,1,0,0,1,0,1,1,0,0,Apartment,Furnished,West,5_10_yrs,Medium,2,Sri Balaji Layout,4655.0,0,0,0,0
2.0,10.0,13,13,49.0,0.7,2.0,1280.0,17.499527,78.4767399,60.0,0,1,0,1,0,0,1,0,0,Apartment,Semi_Furnished,North,Resale_Old,Medium,2,: ,5468.0,0,0,0,0
3.0,6.0,11,12,50.0,0.1666666666666666,3.0,1420.0,17.436393,78.445017,30.0,1,0,0,1,0,0,1,0,0,Apartment,Furnished,North,5_10_yrs,Medium,3+,Ameerpet,7000.0,0,0,0,0
2.0,10.0,0,1,15.0,0.4,1.0,994.0,17.325907,78.424158,60.0,1,0,0,1,0,1,1,0,0,Apartment,Semi_Furnished,Unknown,Under_Construction,Small,1,: ,7545.0,0,0,0,0
4.0,3.0,15,15,0.0,0.5384615384615384,1.0,3888.0,17.443855,78.250431,14.0,0,1,0,1,0,0,0,0,0,Villa,Semi_Furnished,East,Resale_Old,XL,1,: ,9773.0,1,0,0,0
2.0,5.0,0,0,50.0,0.4,1.0,1155.0,17.5179636,78.3813785,90.0,1,0,0,1,0,1,1,0,0,Apartment,Furnished,East,5_10_yrs,Small,1,Nizampet,3890.0,0,0,0,0
2.0,3.0,10,10,9.0,0.5384615384615384,1.0,1161.0,17.531639,78.339914,60.0,1,0,0,1,0,1,1,0,0,Apartment,Furnished,East,0_5_yrs,Small,1,Aminpur,6718.0,1,0,0,0
3.0,4.0,7,7,46.0,0.25,2.0,1150.0,17.41363,78.4894,60.0,1,0,0,1,0,1,1,0,0,Apartment,Furnished,North,5_10_yrs,Small,2,: ,5478.0,0,0,0,0
3.0,2.0,15,17,6.0,0.5384615384615384,1.0,1350.0,17.529701,78.333031,5.0,1,0,0,1,0,1,0,0,0,Villa,Furnished,West,Resale_Very_Old,Medium,1,: ,106666.0,1,0,0,0
2.0,6.0,5,5,45.0,0.8333333333333334,1.0,950.0,17.39336,78.438999,30.0,1,0,0,1,0,1,1,0,0,Apartment,Semi_Furnished,North,0_5_yrs,Small,1,Santosh Nagar,6631.0,0,0,0,0
3.0,5.0,12,12,45.0,0.2,1.0,1143.0,17.48879,78.57167,30.0,1,0,0,1,0,0,1,0,0,Apartment,Semi_Furnished,NE,0_5_yrs,Small,1,Kapra,6124.0,0,0,0,0
2.0,4.0,11,11,0.0,0.5,2.0,1020.0,78.49827,17.43993,90.0,1,0,0,1,0,1,1,0,0,Apartment,Furnished,East,Under_Construction,Small,2,: ,6176.0,0,0,0,0
3.0,5.0,13,15,47.0,0.6,2.0,1490.0,17.503046,78.385331,14.0,1,0,0,1,0,1,1,0,0,Apartment,Furnished,East,5_10_yrs,Medium,2,: ,6923.0,0,0,0,0
2.0,6.0,15,16,15.0,0.3333333333333333,1.0,1226.0,17.505396,78.555038,14.0,1,0,1,1,0,0,1,0,0,Apartment,Semi_Furnished,East,Resale_Very_Old,Medium,1,: ,5500.0,0,0,0,0
3.0,1.0,5,5,50.0,0.5384615384615384,0.0,2700.0,17.53274,78.44489,120.0,1,0,0,1,0,1,0,0,0,Villa,Semi_Furnished,West,5_10_yrs,XL,Unknown,Sr Naik Nagar,55000.0,1,0,0,0
3.0,10.0,10,11,5.0,0.9,3.0,3128.0,17.38499,78.371036,14.0,0,1,1,1,0,0,1,0,0,Apartment,Semi_Furnished,Unknown,Resale_Old,XL,3+,: ,9590.0,0,0,0,0
2.0,1.0,3,3,33.0,0.5384615384615384,1.0,1350.0,17.307541,78.590305,90.0,1,0,0,1,0,1,0,0,0,Villa,Semi_Furnished,West,Under_Construction,Medium,1,Injapur,5185.0,1,0,0,0
2.0,5.0,14,15,49.0,0.2,1.0,1237.0,17.389452,78.37297,60.0,1,0,1,1,0,1,1,0,0,Apartment,Semi_Furnished,East,Under_Construction,Medium,1,Manikonda,8892.0,0,0,0,0
2.0,24.0,15,15,50.0,0.5,1.0,1330.0,17.4018092,78.5601892,60.0,1,0,0,1,0,1,1,0,0,Apartment,Semi_Furnished,East,Resale_Very_Old,Medium,1,: ,9022.0,0,0,0,0
2.0,4.0,0,0,50.0,0.5,2.0,1050.0,17.4154884,78.5717631,90.0,1,0,0,1,0,1,1,0,0,Apartment,Furnished,Unknown,5_10_yrs,Small,2,: ,5714.0,0,0,0,0
3.0,10.0,7,7,49.0,0.5,2.0,1530.0,17.510262,78.335388,90.0,1,0,1,1,0,1,1,0,0,Apartment,Furnished,West,0_5_yrs,Medium,2,: ,5098.0,0,0,0,0
2.0,5.0,3,4,50.0,0.8,2.0,1000.0,17.517996,78.3772782,14.0,1,0,0,1,0,1,1,0,0,Apartment,Semi_Furnished,East,Under_Construction,Small,2,: ,6500.0,0,0,0,0
3.0,6.0,19,19,15.0,0.5,2.0,1586.0,17.5051199,78.5533689,14.0,1,0,1,1,0,0,1,0,0,Apartment,Semi_Furnished,East,Resale_Very_Old,Medium,2,: ,5504.0,0,0,0,0
3.0,2.0,4,7,48.0,0.5384615384615384,1.0,1350.0,17.5316,78.26729,21.0,1,0,1,1,0,0,1,0,0,Villa,Furnished,NE,Under_Construction,Medium,1,: ,7975.0,1,0,0,0
2.0,5.0,0,0,49.0,0.8,1.0,1200.0,17.395154,78.450713,21.0,1,0,0,1,0,1,1,0,0,Apartment,Unfurnished,Unknown,0_5_yrs,Small,1,: ,4166.0,0,0,0,0
3.0,5.0,6,6,3.0,0.6,2.0,1512.0,17.47661,78.173427,90.0,1,0,0,1,0,0,1,0,0,Apartment,Semi_Furnished,East,Resale_Very_Old,Medium,2,: ,3835.0,0,0,0,0
4.0,2.0,8,9,6.0,0.5384615384615384,1.0,4950.0,17.349758,78.360196,5.0,1,0,0,1,0,0,1,0,0,Villa,Semi_Furnished,West,Under_Construction,XL,1,Appa Junction ,127272.0,1,0,0,0
3.0,1.0,2,2,0.0,0.5384615384615384,0.0,2400.0,17.215822,78.512751,6.0,1,0,0,1,0,0,1,0,0,Villa,Semi_Furnished,East,Resale_Very_Old,Large,Unknown,Raviryal,9166.0,1,0,0,0
3.0,5.0,0,1,50.0,0.5384615384615384,2.0,1350.0,17.413809,78.55837,120.0,1,0,0,1,0,1,1,0,0,Villa,Semi_Furnished,NE,Under_Construction,Medium,2,: ,193333.0,1,0,0,0
2.0,5.0,6,9,50.0,0.8,0.0,757.0,17.50445,78.35406,14.0,1,0,0,1,0,1,1,0,0,Apartment,Furnished,West,5_10_yrs,Micro,Unknown,: ,5944.0,0,0,0,0
4.0,2.0,15,17,0.0,0.5384615384615384,4.0,14400.0,17.69791,77.21273,60.0,1,0,0,1,0,0,0,0,0,Farmhouse,Furnished,South,Resale_Very_Old,XXL,3+,: ,23125.0,1,0,0,0
4.0,1.0,2,2,50.0,0.5384615384615384,3.0,2790.0,17.476228,78.500036,60.0,1,0,0,1,0,0,0,0,0,Villa,Furnished,East,5_10_yrs,XL,3+,: ,72580.0,1,0,0,0
4.0,2.0,6,8,37.0,0.5384615384615384,2.0,4000.0,17.538237,78.480804,60.0,1,0,0,1,0,1,0,0,0,Villa,Furnished,East,Under_Construction,XL,2,: ,6250.0,1,0,0,0
2.0,10.0,12,12,4.0,0.8,1.0,918.0,17.520188,78.344915,30.0,0,1,1,1,0,0,1,0,0,Apartment,Unfurnished,NE,Resale_Old,Small,1,: ,7080.0,0,0,0,0
3.0,9.0,5,7,50.0,1.0,2.0,1960.0,17.5058932,78.363879,7.0,1,0,0,1,0,1,1,1,0,Apartment,Furnished,Unknown,0_5_yrs,Large,2,Miyapur,6633.0,0,0,0,0
2.0,1.0,5,5,50.0,0.5384615384615384,1.0,1350.0,17.525542,78.423112,14.0,1,0,0,1,0,1,1,0,0,Villa,Semi_Furnished,Unknown,0_5_yrs,Medium,1,Sri Balaji Layout,83333.0,1,0,0,0
2.0,5.0,1,1,50.0,0.6,2.0,1065.0,17.4448978,78.5655922,90.0,1,0,0,1,0,1,1,0,0,Apartment,Semi_Furnished,East,5_10_yrs,Small,2,Mallapur,4200.0,0,0,0,0
2.0,5.0,4,4,47.0,0.4,2.0,1150.0,17.442544,78.399097,7.0,1,0,0,1,0,1,1,0,0,Apartment,Furnished,North,Under_Construction,Small,2,Madhapur,10434.0,0,0,0,0
3.0,3.0,18,18,8.0,0.5384615384615384,3.0,2476.0,17.558119,78.278593,14.0,0,1,0,1,0,0,1,0,0,Villa,Semi_Furnished,East,Resale_Old,Large,3+,: ,5400.0,1,0,0,0
3.0,5.0,16,16,50.0,0.4,2.0,1555.0,17.526432,78.379597,14.0,1,0,0,1,0,1,1,0,0,Apartment,Semi_Furnished,West,Under_Construction,Medium,2,Nizampet,7717.0,0,0,0,0
6.0,2.0,1,2,50.0,0.5384615384615384,2.0,5229.0,17.449237,78.5007657,30.0,1,0,0,1,0,1,0,0,0,Villa,Unfurnished,East,5_10_yrs,XXL,2,West Marredpally,140000.0,1,0,0,0
2.0,1.0,0,1,50.0,0.5384615384615384,2.0,2178.0,17.4587517,78.4787947,3.0,1,0,0,1,0,1,0,0,0,Villa,Furnished,NE,5_10_yrs,Large,2,: ,144628.0,1,0,0,0
3.0,15.0,16,17,11.0,0.6,2.0,1620.0,17.4219,78.63155,14.0,0,1,0,1,0,0,1,0,0,Apartment,Semi_Furnished,East,Resale_Old,Medium,2,Narapally,4000.0,0,0,0,0
3.0,47.0,10,10,12.0,0.1276595744680851,3.0,2059.0,17.50788,78.36159,28.0,1,0,1,1,0,0,1,0,0,Apartment,Semi_Furnished,Unknown,Resale_Very_Old,Large,3+,: ,6313.0,0,0,0,0
4.0,2.0,17,19,22.0,0.5384615384615384,3.0,3000.0,17.337367,78.402863,30.0,1,0,0,1,0,0,0,0,0,Villa,Furnished,NE,0_5_yrs,XL,3+,: ,6333.0,1,0,0,0
3.0,5.0,4,5,50.0,0.8,1.0,1719.0,17.327119,78.589535,7.0,1,0,0,1,0,0,1,0,0,Apartment,Semi_Furnished,East,Resale_Very_Old,Medium,1,: ,4537.0,0,0,0,0
4.0,2.0,7,8,37.0,0.5384615384615384,2.0,3500.0,17.538237,78.480804,90.0,1,0,0,1,0,1,1,0,0,Villa,Semi_Furnished,West,0_5_yrs,XL,2,Kompally,12142.0,1,0,0,0
2.0,8.0,8,10,27.0,0.75,2.0,840.0,17.485206408706663,78.60681438946276,30.0,1,0,0,1,0,1,1,0,0,Apartment,Furnished,East,Under_Construction,Small,2,: ,5000.0,0,0,0,0
3.0,5.0,12,12,8.0,0.4,2.0,1356.0,17.547081,78.374564,90.0,1,0,1,1,0,1,1,0,0,Apartment,Unfurnished,West,Resale_Very_Old,Medium,2,Bachupally,6563.0,0,0,0,0
2.0,1.0,9,11,50.0,0.5384615384615384,2.0,1809.0,17.507212,78.357962,90.0,1,0,0,1,0,1,0,0,0,Villa,Furnished,West,5_10_yrs,Large,2,: ,101990.0,1,0,0,0
3.0,2.0,7,7,0.0,0.5384615384615384,2.0,1503.0,17.233562897673416,78.54189608906688,30.0,1,0,0,1,0,0,0,0,0,Villa,Semi_Furnished,NE,Resale_Very_Old,Medium,2,: ,26000.0,1,0,0,0
2.0,10.0,0,0,50.0,0.8,1.0,1135.0,17.509389,78.366634,60.0,1,0,0,1,0,1,1,0,0,Apartment,Furnished,North,Under_Construction,Small,1,: ,6872.0,0,0,0,0
2.0,5.0,0,1,10.0,0.5384615384615384,1.0,1098.0,17.4639176,78.6242289,21.0,1,0,0,1,0,0,0,0,0,Villa,Furnished,West,Resale_Very_Old,Small,1,: ,40983.0,1,0,0,1
2.0,0.0,1,1,50.0,0.5384615384615384,0.0,1980.0,17.491595,78.2920407,150.0,1,0,0,1,0,0,1,0,0,Villa,Unfurnished,West,5_10_yrs,Large,Unknown,: ,113636.0,1,0,0,0
3.0,5.0,3,3,50.0,0.2,2.0,1460.0,17.327119,78.589535,150.0,0,1,0,1,0,0,1,0,0,Apartment,Semi_Furnished,East,Resale_Old,Medium,2,: ,4300.0,0,0,0,0
3.0,15.0,12,12,15.0,0.7333333333333333,1.0,1525.0,17.538237,78.480804,30.0,1,0,1,1,0,0,1,0,0,Apartment,Semi_Furnished,East,Resale_Very_Old,Medium,1,: ,7213.0,0,0,0,0
2.0,5.0,0,0,50.0,1.0,2.0,1050.0,17.4011618,78.37569,90.0,1,0,0,1,0,0,1,1,0,Apartment,Semi_Furnished,Unknown,Resale_Very_Old,Small,2,: ,5904.0,0,0,0,0
4.0,2.0,4,6,50.0,0.5384615384615384,2.0,110.0,17.5090182,78.3001801,300.0,1,0,0,1,0,0,1,0,0,Villa,Semi_Furnished,East,Resale_Very_Old,Micro,2,: ,95454.0,1,0,0,0
3.0,5.0,3,3,49.0,0.4,1.0,1400.0,17.490589,78.342543,60.0,1,0,0,1,0,0,1,0,0,Apartment,Semi_Furnished,West,Resale_Very_Old,Medium,1,: ,6000.0,0,0,0,0
2.0,12.0,26,28,15.0,0.5,1.0,1590.0,17.453593,78.299753,7.0,1,0,0,1,0,0,1,0,0,Apartment,Semi_Furnished,East,Resale_Very_Old,Medium,1,: ,8679.0,0,0,0,0
4.0,35.0,21,23,10.0,0.5714285714285714,2.0,2729.0,17.4359437,78.3416731,14.0,1,0,1,1,0,0,1,0,0,Apartment,Semi_Furnished,West,Resale_Very_Old,XL,2,: ,10516.0,0,0,0,0
2.0,1.0,10,13,33.0,0.5384615384615384,0.0,999.0,17.406421,78.616398,30.0,1,0,0,1,0,1,0,0,0,Villa,Semi_Furnished,SE,Under_Construction,Small,Unknown,Peerzadiguda,79279.0,1,0,0,0
3.0,2.0,20,21,22.0,0.5384615384615384,2.0,3450.0,17.369796,78.389502,30.0,0,1,0,1,0,0,1,0,0,Villa,Semi_Furnished,East,Resale_Old,XL,2,Sai Harsha Nagar,12000.0,1,0,0,0
7.0,3.0,13,16,28.0,0.5384615384615384,3.0,3300.0,17.5021392,78.5761477,5.0,1,0,0,1,0,0,0,0,0,Villa,Semi_Furnished,South,0_5_yrs,XL,3+,: ,15151.0,1,0,0,0
2.0,5.0,7,8,47.0,0.2,0.0,900.0,17.47163,78.548318,30.0,1,0,0,1,0,1,1,0,0,Apartment,Furnished,East,5_10_yrs,Small,Unknown,Old Safilguda,5111.0,0,0,0,0
3.0,2.0,10,11,46.0,0.5384615384615384,1.0,2835.0,17.504749,78.327887,4.0,1,0,0,1,0,0,1,0,0,Villa,Furnished,East,0_5_yrs,XL,1,: ,152380.0,1,0,0,0
3.0,9.0,18,18,0.0,0.7777777777777778,1.0,1730.0,78.48667,17.38504,30.0,0,1,0,1,0,0,1,0,0,Apartment,Semi_Furnished,East,Resale_Old,Medium,1,: ,5780.0,0,0,0,0
3.0,3.0,0,1,48.0,0.6666666666666666,2.0,1210.0,17.43993,78.49827,30.0,1,0,0,1,0,0,1,0,0,Apartment,Semi_Furnished,East,5_10_yrs,Medium,2,Boosareddy Guda,6611.0,0,0,0,0
2.0,6.0,0,0,50.0,0.3333333333333333,1.0,1260.0,17.3697735,78.5618265,7.0,0,1,0,1,0,0,1,0,0,Apartment,Unfurnished,Unknown,Resale_Old,Medium,1,: ,5800.0,0,0,0,0
2.0,5.0,0,0,11.0,0.4,2.0,1220.0,17.4219,78.63155,7.0,0,1,0,1,0,0,1,0,0,Apartment,Unfurnished,Unknown,Resale_Old,Medium,2,: ,4500.0,0,0,0,0
2.0,1.0,0,0,11.0,0.5384615384615384,2.0,2500.0,17.4219,78.63155,7.0,0,1,0,1,0,0,1,0,0,Villa,Unfurnished,Unknown,Resale_Old,Large,2,: ,7750.0,1,0,0,0
2.0,14.0,0,0,50.0,0.7142857142857143,1.0,1355.0,17.4018092,78.5601892,7.0,0,1,0,1,0,0,1,0,0,Apartment,Unfurnished,Unknown,Resale_Old,Medium,1,: ,5900.0,0,0,0,0
3.0,2.0,3,3,50.0,0.5384615384615384,2.0,3000.0,17.3143977209215,78.564439181194,14.0,1,0,0,1,0,0,0,0,0,Villa,Furnished,SE,Under_Construction,XL,2,Hari Hara Puram,8000.0,1,0,0,0
4.0,10.0,16,17,38.0,0.2,2.0,3170.0,17.437012,78.371384,21.0,1,0,0,1,0,0,1,0,0,Apartment,Furnished,West,0_5_yrs,XL,2,: ,10500.0,0,0,0,0
3.0,5.0,1,4,50.0,0.4,3.0,1900.0,17.391354,78.506462,30.0,0,1,0,1,0,0,1,0,0,Apartment,Semi_Furnished,NE,Resale_Old,Large,3+,: ,7894.0,0,0,0,0
3.0,5.0,18,20,46.0,0.2,1.0,2900.0,17.419523,78.440145,30.0,1,0,0,1,0,0,1,0,0,Apartment,Semi_Furnished,East,0_5_yrs,XL,1,: ,13500.0,0,0,0,0
4.0,18.0,15,15,14.0,0.1666666666666666,2.0,1950.0,17.423059,78.340611,30.0,1,0,0,1,0,0,1,0,0,Apartment,Unfurnished,East,Under_Construction,Large,2,: ,9487.0,0,0,0,0
10.0,3.0,2,2,50.0,0.5384615384615384,4.0,1200.0,17.5090182,78.3001801,60.0,1,0,0,1,0,0,1,0,0,Villa,Unfurnished,SW,0_5_yrs,Small,3+,: ,15000.0,1,0,0,0
4.0,4.0,11,12,50.0,0.5,4.0,2235.0,17.401423,78.381206,30.0,1,0,0,1,0,0,1,0,0,Apartment,Semi_Furnished,NE,5_10_yrs,Large,3+,: ,9170.0,0,0,0,0
3.0,2.0,0,0,0.0,0.5384615384615384,3.0,2500.0,17.4344695,78.2425939,90.0,0,1,0,1,0,0,1,0,0,Villa,Semi_Furnished,East,Resale_Old,Large,3+,Kollur,7000.0,1,0,0,0
3.0,1.0,4,4,49.0,0.5384615384615384,2.0,2556.0,17.343347,78.513876,90.0,1,0,0,1,0,0,0,0,0,Villa,Semi_Furnished,South,5_10_yrs,XL,2,: ,77464.0,1,0,0,0
4.0,3.0,7,8,50.0,0.5384615384615384,2.0,2240.0,17.5090182,78.3001801,30.0,1,0,0,1,0,1,1,0,0,Villa,Semi_Furnished,East,5_10_yrs,Large,2,Beeramguda,13392.0,1,0,0,0
3.0,4.0,9,9,49.0,0.5,2.0,1980.0,17.4419073,78.4375362,28.0,1,0,0,1,0,0,0,0,0,Builder_Floor,Semi_Furnished,North,Resale_Very_Old,Large,2,: ,8333.0,0,0,0,0
2.0,4.0,3,4,50.0,0.25,1.0,1145.0,17.5077568,78.3678528,,1,0,0,1,0,1,1,0,0,Apartment,Semi_Furnished,North,Under_Construction,Small,1,Miyapur,6278.0,0,0,0,0
3.0,10.0,18,19,4.0,0.7,2.0,1885.0,17.453031,78.367548,3.0,1,0,1,1,0,0,1,0,0,Apartment,Furnished,East,Resale_Very_Old,Large,2,Kondapur,11000.0,0,0,0,0
3.0,5.0,8,9,47.0,0.8,2.0,1575.0,17.49479,78.39964,5.0,0,1,0,1,0,0,1,0,0,Apartment,Semi_Furnished,West,Resale_Old,Medium,2,Kukatpally,6793.0,0,0,0,0
3.0,5.0,17,18,46.0,0.8,2.0,1503.0,17.498994,78.554515,5.0,1,0,0,1,0,0,1,0,0,Apartment,Semi_Furnished,West,0_5_yrs,Medium,2,: ,6121.0,0,0,0,0
2.0,5.0,3,3,5.0,0.6,1.0,842.0,17.53942,78.513112,7.0,1,0,1,1,0,0,1,0,0,Apartment,Semi_Furnished,Unknown,Resale_Very_Old,Small,1,: ,5938.0,0,0,0,0
3.0,4.0,4,4,10.0,0.25,1.0,1960.0,17.5324584,78.5291706,7.0,1,0,0,1,0,0,1,0,0,Apartment,Semi_Furnished,East,Resale_Very_Old,Large,1,: ,5102.0,0,0,0,0
2.0,5.0,15,15,49.0,1.0,2.0,1270.0,17.407926,78.362813,14.0,1,0,0,1,0,1,1,1,0,Apartment,Semi_Furnished,West,Under_Construction,Medium,2,Manikonda,7480.0,0,0,0,0
3.0,11.0,8,10,49.0,0.8181818181818182,2.0,3200.0,17.42226,78.461683,7.0,1,0,0,1,0,0,1,0,0,Apartment,Semi_Furnished,East,5_10_yrs,XL,2,Somajiguda,12000.0,0,0,0,0
2.0,5.0,5,6,45.0,1.0,1.0,1050.0,17.458907,78.352402,14.0,1,0,0,1,0,1,1,1,0,Apartment,Furnished,Unknown,5_10_yrs,Small,1,: ,6500.0,0,0,0,0
4.0,2.0,21,24,37.0,0.5384615384615384,2.0,1962.0,17.538237,78.480804,14.0,1,0,0,1,0,1,0,0,0,Villa,Furnished,NW,0_5_yrs,Large,2,Kompally,146788.0,1,0,0,0
4.0,3.0,7,7,6.0,0.5384615384615384,2.0,3000.0,17.611834,78.465146,14.0,1,0,0,1,0,0,0,0,0,Villa,Semi_Furnished,West,Resale_Very_Old,XL,2,: ,8000.0,1,0,0,0
3.0,3.0,5,5,50.0,0.6666666666666666,2.0,2400.0,17.414864,78.409714,2.0,1,0,0,1,0,0,1,0,0,Apartment,Unfurnished,Unknown,0_5_yrs,Large,2,Film Nagar,6666.0,0,0,0,0
3.0,5.0,11,11,50.0,0.2,1.0,1600.0,17.324294,78.530504,21.0,1,0,0,1,0,0,1,0,0,Apartment,Furnished,East,Under_Construction,Medium,1,: ,4687.0,0,0,0,0
4.0,2.0,14,15,47.0,0.5384615384615384,3.0,3699.0,17.4965983,78.545183,21.0,1,0,0,1,0,1,0,0,0,Villa,Furnished,East,5_10_yrs,XL,3+,Manik Sai Enclave,12165.0,1,0,0,0
2.0,2.0,1,1,6.0,0.5384615384615384,1.0,880.0,17.5444119,78.2301588,21.0,1,0,0,1,0,0,0,0,0,Villa,Semi_Furnished,North,Resale_Very_Old,Small,1,: ,10227.0,1,0,0,0
4.0,34.0,8,8,13.0,0.9117647058823528,1.0,2049.0,17.396947,78.340246,30.0,0,1,1,1,0,0,1,0,0,Apartment,Semi_Furnished,East,Resale_Old,Large,1,Kokapet,8500.0,0,0,0,0
3.0,3.0,12,13,49.0,1.0,2.0,1800.0,17.401462,78.462863,6.0,1,0,0,1,0,0,1,1,0,Apartment,Furnished,SE,5_10_yrs,Medium,2,: ,4722.0,0,0,0,0
2.0,5.0,11,11,49.0,0.8,2.0,1266.0,17.4609913,78.3532083,30.0,0,1,0,1,0,0,1,0,0,Apartment,Semi_Furnished,East,Resale_Old,Medium,2,: ,7722.0,0,0,0,0
2.0,1.0,5,5,1.0,0.5384615384615384,0.0,1350.0,17.5227762257577,78.6210684465697,30.0,1,0,0,1,0,0,1,0,0,Villa,Semi_Furnished,Unknown,Resale_Very_Old,Medium,Unknown,: ,5185.0,1,0,0,0
3.0,5.0,6,8,50.0,1.0,2.0,2092.0,17.4011618,78.37569,30.0,1,0,0,1,0,1,1,1,0,Apartment,Semi_Furnished,North,Under_Construction,Large,2,: ,7552.0,0,0,0,0
2.0,4.0,0,1,50.0,0.25,2.0,1150.0,17.460537,78.497056,30.0,1,0,0,1,0,0,1,0,0,Apartment,Furnished,NE,5_10_yrs,Small,2,AP Textbook Colony,5217.0,0,0,0,0
5.0,3.0,16,19,15.0,0.5384615384615384,4.0,4347.0,17.356369,78.381678,30.0,0,1,1,1,0,0,1,0,0,Villa,Semi_Furnished,West,Resale_Old,XL,3+,Bandlaguda Jagir,25304.0,1,0,0,0
4.0,2.0,0,0,48.0,0.5384615384615384,1.0,1350.0,17.5316,78.26729,60.0,0,1,0,1,0,0,0,0,0,Villa,Semi_Furnished,Unknown,Resale_Old,Medium,1,: ,73333.0,1,0,0,0
7.0,2.0,10,14,0.0,0.5384615384615384,3.0,2763.0,78.48667,17.38504,30.0,1,0,0,1,0,0,1,0,0,Builder_Floor,Semi_Furnished,NE,0_5_yrs,XL,3+,Tarnaka,150000.0,1,0,0,0
4.0,2.0,14,15,15.0,0.5384615384615384,1.0,2448.0,17.465956,78.261911,60.0,0,1,1,1,0,0,1,0,0,Villa,Semi_Furnished,West,Resale_Old,Large,1,: ,183823.0,1,0,0,0
4.0,29.0,0,1,12.0,0.9655172413793104,4.0,2255.0,17.40223,78.3444,30.0,0,1,1,1,0,0,1,0,0,Apartment,Semi_Furnished,Unknown,Resale_Old,Large,3+,Kokapet,18698.0,0,0,0,0
2.0,14.0,16,17,50.0,0.1428571428571428,2.0,1200.0,17.475959,78.385051,90.0,1,0,0,1,0,0,1,0,0,Apartment,Furnished,West,0_5_yrs,Small,2,: ,8500.0,0,0,0,0
4.0,2.0,0,0,50.0,0.5384615384615384,4.0,1602.0,17.474201,78.513363,14.0,1,0,0,1,0,0,1,0,0,Villa,Unfurnished,West,5_10_yrs,Medium,3+,: ,83707.0,1,0,0,0
3.0,3.0,9,10,50.0,1.0,2.0,1573.0,17.48469,78.49716,120.0,0,1,0,1,0,0,1,1,0,Apartment,Semi_Furnished,North,Resale_Old,Medium,2,: ,6357.0,0,0,0,0
2.0,4.0,13,15,47.0,0.5,1.0,1250.0,17.412809,78.436157,120.0,1,0,0,1,0,0,1,0,0,Apartment,Semi_Furnished,East,5_10_yrs,Medium,1,Anand Banjara Colony,9600.0,0,0,0,0
5.0,3.0,6,6,0.0,0.5384615384615384,3.0,115.0,78.48667,17.38504,90.0,1,0,0,1,0,0,0,0,0,Villa,Furnished,South,Resale_Very_Old,Micro,3+,"Marri Ram Reddy Colony, Old Bowenpally",160869.0,1,0,0,0
2.0,8.0,9,10,15.0,0.125,1.0,1255.0,17.54698,78.362081,28.0,1,0,1,1,0,0,1,0,0,Apartment,Semi_Furnished,Unknown,Resale_Very_Old,Medium,1,: ,5800.0,0,0,0,0
3.0,2.0,9,9,11.0,0.5384615384615384,1.0,1800.0,17.4626216,78.6313624,3.0,0,1,0,1,0,0,0,0,0,Villa,Semi_Furnished,East,Resale_Old,Medium,1,: ,8333.0,1,0,0,0
3.0,4.0,2,3,39.0,0.75,1.0,1750.0,17.4480919,78.3787508,30.0,1,0,0,1,0,0,1,0,0,Apartment,Semi_Furnished,Unknown,5_10_yrs,Medium,1,: ,5714.0,0,0,0,0
2.0,5.0,3,4,0.0,0.6,2.0,900.0,0.0,0.0,21.0,1,0,0,1,0,1,0,0,0,Builder_Floor,Furnished,East,Resale_Very_Old,Small,2,Kompally,5900.0,0,0,0,0
4.0,2.0,0,0,14.0,0.5384615384615384,2.0,900.0,17.29849,78.43683,,1,0,0,1,0,0,0,0,0,Villa,Furnished,East,Resale_Very_Old,Small,2,: ,10555.0,1,0,0,0
2.0,5.0,8,10,47.0,0.6,1.0,1140.0,17.500334,78.3275388,14.0,1,0,0,1,0,1,1,0,0,Apartment,Furnished,West,0_5_yrs,Small,1,: ,7017.0,0,0,0,0
3.0,7.0,4,5,0.0,0.7142857142857143,1.0,1425.0,0.0,0.0,30.0,1,0,0,1,0,0,1,0,0,Apartment,Furnished,South,5_10_yrs,Medium,1,SBH Colony,5473.0,0,0,0,0
2.0,5.0,11,12,21.0,0.6,2.0,1230.0,17.3858754,78.361176,30.0,1,0,0,1,0,1,1,0,0,Apartment,Furnished,North,0_5_yrs,Medium,2,: ,5853.0,0,0,0,0
3.0,5.0,11,11,46.0,0.8,2.0,1300.0,17.4913644,78.5544917,30.0,1,0,0,1,0,1,1,0,0,Apartment,Furnished,East,Resale_Very_Old,Medium,2,: ,6000.0,0,0,0,0
2.0,1.0,7,7,50.0,0.5384615384615384,2.0,1350.0,17.5090182,78.3001801,60.0,1,0,0,1,0,0,1,0,0,Villa,Semi_Furnished,East,Resale_Very_Old,Medium,2,Beeramguda,93333.0,1,0,0,0
3.0,9.0,18,18,12.0,0.8888888888888888,2.0,1540.0,17.531253,78.390583,60.0,0,1,1,1,0,0,1,0,0,Apartment,Semi_Furnished,East,Resale_Old,Medium,2,: ,7250.0,0,0,0,0
2.0,15.0,18,20,37.0,0.7333333333333333,2.0,1250.0,17.538237,78.480804,90.0,1,0,0,1,0,1,1,0,0,Apartment,Semi_Furnished,East,Under_Construction,Medium,2,: ,10856.0,0,0,0,0
6.0,2.0,1,0,50.0,0.5384615384615384,4.0,1350.0,17.509181,78.3521088,120.0,1,0,0,1,0,0,0,0,0,Villa,Furnished,South,5_10_yrs,Medium,3+,: ,173333.0,1,0,0,0
2.0,5.0,24,26,50.0,1.0,1.0,1270.0,17.50231,78.353671,120.0,1,0,0,1,0,0,1,1,0,Apartment,Furnished,West,0_5_yrs,Medium,1,: ,5118.0,0,0,0,0
3.0,1.0,0,0,0.0,0.5384615384615384,3.0,2000.0,17.4344695,78.2425939,30.0,1,0,0,1,0,0,1,0,0,Villa,Semi_Furnished,East,Resale_Very_Old,Large,3+,Kollur,7000.0,1,0,0,0
3.0,8.0,15,15,1.0,0.75,2.0,1617.0,17.442196,78.280067,150.0,1,0,0,1,0,0,1,0,0,Apartment,Semi_Furnished,West,Resale_Very_Old,Medium,2,: ,5751.0,0,0,0,0
2.0,6.0,8,8,13.0,0.6666666666666666,1.0,1115.0,17.5789054,78.4268758,7.0,0,1,0,1,0,0,1,0,0,Apartment,Semi_Furnished,Unknown,Resale_Old,Small,1,Gandimaisamma,3766.0,0,0,0,0
3.0,4.0,11,11,49.0,1.0,1.0,1725.0,17.518637,78.340735,21.0,1,0,0,1,0,0,1,1,0,Apartment,Furnished,East,5_10_yrs,Medium,1,Hafeezpet,5739.0,0,0,0,0
3.0,5.0,5,5,18.0,1.0,2.0,1650.0,17.392278,78.353868,21.0,1,0,0,1,0,0,1,1,0,Apartment,Semi_Furnished,East,Resale_Very_Old,Medium,2,: ,7878.0,0,0,0,0
2.0,15.0,9,9,11.0,0.9333333333333332,2.0,1440.0,17.48054,78.661259,60.0,0,1,1,1,0,0,1,0,0,Apartment,Semi_Furnished,Unknown,Resale_Old,Medium,2,: ,5555.0,0,0,0,0
3.0,1.0,0,0,0.0,1.0,3.0,1629.0,0.0,0.0,6.0,1,0,0,1,0,0,0,1,0,Builder_Floor,Semi_Furnished,West,Resale_Very_Old,Medium,3+,Moosarambagh,7980.0,0,0,0,0
3.0,5.0,17,17,47.0,0.2,2.0,1620.0,17.494913,78.403112,60.0,1,0,0,1,0,0,1,0,0,Apartment,Semi_Furnished,South,5_10_yrs,Medium,2,Bhagya Nagar Colony,5864.0,0,0,0,0
3.0,33.0,8,11,15.0,0.1212121212121212,1.0,1353.0,17.5468498,78.3650231,60.0,0,1,1,1,0,0,1,0,0,Apartment,Semi_Furnished,NE,Resale_Old,Medium,1,: ,5912.0,0,0,0,0
2.0,5.0,3,3,50.0,0.2,2.0,1150.0,17.3197608,78.5909239,14.0,1,0,0,1,0,0,1,0,0,Apartment,Unfurnished,West,Resale_Very_Old,Small,2,: ,6500.0,0,0,0,0
2.0,5.0,5,6,50.0,0.8,2.0,1310.0,17.407322,78.539665,60.0,1,0,0,1,0,0,1,0,0,Apartment,Semi_Furnished,North,Resale_Very_Old,Medium,2,: ,7000.0,0,0,0,0
4.0,2.0,13,16,5.0,0.5384615384615384,3.0,120.0,17.62948,78.4943,30.0,1,0,0,1,0,0,0,0,0,Villa,Semi_Furnished,East,Resale_Very_Old,Micro,3+,: ,104166.0,1,0,0,0
5.0,2.0,2,5,10.0,0.5384615384615384,3.0,1800.0,17.532558,78.529251,14.0,1,0,0,1,0,0,0,0,0,Villa,Semi_Furnished,West,Under_Construction,Medium,3+,: ,90000.0,1,0,0,0
2.0,5.0,13,14,49.0,0.6,1.0,1220.0,17.4609913,78.3532083,90.0,1,0,0,1,0,0,1,0,0,Apartment,Semi_Furnished,East,Resale_Very_Old,Medium,1,: ,8956.0,0,0,0,0
2.0,5.0,9,10,50.0,0.6,1.0,1125.0,17.4011618,78.37569,90.0,0,1,0,1,0,0,1,0,0,Apartment,Semi_Furnished,East,Resale_Old,Small,1,: ,6166.0,0,0,0,0
2.0,5.0,7,8,50.0,1.0,2.0,1250.0,17.4655716,78.3504793,21.0,1,0,0,1,0,0,1,1,0,Apartment,Furnished,West,Under_Construction,Medium,2,: ,7600.0,0,0,0,0
2.0,14.0,1,1,10.0,0.2142857142857142,1.0,1072.0,17.44007494380667,78.64775831900772,7.0,0,1,0,1,0,0,1,0,0,Apartment,Unfurnished,East,Resale_Old,Small,1,: ,4500.0,0,0,0,0
3.0,9.0,20,20,0.0,0.8888888888888888,1.0,1620.0,78.48667,17.38504,30.0,0,1,0,1,0,0,1,0,0,Apartment,Semi_Furnished,East,Resale_Old,Medium,1,: ,5864.0,0,0,0,0
3.0,15.0,19,19,0.0,0.8,0.0,1670.0,78.48667,17.38504,30.0,0,1,0,1,0,0,1,0,0,Apartment,Semi_Furnished,East,Resale_Old,Medium,Unknown,: ,5688.0,0,0,0,0
3.0,9.0,19,19,10.0,0.7777777777777778,2.0,1980.0,17.5468498,78.3650231,30.0,0,1,0,1,0,0,1,0,0,Apartment,Semi_Furnished,East,Resale_Old,Large,2,: ,5050.0,0,0,0,0
2.0,1.0,0,0,6.0,0.5384615384615384,2.0,999.0,17.302603,78.609452,21.0,1,0,0,1,0,0,0,0,0,Villa,Semi_Furnished,West,Under_Construction,Small,2,: ,49549.0,1,0,0,0
4.0,1.0,8,12,1.0,0.5384615384615384,1.0,1170.0,17.27395,78.59163,30.0,1,0,0,1,0,0,1,0,0,Villa,Semi_Furnished,East,Resale_Very_Old,Small,1,TurkaYamjal,84615.0,1,0,0,0
2.0,2.0,3,3,50.0,0.5384615384615384,1.0,156.0,17.4930942,78.5036065,7.0,0,1,0,1,0,0,0,0,0,Villa,Semi_Furnished,Unknown,Resale_Old,Micro,1,: ,102564.0,1,0,0,0
4.0,15.0,28,31,50.0,0.4666666666666667,2.0,4358.0,17.4104698,78.3759994,90.0,1,0,0,1,0,1,1,0,0,Apartment,Furnished,East,0_5_yrs,XL,2,Manikonda,10325.0,0,0,0,0
4.0,2.0,1,1,6.0,0.5384615384615384,2.0,1350.0,17.361288,78.606466,90.0,1,0,0,1,0,0,1,0,0,Villa,Semi_Furnished,East,Resale_Very_Old,Medium,2,Tatianaram,5800.0,1,0,0,0
2.0,5.0,19,19,5.0,0.4,2.0,1122.0,17.563203,78.401403,,1,0,1,1,0,0,1,0,0,Apartment,Unfurnished,East,Under_Construction,Small,2,Bowrampet,5258.0,0,0,0,0
3.0,5.0,5,6,49.0,0.2,2.0,1795.0,17.411437,78.456327,90.0,0,1,0,1,0,0,1,0,0,Apartment,Semi_Furnished,East,Resale_Old,Medium,2,: ,11000.0,0,0,0,0
3.0,14.0,23,25,49.0,0.8571428571428571,1.0,1685.0,17.4920867,78.3354855,7.0,1,0,0,1,0,0,1,0,0,Apartment,Furnished,East,0_5_yrs,Medium,1,: ,9614.0,0,0,0,0
2.0,5.0,5,5,1.0,0.5384615384615384,0.0,1440.0,17.280656,78.635099,28.0,0,1,0,1,0,0,0,0,0,Villa,Furnished,SE,Resale_Old,Medium,Unknown,: ,6250.0,1,0,0,1
3.0,15.0,15,15,9.0,0.2,1.0,1583.0,17.630194,78.484155,30.0,0,1,1,1,0,0,1,0,0,Apartment,Semi_Furnished,West,Resale_Old,Medium,1,Moti Nagar,9096.0,0,0,0,0
3.0,9.0,22,24,50.0,0.1111111111111111,1.0,1969.0,17.408766,78.389884,120.0,1,0,0,1,0,0,1,0,0,Apartment,Furnished,West,0_5_yrs,Large,1,: ,7364.0,0,0,0,0
3.0,22.0,15,16,49.0,0.1363636363636363,2.0,1950.0,17.405666,78.403781,60.0,1,0,0,1,0,0,1,0,0,Apartment,Semi_Furnished,North,Resale_Very_Old,Large,2,Jubilee Hills,8000.0,0,0,0,0
5.0,2.0,2,2,0.0,0.5384615384615384,4.0,3060.0,78.48667,17.38504,60.0,1,0,0,1,0,0,0,0,0,Villa,Unfurnished,East,5_10_yrs,XL,3+,: ,14705.0,1,0,0,0
3.0,5.0,1,1,50.0,0.8,1.0,1660.0,17.368876,78.55348,60.0,1,0,0,1,0,1,1,0,0,Apartment,Furnished,Unknown,0_5_yrs,Medium,1,: ,5903.0,0,0,0,0
3.0,19.0,14,16,25.0,0.7894736842105263,1.0,1535.0,17.3923634,78.3621784,21.0,0,1,0,1,0,0,1,0,0,Apartment,Semi_Furnished,East,Resale_Old,Medium,1,: ,10000.0,0,0,0,0
2.0,32.0,22,23,7.0,0.40625,2.0,1279.0,17.47699,78.39062,30.0,1,0,0,1,0,0,1,0,0,Apartment,Furnished,West,Under_Construction,Medium,2,: ,11336.0,0,0,0,0
3.0,36.0,6,9,7.0,0.25,3.0,2120.0,17.40223,78.3444,90.0,0,1,1,1,0,0,1,0,0,Apartment,Semi_Furnished,West,Resale_Old,Large,3+,: ,10141.0,0,0,0,0
3.0,5.0,9,9,10.0,0.2,2.0,1590.0,17.432619,78.268889,90.0,0,1,1,1,0,0,1,0,0,Apartment,Semi_Furnished,West,Resale_Old,Medium,2,: ,5345.0,0,0,0,0
3.0,40.0,10,10,15.0,0.05,3.0,2180.0,17.396115,78.357941,28.0,0,1,1,1,0,0,1,0,0,Apartment,Semi_Furnished,East,Resale_Old,Large,3+,: ,7299.0,0,0,0,0
2.0,4.0,2,3,27.0,0.75,1.0,1050.0,17.485206408706663,78.60681438946276,7.0,1,0,0,1,0,0,1,0,0,Apartment,Semi_Furnished,West,Under_Construction,Small,1,: ,5333.0,0,0,0,0
2.0,5.0,0,0,17.0,0.8,2.0,1200.0,17.4664197,78.285342,30.0,0,1,0,1,0,0,1,0,0,Apartment,Semi_Furnished,East,Resale_Old,Small,2,: ,5833.0,0,0,0,0
3.0,12.0,17,19,44.0,0.0833333333333333,2.0,2939.0,17.4062722,78.436657,90.0,1,0,0,1,0,0,1,0,0,Apartment,Semi_Furnished,North,0_5_yrs,XL,2,Banjara hills,8506.0,0,0,0,0
3.0,5.0,11,11,50.0,0.6,1.0,1740.0,17.3885146,78.4781313,120.0,1,0,0,1,0,0,1,0,0,Apartment,Furnished,North,5_10_yrs,Medium,1,Banjara hills,9174.0,0,0,0,0
2.0,5.0,8,8,1.0,0.2,2.0,1200.0,17.27395,78.59163,300.0,1,0,0,1,0,0,1,0,0,Apartment,Semi_Furnished,East,Resale_Very_Old,Small,2,TurkaYamjal,4583.0,0,0,0,0
2.0,1.0,1,5,23.0,0.5384615384615384,0.0,1350.0,17.31144,78.53485,6.0,1,0,0,1,0,0,0,0,0,Villa,Semi_Furnished,West,0_5_yrs,Medium,Unknown,Almas guda,55333.0,1,0,0,0
10.0,2.0,15,16,47.0,0.5384615384615384,4.0,2200.0,17.49182,78.32617,60.0,1,0,0,1,0,0,1,0,0,Villa,Furnished,West,5_10_yrs,Large,3+,: ,20454.0,1,0,0,0
2.0,10.0,9,10,12.0,0.2,1.0,905.0,17.44804,78.68884,2.0,0,1,1,1,0,0,1,0,0,Apartment,Furnished,East,Resale_Old,Small,1,: ,4198.0,0,0,0,0
3.0,5.0,8,8,10.0,0.8,1.0,1105.0,17.501856,78.624757,3.0,0,1,0,1,0,0,1,0,0,Apartment,Semi_Furnished,East,Resale_Old,Small,1,: ,4796.0,0,0,0,0
3.0,6.0,8,8,10.0,0.6666666666666666,1.0,1326.0,17.338049,78.612393,3.0,0,1,1,1,0,0,1,0,0,Apartment,Semi_Furnished,East,Resale_Old,Medium,1,: ,5128.0,0,0,0,0
3.0,9.0,11,11,10.0,0.7777777777777778,2.0,1533.0,17.533744,78.428685,4.0,0,1,1,1,0,0,1,0,0,Apartment,Semi_Furnished,Unknown,Resale_Old,Medium,2,: ,4957.0,0,0,0,0
3.0,8.0,4,5,4.0,0.5,2.0,1360.0,17.448427,78.687648,4.0,1,0,0,1,0,0,1,0,0,Apartment,Semi_Furnished,East,Resale_Very_Old,Medium,2,: ,5675.0,0,0,0,0
3.0,9.0,7,7,10.0,0.3333333333333333,2.0,1533.0,17.533744,78.428685,4.0,0,1,1,1,0,0,1,0,0,Apartment,Semi_Furnished,Unknown,Resale_Old,Medium,2,: ,4950.0,0,0,0,0
5.0,2.0,4,4,50.0,0.5384615384615384,4.0,3240.0,17.459103,78.541334,60.0,1,0,0,1,0,0,1,0,0,Villa,Semi_Furnished,Unknown,5_10_yrs,XL,3+,East Anand Bagh,75000.0,1,0,0,0
3.0,2.0,15,18,10.0,0.5384615384615384,4.0,2700.0,17.5468498,78.3650231,7.0,1,0,0,1,0,0,1,0,0,Villa,Furnished,West,Resale_Very_Old,XL,3+,: ,133333.0,1,0,0,0
3.0,5.0,13,13,50.0,0.8,2.0,1490.0,17.43125,78.53602,30.0,1,0,0,1,0,0,1,0,0,Apartment,Semi_Furnished,West,0_5_yrs,Medium,2,: ,6846.0,0,0,0,0
3.0,9.0,1,1,26.0,0.6666666666666666,2.0,1870.0,17.40223,78.3444,60.0,0,1,0,1,0,0,1,0,0,Apartment,Semi_Furnished,Unknown,Resale_Old,Large,2,: ,7754.0,0,0,0,0
2.0,5.0,5,5,49.0,0.4,2.0,1100.0,17.38504,78.48667,30.0,1,0,0,1,0,0,1,0,0,Builder_Floor,Semi_Furnished,East,Resale_Very_Old,Small,2,: ,4181.0,0,0,0,0
2.0,5.0,4,4,6.0,0.6,1.0,1206.0,17.529701,78.333031,60.0,1,0,0,1,0,0,1,0,0,Apartment,Semi_Furnished,West,Resale_Very_Old,Medium,1,Aminpur,4145.0,0,0,0,0
2.0,1.0,0,0,50.0,1.0,1.0,441.0,17.398686,78.505806,30.0,1,0,0,1,0,0,0,1,0,Builder_Floor,Semi_Furnished,East,5_10_yrs,Micro,1,: ,130612.0,0,0,0,0
2.0,5.0,0,0,0.0,0.8,2.0,1010.0,0.0,0.0,90.0,1,0,0,1,0,0,0,0,0,Builder_Floor,Semi_Furnished,East,Resale_Very_Old,Small,2,Subhash Chandra Nagar,4752.0,0,0,0,0
2.0,4.0,1,1,10.0,1.0,1.0,1000.0,17.44007494380667,78.64775831900772,5.0,1,0,0,1,0,0,1,1,0,Apartment,Semi_Furnished,East,Under_Construction,Small,1,Pocharam,3200.0,0,0,0,0
3.0,8.0,8,8,14.0,1.0,3.0,1730.0,17.534325,78.331096,14.0,0,1,1,1,0,0,1,1,0,Apartment,Semi_Furnished,West,Resale_Old,Medium,3+,Miyapur,6213.0,0,0,0,0
3.0,14.0,13,14,9.0,0.6428571428571429,4.0,2250.0,17.453725,78.290418,60.0,1,0,0,1,0,0,1,0,0,Apartment,Furnished,East,Under_Construction,Large,3+,Tellapur,7500.0,0,0,0,0
3.0,5.0,9,10,41.0,1.0,2.0,1692.0,17.533096,78.477854,30.0,1,0,0,1,0,1,1,1,0,Apartment,Furnished,NE,Under_Construction,Medium,2,: ,4432.0,0,0,0,0
3.0,14.0,24,25,50.0,0.4285714285714285,2.0,1490.0,17.484046,78.358808,14.0,1,0,0,1,0,0,1,0,0,Apartment,Semi_Furnished,West,Under_Construction,Medium,2,Hafeezpet,9932.0,0,0,0,0
3.0,5.0,1,1,46.0,0.8,2.0,1250.0,17.39188,78.42895,14.0,1,0,0,1,0,0,1,0,0,Apartment,Semi_Furnished,NE,Resale_Very_Old,Medium,2,: ,6400.0,0,0,0,0
4.0,3.0,0,0,1.0,0.5384615384615384,4.0,2412.0,17.450947,78.281192,,1,0,1,1,0,0,1,0,0,Villa,Unfurnished,Unknown,Resale_Very_Old,Large,3+,: ,186567.0,1,0,0,0
3.0,5.0,10,10,50.0,0.4,2.0,1395.0,17.399182,78.367828,30.0,1,0,0,1,0,0,1,0,0,Apartment,Furnished,West,0_5_yrs,Medium,2,: ,5600.0,0,0,0,0
2.0,3.0,3,3,46.0,1.0,1.0,915.0,17.4883448,78.5596971,14.0,1,0,0,1,0,0,1,1,0,Apartment,Semi_Furnished,NE,5_10_yrs,Small,1,Ramdas Nagar,4043.0,0,0,0,0
2.0,6.0,10,12,13.0,0.1666666666666666,2.0,1100.0,17.5789054,78.4268758,60.0,0,1,0,1,0,0,1,0,0,Apartment,Semi_Furnished,East,Resale_Old,Small,2,: ,4000.0,0,0,0,0
4.0,2.0,19,21,33.0,0.5384615384615384,2.0,265.0,17.543776,78.47752,30.0,1,0,0,1,0,0,0,0,0,Villa,Semi_Furnished,East,Resale_Very_Old,Micro,2,: ,73062.0,1,0,0,0
4.0,2.0,7,9,0.0,0.5384615384615384,1.0,1890.0,17.16954,78.47093,90.0,1,0,0,1,0,0,0,0,0,Villa,Semi_Furnished,West,0_5_yrs,Large,1,: ,107142.0,1,0,0,0
1.0,4.0,0,0,50.0,0.5384615384615384,1.0,675.0,17.327119,78.589535,60.0,1,0,0,1,0,0,0,0,0,Villa,Unfurnished,Unknown,Under_Construction,Micro,1,: ,7111.0,1,0,0,0
4.0,3.0,2,3,6.0,0.5384615384615384,3.0,1368.0,17.296883,78.5638198,21.0,1,0,0,1,0,1,0,0,0,Villa,Semi_Furnished,West,0_5_yrs,Medium,3+,: ,72368.0,1,0,0,0
2.0,5.0,5,5,50.0,1.0,1.0,850.0,17.407379,78.376946,14.0,1,0,0,1,0,1,1,1,0,Apartment,Semi_Furnished,West,0_5_yrs,Small,1,: ,9294.0,0,0,0,0
3.0,40.0,8,10,17.0,0.35,2.0,2800.0,17.4664197,78.285342,7.0,0,1,0,1,0,0,1,0,0,Apartment,Semi_Furnished,East,Resale_Old,XL,2,: ,5600.0,0,0,0,0
10.0,4.0,4,5,17.0,0.5384615384615384,4.0,7200.0,17.4664197,78.285342,30.0,1,0,0,1,0,0,0,0,0,Villa,Furnished,West,0_5_yrs,XXL,3+,: ,4850.0,1,0,0,0
3.0,2.0,5,5,10.0,0.5384615384615384,2.0,2070.0,17.5468498,78.3650231,60.0,1,0,0,1,0,0,0,0,0,Villa,Semi_Furnished,West,5_10_yrs,Large,2,: ,14009.0,1,0,0,0
2.0,2.0,8,8,0.0,0.5384615384615384,1.0,1972.0,17.233562897673416,78.54189608906688,14.0,0,1,0,1,0,0,1,0,0,Villa,Semi_Furnished,East,Resale_Old,Large,1,: ,5500.0,1,0,0,0
2.0,12.0,10,11,12.0,0.5,2.0,1270.0,17.399482,78.34253,90.0,1,0,0,1,0,0,1,0,0,Apartment,Furnished,West,Under_Construction,Medium,2,Kokapet,9842.0,0,0,0,0
2.0,4.0,5,7,49.0,1.0,2.0,1090.0,17.382054,78.488296,4.0,1,0,0,1,0,1,1,1,0,Apartment,Furnished,East,5_10_yrs,Small,2,Esamiya Bazaar,8720.0,0,0,0,0
2.0,5.0,11,11,50.0,0.5384615384615384,0.0,1440.0,17.327119,78.589535,28.0,0,1,0,1,0,0,1,0,0,Villa,Furnished,West,Resale_Old,Medium,Unknown,: ,6250.0,1,0,0,1
2.0,5.0,22,23,49.0,1.0,2.0,1255.0,17.505811,78.539781,2.0,1,0,0,1,0,0,1,1,0,Apartment,Furnished,Unknown,0_5_yrs,Medium,2,: ,7091.0,0,0,0,0
3.0,2.0,2,2,50.0,0.5384615384615384,1.0,3240.0,17.3915153,78.4972145,30.0,1,0,0,1,0,0,0,0,0,Villa,Furnished,NE,5_10_yrs,XL,1,: ,33333.0,1,0,0,0
3.0,2.0,0,0,37.0,0.5384615384615384,4.0,250.0,17.538237,78.480804,30.0,1,0,0,1,0,1,0,0,0,Villa,Unfurnished,Unknown,Under_Construction,Micro,3+,: ,120000.0,1,0,0,0
2.0,5.0,23,24,6.0,1.0,2.0,1185.0,17.542319,78.226934,90.0,1,0,1,1,0,0,1,1,0,Apartment,Semi_Furnished,East,Under_Construction,Small,2,: ,6329.0,0,0,0,0
6.0,3.0,14,15,0.0,0.5384615384615384,4.0,3700.0,17.42169,78.21842,2.0,1,0,0,1,0,0,0,0,0,Villa,Furnished,East,Resale_Very_Old,XL,3+,: ,5000.0,1,0,0,0
3.0,4.0,4,5,50.0,0.5,3.0,1640.0,17.478433,78.392116,60.0,1,0,0,1,0,1,1,0,0,Apartment,Furnished,Unknown,5_10_yrs,Medium,3+,: ,5487.0,0,0,0,0
3.0,14.0,31,33,8.0,0.5714285714285714,2.0,1410.0,17.5362492,78.2396486,30.0,0,1,1,1,0,0,1,0,0,Apartment,Semi_Furnished,NE,Resale_Old,Medium,2,Patancheru,9026.0,0,0,0,0
2.0,3.0,5,6,0.0,0.6666666666666666,1.0,1040.0,78.48667,17.38504,30.0,1,0,0,1,0,1,1,0,0,Apartment,Furnished,NE,5_10_yrs,Small,1,: ,3400.0,0,0,0,0
2.0,1.0,8,11,28.0,0.5384615384615384,2.0,900.0,17.36174,78.39844,60.0,1,0,0,1,0,0,0,0,0,Villa,Semi_Furnished,East,0_5_yrs,Small,2,Hydershakote,85000.0,1,0,0,0
3.0,11.0,14,16,2.0,0.4545454545454545,1.0,1260.0,17.584501,78.478388,4.0,1,0,0,1,0,0,1,0,0,Apartment,Semi_Furnished,East,Resale_Very_Old,Medium,1,: ,5000.0,0,0,0,0
4.0,2.0,8,8,50.0,0.5384615384615384,2.0,1800.0,17.5090182,78.3001801,30.0,0,1,0,1,0,0,1,0,0,Villa,Semi_Furnished,Unknown,Resale_Old,Medium,2,: ,92350.0,1,0,0,0
2.0,6.0,18,21,11.0,0.5384615384615384,1.0,1295.0,17.3875745,78.3654151,60.0,1,0,1,1,0,1,1,0,0,Apartment,Semi_Furnished,West,Resale_Very_Old,Medium,1,: ,8740.0,1,0,0,0
3.0,15.0,0,0,15.0,0.0666666666666666,1.0,1525.0,17.568049,78.47042,7.0,1,0,1,1,0,1,1,0,0,Apartment,Unfurnished,Unknown,Resale_Very_Old,Medium,1,: ,6229.0,0,0,0,0
2.0,30.0,9,9,12.0,0.7,1.0,1315.0,17.45227,78.299843,30.0,1,0,1,1,0,1,1,0,0,Apartment,Unfurnished,East,Resale_Very_Old,Medium,1,: ,6999.0,0,0,0,0
3.0,10.0,10,12,50.0,0.1,1.0,2035.0,17.416278,78.579471,30.0,1,0,0,1,0,0,1,0,0,Apartment,Semi_Furnished,East,Resale_Very_Old,Large,1,: ,8999.0,0,0,0,0
3.0,1.0,0,1,49.0,0.5384615384615384,0.0,2790.0,17.3566145,78.5105746,90.0,1,0,0,1,0,0,1,0,0,Villa,Unfurnished,North,5_10_yrs,XL,Unknown,Sayeedabad Colony,82258.0,1,0,0,0
3.0,5.0,5,6,47.0,0.2,1.0,1560.0,17.4985957,78.5731826,14.0,0,1,0,1,0,0,1,0,0,Apartment,Semi_Furnished,NE,Resale_Old,Medium,1,: ,4800.0,0,0,0,0
3.0,32.0,13,14,26.0,0.40625,1.0,1957.0,17.40223,78.3444,30.0,1,0,0,1,0,1,1,0,0,Apartment,Semi_Furnished,East,Resale_Very_Old,Large,1,: ,10500.0,0,0,0,0
3.0,2.0,5,6,10.0,0.5384615384615384,2.0,3200.0,17.5468498,78.3650231,30.0,1,0,0,1,0,0,1,0,0,Villa,Semi_Furnished,East,Under_Construction,XL,2,Bachupally,12499.0,1,0,0,0
2.0,2.0,14,17,49.0,0.5384615384615384,4.0,1620.0,17.40777,78.6025,,1,0,0,1,0,1,0,0,0,Villa,Semi_Furnished,NE,Under_Construction,Medium,3+,Medipally,83333.0,1,0,0,0
2.0,5.0,2,3,50.0,0.4,2.0,1100.0,17.519349,78.399539,21.0,1,0,0,1,0,0,1,0,0,Apartment,Furnished,West,0_5_yrs,Small,2,: ,5636.0,0,0,0,0
4.0,2.0,0,0,11.0,0.5384615384615384,4.0,1350.0,17.234817,78.642111,30.0,0,1,1,1,0,0,1,0,0,Villa,Unfurnished,Unknown,Resale_Old,Medium,3+,: ,51333.0,1,0,0,0
7.0,3.0,0,0,50.0,0.5384615384615384,4.0,1530.0,17.4154884,78.5717631,30.0,1,0,0,1,0,0,1,0,0,Villa,Unfurnished,Unknown,Under_Construction,Medium,3+,: ,75000.0,1,0,0,0
2.0,32.0,6,6,13.0,0.8125,1.0,1160.0,17.465823,78.407845,30.0,1,0,0,1,0,1,1,0,0,Apartment,Semi_Furnished,Unknown,Resale_Very_Old,Small,1,Hi Tech City,10086.0,0,0,0,0
3.0,2.0,9,10,27.0,0.5384615384615384,1.0,2500.0,17.4944038,78.5933196,150.0,1,0,0,1,0,0,0,0,0,Villa,Furnished,NE,5_10_yrs,Large,1,Dammaiguda,5800.0,1,0,0,0
3.0,31.0,18,18,13.0,0.5806451612903226,1.0,2000.0,17.465823,78.407845,30.0,1,0,0,1,0,0,1,0,0,Apartment,Semi_Furnished,North,Resale_Very_Old,Large,1,: ,9000.0,0,0,0,0
4.0,2.0,8,10,24.0,0.5384615384615384,2.0,900.0,17.472514,78.609601,4.0,1,0,0,1,0,0,0,0,0,Villa,Semi_Furnished,NE,Resale_Very_Old,Small,2,Cherlapally,75000.0,1,0,0,0
3.0,5.0,8,8,17.0,0.4,1.0,1365.0,17.360594,78.377846,21.0,1,0,0,1,0,1,1,0,0,Apartment,Semi_Furnished,West,Under_Construction,Medium,1,: ,4688.0,0,0,0,0
3.0,1.0,8,10,11.0,0.5384615384615384,3.0,1440.0,17.56664,78.485091,120.0,1,0,0,1,0,0,1,0,0,Villa,Semi_Furnished,West,0_5_yrs,Medium,3+,Gundlapochampalli,105000.0,1,0,0,0
3.0,13.0,4,4,15.0,0.4615384615384615,2.0,1915.0,17.4478104,78.5263305,30.0,1,0,1,1,0,0,1,0,0,Apartment,Furnished,East,Resale_Very_Old,Large,2,: ,6699.0,0,0,0,0
3.0,5.0,6,6,0.0,0.6,2.0,1530.0,17.2494091,78.4183466,30.0,0,1,0,1,0,0,1,0,0,Apartment,Semi_Furnished,East,Resale_Old,Medium,2,Shamshabad,4901.0,0,0,0,0
3.0,5.0,16,17,6.0,0.6,2.0,1461.0,17.5564,78.36389,30.0,0,1,0,1,0,0,1,0,0,Apartment,Semi_Furnished,East,Resale_Old,Medium,2,: ,4800.0,0,0,0,0
2.0,9.0,20,20,0.0,0.8888888888888888,1.0,1375.0,78.48667,17.38504,30.0,0,1,0,1,0,0,1,0,0,Apartment,Semi_Furnished,West,Resale_Old,Medium,1,: ,5818.0,0,0,0,0
3.0,5.0,15,16,50.0,0.5384615384615384,1.0,1600.0,17.3952927,78.3675219,60.0,1,0,0,1,0,1,1,0,0,Apartment,Semi_Furnished,West,0_5_yrs,Medium,1,: ,7187.0,1,0,0,0
2.0,5.0,11,12,15.0,0.2,3.0,1250.0,17.455021,78.302556,120.0,1,0,0,1,0,0,1,0,0,Apartment,Semi_Furnished,Unknown,0_5_yrs,Medium,3+,Nallagandla,5852.0,0,0,0,0
2.0,4.0,5,5,50.0,0.5,1.0,1100.0,17.5179636,78.3813785,4.0,1,0,0,1,0,0,1,0,0,Apartment,Furnished,East,5_10_yrs,Small,1,Nizampet,4545.0,0,0,0,0
3.0,5.0,7,7,47.0,0.6,1.0,1370.0,17.496027,78.545371,14.0,1,0,0,1,0,0,1,0,0,Apartment,Furnished,West,5_10_yrs,Medium,1,: ,4525.0,0,0,0,0
2.0,40.0,20,21,0.0,0.375,1.0,1321.0,78.48667,17.38504,30.0,0,1,0,1,0,0,1,0,0,Apartment,Semi_Furnished,East,Resale_Old,Medium,1,: ,8295.0,0,0,0,0
3.0,5.0,5,5,18.0,1.0,2.0,1650.0,17.392278,78.353868,30.0,1,0,0,1,0,0,1,1,0,Apartment,Semi_Furnished,East,Resale_Very_Old,Medium,2,: ,7878.0,0,0,0,0
2.0,20.0,16,16,4.0,0.8,1.0,1396.0,17.357201,78.371351,90.0,1,0,1,1,0,0,1,0,0,Apartment,Semi_Furnished,West,Resale_Very_Old,Medium,1,: ,7664.0,0,0,0,0
2.0,5.0,6,7,10.0,0.8,1.0,1008.0,17.5468498,78.3650231,30.0,1,0,0,1,0,0,1,0,0,Apartment,Semi_Furnished,Unknown,5_10_yrs,Small,1,Bachupally,4265.0,0,0,0,0
3.0,21.0,8,11,11.0,0.1904761904761904,3.0,2835.0,17.4609913,78.3532083,14.0,0,1,1,1,0,0,1,0,0,Apartment,Semi_Furnished,East,Resale_Old,XL,3+,: ,12522.0,0,0,0,0
4.0,3.0,17,19,15.0,0.5384615384615384,2.0,2448.0,17.4666281,78.2638739,21.0,1,0,1,1,0,1,1,0,0,Villa,Semi_Furnished,West,Resale_Very_Old,Large,2,: ,209558.0,1,0,0,0
4.0,42.0,8,10,12.0,0.7380952380952381,3.0,4000.0,17.4480919,78.3787508,30.0,0,1,1,1,0,0,1,0,0,Apartment,Semi_Furnished,East,Resale_Old,XL,3+,: ,17000.0,0,0,0,0
2.0,34.0,8,10,26.0,0.1176470588235294,1.0,1492.0,17.40223,78.3444,30.0,1,0,0,1,0,0,1,0,0,Apartment,Furnished,West,Resale_Very_Old,Medium,1,: ,12399.0,0,0,0,0
2.0,13.0,11,11,47.0,0.3846153846153846,2.0,1261.0,17.49479,78.39964,21.0,1,0,0,1,0,1,1,0,0,Apartment,Semi_Furnished,East,Resale_Very_Old,Medium,2,Kukatpally,6600.0,0,0,0,0
3.0,2.0,17,17,17.0,0.5384615384615384,2.0,2700.0,17.4664197,78.285342,30.0,0,1,1,1,0,0,1,0,0,Villa,Semi_Furnished,West,Resale_Old,XL,2,: ,86666.0,1,0,0,0
2.0,5.0,1,1,48.0,0.2,2.0,1010.0,17.43993,78.49827,30.0,1,0,0,1,0,0,1,0,0,Apartment,Semi_Furnished,Unknown,Resale_Very_Old,Small,2,: ,4950.0,0,0,0,0
2.0,14.0,7,7,10.0,0.5714285714285714,2.0,1285.0,17.443855,78.250431,30.0,0,1,1,1,0,0,1,0,0,Apartment,Semi_Furnished,East,Resale_Old,Medium,2,: ,5300.0,0,0,0,0
3.0,14.0,6,6,5.0,0.4285714285714285,3.0,1954.0,17.381705,78.347364,14.0,1,0,1,1,0,0,1,0,0,Apartment,Semi_Furnished,West,Resale_Very_Old,Large,3+,Narsingi,6985.0,0,0,0,0
2.0,5.0,10,10,1.0,0.6,1.0,1150.0,17.280656,78.635099,28.0,1,0,0,1,0,0,1,0,0,Apartment,Semi_Furnished,East,Resale_Very_Old,Small,1,: ,4782.0,0,0,0,0
2.0,14.0,31,33,8.0,0.6428571428571429,1.0,1065.0,17.5362492,78.2396486,30.0,0,1,1,1,0,0,1,0,0,Apartment,Semi_Furnished,NE,Resale_Old,Small,1,Patancheru,9026.0,0,0,0,0
3.0,5.0,1,1,47.0,0.5384615384615384,2.0,1800.0,17.492624,78.5435,14.0,1,0,0,1,0,0,1,0,0,Apartment,Furnished,NW,5_10_yrs,Medium,2,: ,5109.0,1,0,0,0
2.0,5.0,5,5,49.0,1.0,2.0,1017.0,17.3417656,78.5305907,60.0,1,0,0,1,0,1,1,1,0,Apartment,Semi_Furnished,East,0_5_yrs,Small,2,Karmanghat,4719.0,0,0,0,0
2.0,6.0,7,7,50.0,0.1666666666666666,3.0,1377.0,17.461703,78.436274,30.0,1,0,0,1,0,1,1,0,0,Apartment,Unfurnished,Unknown,0_5_yrs,Medium,3+,: ,8714.0,0,0,0,0
1.0,1.0,0,0,0.0,1.0,0.0,575.0,0.0,0.0,90.0,1,0,0,1,0,0,0,1,0,Builder_Floor,Furnished,Unknown,Under_Construction,Micro,Unknown,Chintal,4695.0,0,0,0,0
3.0,5.0,10,10,13.0,0.6,2.0,1510.0,17.5789054,78.4268758,4.0,0,1,0,1,0,0,1,0,0,Apartment,Semi_Furnished,East,Resale_Old,Medium,2,: ,4800.0,0,0,0,0
3.0,2.0,15,16,46.0,0.5384615384615384,2.0,3600.0,17.4164707,78.4382469,30.0,1,0,0,1,0,0,0,0,0,Villa,Semi_Furnished,West,5_10_yrs,XL,2,: ,40277.0,1,0,0,0
2.0,2.0,5,7,0.0,0.5384615384615384,1.0,715.0,17.6577589,78.5967949,90.0,1,0,0,1,0,0,1,0,0,Apartment,Semi_Furnished,West,0_5_yrs,Micro,1,: ,3216.0,1,0,0,0
3.0,14.0,31,33,8.0,0.5,2.0,1585.0,17.5362492,78.2396486,30.0,0,1,1,1,0,0,1,0,0,Apartment,Semi_Furnished,NE,Resale_Old,Medium,2,Patancheru,9026.0,0,0,0,0
3.0,5.0,12,13,46.0,0.6,1.0,1530.0,17.48095,78.57034,7.0,0,1,0,1,0,0,1,0,0,Apartment,Semi_Furnished,East,Resale_Old,Medium,1,: ,4800.0,0,0,0,0
3.0,5.0,9,9,49.0,0.2,1.0,13770.0,17.4630853,78.5699888,7.0,0,1,0,1,0,0,1,0,0,Apartment,Semi_Furnished,East,Resale_Old,XXL,1,: ,4800.0,0,0,0,0
3.0,5.0,10,11,47.0,0.4,1.0,1530.0,17.4985957,78.5731826,14.0,0,1,0,1,0,0,1,0,0,Apartment,Semi_Furnished,North,Resale_Old,Medium,1,: ,4800.0,0,0,0,0
2.0,1.0,3,4,3.0,0.5384615384615384,2.0,3000.0,17.20534,78.4523,28.0,1,0,0,1,0,1,0,0,0,Villa,Furnished,NE,Resale_Very_Old,XL,2,: ,3200.0,1,0,0,0
3.0,14.0,10,12,10.0,0.2857142857142857,2.0,1755.0,17.5468498,78.3650231,,0,1,0,1,0,0,1,0,0,Apartment,Semi_Furnished,East,Resale_Old,Medium,2,Bachupally,4900.0,0,0,0,0
4.0,4.0,23,26,45.0,0.5,1.0,3045.0,17.408816,78.44313,14.0,1,0,0,1,0,0,1,0,0,Apartment,Furnished,West,5_10_yrs,XL,1,Sri Ram Nagar Colony,17504.0,0,0,0,0
3.0,6.0,22,25,44.0,0.1666666666666666,2.0,1700.0,17.366353,78.58283,120.0,1,0,0,1,0,0,1,0,0,Apartment,Furnished,West,0_5_yrs,Medium,2,Geological Survey of India Colony,4705.0,0,0,0,0
3.0,2.0,16,17,8.0,0.5384615384615384,1.0,2384.0,17.428952,78.197469,30.0,1,0,1,1,0,0,1,0,0,Villa,Semi_Furnished,East,Resale_Very_Old,Large,1,Mokila,10132.0,1,0,0,0
2.0,1.0,6,8,13.0,0.5384615384615384,1.0,1530.0,17.5587337,78.2674059,14.0,1,0,1,1,0,1,1,0,0,Villa,Semi_Furnished,East,Resale_Very_Old,Medium,1,: ,61470.0,1,0,0,0
3.0,21.0,24,25,4.0,0.9523809523809524,1.0,2350.0,17.4570123,78.3645684,21.0,1,0,1,1,0,0,1,0,0,Apartment,Furnished,Unknown,Resale_Very_Old,Large,1,: ,15000.0,0,0,0,0
3.0,9.0,11,11,45.0,1.0,2.0,1194.0,17.49948,78.56325,14.0,1,0,0,1,0,0,1,1,0,Apartment,Semi_Furnished,North,Resale_Very_Old,Small,2,Sainikpuri,4606.0,0,0,0,0
2.0,4.0,6,7,49.0,0.75,2.0,1232.0,17.446213,78.393682,21.0,1,0,0,1,0,0,1,0,0,Apartment,Unfurnished,West,0_5_yrs,Medium,2,: ,7711.0,0,0,0,0
3.0,1.0,5,5,0.0,0.5384615384615384,1.0,2000.0,0.0,0.0,60.0,1,0,0,1,0,0,0,0,0,Villa,Semi_Furnished,East,Resale_Very_Old,Large,1,Kollur,6500.0,1,0,0,0
3.0,4.0,9,9,49.0,1.0,0.0,1560.0,17.47234,78.419588,60.0,1,0,0,1,0,0,1,1,0,Apartment,Furnished,North,0_5_yrs,Medium,Unknown,: ,6730.0,0,0,0,0
4.0,2.0,0,0,50.0,0.5384615384615384,2.0,1350.0,17.5090182,78.3001801,30.0,1,0,0,1,0,0,0,0,0,Villa,Unfurnished,Unknown,Resale_Very_Old,Medium,2,: ,10296.0,1,0,0,0
3.0,18.0,21,22,10.0,0.2222222222222222,1.0,2540.0,17.3887844,78.348562,30.0,1,0,1,1,0,1,1,0,0,Apartment,Furnished,East,Under_Construction,XL,1,: ,10904.0,0,0,0,0
2.0,5.0,16,17,6.0,0.8,1.0,1225.0,17.5564,78.36389,3.0,0,1,0,1,0,0,1,0,0,Apartment,Semi_Furnished,East,Resale_Old,Medium,1,Mallampet,4500.0,0,0,0,0
5.0,3.0,4,7,26.0,0.5384615384615384,3.0,1926.0,17.51069,78.547467,14.0,1,0,0,1,0,0,0,0,0,Villa,Semi_Furnished,East,Under_Construction,Large,3+,: ,121495.0,1,0,0,0
3.0,1.0,0,0,50.0,0.5384615384615384,1.0,1989.0,17.4154884,78.5717631,30.0,1,0,0,1,0,0,0,0,0,Villa,Unfurnished,Unknown,Resale_Very_Old,Large,1,: ,67873.0,1,0,0,0
4.0,3.0,21,21,50.0,0.5384615384615384,2.0,2803.0,17.536121,78.289779,30.0,0,1,0,1,0,0,1,0,0,Villa,Semi_Furnished,East,Resale_Old,XL,2,: ,5529.0,1,0,0,0
4.0,2.0,8,9,50.0,0.5384615384615384,2.0,1647.0,17.5090182,78.3001801,30.0,0,1,0,1,0,0,1,0,0,Villa,Semi_Furnished,Unknown,Resale_Old,Medium,2,: ,91530.0,1,0,0,0
4.0,2.0,26,27,3.0,0.5384615384615384,2.0,3000.0,17.20869,78.47603,21.0,0,1,0,1,0,0,1,0,0,Villa,Semi_Furnished,East,Resale_Old,XL,2,: ,8666.0,1,0,0,0
5.0,2.0,0,1,41.0,0.5384615384615384,2.0,2500.0,17.5322955,78.4862663,7.0,1,0,0,1,0,1,0,0,0,Villa,Unfurnished,Unknown,Resale_Very_Old,Large,2,: ,8800.0,1,0,0,0
2.0,4.0,3,3,50.0,0.25,2.0,1050.0,17.5213398,78.3949566,4.0,1,0,0,1,0,1,1,0,0,Apartment,Semi_Furnished,West,5_10_yrs,Small,2,: ,4666.0,0,0,0,0
5.0,3.0,3,3,50.0,0.5384615384615384,4.0,1499.0,17.5068072,78.5014759,7.0,1,0,0,1,0,0,0,0,0,Villa,Semi_Furnished,West,Resale_Very_Old,Medium,3+,: ,144005.0,1,0,0,0
3.0,5.0,9,10,46.0,0.8,2.0,1850.0,17.4164707,78.4382469,14.0,1,0,0,1,0,1,1,0,0,Apartment,Furnished,Unknown,5_10_yrs,Large,2,: ,6918.0,0,0,0,0
3.0,9.0,5,6,49.0,0.4444444444444444,2.0,1450.0,17.499527,78.4767399,30.0,1,0,0,1,0,0,1,0,0,Apartment,Furnished,West,0_5_yrs,Medium,2,: ,4482.0,0,0,0,0
2.0,3.0,4,4,50.0,0.3333333333333333,2.0,1150.0,17.524382,78.427235,60.0,0,1,0,1,0,1,1,0,0,Apartment,Semi_Furnished,East,Resale_Old,Small,2,: ,4600.0,0,0,0,0
3.0,22.0,7,7,13.0,0.0909090909090909,1.0,1665.0,17.407552,78.337696,60.0,1,0,1,1,0,0,1,0,0,Apartment,Semi_Furnished,West,Resale_Very_Old,Medium,1,: ,11535.0,0,0,0,0
4.0,3.0,12,13,50.0,0.5384615384615384,2.0,3800.0,17.450436,78.424385,7.0,1,0,0,1,0,1,1,0,0,Villa,Semi_Furnished,East,Under_Construction,XL,2,: ,20000.0,1,0,0,0
3.0,4.0,8,8,49.0,0.25,2.0,2100.0,17.4066129,78.3941767,5.0,1,0,0,1,0,0,1,0,0,Builder_Floor,Furnished,North,Resale_Very_Old,Large,2,Shaikpet,10227.0,0,0,0,0
6.0,4.0,4,4,46.0,0.5384615384615384,4.0,4250.0,17.4769491,78.5598292,7.0,1,0,0,1,0,0,1,0,0,Villa,Furnished,West,Resale_Very_Old,XL,3+,Dr AS Rao Nagar,7058.0,1,0,0,0
3.0,4.0,8,8,46.0,0.5,2.0,2150.0,17.4769491,78.5598292,7.0,1,0,0,1,0,0,1,0,0,Builder_Floor,Furnished,North,Resale_Very_Old,Large,2,Dr AS Rao Nagar,8479.0,0,0,0,0
2.0,6.0,17,18,25.0,0.3333333333333333,1.0,1275.0,17.3923634,78.3621784,4.0,1,0,0,1,0,0,1,0,0,Apartment,Furnished,West,Under_Construction,Medium,1,Narsingi,7215.0,0,0,0,0
3.0,5.0,5,5,50.0,0.4,2.0,1460.0,17.3697735,78.5618265,120.0,1,0,0,1,0,1,1,0,0,Builder_Floor,Semi_Furnished,West,Resale_Very_Old,Medium,2,Nagole,4589.0,0,0,0,0
4.0,2.0,0,1,0.0,0.5384615384615384,2.0,1350.0,17.298731,77.98301,60.0,1,0,0,1,0,0,1,0,0,Villa,Semi_Furnished,Unknown,Resale_Very_Old,Medium,2,: ,93333.0,1,0,0,0
3.0,2.0,8,10,46.0,0.5384615384615384,2.0,2800.0,17.5330867548758,78.2682745858627,14.0,0,1,0,1,0,0,1,0,0,Villa,Semi_Furnished,NE,Resale_Old,XL,2,Patancheruvu,4285.0,1,0,0,0
4.0,2.0,8,10,6.0,0.5384615384615384,2.0,2800.0,17.542319,78.226934,14.0,0,1,0,1,0,0,1,0,0,Villa,Semi_Furnished,East,Resale_Old,XL,2,Muthangi,4250.0,1,0,0,0
3.0,4.0,0,0,49.0,0.75,2.0,1299.0,17.346091,78.50495,60.0,1,0,0,1,0,1,1,0,0,Apartment,Unfurnished,Unknown,0_5_yrs,Medium,2,: ,4541.0,0,0,0,0
4.0,2.0,13,13,50.0,0.5384615384615384,3.0,3392.0,17.5090182,78.3001801,7.0,0,1,0,1,0,0,0,0,0,Villa,Semi_Furnished,East,Resale_Old,XL,3+,: ,5700.0,1,0,0,0
3.0,2.0,27,30,50.0,0.5384615384615384,2.0,1800.0,17.4011618,78.37569,28.0,0,1,0,1,0,0,0,0,0,Villa,Semi_Furnished,East,Resale_Old,Medium,2,: ,10000.0,1,0,0,0
3.0,2.0,27,29,17.0,0.5384615384615384,2.0,200.0,17.4664197,78.285342,28.0,0,1,0,1,0,0,1,0,0,Villa,Semi_Furnished,East,Resale_Old,Micro,2,: ,89500.0,1,0,0,0
3.0,2.0,26,29,0.0,0.5384615384615384,2.0,1800.0,17.443855,78.250431,28.0,0,1,0,1,0,0,1,0,0,Villa,Semi_Furnished,East,Resale_Old,Medium,2,: ,89500.0,1,0,0,0
2.0,1.0,3,3,4.0,0.5384615384615384,2.0,2200.0,17.322272,78.643697,30.0,0,1,0,1,0,0,0,0,0,Villa,Semi_Furnished,NW,Resale_Old,Large,2,: ,6136.0,1,0,0,0
5.0,2.0,21,21,46.0,0.5384615384615384,3.0,4027.0,17.5330867548758,78.2682745858627,30.0,0,1,0,1,0,0,0,0,0,Villa,Semi_Furnished,East,Resale_Old,XL,3+,Patancheruvu,9436.0,1,0,0,0
4.0,2.0,0,0,49.0,0.5384615384615384,1.0,1575.0,17.343347,78.513876,3.0,1,0,0,1,0,0,0,0,0,Villa,Semi_Furnished,Unknown,5_10_yrs,Medium,1,: ,100000.0,1,0,0,0
3.0,14.0,8,8,50.0,0.4285714285714285,2.0,1660.0,17.397083,78.371015,2.0,0,1,0,1,0,0,1,0,0,Apartment,Semi_Furnished,East,Resale_Old,Medium,2,: ,5799.0,0,0,0,0
2.0,13.0,27,29,25.0,0.2307692307692307,1.0,1325.0,17.3923634,78.3621784,2.0,0,1,0,1,0,0,1,0,0,Apartment,Semi_Furnished,East,Resale_Old,Medium,1,: ,7099.0,0,0,0,0
2.0,30.0,20,22,26.0,0.1,1.0,1250.0,17.40223,78.3444,2.0,0,1,0,1,0,0,1,0,0,Apartment,Unfurnished,Unknown,Resale_Old,Medium,1,: ,7999.0,0,0,0,0
3.0,5.0,20,22,50.0,0.2,2.0,1875.0,17.4011618,78.37569,2.0,0,1,0,1,0,0,1,0,0,Apartment,Unfurnished,Unknown,Resale_Old,Large,2,: ,6000.0,0,0,0,0
3.0,5.0,20,22,50.0,0.4,2.0,1900.0,17.3697735,78.5618265,2.0,0,1,0,1,0,0,1,0,0,Apartment,Unfurnished,Unknown,Resale_Old,Large,2,: ,4800.0,0,0,0,0
3.0,5.0,20,22,25.0,0.6,2.0,1350.0,17.3923634,78.3621784,2.0,0,1,0,1,0,0,1,0,0,Apartment,Semi_Furnished,Unknown,Resale_Old,Medium,2,: ,7000.0,0,0,0,0
2.0,5.0,20,22,25.0,0.4,2.0,1308.0,17.3923634,78.3621784,2.0,0,1,0,1,0,0,1,0,0,Apartment,Semi_Furnished,Unknown,Resale_Old,Medium,2,: ,7000.0,0,0,0,0
3.0,1.0,7,8,1.0,0.5384615384615384,2.0,2000.0,17.492871,78.239079,4.0,1,0,0,1,0,0,0,0,0,Villa,Semi_Furnished,East,Resale_Very_Old,Large,2,: ,9800.0,1,0,0,0
2.0,17.0,6,7,50.0,0.4705882352941176,2.0,1250.0,17.509181,78.3521088,14.0,0,1,0,1,0,0,1,0,0,Apartment,Semi_Furnished,East,Resale_Old,Medium,2,: ,6800.0,0,0,0,0
5.0,2.0,7,8,17.0,0.5384615384615384,4.0,3900.0,17.4664197,78.285342,30.0,1,0,0,1,0,0,1,0,0,Villa,Semi_Furnished,East,Under_Construction,XL,3+,: ,25897.0,1,0,0,0
3.0,1.0,19,20,0.0,0.5384615384615384,2.0,2167.0,17.626354,78.400816,30.0,0,1,0,1,0,0,0,0,0,Villa,Semi_Furnished,NE,Resale_Old,Large,2,: ,6506.0,1,0,0,0
3.0,16.0,20,22,49.0,0.1875,2.0,1400.0,17.4609913,78.3532083,30.0,0,1,0,1,0,0,1,0,0,Apartment,Semi_Furnished,East,Resale_Old,Medium,2,: ,7500.0,0,0,0,0
2.0,16.0,20,22,49.0,0.1875,2.0,1225.0,17.4609913,78.3532083,30.0,0,1,0,1,0,0,1,0,0,Apartment,Semi_Furnished,East,Resale_Old,Medium,2,: ,7600.0,0,0,0,0
2.0,30.0,20,22,17.0,0.1,2.0,1355.0,17.4664197,78.285342,30.0,0,1,0,1,0,0,1,0,0,Apartment,Semi_Furnished,Unknown,Resale_Old,Medium,2,: ,6199.0,0,0,0,0
3.0,30.0,27,29,17.0,0.1,2.0,1695.0,17.4664197,78.285342,30.0,0,1,0,1,0,0,1,0,0,Apartment,Semi_Furnished,East,Resale_Old,Medium,2,: ,6199.0,0,0,0,0
2.0,12.0,15,15,15.0,0.5,2.0,1330.0,17.40223,78.3444,30.0,1,0,1,1,0,0,1,0,0,Apartment,Semi_Furnished,East,Resale_Very_Old,Medium,2,: ,10952.0,0,0,0,0
3.0,5.0,20,20,25.0,0.6,2.0,1556.0,17.3923634,78.3621784,30.0,0,1,0,1,0,0,1,0,0,Apartment,Semi_Furnished,Unknown,Resale_Old,Medium,2,: ,5500.0,0,0,0,0
3.0,5.0,20,22,25.0,0.6,1.0,1500.0,17.3923634,78.3621784,30.0,0,1,0,1,0,0,1,0,0,Apartment,Semi_Furnished,Unknown,Resale_Old,Medium,1,: ,8500.0,0,0,0,0
3.0,5.0,15,17,50.0,0.6,1.0,1500.0,17.3973794,78.3856447,30.0,0,1,0,1,0,0,1,0,0,Apartment,Semi_Furnished,Unknown,Resale_Old,Medium,1,: ,8500.0,0,0,0,0
2.0,11.0,15,15,33.0,0.2727272727272727,2.0,1304.0,17.411744,78.341175,30.0,0,1,0,1,0,0,1,0,0,Apartment,Semi_Furnished,Unknown,Resale_Old,Medium,2,: ,8500.0,0,0,0,0
2.0,11.0,11,11,6.0,0.2727272727272727,1.0,1210.0,17.529701,78.333031,30.0,0,1,0,1,0,0,1,0,0,Apartment,Unfurnished,Unknown,Resale_Old,Medium,1,: ,4200.0,0,0,0,0
2.0,11.0,6,6,50.0,0.2727272727272727,1.0,1210.0,17.5090182,78.3001801,30.0,0,1,0,1,0,0,1,0,0,Apartment,Unfurnished,Unknown,Resale_Old,Medium,1,: ,4200.0,0,0,0,0
2.0,11.0,10,10,48.0,0.2727272727272727,2.0,1210.0,17.5316,78.26729,30.0,0,1,0,1,0,0,1,0,0,Apartment,Unfurnished,Unknown,Resale_Old,Medium,2,: ,4200.0,0,0,0,0
2.0,7.0,6,6,50.0,0.4285714285714285,1.0,1222.0,17.4011618,78.37569,30.0,0,1,0,1,0,0,1,0,0,Apartment,Unfurnished,Unknown,Resale_Old,Medium,1,: ,6792.0,0,0,0,0
4.0,1.0,20,22,0.0,0.5384615384615384,2.0,1800.0,17.443855,78.250431,30.0,0,1,0,1,0,0,1,0,0,Villa,Semi_Furnished,Unknown,Resale_Old,Medium,2,: ,136000.0,1,0,0,0
3.0,1.0,12,14,50.0,0.5384615384615384,2.0,2083.0,17.5090182,78.3001801,30.0,0,1,0,1,0,0,1,0,0,Villa,Unfurnished,Unknown,Resale_Old,Large,2,: ,7393.0,1,0,0,0
3.0,1.0,7,7,0.0,0.5384615384615384,2.0,2757.0,17.443354,78.182044,30.0,1,0,0,1,0,0,0,0,0,Villa,Semi_Furnished,East,Resale_Very_Old,XL,2,: ,89590.0,1,0,0,0
3.0,8.0,17,18,10.0,0.5384615384615384,4.0,2050.0,17.500211,78.556387,21.0,0,1,1,1,0,0,1,0,0,Apartment,Semi_Furnished,East,Resale_Old,Large,3+,: ,5210.0,1,0,0,0
3.0,12.0,8,11,6.0,0.4166666666666667,1.0,1794.0,17.443855,78.250431,14.0,0,1,0,1,0,0,1,0,0,Apartment,Semi_Furnished,East,Resale_Old,Medium,1,Kollur,3344.0,0,0,0,0
3.0,2.0,8,10,6.0,0.5384615384615384,2.0,2340.0,17.542319,78.226934,14.0,0,1,0,1,0,0,1,0,0,Villa,Semi_Furnished,East,Resale_Old,Large,2,Muthangi,4230.0,1,0,0,0
2.0,5.0,3,3,50.0,0.6,1.0,1010.0,17.3984312,78.5078739,60.0,1,0,1,1,0,0,1,0,0,Apartment,Semi_Furnished,East,Resale_Very_Old,Small,1,: ,4851.0,0,0,0,0
3.0,2.0,0,3,50.0,0.5384615384615384,2.0,135.0,17.474201,78.513363,60.0,1,0,0,1,0,1,0,0,0,Villa,Semi_Furnished,NE,Resale_Very_Old,Micro,2,: ,137037.0,1,0,0,0
2.0,5.0,12,12,0.0,0.5384615384615384,0.0,1440.0,17.233562897673416,78.54189608906688,21.0,0,1,0,1,0,0,1,0,0,Villa,Furnished,East,Resale_Old,Medium,Unknown,: ,6250.0,1,0,0,1
3.0,5.0,3,3,49.0,0.8,1.0,1650.0,17.505811,78.539781,14.0,1,0,0,1,0,0,1,0,0,Apartment,Semi_Furnished,East,Resale_Very_Old,Medium,1,: ,4606.0,0,0,0,0
3.0,12.0,8,11,6.0,0.5,2.0,1994.0,17.443855,78.250431,14.0,0,1,0,1,0,0,1,0,0,Apartment,Semi_Furnished,East,Resale_Old,Large,2,Kollur,3360.0,0,0,0,0
4.0,3.0,8,9,0.0,0.5384615384615384,3.0,3800.0,17.443855,78.250431,14.0,0,1,0,1,0,0,1,0,0,Villa,Semi_Furnished,NE,Resale_Old,XL,3+,Kollur,6184.0,1,0,0,0
3.0,18.0,8,10,0.0,0.3888888888888889,2.0,2025.0,17.443855,78.250431,14.0,0,1,0,1,0,0,1,0,0,Apartment,Semi_Furnished,NE,Resale_Old,Large,2,Kollur,3200.0,0,0,0,0
3.0,18.0,8,10,17.0,0.2777777777777778,1.0,1765.0,17.4664197,78.285342,14.0,0,1,0,1,0,0,1,0,0,Apartment,Semi_Furnished,NW,Resale_Old,Medium,1,Tellapur,3200.0,0,0,0,0
4.0,3.0,8,10,17.0,0.5384615384615384,3.0,3940.0,17.4664197,78.285342,14.0,0,1,0,1,0,0,1,0,0,Villa,Semi_Furnished,NE,Resale_Old,XL,3+,: ,6725.0,1,0,0,0
3.0,5.0,13,14,49.0,0.8,4.0,1900.0,17.499527,78.4767399,90.0,1,0,0,1,0,1,1,0,0,Apartment,Furnished,West,Resale_Very_Old,Large,3+,: ,5500.0,0,0,0,0
2.0,5.0,3,4,47.0,0.8,2.0,1000.0,17.48718,78.5786,30.0,1,0,0,1,0,0,1,0,0,Apartment,Semi_Furnished,South,5_10_yrs,Small,2,: ,3500.0,0,0,0,0
3.0,5.0,9,10,25.0,0.4,1.0,1250.0,17.527169,78.536787,28.0,1,0,1,1,0,0,1,0,0,Apartment,Furnished,Unknown,0_5_yrs,Medium,1,Kowkur,3840.0,0,0,0,0
2.0,1.0,3,4,5.0,0.5384615384615384,1.0,1350.0,17.283031,78.553635,90.0,1,0,0,1,0,0,1,0,0,Villa,Semi_Furnished,East,Resale_Very_Old,Medium,1,: ,5555.0,1,0,0,0
7.0,2.0,11,13,47.0,0.5384615384615384,3.0,2160.0,17.498675,78.573707,5.0,1,0,0,1,0,0,1,0,0,Villa,Semi_Furnished,South,0_5_yrs,Large,3+,: ,208333.0,1,0,0,0
2.0,10.0,19,21,8.0,0.4,1.0,1100.0,17.441208,78.650905,5.0,1,0,0,1,0,0,1,0,0,Apartment,Semi_Furnished,North,5_10_yrs,Small,1,: ,4000.0,0,0,0,0
2.0,1.0,6,6,11.0,0.5384615384615384,1.0,1350.0,17.4626216,78.6313624,30.0,1,0,0,1,0,0,0,0,0,Villa,Semi_Furnished,East,Resale_Very_Old,Medium,1,: ,5481.0,1,0,0,0
4.0,3.0,15,17,0.0,0.5384615384615384,3.0,3200.0,17.443855,78.250431,30.0,0,1,0,1,0,0,0,0,0,Villa,Semi_Furnished,West,Resale_Old,XL,3+,Kollur,8500.0,1,0,0,0
4.0,9.0,17,17,0.0,0.7777777777777778,3.0,4200.0,78.48667,17.38504,30.0,0,1,0,1,0,0,1,0,0,Apartment,Semi_Furnished,West,Resale_Old,XL,3+,: ,4761.0,0,0,0,0
3.0,15.0,10,10,0.0,0.5384615384615384,1.0,1915.0,17.443855,78.250431,21.0,0,1,0,1,0,0,1,0,0,Apartment,Semi_Furnished,Unknown,Resale_Old,Large,1,: ,4900.0,1,0,0,0
2.0,15.0,10,10,0.0,0.5384615384615384,1.0,1380.0,17.443855,78.250431,21.0,0,1,0,1,0,0,1,0,0,Apartment,Semi_Furnished,Unknown,Resale_Old,Medium,1,: ,4900.0,1,0,0,0
2.0,1.0,1,2,9.0,0.5384615384615384,1.0,999.0,17.443395,78.597343,4.0,1,0,0,1,0,0,0,0,0,Villa,Unfurnished,North,Under_Construction,Small,1,: ,65765.0,1,0,0,0
3.0,2.0,19,22,50.0,0.5384615384615384,2.0,1215.0,17.449237,78.5007657,90.0,1,0,0,1,0,0,1,0,0,Villa,Furnished,Unknown,5_10_yrs,Medium,2,: ,125185.0,1,0,0,0
3.0,6.0,15,15,0.0,0.3333333333333333,1.0,1556.0,17.443354,78.182044,90.0,1,0,0,1,0,0,1,0,0,Apartment,Semi_Furnished,East,Under_Construction,Medium,1,: ,4627.0,0,0,0,0
2.0,5.0,8,8,50.0,0.8,2.0,900.0,17.509181,78.352109,60.0,1,0,0,1,0,0,1,0,0,Apartment,Semi_Furnished,West,0_5_yrs,Small,2,Miyapur,4500.0,0,0,0,0
2.0,5.0,4,4,48.0,0.4,1.0,1235.0,17.5316,78.26729,30.0,0,1,0,1,0,0,1,0,0,Apartment,Unfurnished,Unknown,Resale_Old,Medium,1,: ,4000.0,0,0,0,0
2.0,1.0,0,0,2.0,0.5384615384615384,2.0,1080.0,17.5280399,78.6540576,30.0,1,0,0,1,0,0,0,0,0,Villa,Semi_Furnished,Unknown,Resale_Very_Old,Small,2,: ,50000.0,1,0,0,0
3.0,10.0,27,30,38.0,0.9,3.0,2690.0,17.437012,78.371384,90.0,1,0,0,1,0,0,1,0,0,Apartment,Furnished,West,0_5_yrs,XL,3+,: ,10780.0,0,0,0,0
5.0,2.0,8,8,11.0,0.5384615384615384,2.0,1800.0,17.4219,78.63155,28.0,1,0,0,1,0,0,0,0,0,Villa,Semi_Furnished,NE,Resale_Very_Old,Medium,2,: ,95000.0,1,0,0,0
2.0,4.0,8,8,50.0,1.0,2.0,1110.0,17.5204109,78.3986334,90.0,1,0,0,1,0,1,1,1,0,Apartment,Semi_Furnished,East,5_10_yrs,Small,2,Pragathi Nagar,4144.0,0,0,0,0
3.0,5.0,12,12,3.0,0.4,4.0,2600.0,17.284328,78.471841,30.0,0,1,0,1,0,0,1,0,0,Apartment,Semi_Furnished,East,Resale_Old,XL,3+,: ,6730.0,0,0,0,0
3.0,5.0,4,4,3.0,0.4,4.0,2600.0,17.20869,78.47603,30.0,0,1,0,1,0,0,1,0,0,Apartment,Semi_Furnished,East,Resale_Old,XL,3+,: ,6730.0,0,0,0,0
3.0,5.0,3,3,49.0,0.8,1.0,1447.0,17.507274,78.336602,90.0,1,0,0,1,0,0,1,0,0,Apartment,Semi_Furnished,East,0_5_yrs,Medium,1,: ,5528.0,0,0,0,0
3.0,35.0,31,31,10.0,0.8,1.0,1919.0,17.4359437,78.3416731,21.0,1,0,1,1,0,0,1,0,0,Apartment,Semi_Furnished,West,Resale_Very_Old,Large,1,: ,10943.0,0,0,0,0
2.0,5.0,7,7,37.0,0.6,1.0,1140.0,17.538237,78.480804,30.0,1,0,1,1,0,0,1,0,0,Apartment,Semi_Furnished,East,Resale_Very_Old,Small,1,: ,4599.0,0,0,0,0
2.0,5.0,14,15,50.0,0.4,2.0,1150.0,17.47078,78.30668,21.0,0,1,0,1,0,0,1,0,0,Apartment,Semi_Furnished,West,Resale_Old,Small,2,Nallagandla,6800.0,0,0,0,0
3.0,5.0,13,14,50.0,1.0,2.0,1640.0,17.47078,78.30668,21.0,0,1,0,1,0,0,1,1,0,Apartment,Semi_Furnished,West,Resale_Old,Medium,2,Nallagandla,6800.0,0,0,0,0
2.0,5.0,7,7,8.0,0.5384615384615384,1.0,1275.0,17.37,78.57,60.0,1,0,1,1,0,1,1,0,0,Apartment,Semi_Furnished,West,Resale_Very_Old,Medium,1,: ,4900.0,1,0,0,0
3.0,18.0,13,15,0.0,0.3333333333333333,1.0,1976.0,17.443855,78.250431,,0,1,0,1,0,0,1,0,0,Apartment,Semi_Furnished,NE,Resale_Old,Large,1,Kollur,3200.0,0,0,0,0
3.0,18.0,13,15,0.0,0.3333333333333333,1.0,1976.0,17.443855,78.250431,,0,1,0,1,0,0,1,0,0,Apartment,Semi_Furnished,NE,Resale_Old,Large,1,Kollur,4900.0,0,0,0,0
3.0,12.0,18,21,0.0,0.4166666666666667,1.0,1345.0,17.443855,78.250431,14.0,0,1,0,1,0,0,1,0,0,Apartment,Semi_Furnished,NE,Resale_Old,Medium,1,Kollur,4899.0,0,0,0,0
4.0,12.0,22,24,37.0,0.5384615384615384,3.0,3170.0,17.538237,78.480804,21.0,0,1,0,1,0,0,1,0,0,Apartment,Semi_Furnished,East,Resale_Old,XL,3+,: ,5999.0,1,0,0,0
3.0,5.0,21,23,37.0,0.5384615384615384,2.0,1627.0,17.538237,78.480804,28.0,1,0,0,1,0,0,1,0,0,Apartment,Semi_Furnished,East,Resale_Very_Old,Medium,2,: ,5799.0,1,0,0,0
3.0,38.0,7,9,17.0,0.5789473684210527,2.0,1679.0,17.4664197,78.285342,5.0,0,1,0,1,0,0,1,0,0,Apartment,Semi_Furnished,North,Resale_Old,Medium,2,: ,6300.0,0,0,0,0
3.0,9.0,15,15,0.0,0.7777777777777778,2.0,1900.0,78.48667,17.38504,30.0,0,1,0,1,0,0,1,0,0,Apartment,Semi_Furnished,East,Resale_Old,Large,2,: ,5263.0,0,0,0,0
2.0,9.0,20,20,0.0,0.7777777777777778,1.0,1235.0,78.48667,17.38504,30.0,0,1,0,1,0,0,1,0,0,Apartment,Semi_Furnished,West,Resale_Old,Medium,1,: ,5829.0,0,0,0,0
3.0,8.0,19,19,0.0,0.75,1.0,1730.0,78.48667,17.38504,30.0,0,1,0,1,0,0,1,0,0,Apartment,Semi_Furnished,West,Resale_Old,Medium,1,: ,5780.0,0,0,0,0
2.0,1.0,1,2,50.0,0.5384615384615384,0.0,1503.0,17.3253751,78.574602,4.0,1,0,0,1,0,0,0,0,0,Villa,Semi_Furnished,East,5_10_yrs,Medium,Unknown,Vanasthalipuram,56886.0,1,0,0,0
3.0,14.0,8,11,3.0,0.2857142857142857,1.0,1384.0,17.41214,78.36431,2.0,1,0,0,1,0,0,1,0,0,Apartment,Furnished,East,Under_Construction,Medium,1,: ,10476.0,0,0,0,0
5.0,3.0,4,4,49.0,0.5384615384615384,3.0,350.0,17.38504,78.48667,14.0,1,0,0,1,0,0,0,0,0,Villa,Semi_Furnished,West,Resale_Very_Old,Micro,3+,: ,91428.0,1,0,0,0
3.0,2.0,27,30,50.0,0.5384615384615384,2.0,1800.0,17.4011618,78.37569,28.0,0,1,0,1,0,0,0,0,0,Villa,Semi_Furnished,East,Resale_Old,Medium,2,: ,150000.0,1,0,0,0
3.0,2.0,20,23,48.0,0.5384615384615384,2.0,1800.0,17.42278,78.34724,28.0,0,1,0,1,0,0,0,0,0,Villa,Semi_Furnished,East,Resale_Old,Medium,2,: ,150000.0,1,0,0,0
3.0,32.0,8,10,7.0,0.46875,2.0,1842.0,17.49479,78.39964,30.0,0,1,0,1,0,0,1,0,0,Apartment,Semi_Furnished,West,Resale_Old,Large,2,: ,10314.0,0,0,0,0
3.0,10.0,9,9,17.0,0.8,2.0,1650.0,17.4664197,78.285342,30.0,0,1,0,1,0,0,1,0,0,Apartment,Semi_Furnished,Unknown,Resale_Old,Medium,2,: ,5500.0,0,0,0,0
2.0,5.0,5,5,24.0,0.6,1.0,1130.0,17.50107,78.59508,30.0,0,1,0,1,0,0,1,0,0,Apartment,Semi_Furnished,Unknown,Resale_Old,Small,1,: ,4800.0,0,0,0,0
2.0,30.0,8,8,17.0,0.3,2.0,1050.0,17.4664197,78.285342,30.0,0,1,0,1,0,0,1,0,0,Apartment,Semi_Furnished,East,Resale_Old,Small,2,: ,8095.0,0,0,0,0
2.0,9.0,23,24,49.0,0.2222222222222222,1.0,1610.0,17.511864,78.468622,30.0,1,0,0,1,0,0,1,0,0,Apartment,Semi_Furnished,West,Under_Construction,Medium,1,: ,4999.0,0,0,0,0
4.0,1.0,12,13,0.0,0.5384615384615384,4.0,3000.0,17.329616967112738,78.27841634445147,30.0,1,0,0,1,0,0,1,0,0,Villa,Unfurnished,North,Resale_Very_Old,XL,3+,: ,30000.0,1,0,0,0
3.0,31.0,18,18,13.0,0.6451612903225806,1.0,2000.0,17.465823,78.407845,30.0,1,0,0,1,0,0,1,0,0,Apartment,Semi_Furnished,North,Resale_Very_Old,Large,1,: ,9600.0,0,0,0,0
3.0,5.0,7,8,10.0,0.4,1.0,1575.0,17.5468498,78.3650231,14.0,1,0,0,1,0,0,1,0,0,Apartment,Unfurnished,East,Resale_Very_Old,Medium,1,Bachupally,4800.0,0,0,0,0
4.0,3.0,7,7,37.0,0.5384615384615384,2.0,2142.0,17.538237,78.480804,7.0,1,0,0,1,0,0,1,0,0,Villa,Furnished,East,Under_Construction,Large,2,: ,168067.0,1,0,0,0
4.0,3.0,1,1,37.0,0.5384615384615384,2.0,238.0,17.538237,78.480804,21.0,1,0,1,1,0,0,1,0,0,Villa,Semi_Furnished,West,Resale_Very_Old,Micro,2,: ,159663.0,1,0,0,0
2.0,5.0,1,0,50.0,1.0,1.0,1090.0,17.5203424,78.3970205,30.0,1,0,0,1,0,0,1,1,0,Apartment,Semi_Furnished,East,Under_Construction,Small,1,: ,5321.0,0,0,0,0
2.0,5.0,5,6,49.0,0.2,2.0,1050.0,17.38504,78.48667,90.0,1,0,0,1,0,0,1,0,0,Apartment,Furnished,East,0_5_yrs,Small,2,: ,5333.0,0,0,0,0
3.0,34.0,2,3,13.0,0.5294117647058824,1.0,1390.0,17.40223,78.3444,21.0,0,1,1,1,0,0,1,0,0,Apartment,Semi_Furnished,West,Resale_Old,Medium,1,: ,10791.0,0,0,0,0
4.0,50.0,25,28,48.0,0.44,3.0,6339.0,17.42278,78.34724,60.0,0,1,0,1,0,0,1,0,0,Apartment,Semi_Furnished,East,Resale_Old,XXL,3+,Nanakramguda,11000.0,0,0,0,0
4.0,3.0,15,15,1.0,0.5384615384615384,2.0,235.0,17.442196,78.280067,30.0,1,0,0,1,0,0,0,0,0,Villa,Semi_Furnished,East,Resale_Very_Old,Micro,2,: ,187234.0,1,0,0,0
2.0,5.0,6,6,10.0,0.5384615384615384,1.0,1250.0,17.5468498,78.3650231,5.0,1,0,0,1,0,0,1,0,0,Apartment,Furnished,East,Under_Construction,Medium,1,Bachupally,5090.0,1,0,0,0
3.0,3.0,0,0,49.0,1.0,2.0,1200.0,17.448976,78.483872,14.0,1,0,0,1,0,0,1,1,0,Apartment,Furnished,East,5_10_yrs,Small,2,: ,4750.0,0,0,0,0
2.0,5.0,2,3,50.0,0.4,1.0,1175.0,17.509181,78.3521088,7.0,1,0,0,1,0,0,1,0,0,Apartment,Semi_Furnished,West,0_5_yrs,Small,1,: ,5063.0,0,0,0,0
2.0,5.0,4,7,49.0,0.4,2.0,1200.0,17.373699,78.49686,30.0,1,0,0,1,0,0,1,0,0,Apartment,Furnished,Unknown,0_5_yrs,Small,2,Ashraf Nagar,4333.0,0,0,0,0
2.0,3.0,6,6,49.0,1.0,2.0,1180.0,17.37331,78.426046,21.0,1,0,0,1,0,0,1,1,0,Apartment,Semi_Furnished,South,0_5_yrs,Small,2,Defence Colony,5508.0,0,0,0,0
4.0,1.0,0,0,24.0,0.5384615384615384,1.0,1350.0,17.334703,78.406198,21.0,1,0,0,1,0,0,0,0,0,Villa,Semi_Furnished,North,Resale_Very_Old,Medium,1,: ,11481.0,1,0,0,0
2.0,5.0,0,0,49.0,0.8,2.0,980.0,17.371842,78.528551,30.0,1,0,0,1,0,0,1,0,0,Apartment,Unfurnished,Unknown,0_5_yrs,Small,2,: ,5612.0,0,0,0,0
4.0,3.0,9,12,50.0,0.5384615384615384,2.0,1800.0,17.5203424,78.3970205,14.0,1,0,0,1,0,1,1,0,0,Villa,Semi_Furnished,NW,0_5_yrs,Medium,2,: ,17777.0,1,0,0,0
4.0,2.0,23,23,7.0,0.5384615384615384,2.0,1972.0,17.543634,78.293712,30.0,0,1,0,1,0,0,1,0,0,Villa,Semi_Furnished,West,Resale_Old,Large,2,: ,6085.0,1,0,0,0
3.0,5.0,17,17,2.0,0.5384615384615384,2.0,2980.0,17.19515,78.65624,30.0,0,1,0,1,0,0,0,0,0,Villa,Semi_Furnished,North,Resale_Old,XL,2,: ,4731.0,1,0,0,1
3.0,9.0,12,12,3.0,0.2222222222222222,2.0,2400.0,17.20869,78.47603,14.0,0,1,0,1,0,0,1,0,0,Apartment,Semi_Furnished,SE,Resale_Old,Large,2,: ,5000.0,0,0,0,0
3.0,9.0,22,22,3.0,0.8888888888888888,2.0,1654.0,17.20869,78.47603,21.0,0,1,0,1,0,0,1,0,0,Apartment,Semi_Furnished,Unknown,Resale_Old,Medium,2,: ,4800.0,0,0,0,0
3.0,40.0,8,10,25.0,0.3,1.0,3000.0,17.3923634,78.3621784,7.0,0,1,0,1,0,0,1,0,0,Apartment,Semi_Furnished,East,Resale_Old,XL,1,Narsingi,6200.0,0,0,0,0
3.0,28.0,9,11,17.0,0.2857142857142857,2.0,2000.0,17.4664197,78.285342,7.0,0,1,0,1,0,0,1,0,0,Apartment,Semi_Furnished,East,Resale_Old,Large,2,Tellapur,6700.0,0,0,0,0
4.0,47.0,20,20,1.0,0.425531914893617,3.0,3600.0,17.3673066,78.3443972,7.0,0,1,0,1,0,0,1,0,0,Apartment,Semi_Furnished,East,Resale_Old,XL,3+,Manchirevula Village,6300.0,0,0,0,0
3.0,28.0,31,33,15.0,0.75,2.0,2000.0,17.4563368,78.2967816,7.0,0,1,0,1,0,0,1,0,0,Apartment,Semi_Furnished,East,Resale_Old,Large,2,Tellpur Osmannagar,6800.0,0,0,0,0
2.0,28.0,30,32,15.0,0.7857142857142857,1.0,1390.0,17.4563368,78.2967816,7.0,0,1,0,1,0,0,1,0,0,Apartment,Semi_Furnished,East,Resale_Old,Medium,1,Tellpur Osmannagar,6800.0,0,0,0,0
2.0,22.0,31,33,15.0,0.6363636363636364,1.0,1557.0,17.4563368,78.2967816,7.0,0,1,0,1,0,0,1,0,0,Apartment,Semi_Furnished,East,Resale_Old,Medium,1,Tellpur Osmannagar,6000.0,0,0,0,0
4.0,47.0,31,33,48.0,0.3829787234042553,2.0,3600.0,17.42278,78.34724,7.0,0,1,0,1,0,0,1,0,0,Apartment,Semi_Furnished,East,Resale_Old,XL,2,Nanakramguda,6300.0,0,0,0,0
4.0,47.0,30,32,26.0,0.3404255319148936,2.0,4200.0,17.40223,78.3444,7.0,0,1,0,1,0,0,1,0,0,Apartment,Semi_Furnished,East,Resale_Old,XL,2,Kokapet,6300.0,0,0,0,0
3.0,47.0,31,33,25.0,0.425531914893617,2.0,3000.0,17.3923634,78.3621784,7.0,0,1,0,1,0,0,1,0,0,Apartment,Semi_Furnished,East,Resale_Old,XL,2,Narsingi,6300.0,0,0,0,0
3.0,17.0,31,33,15.0,0.8235294117647058,2.0,1822.0,17.4563368,78.2967816,14.0,0,1,0,1,0,0,1,0,0,Apartment,Semi_Furnished,East,Resale_Old,Large,2,Tellpur Osmannagar,6000.0,0,0,0,0
3.0,17.0,24,25,15.0,0.8235294117647058,2.0,1625.0,17.4563368,78.2967816,14.0,0,1,0,1,0,0,1,0,0,Apartment,Semi_Furnished,East,Resale_Old,Medium,2,Tellpur Osmannagar,6000.0,0,0,0,0
2.0,22.0,31,33,15.0,0.5454545454545454,2.0,1357.0,17.4563368,78.2967816,14.0,0,1,0,1,0,0,1,0,0,Apartment,Semi_Furnished,East,Resale_Old,Medium,2,Tellpur Osmannagar,6000.0,0,0,0,0
3.0,28.0,31,33,15.0,0.7857142857142857,2.0,1625.0,17.4563368,78.2967816,14.0,0,1,0,1,0,0,1,0,0,Apartment,Semi_Furnished,East,Resale_Old,Medium,2,Tellpur Osmannagar,6900.0,0,0,0,0
3.0,7.0,21,22,10.0,1.0,1.0,1360.0,17.42449,78.6670487,30.0,1,0,0,1,0,1,1,1,0,Apartment,Semi_Furnished,West,Under_Construction,Medium,1,Pocharam,3602.0,0,0,0,0
2.0,1.0,2,3,6.0,0.5384615384615384,0.0,1350.0,17.542319,78.226934,60.0,1,0,0,1,0,0,0,0,0,Villa,Furnished,East,Resale_Very_Old,Medium,Unknown,: ,5303.0,1,0,0,0
2.0,6.0,8,10,49.0,0.3333333333333333,1.0,1295.0,17.38504,78.48667,6.0,0,1,0,1,0,0,1,0,0,Apartment,Semi_Furnished,East,Resale_Old,Medium,1,: ,4800.0,0,0,0,0
2.0,5.0,8,10,13.0,0.2,2.0,1159.0,17.5789054,78.4268758,6.0,0,1,0,1,0,0,1,0,0,Apartment,Semi_Furnished,East,Resale_Old,Small,2,: ,3800.0,0,0,0,0
2.0,9.0,31,33,50.0,0.3333333333333333,1.0,1400.0,17.509181,78.3521088,21.0,0,1,0,1,0,0,1,0,0,Apartment,Semi_Furnished,East,Resale_Old,Medium,1,: ,5200.0,0,0,0,0
3.0,31.0,17,17,13.0,0.5161290322580645,2.0,2000.0,17.465823,78.407845,30.0,1,0,0,1,0,0,1,0,0,Apartment,Semi_Furnished,West,Resale_Very_Old,Large,2,: ,9000.0,0,0,0,0
3.0,6.0,17,18,50.0,0.8333333333333334,2.0,1560.0,17.4668174,78.3624611,90.0,1,0,0,1,0,1,1,0,0,Apartment,Semi_Furnished,West,0_5_yrs,Medium,2,: ,7051.0,0,0,0,0
2.0,2.0,4,4,40.0,1.0,1.0,723.0,17.45818,78.37996,60.0,1,0,0,1,0,0,1,1,0,Apartment,Unfurnished,East,5_10_yrs,Micro,1,Turkapally,3457.0,0,0,0,0
3.0,9.0,20,20,0.0,0.7777777777777778,2.0,1855.0,78.48667,17.38504,30.0,0,1,0,1,0,0,1,0,0,Apartment,Semi_Furnished,East,Resale_Old,Large,2,: ,5390.0,0,0,0,0
3.0,5.0,1,1,17.0,0.8,1.0,1365.0,17.360594,78.377846,21.0,1,0,0,1,0,1,1,0,0,Apartment,Semi_Furnished,NE,Under_Construction,Medium,1,: ,4688.0,0,0,0,0
3.0,5.0,10,12,17.0,0.4,1.0,1365.0,17.360697,78.3779,21.0,1,0,0,1,0,1,1,0,0,Apartment,Furnished,East,Under_Construction,Medium,1,: ,4688.0,0,0,0,0
3.0,5.0,9,10,17.0,0.4,1.0,1365.0,17.360697,78.3779,21.0,1,0,0,1,0,1,1,0,0,Apartment,Furnished,West,Under_Construction,Medium,1,: ,4688.0,0,0,0,0
3.0,5.0,8,8,17.0,0.6,1.0,1365.0,17.360577,78.37802,21.0,1,0,0,1,0,1,1,0,0,Apartment,Furnished,East,Under_Construction,Medium,1,: ,4688.0,0,0,0,0
3.0,5.0,7,7,17.0,0.4,1.0,1365.0,17.360577,78.37802,21.0,1,0,0,1,0,1,1,0,0,Apartment,Furnished,East,Under_Construction,Medium,1,: ,4688.0,0,0,0,0
3.0,5.0,12,13,46.0,0.8,1.0,1530.0,17.4876857,78.5483395,7.0,0,1,0,1,0,0,1,0,0,Apartment,Semi_Furnished,East,Resale_Old,Medium,1,: ,4800.0,0,0,0,0
10.0,3.0,0,0,50.0,0.5384615384615384,4.0,3384.0,17.4478104,78.5263305,30.0,1,0,0,1,0,0,0,0,0,Villa,Furnished,West,5_10_yrs,XL,3+,: ,84308.0,1,0,0,0
2.0,2.0,8,8,6.0,0.5384615384615384,2.0,1260.0,17.529701,78.333031,14.0,1,0,0,1,0,0,1,0,0,Villa,Furnished,West,Resale_Very_Old,Medium,2,: ,14285.0,1,0,0,0
4.0,2.0,11,11,50.0,0.5384615384615384,3.0,3394.0,17.5090182,78.3001801,30.0,0,1,0,1,0,0,0,0,0,Villa,Semi_Furnished,East,Resale_Old,XL,3+,: ,5700.0,1,0,0,0
2.0,9.0,24,24,4.0,0.8888888888888888,2.0,1290.0,17.438285021627,78.29798292344,14.0,0,1,1,1,0,0,1,0,0,Apartment,Semi_Furnished,East,Resale_Old,Medium,2,Gachibowli,6496.0,0,0,0,0
2.0,7.0,6,7,49.0,0.8571428571428571,1.0,1140.0,17.4609913,78.3532083,21.0,1,0,0,1,0,0,1,0,0,Apartment,Furnished,Unknown,Resale_Very_Old,Small,1,: ,7017.0,0,0,0,0
2.0,5.0,17,18,6.0,0.8,1.0,1220.0,17.4358,78.3011,7.0,1,0,0,1,0,0,1,0,0,Apartment,Semi_Furnished,East,0_5_yrs,Medium,1,Gopanpally,9953.0,0,0,0,0
2.0,5.0,23,23,50.0,0.6,2.0,1188.0,17.50066,78.42034,6.0,1,0,0,1,0,0,1,0,0,Apartment,Semi_Furnished,East,Under_Construction,Small,2,: ,4950.0,0,0,0,0
3.0,3.0,27,27,0.0,0.5384615384615384,2.0,3940.0,17.443855,78.250431,30.0,0,1,0,1,0,0,1,0,0,Villa,Semi_Furnished,East,Resale_Old,XL,2,: ,7182.0,1,0,0,0
2.0,5.0,13,14,0.0,0.4,1.0,1050.0,78.48667,17.38504,3.0,1,0,0,1,0,0,1,0,0,Apartment,Furnished,NE,5_10_yrs,Small,1,: ,4666.0,0,0,0,0
2.0,4.0,1,1,9.0,1.0,2.0,1050.0,17.551816940307617,78.38607025146484,14.0,1,0,0,1,0,0,0,1,0,Builder_Floor,Semi_Furnished,West,5_10_yrs,Small,2,Bachupally,3700.0,0,0,0,0
2.0,3.0,3,4,49.0,1.0,2.0,1000.0,17.38504,78.48667,30.0,1,0,0,1,0,0,1,1,0,Apartment,Semi_Furnished,NE,5_10_yrs,Small,2,: ,4000.0,0,0,0,0
3.0,10.0,10,10,1.0,0.1,1.0,1720.0,17.477415,78.227409,14.0,0,1,0,1,0,0,1,0,0,Apartment,Semi_Furnished,Unknown,Resale_Old,Medium,1,: ,4600.0,0,0,0,0
3.0,5.0,13,13,6.0,0.6,2.0,1595.0,17.5564,78.36389,21.0,0,1,0,1,0,0,1,0,0,Apartment,Semi_Furnished,East,Resale_Old,Medium,2,Mallampet,4800.0,0,0,0,0
2.0,5.0,17,18,6.0,0.6,2.0,1295.0,17.5564,78.36389,30.0,0,1,0,1,0,0,1,0,0,Apartment,Semi_Furnished,East,Resale_Old,Medium,2,Mallampet,3552.0,0,0,0,0
4.0,40.0,31,33,1.0,0.625,3.0,4200.0,17.366347,78.348441,7.0,0,1,0,1,0,0,1,0,0,Apartment,Semi_Furnished,East,Resale_Old,XL,3+,Manchirevulu,6300.0,0,0,0,0
3.0,40.0,31,33,1.0,0.95,2.0,3600.0,17.366347,78.348441,7.0,0,1,0,1,0,0,1,0,0,Apartment,Semi_Furnished,East,Resale_Old,XL,2,Manchirevulu,6300.0,0,0,0,0
3.0,40.0,31,33,1.0,0.55,2.0,3000.0,17.366347,78.348441,7.0,0,1,0,1,0,0,1,0,0,Apartment,Semi_Furnished,East,Resale_Old,XL,2,Manchirevulu,6300.0,0,0,0,0
5.0,40.0,31,33,25.0,0.825,4.0,4200.0,17.3923634,78.3621784,7.0,0,1,0,1,0,0,1,0,0,Apartment,Semi_Furnished,East,Resale_Old,XL,3+,Narsingi,6300.0,0,0,0,0
4.0,40.0,31,33,25.0,0.75,2.0,3600.0,17.3923634,78.3621784,7.0,0,1,0,1,0,0,1,0,0,Apartment,Semi_Furnished,East,Resale_Old,XL,2,Narsingi,6300.0,0,0,0,0
3.0,40.0,31,33,25.0,0.55,2.0,3000.0,17.3923634,78.3621784,7.0,0,1,0,1,0,0,1,0,0,Apartment,Semi_Furnished,East,Resale_Old,XL,2,Narsingi,6300.0,0,0,0,0
3.0,22.0,22,24,1.0,0.5454545454545454,2.0,1824.0,17.442196,78.280067,14.0,0,1,0,1,0,0,1,0,0,Apartment,Semi_Furnished,East,Resale_Old,Large,2,Osman Nagar,6000.0,0,0,0,0
4.0,3.0,27,29,0.0,0.5384615384615384,2.0,6600.0,17.443855,78.250431,30.0,0,1,0,1,0,0,1,0,0,Villa,Semi_Furnished,East,Resale_Old,XXL,2,Kollur,6500.0,1,0,0,0
4.0,3.0,27,29,0.0,0.5384615384615384,2.0,6600.0,17.443855,78.250431,60.0,0,1,0,1,0,0,1,0,0,Villa,Semi_Furnished,East,Resale_Old,XXL,2,Kollur,6500.0,1,0,0,0
4.0,2.0,8,10,25.0,0.5384615384615384,2.0,5080.0,17.3923634,78.3621784,14.0,0,1,1,1,0,0,1,0,0,Villa,Semi_Furnished,West,Resale_Old,XXL,2,: ,20669.0,1,0,0,0
3.0,9.0,14,14,17.0,0.8888888888888888,2.0,2535.0,17.4664197,78.285342,,0,1,0,1,0,0,1,0,0,Apartment,Semi_Furnished,West,Resale_Old,XL,2,Tellapur,5299.0,0,0,0,0
3.0,9.0,12,12,17.0,0.7777777777777778,1.0,2250.0,17.4664197,78.285342,,0,1,0,1,0,0,1,0,0,Apartment,Semi_Furnished,North,Resale_Old,Large,1,Tellapur,5299.0,0,0,0,0
3.0,9.0,14,14,17.0,0.7777777777777778,2.0,2315.0,17.4664197,78.285342,,0,1,0,1,0,0,1,0,0,Apartment,Semi_Furnished,East,Resale_Old,Large,2,Tellapur,5299.0,0,0,0,0
3.0,9.0,11,11,17.0,0.6666666666666666,1.0,2050.0,17.4664197,78.285342,2.0,0,1,0,1,0,0,1,0,0,Apartment,Unfurnished,East,Resale_Old,Large,1,Tellapur,5299.0,0,0,0,0
3.0,9.0,13,15,0.0,0.5555555555555556,1.0,1508.0,17.443855,78.250431,14.0,0,1,0,1,0,0,1,0,0,Apartment,Semi_Furnished,East,Resale_Old,Medium,1,: ,5299.0,0,0,0,0
3.0,14.0,14,16,50.0,0.8571428571428571,1.0,1950.0,17.4011618,78.37569,21.0,0,1,0,1,0,0,1,0,0,Apartment,Semi_Furnished,East,Resale_Old,Large,1,: ,7500.0,0,0,0,0
3.0,9.0,14,16,0.0,0.6666666666666666,2.0,1890.0,17.443855,78.250431,21.0,0,1,0,1,0,0,1,0,0,Apartment,Semi_Furnished,East,Resale_Old,Large,2,: ,5299.0,0,0,0,0
4.0,2.0,19,21,50.0,0.5384615384615384,3.0,200.0,17.47946,78.33037,28.0,0,1,0,1,0,0,0,0,0,Villa,Semi_Furnished,West,Resale_Old,Micro,3+,Serlingampally,5200.0,1,0,0,0
2.0,5.0,15,16,49.0,0.8,1.0,944.0,17.3638489,78.5348507,14.0,1,0,0,1,0,0,1,0,0,Apartment,Furnished,South,5_10_yrs,Small,1,Dilsukh Nagar,6500.0,0,0,0,0
4.0,5.0,26,28,50.0,0.5384615384615384,3.0,2701.0,17.536121,78.289779,5.0,0,1,0,1,0,0,1,0,0,Villa,Semi_Furnished,NE,Resale_Old,XL,3+,: ,5699.0,1,0,0,1
4.0,3.0,19,21,50.0,0.5384615384615384,2.0,2701.0,17.5090182,78.3001801,5.0,0,1,0,1,0,0,1,0,0,Villa,Semi_Furnished,NE,Resale_Old,XL,2,: ,5700.0,1,0,0,0
3.0,38.0,12,14,3.0,0.5384615384615384,2.0,2701.0,17.575068,78.253963,14.0,0,1,0,1,0,0,0,0,0,Villa,Semi_Furnished,East,Resale_Old,XL,2,: ,5700.0,1,0,0,0
3.0,40.0,18,20,0.0,0.25,1.0,1679.0,17.443855,78.250431,14.0,0,1,0,1,0,0,1,0,0,Apartment,Semi_Furnished,North,Resale_Old,Medium,1,: ,6300.0,0,0,0,0
4.0,3.0,12,12,50.0,0.5384615384615384,2.0,2701.0,17.5090182,78.3001801,14.0,0,1,0,1,0,0,0,0,0,Villa,Semi_Furnished,East,Resale_Old,XL,2,: ,5700.0,1,0,0,0
2.0,4.0,1,2,50.0,0.75,1.0,900.0,17.487095,78.38616,21.0,1,0,0,1,0,0,1,0,0,Apartment,Semi_Furnished,South,5_10_yrs,Small,1,6th Phase KPHB,7222.0,0,0,0,0
4.0,2.0,14,16,50.0,0.5384615384615384,2.0,165.0,17.5090182,78.3001801,14.0,0,1,0,1,0,0,0,0,0,Villa,Semi_Furnished,East,Resale_Old,Micro,2,: ,93333.0,1,0,0,0
4.0,2.0,19,21,0.0,0.5384615384615384,2.0,220.0,17.443354,78.182044,14.0,0,1,0,1,0,0,0,0,0,Villa,Semi_Furnished,East,Resale_Old,Micro,2,: ,95454.0,1,0,0,0
3.0,2.0,27,30,25.0,0.5384615384615384,2.0,1800.0,17.3923634,78.3621784,28.0,0,1,0,1,0,0,0,0,0,Villa,Semi_Furnished,East,Resale_Old,Medium,2,: ,150000.0,1,0,0,0
3.0,2.0,20,23,26.0,0.5384615384615384,2.0,1800.0,17.40223,78.3444,28.0,0,1,0,1,0,0,0,0,0,Villa,Semi_Furnished,East,Resale_Old,Medium,2,: ,150000.0,1,0,0,0
3.0,2.0,27,30,47.0,0.5384615384615384,2.0,1800.0,17.4359437,78.3416731,28.0,0,1,0,1,0,0,0,0,0,Villa,Semi_Furnished,East,Resale_Old,Medium,2,: ,150000.0,1,0,0,0
3.0,2.0,27,30,50.0,0.5384615384615384,2.0,1800.0,17.47078,78.30668,28.0,0,1,0,1,0,0,0,0,0,Villa,Semi_Furnished,East,Resale_Old,Medium,2,: ,150000.0,1,0,0,0
3.0,2.0,27,30,0.0,0.5384615384615384,2.0,1800.0,16.5609,77.85031,28.0,0,1,0,1,0,0,0,0,0,Villa,Semi_Furnished,East,Resale_Old,Medium,2,: ,150000.0,1,0,0,0
3.0,8.0,4,4,50.0,0.625,2.0,3798.0,17.418186,78.402167,21.0,1,0,0,1,0,0,1,0,0,Apartment,Semi_Furnished,South,Resale_Very_Old,XL,2,: ,15007.0,0,0,0,0
4.0,8.0,4,4,50.0,0.625,2.0,4725.0,17.418186,78.402167,21.0,1,0,0,1,0,0,1,0,0,Apartment,Semi_Furnished,North,Resale_Very_Old,XL,2,: ,15026.0,0,0,0,0
3.0,11.0,8,9,15.0,0.0909090909090909,2.0,3431.0,17.406293,78.437333,30.0,1,0,0,1,0,0,1,0,0,Apartment,Furnished,East,Under_Construction,XL,2,: ,10055.0,0,0,0,0
3.0,1.0,6,6,3.0,0.5384615384615384,3.0,1440.0,17.575068,78.253963,30.0,1,0,0,1,0,0,0,0,0,Villa,Semi_Furnished,East,Resale_Very_Old,Medium,3+,: ,9722.0,1,0,0,0
2.0,9.0,18,21,4.0,0.3333333333333333,1.0,1290.0,16.5609,77.85031,30.0,0,1,1,1,0,0,1,0,0,Apartment,Unfurnished,East,Resale_Old,Medium,1,: ,6599.0,0,0,0,0
2.0,9.0,22,22,0.0,0.7777777777777778,1.0,1315.0,78.48667,17.38504,30.0,0,1,0,1,0,0,1,0,0,Apartment,Semi_Furnished,West,Resale_Old,Medium,1,: ,5855.0,0,0,0,0
3.0,14.0,18,20,10.0,0.0714285714285714,2.0,1494.0,17.5468498,78.3650231,2.0,0,1,0,1,0,0,1,0,0,Apartment,Semi_Furnished,East,Resale_Old,Medium,2,: ,4900.0,0,0,0,0
3.0,5.0,20,22,47.0,0.6,2.0,1540.0,17.5337007,78.401286,2.0,1,0,0,1,0,0,1,0,0,Apartment,Semi_Furnished,Unknown,Resale_Very_Old,Medium,2,: ,5700.0,0,0,0,0
3.0,12.0,11,13,10.0,0.4166666666666667,2.0,1944.0,17.5468498,78.3650231,7.0,0,1,0,1,0,0,1,0,0,Apartment,Semi_Furnished,West,Resale_Old,Large,2,Bachupally,4900.0,0,0,0,0
4.0,3.0,2,3,47.0,0.5384615384615384,3.0,5600.0,17.49182,78.32617,30.0,1,0,0,1,0,0,1,0,0,Villa,Furnished,East,Under_Construction,XXL,3+,: ,18571.0,1,0,0,0
3.0,22.0,31,33,15.0,0.7272727272727273,2.0,1609.0,17.4563368,78.2967816,4.0,0,1,0,1,0,0,1,0,0,Apartment,Semi_Furnished,East,Resale_Old,Medium,2,Tellpur Osmannagar,6300.0,0,0,0,0
3.0,47.0,17,17,0.0,0.4042553191489361,2.0,3000.0,78.48667,17.38504,7.0,0,1,0,1,0,0,1,0,0,Apartment,Semi_Furnished,East,Resale_Old,XL,2,Narsingi,6300.0,0,0,0,0
3.0,28.0,31,33,15.0,0.8214285714285714,2.0,2115.0,17.4563368,78.2967816,14.0,0,1,0,1,0,0,1,0,0,Apartment,Semi_Furnished,East,Resale_Old,Large,2,Tellpur Osmannagar,6900.0,0,0,0,0
2.0,28.0,31,33,15.0,0.9285714285714286,2.0,1390.0,17.4563368,78.2967816,14.0,0,1,0,1,0,0,1,0,0,Apartment,Semi_Furnished,East,Resale_Old,Medium,2,Tellpur Osmannagar,6900.0,0,0,0,0
4.0,2.0,8,8,0.0,0.5384615384615384,2.0,2925.0,17.443354,78.182044,14.0,1,0,1,1,0,0,1,0,0,Villa,Semi_Furnished,East,Resale_Very_Old,XL,2,: ,10784.0,1,0,0,0
2.0,4.0,5,6,50.0,0.25,2.0,1290.0,17.3933,78.54053,30.0,1,0,0,1,0,0,1,0,0,Apartment,Semi_Furnished,Unknown,5_10_yrs,Medium,2,Ramanthapur,4263.0,0,0,0,0
4.0,2.0,3,5,10.0,0.5384615384615384,2.0,1332.0,17.5349533,78.5327423,5.0,1,0,0,1,0,1,0,0,0,Villa,Semi_Furnished,North,Resale_Very_Old,Medium,2,: ,79729.0,1,0,0,0
4.0,2.0,4,7,10.0,0.5384615384615384,2.0,1134.0,17.532558,78.529251,14.0,1,0,0,1,0,0,0,0,0,Villa,Semi_Furnished,West,Resale_Very_Old,Small,2,: ,79365.0,1,0,0,0
3.0,5.0,4,4,0.0,0.5384615384615384,2.0,1500.0,78.48667,17.38504,30.0,0,1,0,1,0,0,1,0,0,Apartment,Semi_Furnished,East,Resale_Old,Medium,2,Manikonda,5800.0,1,0,0,0
3.0,9.0,17,17,3.0,0.6666666666666666,1.0,1425.0,17.20869,78.47603,14.0,0,1,0,1,0,0,1,0,0,Apartment,Semi_Furnished,East,Resale_Old,Medium,1,: ,4500.0,0,0,0,0
3.0,9.0,22,22,3.0,0.3333333333333333,1.0,1405.0,17.20869,78.47603,14.0,0,1,0,1,0,0,1,0,0,Apartment,Semi_Furnished,East,Resale_Old,Medium,1,: ,4500.0,0,0,0,0
2.0,9.0,21,21,3.0,0.4444444444444444,1.0,1150.0,17.20869,78.47603,14.0,0,1,0,1,0,0,1,0,0,Apartment,Semi_Furnished,East,Resale_Old,Small,1,: ,5000.0,0,0,0,0
2.0,9.0,15,15,3.0,0.8888888888888888,1.0,1350.0,17.20869,78.47603,14.0,0,1,0,1,0,0,1,0,0,Apartment,Semi_Furnished,West,Resale_Old,Medium,1,: ,5000.0,0,0,0,0
3.0,9.0,16,16,3.0,0.2222222222222222,2.0,1700.0,17.20869,78.47603,14.0,0,1,0,1,0,0,1,0,0,Apartment,Semi_Furnished,East,Resale_Old,Medium,2,: ,5000.0,0,0,0,0
3.0,9.0,18,18,3.0,0.8888888888888888,2.0,1850.0,17.20869,78.47603,14.0,0,1,0,1,0,0,1,0,0,Apartment,Semi_Furnished,Unknown,Resale_Old,Large,2,: ,5000.0,0,0,0,0
3.0,9.0,17,17,3.0,0.2222222222222222,2.0,1750.0,17.20869,78.47603,14.0,0,1,0,1,0,0,1,0,0,Apartment,Semi_Furnished,East,Resale_Old,Medium,2,: ,5000.0,0,0,0,0
2.0,9.0,18,18,3.0,0.3333333333333333,2.0,1140.0,17.20869,78.47603,14.0,0,1,0,1,0,0,1,0,0,Apartment,Semi_Furnished,East,Resale_Old,Small,2,: ,5000.0,0,0,0,0
2.0,9.0,17,17,3.0,0.7777777777777778,3.0,1300.0,17.20869,78.47603,14.0,0,1,0,1,0,0,1,0,0,Apartment,Semi_Furnished,Unknown,Resale_Old,Medium,3+,: ,5000.0,0,0,0,0
3.0,9.0,18,18,3.0,0.3333333333333333,2.0,1600.0,17.20869,78.47603,14.0,0,1,0,1,0,0,1,0,0,Apartment,Semi_Furnished,Unknown,Resale_Old,Medium,2,: ,5000.0,0,0,0,0
3.0,9.0,20,20,3.0,0.6666666666666666,3.0,1800.0,17.20869,78.47603,14.0,0,1,0,1,0,0,1,0,0,Apartment,Semi_Furnished,West,Resale_Old,Medium,3+,: ,5000.0,0,0,0,0
3.0,9.0,18,18,3.0,0.3333333333333333,2.0,1700.0,17.20869,78.47603,21.0,0,1,0,1,0,0,1,0,0,Apartment,Semi_Furnished,Unknown,Resale_Old,Medium,2,: ,4800.0,0,0,0,0
3.0,9.0,31,31,3.0,0.6666666666666666,2.0,1825.0,17.20869,78.47603,21.0,0,1,0,1,0,0,1,0,0,Apartment,Semi_Furnished,Unknown,Resale_Old,Large,2,: ,4800.0,0,0,0,0
3.0,9.0,25,25,3.0,0.3333333333333333,2.0,1594.0,17.20869,78.47603,21.0,0,1,0,1,0,0,1,0,0,Apartment,Semi_Furnished,Unknown,Resale_Old,Medium,2,: ,4800.0,0,0,0,0
2.0,9.0,26,26,3.0,0.4444444444444444,1.0,1314.0,17.20869,78.47603,21.0,0,1,0,1,0,0,1,0,0,Apartment,Semi_Furnished,Unknown,Resale_Old,Medium,1,: ,4800.0,0,0,0,0
2.0,9.0,31,31,3.0,0.3333333333333333,1.0,1305.0,17.20869,78.47603,21.0,0,1,0,1,0,0,1,0,0,Apartment,Semi_Furnished,Unknown,Resale_Old,Medium,1,: ,4800.0,0,0,0,0
2.0,9.0,25,25,3.0,0.2222222222222222,1.0,1324.0,17.20869,78.47603,21.0,0,1,0,1,0,0,1,0,0,Apartment,Semi_Furnished,Unknown,Resale_Old,Medium,1,: ,4800.0,0,0,0,0
2.0,9.0,22,24,3.0,0.3333333333333333,1.0,1301.0,17.20869,78.47603,30.0,0,1,0,1,0,0,1,0,0,Apartment,Semi_Furnished,West,Resale_Old,Medium,1,: ,4800.0,0,0,0,0
2.0,9.0,22,24,3.0,0.4444444444444444,1.0,1240.0,17.20869,78.47603,30.0,0,1,0,1,0,0,1,0,0,Apartment,Semi_Furnished,East,Resale_Old,Medium,1,: ,4800.0,0,0,0,0
2.0,9.0,21,23,3.0,0.4444444444444444,1.0,1152.0,17.20869,78.47603,30.0,0,1,0,1,0,0,1,0,0,Apartment,Semi_Furnished,West,Resale_Old,Small,1,: ,4800.0,0,0,0,0
2.0,9.0,18,18,3.0,0.4444444444444444,1.0,1317.0,17.20869,78.47603,30.0,0,1,0,1,0,0,1,0,0,Apartment,Semi_Furnished,East,Resale_Old,Medium,1,: ,4800.0,0,0,0,0
3.0,9.0,19,19,3.0,0.2222222222222222,1.0,1567.0,17.20869,78.47603,30.0,0,1,0,1,0,0,1,0,0,Apartment,Semi_Furnished,Unknown,Resale_Old,Medium,1,: ,4800.0,0,0,0,0
3.0,9.0,17,17,3.0,0.6666666666666666,1.0,1687.0,17.20869,78.47603,30.0,0,1,0,1,0,0,1,0,0,Apartment,Semi_Furnished,East,Resale_Old,Medium,1,: ,4800.0,0,0,0,0
2.0,9.0,20,22,3.0,0.2222222222222222,1.0,1220.0,17.20869,78.47603,30.0,0,1,0,1,0,0,1,0,0,Apartment,Unfurnished,Unknown,Resale_Old,Medium,1,: ,4800.0,0,0,0,0
3.0,9.0,20,20,3.0,0.4444444444444444,2.0,1645.0,17.20869,78.47603,30.0,0,1,0,1,0,0,1,0,0,Apartment,Semi_Furnished,Unknown,Resale_Old,Medium,2,: ,4800.0,0,0,0,0
2.0,9.0,21,22,3.0,0.4444444444444444,2.0,1130.0,17.20869,78.47603,30.0,0,1,0,1,0,0,1,0,0,Apartment,Semi_Furnished,West,Resale_Old,Small,2,: ,4800.0,0,0,0,0
2.0,9.0,11,13,3.0,0.3333333333333333,2.0,1112.0,17.20869,78.47603,30.0,0,1,0,1,0,0,1,0,0,Apartment,Semi_Furnished,West,Resale_Old,Small,2,: ,4800.0,0,0,0,0
2.0,9.0,20,22,3.0,0.3333333333333333,1.0,1248.0,17.20869,78.47603,30.0,0,1,0,1,0,0,1,0,0,Apartment,Semi_Furnished,East,Resale_Old,Medium,1,: ,4800.0,0,0,0,0
3.0,20.0,10,10,3.0,0.3,3.0,1140.0,17.20869,78.47603,30.0,0,1,0,1,0,0,1,0,0,Apartment,Semi_Furnished,Unknown,Resale_Old,Small,3+,: ,4800.0,0,0,0,0
3.0,20.0,9,9,3.0,0.65,3.0,1300.0,17.20869,78.47603,30.0,0,1,0,1,0,0,1,0,0,Apartment,Semi_Furnished,Unknown,Resale_Old,Medium,3+,: ,4800.0,0,0,0,0
3.0,20.0,8,8,3.0,0.15,3.0,1600.0,17.20869,78.47603,30.0,0,1,0,1,0,0,1,0,0,Apartment,Semi_Furnished,Unknown,Resale_Old,Medium,3+,: ,4800.0,0,0,0,0
3.0,20.0,7,7,3.0,0.1,3.0,2400.0,17.20869,78.47603,30.0,0,1,0,1,0,0,1,0,0,Apartment,Semi_Furnished,Unknown,Resale_Old,Large,3+,: ,4800.0,0,0,0,0
3.0,20.0,8,8,3.0,0.25,3.0,1800.0,17.20869,78.47603,30.0,0,1,0,1,0,0,1,0,0,Apartment,Semi_Furnished,Unknown,Resale_Old,Medium,3+,: ,4800.0,0,0,0,0
2.0,5.0,6,6,3.0,0.2,1.0,1415.0,17.20869,78.47603,30.0,0,1,0,1,0,0,1,0,0,Apartment,Semi_Furnished,West,Resale_Old,Medium,1,: ,4500.0,0,0,0,0
3.0,5.0,10,10,3.0,0.6,1.0,1575.0,17.20869,78.47603,30.0,0,1,0,1,0,0,1,0,0,Apartment,Unfurnished,East,Resale_Old,Medium,1,: ,4500.0,0,0,0,0
3.0,5.0,8,8,3.0,0.4,1.0,1680.0,17.20869,78.47603,30.0,0,1,0,1,0,0,1,0,0,Apartment,Semi_Furnished,Unknown,Resale_Old,Medium,1,: ,4500.0,0,0,0,0
3.0,5.0,9,9,3.0,0.6,1.0,1510.0,17.20869,78.47603,30.0,0,1,0,1,0,0,1,0,0,Apartment,Semi_Furnished,Unknown,Resale_Old,Medium,1,: ,4500.0,0,0,0,0
2.0,5.0,8,8,3.0,0.6,1.0,1240.0,17.20869,78.47603,30.0,0,1,0,1,0,0,1,0,0,Apartment,Unfurnished,Unknown,Resale_Old,Medium,1,: ,4500.0,0,0,0,0
2.0,5.0,21,22,49.0,0.6,1.0,1046.0,17.500423,78.416435,28.0,1,0,0,1,0,1,1,0,0,Apartment,Semi_Furnished,East,Under_Construction,Small,1,: ,5500.0,0,0,0,0
4.0,2.0,2,3,50.0,0.5384615384615384,2.0,1350.0,17.5221868,78.5027139,60.0,1,0,0,1,0,1,0,0,0,Villa,Furnished,East,Resale_Very_Old,Medium,2,: ,100000.0,1,0,0,0
3.0,5.0,13,13,50.0,0.8,2.0,3650.0,17.4295317,78.41266,30.0,0,1,0,1,0,0,1,0,0,Apartment,Semi_Furnished,East,Resale_Old,XL,2,: ,14500.0,0,0,0,0
4.0,36.0,9,9,13.0,0.3333333333333333,1.0,2708.0,17.402291123438,78.338167423361,21.0,0,1,1,1,0,0,1,0,0,Apartment,Semi_Furnished,Unknown,Resale_Old,XL,1,: ,8641.0,0,0,0,0
3.0,2.0,8,9,0.0,0.5384615384615384,2.0,1503.0,17.233562897673416,78.54189608906688,30.0,0,1,0,1,0,0,0,0,0,Villa,Semi_Furnished,East,Resale_Old,Medium,2,: ,6387.0,1,0,0,0
3.0,2.0,8,11,0.0,0.5384615384615384,2.0,1972.0,17.23238,78.53542,14.0,0,1,0,1,0,0,1,0,0,Villa,Semi_Furnished,East,Resale_Old,Large,2,: ,4563.0,1,0,0,0
2.0,5.0,13,13,49.0,0.6,1.0,1148.0,17.4609913,78.3532083,5.0,0,1,0,1,0,0,1,0,0,Apartment,Semi_Furnished,North,Resale_Old,Small,1,Kondapur,6600.0,0,0,0,0
2.0,5.0,15,15,49.0,0.6,1.0,1180.0,17.4609913,78.3532083,7.0,0,1,0,1,0,0,1,0,0,Apartment,Semi_Furnished,East,Resale_Old,Small,1,Kondapur,6500.0,0,0,0,0
2.0,8.0,16,18,16.0,0.125,1.0,1030.0,17.35773,78.376583,7.0,1,0,0,1,0,0,1,0,0,Apartment,Furnished,East,0_5_yrs,Small,1,: ,6601.0,0,0,0,0
3.0,45.0,27,27,50.0,0.0444444444444444,3.0,1590.0,17.509181,78.3521088,60.0,0,1,0,1,0,0,1,0,0,Apartment,Semi_Furnished,East,Resale_Old,Medium,3+,: ,6999.0,0,0,0,0
3.0,5.0,8,8,0.0,0.6,2.0,1825.0,78.48667,17.38504,30.0,1,0,0,1,0,0,1,0,0,Apartment,Furnished,East,Resale_Very_Old,Large,2,: ,7232.0,0,0,0,0
3.0,5.0,18,18,0.0,0.6,2.0,1765.0,78.48667,17.38504,30.0,1,0,0,1,0,0,1,0,0,Apartment,Semi_Furnished,West,Resale_Very_Old,Medium,2,: ,6798.0,0,0,0,0
4.0,3.0,7,9,50.0,0.5384615384615384,2.0,2500.0,17.4018092,78.5601892,5.0,1,0,0,1,0,1,1,0,0,Villa,Furnished,NE,Under_Construction,Large,2,Uppal,7600.0,1,0,0,0
2.0,35.0,31,34,10.0,0.2285714285714285,1.0,1283.0,17.4139813,78.3391837,7.0,1,0,1,1,0,1,1,0,0,Apartment,Furnished,East,Under_Construction,Medium,1,: ,17142.0,0,0,0,0
4.0,2.0,8,8,0.0,0.5384615384615384,1.0,2250.0,17.233562897673416,78.54189608906688,30.0,1,0,0,1,0,0,0,0,0,Villa,Semi_Furnished,NE,Resale_Very_Old,Large,1,: ,26000.0,1,0,0,0
2.0,14.0,25,26,37.0,0.0714285714285714,2.0,1320.0,17.538237,78.480804,14.0,0,1,0,1,0,0,1,0,0,Apartment,Semi_Furnished,East,Resale_Old,Medium,2,: ,5199.0,0,0,0,0
2.0,5.0,12,13,0.0,0.4,1.0,1350.0,78.48667,17.38504,21.0,1,0,0,1,0,0,1,0,0,Apartment,Furnished,West,Under_Construction,Medium,1,: ,5509.0,0,0,0,0
2.0,5.0,7,8,49.0,0.8,1.0,1160.0,17.5055323,78.3302192,30.0,1,0,0,1,0,1,1,0,0,Apartment,Furnished,NE,Resale_Very_Old,Small,1,Miyapur,5801.0,0,0,0,0
2.0,5.0,11,11,49.0,1.0,2.0,997.0,17.357762,78.511415,90.0,1,0,0,1,0,1,1,1,0,Apartment,Furnished,Unknown,5_10_yrs,Small,2,: ,4714.0,0,0,0,0
4.0,3.0,7,9,15.0,0.5384615384615384,4.0,3223.0,17.4664197,78.285342,30.0,1,0,1,1,0,0,1,0,0,Villa,Semi_Furnished,West,Resale_Very_Old,XL,3+,: ,16289.0,1,0,0,0
3.0,5.0,8,8,49.0,1.0,1.0,1580.0,17.505811,78.539781,120.0,1,0,0,1,0,0,1,1,0,Apartment,Semi_Furnished,NE,0_5_yrs,Medium,1,: ,6500.0,0,0,0,0
4.0,2.0,7,8,0.0,0.5384615384615384,3.0,2925.0,17.443354,78.182044,6.0,1,0,1,1,0,0,1,0,0,Villa,Semi_Furnished,East,Under_Construction,XL,3+,: ,86769.0,1,0,0,0
5.0,2.0,21,23,44.0,0.5384615384615384,3.0,4438.0,17.442058,78.346883,6.0,1,0,0,1,0,0,1,0,0,Villa,Furnished,North,0_5_yrs,XL,3+,: ,31545.0,1,0,0,0
5.0,47.0,31,33,25.0,0.425531914893617,3.0,5500.0,17.3923634,78.3621784,7.0,0,1,0,1,0,0,1,0,0,Apartment,Semi_Furnished,East,Resale_Old,XXL,3+,Narsingi,6300.0,0,0,0,0
3.0,28.0,30,32,1.0,0.8928571428571429,2.0,2115.0,17.442196,78.280067,21.0,0,1,0,1,0,0,1,0,0,Apartment,Semi_Furnished,East,Resale_Old,Large,2,Osman Nagar,6899.0,0,0,0,0
3.0,28.0,31,33,1.0,0.7142857142857143,1.0,1645.0,17.442196,78.280067,21.0,0,1,0,1,0,0,1,0,0,Apartment,Semi_Furnished,East,Resale_Old,Medium,1,Osman Nagar,6899.0,0,0,0,0
2.0,28.0,30,32,1.0,0.7142857142857143,1.0,1390.0,17.442196,78.280067,21.0,0,1,0,1,0,0,1,0,0,Apartment,Semi_Furnished,East,Resale_Old,Medium,1,Osman Nagar,6899.0,0,0,0,0
2.0,47.0,17,19,50.0,0.425531914893617,2.0,1572.0,17.47946,78.33037,30.0,0,1,0,1,0,0,1,0,0,Apartment,Semi_Furnished,East,Resale_Old,Medium,2,Serlingampally,6000.0,0,0,0,0
3.0,47.0,18,20,49.0,0.6595744680851063,3.0,2029.0,17.4609913,78.3532083,30.0,0,1,0,1,0,0,1,0,0,Apartment,Semi_Furnished,East,Resale_Old,Large,3+,Kondapur,6000.0,0,0,0,0
2.0,47.0,17,19,49.0,0.4680851063829787,2.0,1340.0,17.4609913,78.3532083,30.0,0,1,0,1,0,0,1,0,0,Apartment,Semi_Furnished,East,Resale_Old,Medium,2,Kondapur,6000.0,0,0,0,0
2.0,47.0,17,19,49.0,0.425531914893617,2.0,1572.0,17.4609913,78.3532083,30.0,0,1,0,1,0,0,1,0,0,Apartment,Semi_Furnished,East,Resale_Old,Medium,2,Kondapur,6000.0,0,0,0,0
4.0,2.0,27,29,17.0,0.5384615384615384,2.0,3900.0,17.311940823733476,78.47302608769566,30.0,0,1,0,1,0,0,0,0,0,Villa,Semi_Furnished,East,Resale_Old,XL,2,Bandlaguda Jagir,8500.0,1,0,0,0
2.0,10.0,12,12,49.0,0.3,2.0,1313.0,17.4609913,78.3532083,30.0,0,1,0,1,0,0,1,0,0,Apartment,Semi_Furnished,East,Resale_Old,Medium,2,: ,6000.0,0,0,0,0
3.0,30.0,8,11,47.0,0.8333333333333334,2.0,1717.0,17.4359437,78.3416731,3.0,1,0,0,1,0,0,1,0,0,Apartment,Furnished,North,Under_Construction,Medium,2,: ,8444.0,0,0,0,0
2.0,6.0,15,17,27.0,0.8333333333333334,1.0,1175.0,17.339499,78.391779,7.0,1,0,0,1,0,0,1,0,0,Apartment,Furnished,West,0_5_yrs,Small,1,Bandlaguda Jagir,6382.0,0,0,0,0
3.0,31.0,14,16,12.0,0.967741935483871,1.0,1834.0,17.398775,78.355493,7.0,1,0,0,1,0,0,1,0,0,Apartment,Semi_Furnished,West,Resale_Very_Old,Large,1,Puppalaguda,11723.0,0,0,0,0
4.0,2.0,7,9,16.0,0.5384615384615384,2.0,3196.0,17.34944,78.38707,14.0,1,0,0,1,0,0,1,0,0,Villa,Furnished,West,Under_Construction,XL,2,Bandlaguda Jagir,15018.0,1,0,0,0
4.0,3.0,27,27,16.0,0.5384615384615384,3.0,5090.0,17.3823231,78.3590579,14.0,1,0,1,1,0,1,1,0,0,Villa,Semi_Furnished,West,Resale_Very_Old,XXL,3+,Narsingi,20628.0,1,0,0,0
2.0,1.0,2,2,5.0,0.5384615384615384,2.0,1503.0,17.640228766466283,78.4828090954698,30.0,1,0,0,1,0,0,1,0,0,Villa,Semi_Furnished,Unknown,Resale_Very_Old,Medium,2,: ,39520.0,1,0,0,0
2.0,5.0,15,17,49.0,0.6,2.0,1220.0,17.4911958,78.341844,30.0,1,0,0,1,0,1,1,0,0,Apartment,Furnished,West,0_5_yrs,Medium,2,Madinaguda,5901.0,0,0,0,0
4.0,2.0,26,28,43.0,0.5384615384615384,3.0,3392.0,17.518501,78.30371,30.0,0,1,0,1,0,0,1,0,0,Villa,Semi_Furnished,East,Resale_Old,XL,3+,: ,5700.0,1,0,0,0
3.0,18.0,19,19,10.0,0.4444444444444444,1.0,1535.0,17.3896673,78.3487826,30.0,1,0,1,1,0,0,1,0,0,Apartment,Semi_Furnished,East,Resale_Very_Old,Medium,1,: ,9185.0,0,0,0,0
3.0,5.0,8,8,47.0,0.8,2.0,1560.0,17.48718,78.5786,28.0,0,1,0,1,0,0,1,0,0,Apartment,Semi_Furnished,East,Resale_Old,Medium,2,: ,4800.0,0,0,0,0
3.0,5.0,7,7,47.0,0.4,2.0,1530.0,17.48718,78.5786,28.0,0,1,0,1,0,0,1,0,0,Apartment,Semi_Furnished,East,Resale_Old,Medium,2,: ,4800.0,0,0,0,0
3.0,5.0,20,20,27.0,0.6,2.0,1600.0,17.485206408706663,78.60681438946276,4.0,0,1,0,1,0,0,1,0,0,Apartment,Semi_Furnished,East,Resale_Old,Medium,2,: ,5000.0,0,0,0,0
2.0,24.0,10,10,0.0,0.4583333333333333,1.0,1290.0,78.48667,17.38504,30.0,1,0,0,1,0,0,1,0,0,Apartment,Semi_Furnished,East,Resale_Very_Old,Medium,1,Gachibowli,11000.0,0,0,0,0
3.0,26.0,14,14,26.0,0.4230769230769231,1.0,1825.0,17.40223,78.3444,30.0,0,1,0,1,0,0,1,0,0,Apartment,Semi_Furnished,Unknown,Resale_Old,Large,1,Kokapet,7999.0,0,0,0,0
3.0,5.0,7,7,46.0,0.8,1.0,1885.0,17.4620901,78.3439749,2.0,1,0,0,1,0,0,1,0,0,Apartment,Furnished,West,0_5_yrs,Large,1,Kondapur,8594.0,0,0,0,0
2.0,5.0,4,4,50.0,0.2,1.0,1225.0,17.5268323,78.415581,4.0,1,0,0,1,0,1,1,0,0,Apartment,Semi_Furnished,East,Resale_Very_Old,Medium,1,: ,5244.0,0,0,0,0
3.0,5.0,4,4,50.0,0.6,1.0,1525.0,17.5267266,78.415898,4.0,1,0,0,1,0,1,1,0,0,Apartment,Semi_Furnished,North,Resale_Very_Old,Medium,1,: ,5196.0,0,0,0,0
2.0,31.0,25,28,12.0,1.0,1.0,1314.0,17.3973794,78.3856447,7.0,1,0,0,1,0,0,1,1,0,Apartment,Semi_Furnished,West,Under_Construction,Medium,1,Puppalaguda,11796.0,0,0,0,0
3.0,12.0,7,7,15.0,0.5,3.0,2185.0,17.388564,78.336152,14.0,0,1,1,1,0,0,1,0,0,Apartment,Semi_Furnished,Unknown,Resale_Old,Large,3+,: ,8199.0,0,0,0,0
3.0,12.0,17,19,46.0,0.3333333333333333,2.0,2160.0,17.463287,78.342495,30.0,1,0,0,1,0,0,1,0,0,Apartment,Semi_Furnished,West,Resale_Very_Old,Large,2,Sai Pruthvi Enclave,9490.0,0,0,0,0
2.0,5.0,9,9,47.0,0.6,1.0,1310.0,17.49182,78.32617,30.0,0,1,0,1,0,0,1,0,0,Apartment,Semi_Furnished,East,Resale_Old,Medium,1,Chandanagar,6000.0,0,0,0,0
5.0,3.0,1,1,50.0,0.5384615384615384,3.0,1503.0,17.52403,78.50463,30.0,1,0,0,1,0,1,0,0,0,Villa,Semi_Furnished,West,Under_Construction,Medium,3+,: ,140718.0,1,0,0,0
3.0,6.0,20,21,46.0,0.3333333333333333,2.0,1710.0,17.463287,78.342495,30.0,1,0,0,1,0,0,1,0,0,Apartment,Furnished,East,Under_Construction,Medium,2,Sai Pruthvi Enclave,11111.0,0,0,0,0
2.0,10.0,17,17,48.0,0.3,1.0,1314.0,17.457979,78.3626643,30.0,0,1,1,1,0,0,1,0,0,Apartment,Semi_Furnished,Unknown,Resale_Old,Medium,1,: ,5738.0,0,0,0,0
3.0,2.0,8,11,0.0,0.5384615384615384,1.0,206.0,17.443354,78.182044,30.0,1,0,0,1,0,0,0,0,0,Villa,Furnished,East,Resale_Very_Old,Micro,1,Mokila,115533.0,1,0,0,0
2.0,1.0,8,11,3.0,0.5384615384615384,1.0,1350.0,17.575068,78.253963,21.0,0,1,1,1,0,0,1,0,0,Villa,Semi_Furnished,West,Resale_Old,Medium,1,: ,62666.0,1,0,0,0
3.0,11.0,25,25,48.0,0.5454545454545454,3.0,1973.0,17.42278,78.34724,30.0,0,1,0,1,0,0,1,0,0,Apartment,Semi_Furnished,East,Resale_Old,Large,3+,: ,8500.0,0,0,0,0
3.0,11.0,23,23,48.0,0.4545454545454545,2.0,1879.0,17.42278,78.34724,30.0,0,1,0,1,0,0,1,0,0,Apartment,Semi_Furnished,East,Resale_Old,Large,2,: ,8500.0,0,0,0,0
3.0,11.0,25,25,48.0,0.6363636363636364,2.0,1485.0,17.42278,78.34724,30.0,0,1,0,1,0,0,1,0,0,Apartment,Semi_Furnished,East,Resale_Old,Medium,2,: ,8500.0,0,0,0,0
2.0,11.0,23,23,50.0,0.5454545454545454,2.0,1345.0,17.3973794,78.3856447,30.0,0,1,0,1,0,0,1,0,0,Apartment,Semi_Furnished,East,Resale_Old,Medium,2,: ,8500.0,0,0,0,0
3.0,43.0,22,22,47.0,0.4651162790697674,3.0,1695.0,17.4359437,78.3416731,30.0,0,1,0,1,0,0,1,0,0,Apartment,Semi_Furnished,East,Resale_Old,Medium,3+,: ,7500.0,0,0,0,0
3.0,43.0,24,24,48.0,0.4883720930232558,3.0,2020.0,17.41214,78.36431,30.0,0,1,0,1,0,0,1,0,0,Apartment,Semi_Furnished,East,Resale_Old,Large,3+,: ,7250.0,0,0,0,0
3.0,10.0,21,21,47.0,0.5,3.0,2000.0,17.49182,78.32617,30.0,0,1,0,1,0,0,1,0,0,Apartment,Semi_Furnished,East,Resale_Old,Large,3+,: ,5699.0,0,0,0,0
4.0,2.0,13,14,14.0,0.5384615384615384,2.0,350.0,17.455728,78.294946,28.0,1,0,0,1,0,0,1,0,0,Villa,Furnished,Unknown,Under_Construction,Micro,2,: ,13750.0,1,0,0,0
4.0,2.0,17,18,14.0,0.5384615384615384,4.0,350.0,17.455728,78.294946,60.0,1,0,0,1,0,0,1,0,0,Villa,Furnished,West,Under_Construction,Micro,3+,: ,13125.0,1,0,0,0
3.0,12.0,24,24,7.0,0.75,1.0,1004.0,17.543634,78.293712,30.0,0,1,0,1,0,0,1,0,0,Apartment,Semi_Furnished,East,Resale_Old,Small,1,: ,6474.0,0,0,0,0
3.0,7.0,21,21,50.0,0.7142857142857143,1.0,2107.0,17.522576,78.393953,30.0,0,1,0,1,0,0,1,0,0,Apartment,Semi_Furnished,South,Resale_Old,Large,1,: ,4129.0,0,0,0,0
2.0,12.0,5,5,50.0,0.25,1.0,1134.0,17.509181,78.3521088,30.0,0,1,0,1,0,0,1,0,0,Apartment,Semi_Furnished,East,Resale_Old,Small,1,: ,4499.0,0,0,0,0
3.0,22.0,8,10,9.0,0.6363636363636364,1.0,1750.0,17.47078,78.30668,3.0,1,0,1,1,0,0,1,0,0,Apartment,Semi_Furnished,East,Resale_Very_Old,Medium,1,: ,9828.0,0,0,0,0
2.0,5.0,7,7,50.0,0.4,1.0,1110.0,17.47078,78.30668,3.0,1,0,0,1,0,0,1,0,0,Apartment,Semi_Furnished,East,Resale_Very_Old,Small,1,: ,5800.0,0,0,0,0
3.0,35.0,7,7,10.0,0.4285714285714285,1.0,1993.0,17.41341,78.339447,30.0,1,0,1,1,0,0,1,0,0,Apartment,Semi_Furnished,Unknown,Under_Construction,Large,1,: ,10135.0,0,0,0,0
3.0,16.0,8,10,9.0,0.4375,1.0,1793.0,17.4459627,78.4197681,30.0,0,1,1,1,0,0,1,0,0,Apartment,Semi_Furnished,West,Resale_Old,Medium,1,: ,9035.0,0,0,0,0
3.0,32.0,8,10,7.0,0.15625,1.0,1740.0,17.49479,78.39964,30.0,1,0,0,1,0,0,1,0,0,Apartment,Semi_Furnished,East,Resale_Very_Old,Medium,1,: ,10057.0,0,0,0,0
3.0,30.0,8,11,12.0,0.3333333333333333,1.0,1834.0,17.3973794,78.3856447,30.0,1,0,0,1,0,0,1,0,0,Apartment,Furnished,West,Under_Construction,Large,1,: ,12540.0,0,0,0,0
3.0,30.0,8,10,8.0,0.7,1.0,2055.0,17.3923634,78.3621784,30.0,1,0,0,1,0,0,1,0,0,Apartment,Unfurnished,West,Under_Construction,Large,1,: ,11630.0,0,0,0,0
3.0,34.0,8,10,13.0,0.1764705882352941,1.0,2048.0,17.40223,78.3444,30.0,0,1,1,1,0,0,1,0,0,Apartment,Semi_Furnished,West,Resale_Old,Large,1,: ,10278.0,0,0,0,0
3.0,19.0,7,9,15.0,1.0,1.0,1880.0,17.4609913,78.3532083,30.0,1,0,0,1,0,0,1,1,0,Apartment,Semi_Furnished,East,Under_Construction,Large,1,: ,12234.0,0,0,0,0
3.0,19.0,8,10,15.0,1.0,1.0,1615.0,17.4609913,78.3532083,30.0,1,0,0,1,0,0,1,1,0,Apartment,Semi_Furnished,East,Under_Construction,Medium,1,: ,12198.0,0,0,0,0
2.0,25.0,8,10,12.0,0.4,1.0,1290.0,17.4609913,78.3532083,30.0,0,1,1,1,0,0,1,0,0,Apartment,Semi_Furnished,East,Resale_Old,Medium,1,: ,10852.0,0,0,0,0
3.0,32.0,8,10,13.0,0.84375,1.0,2235.0,17.40223,78.3444,30.0,1,0,1,1,0,0,1,0,0,Apartment,Unfurnished,West,Resale_Very_Old,Large,1,: ,11633.0,0,0,0,0
3.0,21.0,8,10,11.0,0.5714285714285714,3.0,2465.0,17.4609913,78.3532083,30.0,1,0,1,1,0,0,1,0,0,Apartment,Semi_Furnished,East,Resale_Very_Old,Large,3+,: ,12170.0,0,0,0,0
3.0,18.0,8,10,12.0,0.9444444444444444,2.0,1505.0,17.4609913,78.3532083,30.0,0,1,1,1,0,0,1,0,0,Apartment,Unfurnished,East,Resale_Old,Medium,2,: ,10498.0,0,0,0,0
3.0,39.0,19,21,13.0,0.8205128205128205,1.0,1715.0,17.39554,78.35518,30.0,0,1,1,1,0,0,1,0,0,Apartment,Semi_Furnished,East,Resale_Old,Medium,1,: ,10787.0,0,0,0,0
3.0,18.0,17,19,10.0,0.4444444444444444,1.0,1535.0,17.387587,78.348054,30.0,1,0,1,1,0,0,1,0,0,Apartment,Semi_Furnished,East,Resale_Very_Old,Medium,1,: ,9446.0,0,0,0,0
3.0,23.0,19,21,13.0,0.3043478260869565,1.0,1865.0,17.405956,78.404979,30.0,1,0,0,1,0,0,1,0,0,Apartment,Semi_Furnished,East,Under_Construction,Large,1,: ,12332.0,0,0,0,0
3.0,22.0,19,21,9.0,0.2727272727272727,1.0,1535.0,17.478221,78.312255,30.0,1,0,1,1,0,0,1,0,0,Apartment,Semi_Furnished,West,Resale_Very_Old,Medium,1,: ,9967.0,0,0,0,0
2.0,22.0,19,21,9.0,0.4090909090909091,1.0,1335.0,17.478221,78.312255,30.0,1,0,1,1,0,0,1,0,0,Apartment,Semi_Furnished,East,Resale_Very_Old,Medium,1,: ,9737.0,0,0,0,0
4.0,28.0,17,19,25.0,0.6428571428571429,2.0,3333.0,17.392812,78.362945,30.0,0,1,1,1,0,0,1,0,0,Apartment,Semi_Furnished,East,Resale_Old,XL,2,: ,10021.0,0,0,0,0
3.0,32.0,19,21,13.0,0.84375,1.0,2235.0,17.391372,78.339424,30.0,1,0,1,1,0,0,1,0,0,Apartment,Semi_Furnished,West,Resale_Very_Old,Large,1,: ,11185.0,0,0,0,0
3.0,25.0,13,15,12.0,0.48,1.0,1840.0,17.45753,78.36247,30.0,0,1,1,1,0,0,1,0,0,Apartment,Semi_Furnished,South,Resale_Old,Large,1,: ,12336.0,0,0,0,0
3.0,19.0,18,21,15.0,1.0,1.0,1490.0,17.464041,78.337481,30.0,1,0,0,1,0,0,1,1,0,Apartment,Furnished,West,Under_Construction,Medium,1,: ,10872.0,0,0,0,0
2.0,35.0,19,21,10.0,0.4857142857142857,1.0,1492.0,17.41341,78.339447,30.0,1,0,1,1,0,0,1,0,0,Apartment,Semi_Furnished,West,Under_Construction,Medium,1,: ,10790.0,0,0,0,0
2.0,35.0,18,20,10.0,0.4857142857142857,1.0,1283.0,17.41341,78.339447,30.0,1,0,1,1,0,0,1,0,0,Apartment,Semi_Furnished,East,Under_Construction,Medium,1,: ,10833.0,0,0,0,0
3.0,35.0,19,21,10.0,0.4285714285714285,1.0,1993.0,17.41341,78.339447,30.0,1,0,1,1,0,0,1,0,0,Apartment,Semi_Furnished,East,Under_Construction,Large,1,: ,10286.0,0,0,0,0
3.0,18.0,19,21,12.0,0.1666666666666666,1.0,1990.0,17.466742,78.337059,30.0,0,1,1,1,0,0,1,0,0,Apartment,Semi_Furnished,East,Resale_Old,Large,1,: ,10301.0,0,0,0,0
3.0,18.0,19,21,12.0,0.3888888888888889,1.0,1720.0,17.466742,78.337059,30.0,0,1,1,1,0,0,1,0,0,Apartment,Semi_Furnished,East,Resale_Old,Medium,1,: ,10465.0,0,0,0,0
3.0,21.0,20,22,11.0,0.8095238095238095,2.0,2805.0,17.466613,78.336231,30.0,0,1,1,1,0,0,1,0,0,Apartment,Semi_Furnished,East,Resale_Old,XL,2,: ,11016.0,0,0,0,0
3.0,21.0,20,22,11.0,0.3333333333333333,2.0,2390.0,17.466613,78.336231,30.0,0,1,1,1,0,0,1,0,0,Apartment,Semi_Furnished,West,Resale_Old,Large,2,: ,12970.0,0,0,0,0
3.0,34.0,18,20,13.0,0.5294117647058824,1.0,1764.0,17.396947,78.340246,30.0,0,1,1,1,0,0,1,0,0,Apartment,Semi_Furnished,East,Resale_Old,Medium,1,: ,10487.0,0,0,0,0
3.0,34.0,18,20,13.0,0.3529411764705882,1.0,2048.0,17.396947,78.340246,30.0,0,1,1,1,0,0,1,0,0,Apartment,Semi_Furnished,West,Resale_Old,Large,1,: ,10302.0,0,0,0,0
3.0,34.0,19,21,13.0,0.4411764705882353,1.0,1390.0,17.396947,78.340246,30.0,0,1,1,1,0,0,1,0,0,Apartment,Semi_Furnished,East,Resale_Old,Medium,1,: ,10143.0,0,0,0,0
3.0,34.0,18,20,13.0,0.5882352941176471,1.0,2048.0,17.396947,78.340246,30.0,0,1,1,1,0,0,1,0,0,Apartment,Semi_Furnished,West,Resale_Old,Large,1,: ,10253.0,0,0,0,0
3.0,36.0,19,21,13.0,0.2222222222222222,1.0,2124.0,17.402291123438,78.338167423361,30.0,0,1,1,1,0,0,1,0,0,Apartment,Semi_Furnished,East,Resale_Old,Large,1,: ,9651.0,0,0,0,0
3.0,36.0,18,20,13.0,0.6666666666666666,1.0,1796.0,17.402291123438,78.338167423361,30.0,0,1,1,1,0,0,1,0,0,Apartment,Semi_Furnished,East,Resale_Old,Medium,1,: ,10300.0,0,0,0,0
3.0,36.0,19,21,13.0,0.4722222222222222,1.0,2124.0,17.402291123438,78.338167423361,30.0,0,1,1,1,0,0,1,0,0,Apartment,Semi_Furnished,West,Resale_Old,Large,1,: ,9604.0,0,0,0,0
4.0,36.0,17,20,13.0,0.3333333333333333,1.0,2708.0,17.402291123438,78.338167423361,30.0,0,1,1,1,0,0,1,0,0,Apartment,Semi_Furnished,East,Resale_Old,XL,1,: ,9970.0,0,0,0,0
3.0,40.0,8,8,49.0,0.9,3.0,5500.0,17.38504,78.48667,7.0,0,1,0,1,0,0,1,0,0,Apartment,Semi_Furnished,East,Resale_Old,XXL,3+,: ,6300.0,0,0,0,0
3.0,28.0,8,10,15.0,0.2857142857142857,1.0,1625.0,17.4563368,78.2967816,14.0,0,1,0,1,0,0,1,0,0,Apartment,Semi_Furnished,East,Resale_Old,Medium,1,: ,6700.0,0,0,0,0
3.0,28.0,20,22,1.0,0.2857142857142857,2.0,1625.0,17.442196,78.280067,14.0,0,1,0,1,0,0,1,0,0,Apartment,Semi_Furnished,East,Resale_Old,Medium,2,: ,6700.0,0,0,0,0
4.0,3.0,17,20,1.0,0.5384615384615384,3.0,5000.0,17.442196,78.280067,3.0,1,0,0,1,0,0,0,0,0,Villa,Furnished,East,Under_Construction,XL,3+,: ,15500.0,1,0,0,0
4.0,45.0,22,24,45.0,0.7777777777777778,3.0,5430.0,17.423947,78.388726,3.0,0,1,0,1,0,0,1,0,0,Apartment,Semi_Furnished,East,Resale_Old,XXL,3+,: ,12500.0,0,0,0,0
4.0,35.0,8,10,49.0,0.4,2.0,4070.0,17.467455,78.34756,7.0,1,0,0,1,0,1,1,0,0,Apartment,Semi_Furnished,East,0_5_yrs,XL,2,: ,11000.0,0,0,0,0
4.0,35.0,30,32,49.0,0.4857142857142857,3.0,2848.0,17.467455,78.34756,7.0,1,0,0,1,0,1,1,0,0,Apartment,Semi_Furnished,West,Under_Construction,XL,3+,: ,11000.0,0,0,0,0
3.0,10.0,5,5,50.0,0.2,1.0,2160.0,17.416278,78.579471,30.0,1,0,0,1,0,0,1,0,0,Apartment,Semi_Furnished,West,Resale_Very_Old,Large,1,: ,8999.0,0,0,0,0
2.0,5.0,1,1,25.0,0.2,1.0,1180.0,17.3923634,78.3621784,60.0,0,1,0,1,0,0,0,0,0,Builder_Floor,Semi_Furnished,East,Resale_Old,Small,1,: ,5500.0,0,0,0,0
2.0,5.0,3,3,50.0,0.4,1.0,1350.0,17.4862005,78.3786707,5.0,1,0,0,1,0,1,1,0,0,Apartment,Semi_Furnished,East,Resale_Very_Old,Medium,1,: ,4500.0,0,0,0,0
4.0,3.0,15,17,0.0,0.5384615384615384,3.0,2701.0,17.563151,78.296336,5.0,0,1,0,1,0,0,1,0,0,Villa,Semi_Furnished,NE,Resale_Old,XL,3+,: ,5700.0,1,0,0,0
3.0,38.0,30,32,1.0,0.2631578947368421,2.0,1679.0,17.442196,78.280067,5.0,0,1,0,1,0,0,1,0,0,Apartment,Semi_Furnished,NE,Resale_Old,Medium,2,: ,6300.0,0,0,0,0
3.0,38.0,24,26,0.0,0.131578947368421,2.0,1679.0,16.5609,77.85031,5.0,0,1,0,1,0,0,1,0,0,Apartment,Semi_Furnished,NE,Resale_Old,Medium,2,: ,6299.0,0,0,0,0
3.0,38.0,20,22,0.0,0.5263157894736842,2.0,1679.0,17.443855,78.250431,5.0,0,1,0,1,0,0,1,0,0,Apartment,Semi_Furnished,NE,Resale_Old,Medium,2,: ,6300.0,0,0,0,0
3.0,38.0,20,22,1.0,0.7894736842105263,2.0,1679.0,17.442196,78.280067,14.0,0,1,0,1,0,0,1,0,0,Apartment,Semi_Furnished,North,Resale_Old,Medium,2,: ,6300.0,0,0,0,0
3.0,38.0,19,21,0.0,0.7368421052631579,2.0,1679.0,16.5609,77.85031,14.0,0,1,0,1,0,0,1,0,0,Apartment,Semi_Furnished,North,Resale_Old,Medium,2,: ,6300.0,0,0,0,0
4.0,3.0,8,10,1.0,0.5384615384615384,2.0,2701.0,17.555324,78.308221,14.0,0,1,0,1,0,0,0,0,0,Villa,Semi_Furnished,East,Resale_Old,XL,2,: ,5700.0,1,0,0,0
4.0,3.0,12,12,50.0,0.5384615384615384,2.0,2701.0,17.536121,78.289779,14.0,0,1,0,1,0,0,0,0,0,Villa,Semi_Furnished,East,Resale_Old,XL,2,: ,5700.0,1,0,0,0
3.0,20.0,8,11,50.0,0.1,1.0,1800.0,17.4633185,78.3120551,14.0,1,0,0,1,0,1,1,0,0,Apartment,Furnished,East,5_10_yrs,Medium,1,Nallagandla,8611.0,0,0,0,0
3.0,47.0,7,7,13.0,0.2978723404255319,1.0,1933.0,17.478581,78.335402,30.0,0,1,1,1,0,0,1,0,0,Apartment,Semi_Furnished,East,Resale_Old,Large,1,: ,7200.0,0,0,0,0
3.0,5.0,3,3,17.0,1.0,1.0,1365.0,17.360594,78.377846,21.0,1,0,0,1,0,1,1,1,0,Apartment,Semi_Furnished,West,Under_Construction,Medium,1,: ,4688.0,0,0,0,0
3.0,5.0,4,4,17.0,0.6,1.0,1365.0,17.360594,78.377846,21.0,1,0,0,1,0,1,1,0,0,Apartment,Semi_Furnished,East,Under_Construction,Medium,1,: ,5135.0,0,0,0,0
3.0,5.0,8,8,17.0,0.6,1.0,1365.0,17.360594,78.377846,21.0,1,0,0,1,0,1,1,0,0,Apartment,Semi_Furnished,NE,Under_Construction,Medium,1,: ,4688.0,0,0,0,0
3.0,5.0,8,8,17.0,0.6,1.0,1365.0,17.360697,78.3779,21.0,1,0,0,1,0,1,1,0,0,Apartment,Semi_Furnished,East,Under_Construction,Medium,1,: ,4688.0,0,0,0,0
3.0,5.0,8,8,17.0,0.6,1.0,1360.0,17.360456,78.378,21.0,1,0,0,1,0,1,1,0,0,Apartment,Semi_Furnished,East,Under_Construction,Medium,1,: ,4705.0,0,0,0,0
3.0,5.0,16,18,37.0,0.4,2.0,1750.0,17.388287,78.370072,21.0,1,0,0,1,0,1,1,0,0,Apartment,Semi_Furnished,East,Under_Construction,Medium,2,Manikonda,5700.0,0,0,0,0
2.0,1.0,6,6,2.0,0.5384615384615384,0.0,900.0,17.5280399,78.6540576,14.0,0,1,0,1,0,0,0,0,0,Villa,Semi_Furnished,East,Resale_Old,Small,Unknown,Keesara,40000.0,1,0,0,0
3.0,20.0,16,17,15.0,0.6,1.0,1120.0,17.448264,78.36712,14.0,1,0,1,1,0,0,1,0,0,Apartment,Furnished,North,Resale_Very_Old,Small,1,Gachibowli,15820.0,0,0,0,0
3.0,20.0,18,20,15.0,0.6,1.0,1120.0,17.448264,78.36712,21.0,1,0,1,1,0,0,1,0,0,Apartment,Semi_Furnished,North,Resale_Very_Old,Small,1,Gachibowli,15762.0,0,0,0,0
5.0,2.0,7,7,0.0,0.5384615384615384,3.0,3500.0,17.443354,78.182044,30.0,0,1,0,1,0,0,0,0,0,Villa,Semi_Furnished,East,Resale_Old,XL,3+,: ,8999.0,1,0,0,0
3.0,22.0,8,10,15.0,0.5909090909090909,1.0,2100.0,17.4300416,78.4072406,30.0,1,0,0,1,0,0,1,0,0,Apartment,Semi_Furnished,East,Resale_Very_Old,Large,1,: ,8333.0,0,0,0,0
2.0,4.0,4,5,49.0,1.0,1.0,1200.0,17.438581,78.458109,30.0,1,0,0,1,0,1,1,1,0,Apartment,Furnished,North,Under_Construction,Small,1,: ,10416.0,0,0,0,0
4.0,37.0,31,32,0.0,0.4864864864864865,2.0,3431.0,78.48667,17.38504,14.0,1,0,0,1,0,0,1,0,0,Apartment,Semi_Furnished,West,Under_Construction,XL,2,: ,25007.0,0,0,0,0
3.0,9.0,3,4,15.0,0.7777777777777778,2.0,1960.0,17.40223,78.3444,5.0,1,0,1,1,0,0,1,0,0,Apartment,Semi_Furnished,East,Resale_Very_Old,Large,2,: ,6900.0,0,0,0,0
3.0,32.0,6,6,7.0,0.5384615384615384,1.0,1860.0,17.4752179,78.3910263,30.0,1,0,0,1,0,1,1,0,0,Apartment,Semi_Furnished,East,Under_Construction,Large,1,: ,10698.0,1,0,0,0
4.0,30.0,8,8,47.0,0.4,2.0,6666.0,17.4359437,78.3416731,30.0,1,0,0,1,0,0,1,0,0,Apartment,Semi_Furnished,East,Resale_Very_Old,XXL,2,: ,22501.0,0,0,0,0
2.0,24.0,12,12,47.0,0.6666666666666666,1.0,960.0,17.4359437,78.3416731,30.0,1,0,0,1,0,0,1,0,0,Apartment,Semi_Furnished,West,5_10_yrs,Small,1,: ,10416.0,0,0,0,0
4.0,35.0,7,7,0.0,0.6857142857142857,2.0,4070.0,78.48667,17.38504,30.0,1,0,0,1,0,0,1,0,0,Apartment,Semi_Furnished,East,Under_Construction,XL,2,: ,25000.0,0,0,0,0
3.0,17.0,9,9,47.0,0.6470588235294118,1.0,1835.0,17.4359437,78.3416731,30.0,1,0,0,1,0,0,1,0,0,Apartment,Furnished,West,Under_Construction,Large,1,: ,14986.0,0,0,0,0
2.0,6.0,3,4,50.0,0.1666666666666666,2.0,930.0,17.439511,78.4426308,14.0,1,0,0,1,0,0,1,0,0,Apartment,Furnished,West,5_10_yrs,Small,2,: ,6000.0,0,0,0,0
4.0,35.0,8,10,10.0,0.5714285714285714,2.0,2729.0,17.4359437,78.3416731,21.0,1,0,1,1,0,0,1,0,0,Apartment,Semi_Furnished,West,Under_Construction,XL,2,: ,10699.0,0,0,0,0
3.0,34.0,8,10,10.0,0.5294117647058824,1.0,1400.0,17.4359437,78.3416731,21.0,1,0,1,1,0,1,1,0,0,Apartment,Semi_Furnished,East,Under_Construction,Medium,1,: ,15357.0,0,0,0,0
3.0,18.0,10,11,45.0,1.0,2.0,3180.0,17.4439782,78.366561,28.0,1,0,0,1,0,1,1,1,0,Apartment,Furnished,West,0_5_yrs,XL,2,: ,16981.0,0,0,0,0
3.0,2.0,6,7,0.0,0.5384615384615384,2.0,1800.0,17.20047,78.550548,30.0,1,0,0,1,0,0,0,0,0,Villa,Semi_Furnished,Unknown,Resale_Very_Old,Medium,2,: ,26000.0,1,0,0,0
3.0,42.0,27,29,49.0,0.238095238095238,1.0,1333.0,17.516728,78.341893,30.0,0,1,0,1,0,0,1,0,0,Apartment,Semi_Furnished,East,Resale_Old,Medium,1,: ,6226.0,0,0,0,0
4.0,35.0,19,19,50.0,0.4285714285714285,2.0,13000.0,17.4295317,78.41266,30.0,0,1,0,1,0,0,1,0,0,Apartment,Semi_Furnished,East,Resale_Old,XXL,2,: ,14000.0,0,0,0,0
2.0,5.0,11,12,50.0,0.4,2.0,1287.0,17.386899,78.555292,21.0,1,0,0,1,0,0,1,0,0,Apartment,Semi_Furnished,East,5_10_yrs,Medium,2,Laxmi Narayan Nagar Colony,6529.0,0,0,0,0
4.0,2.0,4,6,47.0,0.5384615384615384,2.0,2558.0,17.48718,78.5786,14.0,1,0,0,1,0,0,1,0,0,Villa,Furnished,North,0_5_yrs,XL,2,: ,7818.0,1,0,0,0
3.0,38.0,17,19,11.0,0.4736842105263157,2.0,2257.0,17.40223,78.3444,21.0,0,1,1,1,0,0,1,0,0,Apartment,Semi_Furnished,East,Resale_Old,Large,2,: ,8596.0,0,0,0,0
3.0,5.0,2,2,49.0,0.2,1.0,1300.0,17.38504,78.48667,21.0,1,0,0,1,0,0,1,0,0,Apartment,Furnished,NE,0_5_yrs,Medium,1,: ,5923.0,0,0,0,0
3.0,4.0,2,2,46.0,0.75,2.0,2570.0,17.4164707,78.4382469,30.0,1,0,0,1,0,0,1,0,0,Apartment,Furnished,NE,5_10_yrs,XL,2,: ,9533.0,0,0,0,0
4.0,5.0,1,1,49.0,0.6,3.0,2400.0,17.38504,78.48667,30.0,1,0,0,1,0,0,1,0,0,Apartment,Furnished,NE,0_5_yrs,Large,3+,: ,7000.0,0,0,0,0
3.0,30.0,17,17,31.0,0.7,2.0,2055.0,17.4002015,78.3502349,21.0,1,0,0,1,0,1,1,0,0,Apartment,Semi_Furnished,West,Resale_Very_Old,Large,2,: ,14058.0,0,0,0,0
2.0,31.0,7,7,12.0,0.6774193548387096,1.0,1314.0,17.446655,78.35012,30.0,1,0,0,1,0,1,1,0,0,Apartment,Semi_Furnished,East,Under_Construction,Medium,1,: ,11415.0,0,0,0,0
2.0,12.0,20,20,49.0,0.3333333333333333,2.0,1371.0,17.4609913,78.3532083,30.0,1,0,1,1,0,0,1,0,0,Apartment,Semi_Furnished,Unknown,Resale_Very_Old,Medium,2,: ,10940.0,0,0,0,0
5.0,3.0,27,27,15.0,0.5384615384615384,2.0,4500.0,17.3820906,78.3777829,2.0,1,0,1,1,0,1,1,0,0,Villa,Furnished,West,Resale_Very_Old,XL,2,Narsingi,20333.0,1,0,0,0
2.0,5.0,17,17,49.0,0.2,1.0,1290.0,17.407272,78.599946,5.0,1,0,0,1,0,0,1,0,0,Apartment,Semi_Furnished,East,Resale_Very_Old,Medium,1,Canara Nagar,5600.0,0,0,0,0
3.0,9.0,18,18,0.0,0.8888888888888888,2.0,1900.0,78.48667,17.38504,30.0,0,1,0,1,0,0,1,0,0,Apartment,Semi_Furnished,East,Resale_Old,Large,2,: ,5263.0,0,0,0,0
4.0,2.0,16,16,1.0,0.5384615384615384,2.0,1350.0,17.492871,78.239079,30.0,0,1,0,1,0,0,0,0,0,Villa,Semi_Furnished,Unknown,Resale_Old,Medium,2,: ,66000.0,1,0,0,0
2.0,15.0,8,8,0.0,0.5384615384615384,2.0,1720.0,78.48667,17.38504,30.0,0,1,0,1,0,0,1,0,0,Apartment,Semi_Furnished,Unknown,Resale_Old,Medium,2,: ,4900.0,1,0,0,0
4.0,21.0,14,16,11.0,0.2857142857142857,2.0,3070.0,17.466613,78.336231,30.0,0,1,1,1,0,0,1,0,0,Apartment,Semi_Furnished,East,Resale_Old,XL,2,: ,12377.0,0,0,0,0
2.0,5.0,17,19,50.0,0.6,1.0,1125.0,17.435117,78.570312,7.0,1,0,1,1,0,0,1,0,0,Apartment,Semi_Furnished,East,Resale_Very_Old,Small,1,Mallapur,4999.0,0,0,0,0
2.0,4.0,1,1,50.0,0.5,1.0,1140.0,17.5179636,78.3813785,14.0,1,0,0,1,0,0,1,0,0,Apartment,Semi_Furnished,East,0_5_yrs,Small,1,Nizampet,3728.0,0,0,0,0
2.0,2.0,3,3,50.0,0.5,2.0,2000.0,17.3130765,78.5632461,4.0,1,0,0,1,0,0,0,0,0,Builder_Floor,Semi_Furnished,Unknown,Resale_Very_Old,Large,2,: ,6750.0,0,0,0,0
3.0,2.0,13,13,48.0,0.5384615384615384,2.0,1350.0,17.5316,78.26729,7.0,0,1,0,1,0,0,1,0,0,Villa,Semi_Furnished,East,Resale_Old,Medium,2,: ,5217.0,1,0,0,0
2.0,5.0,6,6,49.0,0.6,1.0,1450.0,17.38504,78.48667,7.0,1,0,0,1,0,0,1,0,0,Apartment,Semi_Furnished,West,Under_Construction,Medium,1,: ,5200.0,0,0,0,0
2.0,3.0,5,6,50.0,0.5384615384615384,3.0,1245.0,17.370238,78.555397,90.0,1,0,0,1,0,0,1,0,0,Apartment,Furnished,East,5_10_yrs,Medium,3+,: ,5721.0,1,0,0,0
5.0,2.0,4,6,6.0,0.5384615384615384,2.0,156.0,17.542319,78.226934,7.0,1,0,0,1,0,0,0,0,0,Villa,Semi_Furnished,North,Resale_Very_Old,Micro,2,Muthangi,80128.0,1,0,0,0
2.0,2.0,8,9,49.0,0.5384615384615384,3.0,1350.0,17.499527,78.4767399,30.0,1,0,0,1,0,0,1,0,0,Villa,Furnished,Unknown,Resale_Very_Old,Medium,3+,: ,92666.0,1,0,0,0
3.0,5.0,0,0,49.0,0.4,1.0,1520.0,17.4609913,78.3532083,30.0,1,0,0,1,0,0,1,0,0,Apartment,Furnished,West,0_5_yrs,Medium,1,: ,7236.0,0,0,0,0
2.0,5.0,1,0,49.0,1.0,1.0,1060.0,17.427333,78.496673,30.0,1,0,0,1,0,0,1,1,0,Apartment,Furnished,East,5_10_yrs,Small,1,: ,7264.0,0,0,0,0
3.0,5.0,2,2,33.0,1.0,1.0,1520.0,17.406421,78.616398,30.0,1,0,0,1,0,0,1,1,0,Apartment,Semi_Furnished,East,Under_Construction,Medium,1,: ,4934.0,0,0,0,0
6.0,2.0,0,0,50.0,0.5384615384615384,3.0,3000.0,17.4106,78.46241,60.0,1,0,0,1,0,0,0,0,0,Villa,Semi_Furnished,NE,5_10_yrs,XL,3+,: ,23333.0,1,0,0,0
2.0,9.0,3,3,50.0,0.5555555555555556,1.0,1155.0,17.5203424,78.3970205,30.0,0,1,0,1,0,0,1,0,0,Apartment,Semi_Furnished,East,Resale_Old,Small,1,: ,6493.0,0,0,0,0
2.0,5.0,17,18,17.0,0.6,2.0,1205.0,17.4664197,78.285342,28.0,0,1,0,1,0,0,1,0,0,Apartment,Semi_Furnished,East,Resale_Old,Medium,2,: ,6000.0,0,0,0,0
3.0,5.0,8,11,47.0,0.4,2.0,1495.0,17.492636,78.319284,30.0,0,1,0,1,0,0,1,0,0,Apartment,Semi_Furnished,North,Resale_Old,Medium,2,: ,6300.0,0,0,0,0
3.0,39.0,13,13,13.0,0.5128205128205128,1.0,1715.0,17.39554,78.35518,21.0,0,1,1,1,0,0,1,0,0,Apartment,Semi_Furnished,East,Resale_Old,Medium,1,: ,10204.0,0,0,0,0
3.0,24.0,18,18,9.0,0.5,1.0,2000.0,17.467762,78.408146,30.0,1,0,1,1,0,0,1,0,0,Apartment,Semi_Furnished,West,Resale_Very_Old,Large,1,: ,9900.0,0,0,0,0
3.0,1.0,6,9,50.0,0.5384615384615384,1.0,1830.0,17.5090182,78.3001801,7.0,1,0,0,1,0,0,1,0,0,Villa,Semi_Furnished,West,0_5_yrs,Large,1,Beeramguda,8743.0,1,0,0,0
3.0,14.0,10,12,10.0,0.3571428571428571,2.0,1620.0,17.5468498,78.3650231,,0,1,0,1,0,0,1,0,0,Apartment,Semi_Furnished,East,Resale_Old,Medium,2,Bachupally,4900.0,0,0,0,0
3.0,14.0,11,13,10.0,0.2142857142857142,2.0,1548.0,17.5468498,78.3650231,,0,1,0,1,0,0,1,0,0,Apartment,Semi_Furnished,East,Resale_Old,Medium,2,Bachupally,4900.0,0,0,0,0
3.0,14.0,10,12,10.0,0.2857142857142857,2.0,1539.0,17.5468498,78.3650231,,0,1,0,1,0,0,1,0,0,Apartment,Semi_Furnished,East,Resale_Old,Medium,2,: ,4900.0,0,0,0,0
3.0,14.0,10,12,10.0,0.2857142857142857,2.0,1494.0,17.5468498,78.3650231,,0,1,0,1,0,0,1,0,0,Apartment,Semi_Furnished,East,Resale_Old,Medium,2,: ,4900.0,0,0,0,0
3.0,32.0,19,21,47.0,0.1875,2.0,1735.0,17.49479,78.39964,7.0,0,1,0,1,0,0,1,0,0,Apartment,Semi_Furnished,West,Resale_Old,Medium,2,Kukatpally,8500.0,0,0,0,0
3.0,42.0,22,24,50.0,0.1904761904761904,2.0,1839.0,17.509181,78.3521088,7.0,0,1,0,1,0,0,1,0,0,Apartment,Semi_Furnished,East,Resale_Old,Large,2,Miyapur,6499.0,0,0,0,0
3.0,12.0,12,14,10.0,0.3333333333333333,2.0,1962.0,17.5468498,78.3650231,7.0,0,1,0,1,0,0,1,0,0,Apartment,Semi_Furnished,West,Resale_Old,Large,2,Bachupally,4900.0,0,0,0,0
3.0,5.0,14,16,47.0,0.6,2.0,1540.0,17.5337007,78.401286,7.0,1,0,0,1,0,0,1,0,0,Apartment,Semi_Furnished,East,Resale_Very_Old,Medium,2,: ,5718.0,0,0,0,0
3.0,14.0,19,21,13.0,0.5,2.0,1575.0,17.5789054,78.4268758,7.0,0,1,0,1,0,0,1,0,0,Apartment,Semi_Furnished,East,Resale_Old,Medium,2,Gandimaisamma,5249.0,0,0,0,0
2.0,14.0,21,23,13.0,0.5,2.0,1200.0,17.5789054,78.4268758,7.0,0,1,0,1,0,0,1,0,0,Apartment,Semi_Furnished,East,Resale_Old,Small,2,Gandimaisamma,5249.0,0,0,0,0
3.0,32.0,18,20,47.0,0.28125,2.0,1592.0,17.49479,78.39964,14.0,0,1,0,1,0,0,1,0,0,Apartment,Semi_Furnished,West,Resale_Old,Medium,2,Kukatpally,8500.0,0,0,0,0
3.0,5.0,10,12,50.0,0.4,2.0,1600.0,17.47078,78.30668,14.0,0,1,0,1,0,0,1,0,0,Apartment,Semi_Furnished,East,Resale_Old,Medium,2,Nallagandla,6400.0,0,0,0,0
3.0,42.0,20,22,50.0,0.1904761904761904,2.0,1509.0,17.509181,78.3521088,14.0,0,1,0,1,0,0,1,0,0,Apartment,Semi_Furnished,East,Resale_Old,Medium,2,Miyapur,6499.0,0,0,0,0
3.0,12.0,13,15,10.0,0.3333333333333333,2.0,1944.0,17.5468498,78.3650231,14.0,0,1,0,1,0,0,1,0,0,Apartment,Semi_Furnished,West,Resale_Old,Large,2,: ,4900.0,0,0,0,0
3.0,12.0,12,14,10.0,0.3333333333333333,2.0,1548.0,17.5468498,78.3650231,14.0,0,1,0,1,0,0,1,0,0,Apartment,Semi_Furnished,East,Resale_Old,Medium,2,Bachupally,4900.0,0,0,0,0
3.0,5.0,10,12,47.0,0.6,2.0,1540.0,17.5337007,78.401286,14.0,1,0,0,1,0,0,1,0,0,Apartment,Semi_Furnished,East,Resale_Very_Old,Medium,2,: ,5700.0,0,0,0,0
2.0,5.0,11,13,47.0,0.4,2.0,1210.0,17.5337007,78.401286,14.0,1,0,0,1,0,0,1,0,0,Apartment,Semi_Furnished,East,Resale_Very_Old,Medium,2,: ,5700.0,0,0,0,0
3.0,12.0,14,16,50.0,0.3333333333333333,2.0,1620.0,17.509181,78.3521088,21.0,0,1,0,1,0,0,1,0,0,Apartment,Semi_Furnished,West,Resale_Old,Medium,2,Miyapur,4900.0,0,0,0,0
3.0,12.0,14,16,10.0,0.1666666666666666,2.0,1548.0,17.5468498,78.3650231,21.0,0,1,0,1,0,0,1,0,0,Apartment,Semi_Furnished,East,Resale_Old,Medium,2,Bachupally,4900.0,0,0,0,0
3.0,31.0,30,31,12.0,0.7419354838709677,1.0,1834.0,17.3973794,78.3856447,30.0,1,0,0,1,0,0,1,0,0,Apartment,Furnished,West,Resale_Very_Old,Large,1,: ,11723.0,0,0,0,0
3.0,5.0,11,12,50.0,0.8,2.0,1740.0,17.47078,78.30668,21.0,0,1,0,1,0,0,1,0,0,Apartment,Semi_Furnished,North,Resale_Old,Medium,2,Nallagandla,6781.0,0,0,0,0
4.0,29.0,13,14,25.0,0.0344827586206896,3.0,5430.0,17.3923634,78.3621784,30.0,1,0,0,1,0,0,1,0,0,Apartment,Furnished,West,Under_Construction,XXL,3+,: ,17495.0,0,0,0,0
3.0,5.0,10,10,50.0,0.2,2.0,2300.0,17.465875,78.366333,7.0,1,0,0,1,0,0,1,0,0,Builder_Floor,Semi_Furnished,South,Resale_Very_Old,Large,2,: ,6086.0,0,0,0,0
4.0,5.0,3,6,24.0,0.5384615384615384,2.0,170.0,17.5274768,78.5362171,4.0,1,0,0,1,0,1,0,0,0,Villa,Semi_Furnished,West,Resale_Very_Old,Micro,2,: ,94117.0,1,0,0,0
5.0,2.0,4,6,10.0,0.5384615384615384,2.0,2250.0,17.532558,78.529251,7.0,1,0,0,1,0,0,0,0,0,Villa,Semi_Furnished,West,Resale_Very_Old,Large,2,: ,68000.0,1,0,0,0
4.0,2.0,3,3,24.0,0.5384615384615384,2.0,1350.0,17.50107,78.59508,7.0,1,0,0,1,0,0,0,0,0,Villa,Semi_Furnished,North,Resale_Very_Old,Medium,2,: ,76666.0,1,0,0,0
5.0,3.0,4,7,47.0,0.5384615384615384,3.0,3150.0,17.491032,78.550234,7.0,1,0,0,1,0,0,0,0,0,Villa,Semi_Furnished,North,0_5_yrs,XL,3+,: ,157142.0,1,0,0,0
5.0,3.0,8,11,49.0,0.5384615384615384,3.0,3150.0,17.505811,78.539781,7.0,1,0,0,1,0,0,0,0,0,Villa,Semi_Furnished,East,0_5_yrs,XL,3+,: ,128571.0,1,0,0,0
4.0,2.0,0,0,27.0,0.5384615384615384,2.0,1440.0,17.485206408706663,78.60681438946276,7.0,1,0,0,1,0,0,0,0,0,Villa,Semi_Furnished,East,Under_Construction,Medium,2,: ,81250.0,1,0,0,0
3.0,3.0,23,24,50.0,0.5384615384615384,2.0,3726.0,17.5090182,78.3001801,21.0,0,1,0,1,0,0,0,0,0,Villa,Semi_Furnished,East,Resale_Old,XL,2,Beeramguda,5200.0,1,0,0,0
3.0,3.0,18,19,50.0,0.5384615384615384,2.0,3040.0,17.5090182,78.3001801,21.0,0,1,0,1,0,0,1,0,0,Villa,Semi_Furnished,East,Resale_Old,XL,2,Beeramguda,5200.0,1,0,0,0
3.0,1.0,4,4,49.0,0.5384615384615384,1.0,1647.0,17.38504,78.48667,30.0,1,0,0,1,0,0,0,0,0,Villa,Semi_Furnished,West,0_5_yrs,Medium,1,: ,84699.0,1,0,0,0
4.0,7.0,5,5,46.0,0.1428571428571428,3.0,4287.0,17.4164707,78.4382469,30.0,1,0,0,1,0,0,1,0,0,Apartment,Semi_Furnished,East,Resale_Very_Old,XL,3+,: ,10500.0,0,0,0,0
3.0,5.0,4,4,50.0,0.5384615384615384,2.0,1609.0,17.39718420583,78.3765384351226,30.0,0,1,0,1,0,0,1,0,0,Apartment,Semi_Furnished,South,Resale_Old,Medium,2,: ,5800.0,1,0,0,0
3.0,5.0,5,5,25.0,0.5384615384615384,2.0,1656.0,17.3923634,78.3621784,30.0,0,1,0,1,0,0,1,0,0,Apartment,Semi_Furnished,East,Resale_Old,Medium,2,: ,5800.0,1,0,0,0
3.0,14.0,14,14,12.0,0.5714285714285714,1.0,1795.0,17.39992,78.36983,30.0,0,1,1,1,0,0,1,0,0,Apartment,Semi_Furnished,West,Resale_Old,Medium,1,: ,7298.0,0,0,0,0
3.0,18.0,20,20,10.0,0.3888888888888889,1.0,1535.0,17.390918,78.3492573,30.0,1,0,1,1,0,1,1,0,0,Apartment,Semi_Furnished,West,Resale_Very_Old,Medium,1,: ,9120.0,0,0,0,0
3.0,32.0,7,10,10.0,0.46875,2.0,1514.0,17.3973794,78.3856447,30.0,0,1,1,1,0,0,1,0,0,Apartment,Semi_Furnished,NE,Resale_Old,Medium,2,: ,9445.0,0,0,0,0
3.0,35.0,21,22,8.0,0.0571428571428571,2.0,2259.0,17.4745991,78.3917284,7.0,1,0,0,1,0,1,1,0,0,Apartment,Semi_Furnished,West,Under_Construction,Large,2,5th Phase KPHB,8632.0,0,0,0,0
10.0,35.0,2,2,50.0,0.0857142857142857,4.0,7300.0,17.4930942,78.5036065,30.0,1,0,0,1,0,1,1,0,0,Apartment,Furnished,South,Under_Construction,XXL,3+,: ,6164.0,0,0,0,0
3.0,36.0,8,8,13.0,0.3888888888888889,1.0,2124.0,17.402291123438,78.338167423361,21.0,0,1,1,1,0,0,1,0,0,Apartment,Semi_Furnished,Unknown,Resale_Old,Large,1,: ,14296.0,0,0,0,0
4.0,31.0,6,6,13.0,0.967741935483871,2.0,3365.0,17.465823,78.407845,21.0,0,1,0,1,0,0,1,0,0,Apartment,Semi_Furnished,Unknown,Resale_Old,XL,2,: ,9806.0,0,0,0,0
3.0,40.0,6,6,15.0,0.25,2.0,1860.0,17.396115,78.357941,21.0,0,1,1,1,0,0,1,0,0,Apartment,Semi_Furnished,Unknown,Resale_Old,Large,2,: ,7200.0,0,0,0,0
4.0,28.0,16,16,25.0,0.75,2.0,3333.0,17.392812,78.362945,21.0,0,1,1,1,0,0,1,0,0,Apartment,Semi_Furnished,West,Resale_Old,XL,2,: ,9900.0,0,0,0,0
4.0,2.0,12,12,44.0,0.5384615384615384,1.0,300.0,17.36149,78.407206,21.0,0,1,1,1,0,0,1,0,0,Villa,Semi_Furnished,West,Resale_Old,Micro,1,: ,12198.0,1,0,0,0
3.0,35.0,8,10,10.0,0.2,1.0,1742.0,17.4359437,78.3416731,28.0,1,0,1,1,0,0,1,0,0,Apartment,Semi_Furnished,West,Under_Construction,Medium,1,: ,11021.0,0,0,0,0
3.0,12.0,12,12,0.0,0.5833333333333334,2.0,2000.0,17.443855,78.250431,30.0,0,1,0,1,0,0,1,0,0,Apartment,Semi_Furnished,East,Resale_Old,Large,2,: ,5899.0,0,0,0,0
4.0,2.0,11,11,1.0,0.5384615384615384,3.0,3394.0,17.555324,78.308221,30.0,0,1,0,1,0,0,0,0,0,Villa,Semi_Furnished,East,Resale_Old,XL,3+,: ,5700.0,1,0,0,0
4.0,2.0,11,13,0.0,0.5384615384615384,3.0,3392.0,17.563151,78.296336,7.0,0,1,0,1,0,0,0,0,0,Villa,Semi_Furnished,East,Resale_Old,XL,3+,: ,5700.0,1,0,0,0
3.0,1.0,12,13,10.0,0.5384615384615384,2.0,2900.0,17.5468498,78.3650231,30.0,0,1,0,1,0,0,1,0,0,Villa,Semi_Furnished,East,Resale_Old,XL,2,: ,6999.0,1,0,0,0
3.0,13.0,8,10,9.0,0.3076923076923077,2.0,1525.0,17.575957,78.471167,30.0,0,1,0,1,0,0,1,0,0,Apartment,Semi_Furnished,East,Resale_Old,Medium,2,: ,6032.0,0,0,0,0
3.0,5.0,3,3,46.0,0.6,2.0,2400.0,17.4164707,78.4382469,30.0,1,0,0,1,0,0,1,0,0,Apartment,Furnished,East,Under_Construction,Large,2,: ,9375.0,0,0,0,0
4.0,22.0,30,33,13.0,0.5909090909090909,2.0,2644.0,17.4359437,78.3416731,7.0,1,0,1,1,0,0,1,0,0,Apartment,Furnished,NE,Resale_Very_Old,XL,2,Gachibowli,7942.0,0,0,0,0
3.0,9.0,24,26,32.0,0.7777777777777778,2.0,1950.0,17.413061,78.34356,14.0,1,0,1,1,0,1,1,0,0,Apartment,Semi_Furnished,North,Under_Construction,Large,2,Financial District,8461.0,0,0,0,0
2.0,3.0,24,25,0.0,0.5384615384615384,1.0,2403.0,17.233562897673416,78.54189608906688,14.0,0,1,0,1,0,0,0,0,0,Villa,Semi_Furnished,East,Resale_Old,Large,1,Adibatla,31835.0,1,0,0,0
3.0,35.0,31,33,10.0,0.7714285714285715,1.0,1919.0,17.4147791,78.3417801,30.0,1,0,1,1,0,1,1,0,0,Apartment,Semi_Furnished,West,Under_Construction,Large,1,: ,10943.0,0,0,0,0
3.0,5.0,4,5,50.0,1.0,1.0,1350.0,17.4653875,78.478036,30.0,1,0,0,1,0,0,1,1,0,Apartment,Furnished,West,5_10_yrs,Medium,1,: ,5925.0,0,0,0,0
3.0,36.0,7,8,13.0,0.3333333333333333,1.0,2595.0,17.4480919,78.3787508,30.0,1,0,0,1,0,0,1,0,0,Apartment,Unfurnished,West,Under_Construction,XL,1,: ,23892.0,0,0,0,0
2.0,10.0,8,10,1.0,0.6,1.0,1370.0,17.477415,78.227409,30.0,0,1,0,1,0,0,1,0,0,Apartment,Semi_Furnished,East,Resale_Old,Medium,1,: ,6095.0,0,0,0,0
3.0,8.0,6,6,44.0,0.625,1.0,1540.0,17.444237,78.356383,30.0,1,0,0,1,0,0,1,0,0,Apartment,Unfurnished,West,0_5_yrs,Medium,1,: ,9090.0,0,0,0,0
3.0,20.0,6,7,50.0,0.9,2.0,1800.0,17.47078,78.30668,30.0,1,0,0,1,0,0,1,0,0,Apartment,Furnished,West,5_10_yrs,Medium,2,: ,8055.0,0,0,0,0
3.0,19.0,8,8,4.0,0.9473684210526316,1.0,2210.0,17.4609913,78.3532083,30.0,1,0,1,1,0,0,1,0,0,Apartment,Semi_Furnished,Unknown,Resale_Very_Old,Large,1,: ,13122.0,0,0,0,0
2.0,10.0,4,4,40.0,0.7,2.0,1200.0,17.447407,78.379616,30.0,1,0,0,1,0,0,1,0,0,Apartment,Furnished,North,5_10_yrs,Small,2,: ,11666.0,0,0,0,0
3.0,12.0,8,10,15.0,0.8333333333333334,2.0,1650.0,17.509181,78.3521088,30.0,0,1,0,1,0,0,1,0,0,Apartment,Semi_Furnished,East,Resale_Old,Medium,2,: ,6060.0,0,0,0,0
3.0,2.0,22,22,0.0,0.5384615384615384,2.0,1800.0,17.443855,78.250431,30.0,0,1,0,1,0,0,0,0,0,Villa,Semi_Furnished,East,Resale_Old,Medium,2,: ,85144.0,1,0,0,0
3.0,2.0,23,23,3.0,0.5384615384615384,2.0,2100.0,17.575068,78.253963,30.0,0,1,0,1,0,0,0,0,0,Villa,Semi_Furnished,East,Resale_Old,Large,2,: ,6500.0,1,0,0,0
3.0,2.0,17,17,3.0,0.5384615384615384,2.0,165.0,17.575068,78.253963,30.0,0,1,0,1,0,0,0,0,0,Villa,Semi_Furnished,Unknown,Resale_Old,Micro,2,Indresham,104531.0,1,0,0,0
2.0,22.0,6,6,13.0,0.7272727272727273,1.0,1290.0,17.4359437,78.3416731,30.0,1,0,1,1,0,0,1,0,0,Apartment,Unfurnished,West,Under_Construction,Medium,1,: ,7674.0,0,0,0,0
3.0,21.0,5,6,11.0,0.4761904761904761,2.0,3165.0,17.4609913,78.3532083,30.0,0,1,1,1,0,0,1,0,0,Apartment,Furnished,West,Resale_Old,XL,2,: ,11532.0,0,0,0,0
4.0,2.0,3,3,1.0,0.5384615384615384,2.0,5350.0,17.477415,78.227409,30.0,0,1,1,1,0,0,1,0,0,Villa,Furnished,East,Resale_Old,XXL,2,: ,14500.0,1,0,0,0
4.0,39.0,3,4,4.0,0.7435897435897436,2.0,4761.0,17.478433,78.392116,60.0,1,0,0,1,0,0,1,0,0,Apartment,Furnished,Unknown,0_5_yrs,XL,2,: ,12077.0,0,0,0,0
3.0,21.0,6,7,48.0,0.5238095238095238,2.0,2435.0,17.4411482,78.3910691,60.0,1,0,0,1,0,0,1,0,0,Apartment,Furnished,North,0_5_yrs,Large,2,: ,10061.0,0,0,0,0
3.0,18.0,8,10,12.0,0.4444444444444444,2.0,1990.0,17.4609913,78.3532083,,1,0,1,1,0,0,1,0,0,Apartment,Semi_Furnished,East,Resale_Very_Old,Large,2,: ,9698.0,0,0,0,0
3.0,18.0,7,9,12.0,0.4444444444444444,2.0,2475.0,17.4609913,78.3532083,,1,0,1,1,0,0,1,0,0,Apartment,Semi_Furnished,East,Resale_Very_Old,Large,2,: ,9696.0,0,0,0,0
3.0,39.0,3,5,13.0,0.8974358974358975,2.0,2660.0,17.3923634,78.3621784,30.0,0,1,1,1,0,0,1,0,0,Apartment,Semi_Furnished,East,Resale_Old,XL,2,: ,10902.0,0,0,0,0
4.0,3.0,8,11,0.0,0.5384615384615384,3.0,3900.0,17.443855,78.250431,4.0,1,0,0,1,0,0,1,0,0,Villa,Semi_Furnished,East,Resale_Very_Old,XL,3+,: ,5897.0,1,0,0,0
3.0,18.0,8,10,49.0,0.4444444444444444,2.0,1800.0,17.38504,78.48667,7.0,0,1,0,1,0,0,1,0,0,Apartment,Semi_Furnished,East,Resale_Old,Medium,2,: ,3200.0,0,0,0,0
3.0,2.0,8,11,49.0,0.5384615384615384,2.0,2100.0,17.38504,78.48667,7.0,0,1,0,1,0,0,0,0,0,Villa,Semi_Furnished,East,Resale_Old,Large,2,: ,6190.0,1,0,0,0
1.0,2.0,4,5,3.0,0.5384615384615384,2.0,1161.0,17.348269,78.647456,30.0,1,0,0,1,0,0,0,0,0,Villa,Semi_Furnished,NW,Resale_Very_Old,Small,2,: ,75968.0,1,0,0,0
3.0,5.0,11,11,2.0,0.6,2.0,1525.0,17.557546,78.557555,7.0,1,0,0,1,0,0,0,0,0,Builder_Floor,Semi_Furnished,East,Resale_Very_Old,Medium,2,: ,4524.0,0,0,0,0
2.0,5.0,3,3,4.0,0.6,2.0,1133.0,17.544794,78.296364,7.0,1,0,0,1,0,1,1,0,0,Apartment,Semi_Furnished,East,Under_Construction,Small,2,: ,5119.0,0,0,0,0
5.0,2.0,6,9,49.0,0.5384615384615384,3.0,5850.0,17.38504,78.48667,30.0,1,0,0,1,0,0,0,0,0,Villa,Semi_Furnished,NW,0_5_yrs,XXL,3+,: ,105384.0,1,0,0,0
3.0,10.0,28,30,48.0,0.7,3.0,3050.0,17.422104,78.346978,30.0,1,0,0,1,0,0,1,0,0,Apartment,Unfurnished,West,0_5_yrs,XL,3+,: ,11000.0,0,0,0,0
4.0,3.0,26,29,17.0,0.5384615384615384,4.0,5000.0,17.454578,78.305819,30.0,1,0,0,1,0,0,1,0,0,Villa,Furnished,East,0_5_yrs,XL,3+,: ,23000.0,1,0,0,0
2.0,6.0,7,7,46.0,0.5,2.0,1250.0,17.532274,78.39243,2.0,1,0,0,1,0,1,1,0,0,Apartment,Semi_Furnished,West,Under_Construction,Medium,2,: ,5999.0,0,0,0,0
4.0,17.0,17,19,39.0,0.5882352941176471,2.0,3500.0,17.4480919,78.3787508,7.0,1,0,0,1,0,0,1,0,0,Apartment,Semi_Furnished,East,0_5_yrs,XL,2,: ,16285.0,0,0,0,0
3.0,9.0,8,10,26.0,0.6666666666666666,2.0,1960.0,17.40223,78.3444,30.0,1,0,0,1,0,0,1,0,0,Apartment,Semi_Furnished,East,Resale_Very_Old,Large,2,: ,6785.0,0,0,0,0
4.0,43.0,8,11,50.0,0.5384615384615384,3.0,5695.0,17.3973794,78.3856447,30.0,1,0,0,1,0,0,1,0,0,Villa,Semi_Furnished,East,Resale_Very_Old,XXL,3+,: ,7000.0,1,0,0,0
2.0,5.0,9,9,50.0,0.6,2.0,1225.0,17.4011618,78.37569,30.0,0,1,0,1,0,0,1,0,0,Apartment,Semi_Furnished,East,Resale_Old,Medium,2,: ,4595.0,0,0,0,0
3.0,6.0,5,5,50.0,0.5,3.0,1800.0,17.411192,78.383435,30.0,0,1,0,1,0,0,1,0,0,Apartment,Semi_Furnished,East,Resale_Old,Medium,3+,: ,6000.0,0,0,0,0
2.0,6.0,3,3,50.0,0.8333333333333334,2.0,1200.0,17.4109753,78.3852326,60.0,1,0,0,1,0,0,1,0,0,Apartment,Semi_Furnished,West,Under_Construction,Small,2,: ,6000.0,0,0,0,0
2.0,5.0,6,6,48.0,0.4,2.0,1189.0,17.5316,78.26729,6.0,1,0,0,1,0,0,1,0,0,Apartment,Furnished,East,Under_Construction,Small,2,: ,5046.0,0,0,0,0
3.0,6.0,6,10,49.0,0.3333333333333333,2.0,1637.0,17.4609913,78.3532083,6.0,1,0,0,1,0,0,1,0,0,Apartment,Semi_Furnished,East,Under_Construction,Medium,2,: ,8246.0,0,0,0,0
3.0,12.0,8,8,3.0,0.0,1.0,1449.0,17.565375891679,78.360902667046,,0,1,0,1,0,0,1,0,1,Apartment,Semi_Furnished,East,Resale_Old,Medium,1,Mallampet,4850.0,0,0,0,0
3.0,5.0,5,5,50.0,0.2,1.0,1496.0,17.4011618,78.37569,7.0,1,0,0,1,0,0,1,0,0,Apartment,Semi_Furnished,East,Resale_Very_Old,Medium,1,Manikonda,7085.0,0,0,0,0
3.0,32.0,19,21,13.0,0.3125,1.0,2235.0,17.391372,78.339424,14.0,1,0,1,1,0,0,1,0,0,Apartment,Furnished,NW,Resale_Very_Old,Large,1,: ,11000.0,0,0,0,0
2.0,1.0,15,16,46.0,0.5384615384615384,1.0,1197.0,17.4780657,78.5625678,14.0,1,0,0,1,0,0,0,0,0,Villa,Furnished,East,Resale_Very_Old,Small,1,: ,5972.0,1,0,0,0
3.0,2.0,8,9,0.0,0.5384615384615384,1.0,6534.0,17.6415169517376,77.8465246295364,14.0,1,0,0,1,0,0,1,0,0,Farmhouse,Semi_Furnished,Unknown,Resale_Very_Old,XXL,1,: ,5999.0,1,0,0,0
3.0,2.0,19,20,13.0,0.5384615384615384,2.0,6534.0,17.6197,78.082693,14.0,1,0,0,1,0,0,1,0,0,Farmhouse,Semi_Furnished,East,Resale_Very_Old,XXL,2,: ,5999.0,1,0,0,0
3.0,2.0,8,9,2.0,0.5384615384615384,2.0,6534.0,17.620662,77.953509,14.0,1,0,0,1,0,0,0,0,0,Farmhouse,Semi_Furnished,Unknown,Resale_Very_Old,XXL,2,: ,5999.0,1,0,0,0
3.0,34.0,16,16,10.0,0.9705882352941176,1.0,1993.0,17.41341,78.339447,14.0,1,0,1,1,0,0,1,0,0,Apartment,Semi_Furnished,East,Resale_Very_Old,Large,1,: ,11300.0,0,0,0,0
3.0,20.0,7,9,36.0,0.65,3.0,1890.0,17.40281,78.350792,14.0,1,0,0,1,0,0,1,0,0,Apartment,Furnished,North,Under_Construction,Large,3+,: ,14000.0,0,0,0,0
3.0,2.0,0,0,0.0,0.5384615384615384,1.0,1503.0,17.233562897673416,78.54189608906688,30.0,1,0,0,1,0,0,0,0,0,Villa,Semi_Furnished,Unknown,Resale_Very_Old,Medium,1,: ,26000.0,1,0,0,0
2.0,5.0,3,5,50.0,0.4,2.0,1140.0,17.47078,78.30668,30.0,0,1,0,1,0,0,1,0,0,Apartment,Semi_Furnished,East,Resale_Old,Small,2,: ,5701.0,0,0,0,0
3.0,25.0,19,21,13.0,0.64,1.0,1960.0,17.47078,78.30668,30.0,1,0,1,1,0,0,1,0,0,Apartment,Semi_Furnished,East,Under_Construction,Large,1,: ,10714.0,0,0,0,0
3.0,7.0,10,11,49.0,0.7142857142857143,1.0,2835.0,17.410585,78.401307,30.0,1,0,0,1,0,0,1,0,0,Apartment,Furnished,West,5_10_yrs,XL,1,: ,11111.0,0,0,0,0
3.0,20.0,8,11,12.0,0.6,1.0,2410.0,17.4609913,78.3532083,60.0,1,0,1,1,0,0,1,0,0,Apartment,Semi_Furnished,NE,Under_Construction,Large,1,: ,11203.0,0,0,0,0
3.0,2.0,8,9,2.0,0.5384615384615384,2.0,6534.0,17.620662,77.953509,21.0,1,0,0,1,0,0,0,0,0,Farmhouse,Semi_Furnished,Unknown,Resale_Very_Old,XXL,2,: ,12700.0,1,0,0,0
3.0,12.0,23,24,4.0,0.1666666666666666,1.0,1039.0,17.520188,78.344915,30.0,1,0,1,1,0,0,1,0,0,Apartment,Furnished,East,Resale_Very_Old,Small,1,Miyapur,8823.0,0,0,0,0
5.0,3.0,0,0,50.0,0.5384615384615384,4.0,5000.0,17.4295317,78.41266,21.0,1,0,0,1,0,0,0,0,0,Villa,Unfurnished,Unknown,Resale_Very_Old,XL,3+,: ,10000.0,1,0,0,0
2.0,0.0,8,8,49.0,0.5384615384615384,2.0,1800.0,17.38504,78.48667,30.0,0,1,0,1,0,0,0,0,0,Villa,Semi_Furnished,NE,Resale_Old,Medium,2,: ,4722.0,1,0,0,0
3.0,15.0,27,28,0.0,0.7333333333333333,3.0,2156.0,78.48667,17.38504,14.0,1,0,0,1,0,0,1,0,0,Apartment,Furnished,East,Under_Construction,Large,3+,: ,10500.0,0,0,0,0
3.0,5.0,31,33,4.0,0.4,2.0,1581.0,17.56162,78.40555,6.0,0,1,0,1,0,0,1,0,0,Apartment,Semi_Furnished,East,Resale_Old,Medium,2,: ,3800.0,0,0,0,0
3.0,14.0,5,7,8.0,0.5,2.0,1750.0,17.5789054,78.4268758,30.0,0,1,1,1,0,0,1,0,0,Apartment,Semi_Furnished,East,Resale_Old,Medium,2,: ,5278.0,0,0,0,0
2.0,14.0,3,5,8.0,0.0714285714285714,1.0,1175.0,17.5789054,78.4268758,30.0,0,1,1,1,0,0,1,0,0,Apartment,Semi_Furnished,East,Resale_Old,Small,1,: ,4936.0,0,0,0,0
2.0,6.0,31,33,12.0,0.1666666666666666,1.0,980.0,17.42169,78.21842,30.0,1,0,1,1,0,0,1,0,0,Apartment,Semi_Furnished,North,Resale_Very_Old,Small,1,: ,4000.0,0,0,0,0
3.0,2.0,27,29,48.0,0.5384615384615384,1.0,2200.0,17.5316,78.26729,30.0,0,1,0,1,0,0,1,0,0,Villa,Semi_Furnished,North,Resale_Old,Large,1,: ,5200.0,1,0,0,0
3.0,15.0,19,20,50.0,0.8666666666666667,2.0,1965.0,17.469685,78.311676,28.0,1,0,0,1,0,0,1,0,0,Apartment,Semi_Furnished,West,Under_Construction,Large,2,: ,10687.0,0,0,0,0
3.0,20.0,4,4,45.0,0.5,4.0,2040.0,17.44057,78.365551,30.0,1,0,0,1,0,0,1,0,0,Apartment,Unfurnished,East,0_5_yrs,Large,3+,: ,11029.0,0,0,0,0
2.0,5.0,6,7,47.0,0.4,1.0,1060.0,17.5337007,78.401286,2.0,1,0,0,1,0,0,1,0,0,Apartment,Semi_Furnished,East,Under_Construction,Small,1,: ,4716.0,0,0,0,0
3.0,30.0,8,8,13.0,0.7,2.0,2191.0,17.4359437,78.3416731,30.0,1,0,0,1,0,0,1,0,0,Apartment,Semi_Furnished,East,Resale_Very_Old,Large,2,: ,6833.0,0,0,0,0
4.0,3.0,27,27,15.0,0.5384615384615384,2.0,3693.0,17.484172,78.3392311,30.0,1,0,1,1,0,1,1,0,0,Villa,Semi_Furnished,West,Resale_Very_Old,XL,2,Kondapur,19000.0,1,0,0,0
3.0,2.0,2,2,5.0,0.5384615384615384,2.0,1503.0,17.640228766466283,78.4828090954698,30.0,1,0,0,1,0,0,1,0,0,Villa,Unfurnished,Unknown,Resale_Very_Old,Medium,2,: ,41916.0,1,0,0,0
2.0,5.0,0,0,6.0,0.2,1.0,1050.0,17.529701,78.333031,21.0,1,0,0,1,0,0,1,0,0,Apartment,Furnished,Unknown,Resale_Very_Old,Small,1,: ,5904.0,0,0,0,0
2.0,5.0,0,0,6.0,0.4,1.0,1050.0,17.529701,78.333031,21.0,1,0,0,1,0,0,1,0,0,Apartment,Furnished,Unknown,Resale_Very_Old,Small,1,: ,5904.0,0,0,0,0
3.0,24.0,19,19,9.0,0.2083333333333333,2.0,2500.0,17.467762,78.408146,60.0,1,0,1,1,0,0,1,0,0,Apartment,Semi_Furnished,West,Resale_Very_Old,Large,2,: ,9600.0,0,0,0,0
2.0,5.0,7,9,50.0,1.0,2.0,1275.0,17.500656,78.420364,30.0,1,0,0,1,0,1,1,1,0,Apartment,Semi_Furnished,East,Under_Construction,Medium,2,: ,6200.0,0,0,0,0
3.0,2.0,3,3,50.0,0.5384615384615384,2.0,2000.0,17.5090182,78.3001801,30.0,1,0,0,1,0,0,0,0,0,Villa,Semi_Furnished,North,Resale_Very_Old,Large,2,: ,6500.0,1,0,0,0
2.0,8.0,7,9,37.0,1.0,2.0,1225.0,17.538237,78.480804,7.0,1,0,0,1,0,0,1,1,0,Apartment,Semi_Furnished,East,Under_Construction,Medium,2,: ,4900.0,0,0,0,0
2.0,1.0,0,4,48.0,0.5384615384615384,1.0,1503.0,17.5316,78.26729,14.0,1,0,0,1,0,1,1,0,0,Villa,Furnished,West,Resale_Very_Old,Medium,1,: ,59281.0,1,0,0,0
3.0,13.0,7,9,50.0,1.0,2.0,1625.0,17.509181,78.3521088,7.0,0,1,0,1,0,0,1,1,0,Apartment,Semi_Furnished,East,Resale_Old,Medium,2,: ,5699.0,0,0,0,0
3.0,13.0,7,9,50.0,1.0,2.0,1495.0,17.509181,78.3521088,7.0,0,1,0,1,0,0,1,1,0,Apartment,Semi_Furnished,East,Resale_Old,Medium,2,: ,5699.0,0,0,0,0
2.0,13.0,7,9,50.0,1.0,2.0,1210.0,17.509181,78.3521088,7.0,0,1,0,1,0,0,1,1,0,Apartment,Semi_Furnished,East,Resale_Old,Medium,2,: ,5699.0,0,0,0,0
2.0,1.0,7,8,13.0,0.5384615384615384,1.0,1350.0,17.5588175,78.2673346,21.0,1,0,1,1,0,0,1,0,0,Villa,Semi_Furnished,East,Resale_Very_Old,Medium,1,: ,64333.0,1,0,0,0
5.0,2.0,7,7,0.0,0.5384615384615384,2.0,4200.0,78.48667,17.38504,30.0,1,0,0,1,0,0,0,0,0,Villa,Semi_Furnished,East,5_10_yrs,XL,2,: ,13095.0,1,0,0,0
3.0,2.0,12,12,6.0,0.5384615384615384,2.0,1800.0,17.548606,78.210422,14.0,0,1,0,1,0,0,0,0,0,Villa,Semi_Furnished,East,Resale_Old,Medium,2,: ,84500.0,1,0,0,0
4.0,3.0,16,16,50.0,0.5384615384615384,3.0,200.0,17.5090182,78.3001801,14.0,0,1,0,1,0,0,0,0,0,Villa,Semi_Furnished,East,Resale_Old,Micro,3+,: ,96900.0,1,0,0,0
3.0,2.0,11,13,6.0,0.5384615384615384,2.0,1503.0,17.548606,78.210422,14.0,0,1,0,1,0,0,0,0,0,Villa,Semi_Furnished,East,Resale_Old,Medium,2,: ,77844.0,1,0,0,0
2.0,1.0,6,6,0.0,0.5384615384615384,1.0,1440.0,17.20047,78.550548,21.0,0,1,0,1,0,0,0,0,0,Villa,Furnished,NE,Resale_Old,Medium,1,: ,31250.0,1,0,0,0
3.0,5.0,4,5,49.0,0.6,2.0,1800.0,17.4609913,78.3532083,21.0,1,0,0,1,0,0,1,0,0,Apartment,Semi_Furnished,West,Resale_Very_Old,Medium,2,: ,7400.0,0,0,0,0
2.0,5.0,8,10,22.0,0.5384615384615384,0.0,1440.0,17.07139,78.205312,28.0,0,1,0,1,0,0,0,0,0,Villa,Furnished,East,Resale_Old,Medium,Unknown,: ,31250.0,1,0,0,0
2.0,5.0,8,10,6.0,0.5384615384615384,0.0,1440.0,17.16671518425292,78.29562544721442,28.0,0,1,0,1,0,0,0,0,0,Villa,Furnished,East,Resale_Old,Medium,Unknown,: ,31250.0,1,0,0,0
2.0,5.0,8,10,0.0,0.5384615384615384,0.0,1440.0,17.71607,78.52229,28.0,0,1,0,1,0,0,0,0,0,Villa,Furnished,East,Resale_Old,Medium,Unknown,: ,31250.0,1,0,0,0
2.0,5.0,8,10,0.0,0.5384615384615384,0.0,1440.0,18.268193,78.622186,28.0,0,1,0,1,0,0,0,0,0,Villa,Furnished,East,Resale_Old,Medium,Unknown,: ,31250.0,1,0,0,0
2.0,5.0,8,9,1.0,0.5384615384615384,0.0,1440.0,17.228693,78.577689,28.0,0,1,0,1,0,0,0,0,0,Villa,Furnished,East,Resale_Old,Medium,Unknown,: ,31250.0,1,0,0,0
4.0,1.0,10,10,18.0,0.5384615384615384,0.0,2403.0,17.318492,78.482197,28.0,0,1,0,1,0,0,1,0,0,Villa,Furnished,East,Resale_Old,Large,Unknown,Tukkuguda,48689.0,1,0,0,0
2.0,4.0,11,11,18.0,0.25,1.0,800.0,17.318492,78.482197,28.0,0,1,0,1,0,0,1,0,0,Apartment,Furnished,East,Resale_Old,Micro,1,Tukkuguda,3300.0,0,0,0,0
2.0,5.0,8,10,1.0,0.5384615384615384,0.0,1440.0,17.280656,78.635099,28.0,0,1,0,1,0,0,0,0,0,Villa,Furnished,East,Resale_Old,Medium,Unknown,: ,31250.0,1,0,0,0
2.0,5.0,8,10,0.0,0.5384615384615384,0.0,1440.0,17.233562897673416,78.54189608906688,28.0,0,1,0,1,0,0,0,0,0,Villa,Furnished,East,Resale_Old,Medium,Unknown,: ,31250.0,1,0,0,0
2.0,5.0,7,9,3.0,0.5384615384615384,0.0,1440.0,17.290454,78.493747,28.0,0,1,0,1,0,0,0,0,0,Villa,Furnished,NE,Resale_Old,Medium,Unknown,: ,31250.0,1,0,0,0
2.0,5.0,8,10,0.0,0.5384615384615384,1.0,1440.0,17.2494091,78.4183466,28.0,0,1,0,1,0,0,0,0,0,Villa,Furnished,East,Resale_Old,Medium,1,: ,31250.0,1,0,0,0
2.0,5.0,8,10,0.0,0.5384615384615384,0.0,1440.0,17.063734,78.488644,28.0,0,1,0,1,0,0,0,0,0,Villa,Furnished,East,Resale_Old,Medium,Unknown,: ,31250.0,1,0,0,0
2.0,5.0,8,10,3.0,0.5384615384615384,1.0,1440.0,17.210329,78.500098,28.0,0,1,0,1,0,0,0,0,0,Villa,Furnished,East,Resale_Old,Medium,1,: ,31250.0,1,0,0,0
2.0,5.0,8,10,0.0,0.5384615384615384,1.0,1440.0,17.16954,78.47093,28.0,0,1,0,1,0,0,0,0,0,Villa,Furnished,NE,Resale_Old,Medium,1,: ,31250.0,1,0,0,0
4.0,1.0,12,12,18.0,0.5384615384615384,2.0,2403.0,17.318492,78.482197,30.0,0,1,0,1,0,0,1,0,0,Villa,Furnished,East,Resale_Old,Large,2,Tukkuguda,48689.0,1,0,0,0
3.0,18.0,8,11,10.0,1.0,1.0,1535.0,17.3901384,78.3488213,30.0,1,0,1,1,0,1,1,1,0,Apartment,Semi_Furnished,East,Resale_Very_Old,Medium,1,: ,9000.0,0,0,0,0
4.0,18.0,8,11,10.0,0.6666666666666666,2.0,2630.0,17.3895342,78.3485109,30.0,1,0,1,1,0,1,1,0,0,Apartment,Semi_Furnished,West,Resale_Very_Old,XL,2,: ,9000.0,0,0,0,0
3.0,20.0,8,8,0.0,0.9,2.0,1500.0,17.443855,78.250431,2.0,0,1,0,1,0,0,1,0,0,Apartment,Unfurnished,East,Resale_Old,Medium,2,Kollur,5801.0,0,0,0,0
3.0,31.0,8,10,12.0,0.3225806451612903,1.0,1834.0,17.3973794,78.3856447,30.0,1,0,0,1,0,1,1,0,0,Apartment,Furnished,East,Under_Construction,Large,1,: ,12540.0,0,0,0,0
5.0,29.0,11,12,8.0,0.0344827586206896,4.0,5430.0,17.400422,78.346941,30.0,1,0,0,1,0,0,1,0,0,Apartment,Semi_Furnished,West,Resale_Very_Old,XXL,3+,: ,20000.0,0,0,0,0
4.0,1.0,7,7,0.0,0.5384615384615384,3.0,4000.0,78.48667,17.38504,7.0,1,0,0,1,0,0,0,0,0,Villa,Semi_Furnished,East,5_10_yrs,XL,3+,: ,10000.0,1,0,0,0
4.0,40.0,27,27,25.0,0.875,3.0,3600.0,17.3923634,78.3621784,7.0,0,1,0,1,0,0,1,0,0,Apartment,Semi_Furnished,East,Resale_Old,XL,3+,: ,6500.0,0,0,0,0
4.0,40.0,28,28,25.0,0.6,3.0,3000.0,17.3923634,78.3621784,7.0,0,1,0,1,0,0,1,0,0,Apartment,Semi_Furnished,West,Resale_Old,XL,3+,: ,6466.0,0,0,0,0
4.0,40.0,25,25,25.0,0.375,3.0,3000.0,17.3923634,78.3621784,7.0,0,1,0,1,0,0,1,0,0,Apartment,Semi_Furnished,East,Resale_Old,XL,3+,: ,6500.0,0,0,0,0
3.0,1.0,7,7,50.0,0.5384615384615384,2.0,3600.0,17.4608292,78.4872706,7.0,1,0,0,1,0,0,1,0,0,Villa,Furnished,East,5_10_yrs,XL,2,: ,8333.0,1,0,0,0
3.0,4.0,14,15,13.0,0.5,3.0,1600.0,17.466402,78.28256,30.0,1,0,0,1,0,1,1,0,0,Apartment,Semi_Furnished,East,Under_Construction,Medium,3+,: ,6562.0,0,0,0,0
4.0,3.0,22,22,17.0,0.5384615384615384,3.0,200.0,17.311940823733476,78.47302608769566,30.0,0,1,0,1,0,0,1,0,0,Villa,Semi_Furnished,East,Resale_Old,Micro,3+,: ,204000.0,1,0,0,0
3.0,5.0,8,8,50.0,0.8,3.0,1838.0,17.435608,78.431012,30.0,1,0,0,1,0,0,1,0,0,Apartment,Furnished,West,5_10_yrs,Large,3+,: ,8161.0,0,0,0,0
4.0,2.0,15,15,0.0,0.5384615384615384,3.0,800.0,78.48667,17.38504,30.0,0,1,0,1,0,0,0,0,0,Villa,Semi_Furnished,East,Resale_Old,Micro,3+,Medchal,11948.0,1,0,0,0
3.0,12.0,18,18,24.0,0.1666666666666666,1.0,1630.0,17.510159,78.247179,30.0,0,1,0,1,0,0,1,0,0,Apartment,Unfurnished,East,Resale_Old,Medium,1,: ,4499.0,0,0,0,0
3.0,9.0,14,14,17.0,0.7777777777777778,1.0,2425.0,17.4664197,78.285342,,0,1,0,1,0,0,1,0,0,Apartment,Semi_Furnished,West,Resale_Old,Large,1,Tellapur,5299.0,0,0,0,0
3.0,39.0,3,6,13.0,0.6923076923076923,2.0,2020.0,17.3923634,78.3621784,30.0,0,1,1,1,0,0,1,0,0,Apartment,Semi_Furnished,East,Resale_Old,Large,2,: ,11138.0,0,0,0,0
2.0,42.0,8,10,50.0,0.6428571428571429,1.0,1509.0,17.509181,78.3521088,30.0,0,1,0,1,0,0,1,0,0,Apartment,Semi_Furnished,East,Resale_Old,Medium,1,: ,6494.0,0,0,0,0
3.0,42.0,23,25,50.0,0.3333333333333333,1.0,1839.0,17.509181,78.3521088,30.0,0,1,0,1,0,0,1,0,0,Apartment,Semi_Furnished,East,Resale_Old,Large,1,: ,6525.0,0,0,0,0
3.0,2.0,8,11,50.0,0.5384615384615384,2.0,132.0,17.308659,78.58336,30.0,1,0,0,1,0,1,1,0,0,Villa,Furnished,West,Under_Construction,Micro,2,: ,75757.0,1,0,0,0
4.0,1.0,13,15,1.0,0.5384615384615384,2.0,400.0,17.442196,78.280067,0.0,1,0,0,1,0,0,0,0,0,Villa,Furnished,East,Under_Construction,Micro,2,: ,205000.0,1,0,0,0
4.0,1.0,14,16,6.0,0.5384615384615384,2.0,400.0,17.435795,78.3012,0.0,1,0,0,1,0,1,0,0,0,Villa,Furnished,NE,Under_Construction,Micro,2,: ,207500.0,1,0,0,0
4.0,35.0,30,32,49.0,0.2285714285714285,3.0,2713.0,17.467455,78.34756,7.0,1,0,0,1,0,1,1,0,0,Apartment,Semi_Furnished,East,Under_Construction,XL,3+,: ,11000.0,0,0,0,0
3.0,24.0,31,33,13.0,0.625,1.0,1565.0,17.46793,78.34858,7.0,1,0,1,1,0,1,1,0,0,Apartment,Semi_Furnished,East,Under_Construction,Medium,1,: ,10500.0,0,0,0,0
2.0,4.0,4,5,50.0,1.0,1.0,950.0,17.4154884,78.5717631,60.0,1,0,0,1,0,0,1,1,0,Apartment,Semi_Furnished,NE,Resale_Very_Old,Small,1,: ,5789.0,0,0,0,0
4.0,2.0,8,8,10.0,0.5384615384615384,2.0,2801.0,17.4639176,78.6242289,21.0,0,1,0,1,0,0,0,0,0,Villa,Semi_Furnished,East,Resale_Old,XL,2,: ,5900.0,1,0,0,0
2.0,15.0,8,8,0.0,0.6666666666666666,1.0,1277.0,17.443855,78.250431,30.0,0,1,0,1,0,0,1,0,0,Apartment,Semi_Furnished,East,Resale_Old,Medium,1,: ,3899.0,0,0,0,0
3.0,12.0,15,18,0.0,0.4166666666666667,1.0,1345.0,17.443855,78.250431,14.0,0,1,0,1,0,0,1,0,0,Apartment,Semi_Furnished,NE,Resale_Old,Medium,1,Kollur,4199.0,0,0,0,0
4.0,2.0,15,17,0.0,0.5384615384615384,3.0,3940.0,17.443855,78.250431,14.0,0,1,0,1,0,0,1,0,0,Villa,Semi_Furnished,NE,Resale_Old,XL,3+,Kollur,7900.0,1,0,0,0
3.0,1.0,17,19,46.0,0.5384615384615384,2.0,2340.0,17.5330867548758,78.2682745858627,14.0,0,1,0,1,0,0,1,0,0,Villa,Semi_Furnished,NE,Resale_Old,Large,2,Patancheruvu,5800.0,1,0,0,0
3.0,1.0,17,19,6.0,0.5384615384615384,2.0,2340.0,17.542319,78.226934,14.0,0,1,0,1,0,0,1,0,0,Villa,Semi_Furnished,NE,Resale_Old,Large,2,Muthangi,4800.0,1,0,0,0
3.0,1.0,15,17,6.0,0.5384615384615384,2.0,2100.0,17.542319,78.226934,14.0,0,1,0,1,0,0,1,0,0,Villa,Semi_Furnished,NE,Resale_Old,Large,2,Muthangi,5800.0,1,0,0,0
2.0,12.0,17,19,0.0,0.4166666666666667,1.0,1384.0,17.443855,78.250431,14.0,0,1,0,1,0,0,1,0,0,Apartment,Semi_Furnished,NE,Resale_Old,Medium,1,Kollur,4900.0,0,0,0,0
3.0,12.0,22,24,46.0,0.6666666666666666,1.0,1798.0,17.5330867548758,78.2682745858627,14.0,0,1,0,1,0,0,1,0,0,Apartment,Semi_Furnished,NE,Resale_Old,Medium,1,Patancheruvu,4200.0,0,0,0,0
3.0,12.0,22,24,46.0,0.6666666666666666,1.0,1798.0,17.5330867548758,78.2682745858627,14.0,0,1,0,1,0,0,1,0,0,Apartment,Semi_Furnished,NE,Resale_Old,Medium,1,Patancheruvu,3500.0,0,0,0,0
2.0,5.0,5,5,34.0,0.6,2.0,1185.0,17.5238479933976,78.3227692229911,7.0,1,0,0,1,0,0,1,0,0,Apartment,Semi_Furnished,East,Resale_Very_Old,Small,2,: ,4641.0,0,0,0,0
4.0,3.0,12,14,0.0,0.5384615384615384,3.0,2701.0,17.563151,78.296336,14.0,0,1,0,1,0,0,0,0,0,Villa,Semi_Furnished,East,Resale_Old,XL,3+,: ,4538.0,1,0,0,0
8.0,2.0,2,2,50.0,0.5384615384615384,3.0,1566.0,17.5179636,78.3813785,,1,0,0,1,0,0,0,0,0,Villa,Furnished,South,Under_Construction,Medium,3+,: ,137931.0,1,0,0,0
3.0,1.0,7,7,3.0,0.5384615384615384,1.0,2480.0,17.47661,78.173427,2.0,1,0,0,1,0,0,0,0,0,Villa,Semi_Furnished,East,Resale_Very_Old,Large,1,Bhanur,8870.0,1,0,0,0
3.0,10.0,18,20,50.0,0.2,2.0,1920.0,17.49833,78.45806,30.0,0,1,1,1,0,0,1,0,0,Apartment,Semi_Furnished,East,Resale_Old,Large,2,: ,5700.0,0,0,0,0
3.0,5.0,3,4,49.0,0.6,2.0,1595.0,17.502996,78.470164,30.0,1,0,0,1,0,0,1,0,0,Apartment,Semi_Furnished,Unknown,0_5_yrs,Medium,2,: ,5830.0,0,0,0,0
4.0,18.0,8,8,10.0,0.1666666666666666,2.0,2630.0,17.3923634,78.3621784,14.0,1,0,1,1,0,1,1,0,0,Apartment,Furnished,East,Under_Construction,XL,2,: ,8935.0,0,0,0,0
3.0,18.0,8,8,10.0,0.9444444444444444,1.0,2540.0,17.3923634,78.3621784,14.0,1,0,1,1,0,1,1,0,0,Apartment,Furnished,West,Under_Construction,XL,1,: ,9645.0,0,0,0,0
3.0,1.0,15,17,0.0,0.5384615384615384,1.0,150.0,17.233562897673416,78.54189608906688,21.0,0,1,0,1,0,0,0,0,0,Villa,Semi_Furnished,East,Resale_Old,Micro,1,: ,66666.0,1,0,0,0
4.0,3.0,6,6,44.0,0.5384615384615384,1.0,3602.0,17.361812,78.4080554,21.0,1,0,1,1,0,1,1,0,0,Villa,Semi_Furnished,East,Under_Construction,XL,1,: ,12548.0,1,0,0,0
3.0,15.0,6,6,31.0,0.1333333333333333,2.0,2014.0,17.4132599,78.3377197,30.0,1,0,1,1,0,1,1,0,0,Apartment,Semi_Furnished,West,Under_Construction,Large,2,: ,9533.0,0,0,0,0
2.0,5.0,5,6,49.0,1.0,1.0,1200.0,17.4609913,78.3532083,30.0,1,0,0,1,0,0,1,1,0,Apartment,Furnished,East,0_5_yrs,Small,1,: ,6250.0,0,0,0,0
3.0,1.0,7,7,49.0,1.0,2.0,2250.0,17.4609913,78.3532083,30.0,1,0,0,1,0,0,1,1,0,Apartment,Furnished,East,0_5_yrs,Large,2,: ,9555.0,0,0,0,0
3.0,14.0,8,8,10.0,0.8571428571428571,1.0,1860.0,17.4612921,78.3057621,30.0,1,0,1,1,0,1,1,0,0,Apartment,Semi_Furnished,East,Under_Construction,Large,1,: ,10215.0,0,0,0,0
3.0,50.0,22,23,13.0,0.9,2.0,1652.0,17.48141,78.41979,21.0,0,1,1,1,0,0,1,0,0,Apartment,Semi_Furnished,East,Resale_Old,Medium,2,: ,11548.0,0,0,0,0
3.0,20.0,22,25,50.0,0.1,1.0,1800.0,17.47078,78.30668,30.0,1,0,0,1,0,0,1,0,0,Apartment,Furnished,East,5_10_yrs,Medium,1,Nallagandla,8888.0,0,0,0,0
2.0,5.0,4,5,50.0,0.6,1.0,1225.0,17.4711966,78.359549,5.0,1,0,0,1,0,1,1,0,0,Apartment,Semi_Furnished,East,Resale_Very_Old,Medium,1,: ,6775.0,0,0,0,0
5.0,2.0,16,16,0.0,0.5384615384615384,3.0,2100.0,17.443354,78.182044,30.0,0,1,0,1,0,0,0,0,0,Villa,Semi_Furnished,East,Resale_Old,Large,3+,: ,8999.0,1,0,0,0
2.0,5.0,4,6,49.0,1.0,1.0,1205.0,17.4706097,78.3431797,30.0,1,0,0,1,0,1,1,1,0,Apartment,Furnished,North,Resale_Very_Old,Medium,1,: ,7883.0,0,0,0,0
2.0,4.0,3,5,49.0,0.75,2.0,1080.0,17.4609913,78.3532083,30.0,1,0,0,1,0,0,1,0,0,Apartment,Furnished,North,Under_Construction,Small,2,: ,7129.0,0,0,0,0
2.0,15.0,19,20,49.0,0.8666666666666667,2.0,1350.0,17.4609913,78.3532083,30.0,0,1,0,1,0,0,1,0,0,Apartment,Semi_Furnished,East,Resale_Old,Medium,2,: ,7428.0,0,0,0,0
3.0,16.0,6,7,11.0,0.5625,3.0,1650.0,17.443855,78.250431,30.0,0,1,1,1,0,0,1,0,0,Apartment,Semi_Furnished,East,Resale_Old,Medium,3+,: ,4500.0,0,0,0,0
3.0,17.0,8,8,50.0,0.4117647058823529,3.0,1725.0,17.509181,78.3521088,30.0,0,1,0,1,0,0,1,0,0,Apartment,Semi_Furnished,East,Resale_Old,Medium,3+,: ,7368.0,0,0,0,0
2.0,5.0,5,9,49.0,0.2,2.0,1069.0,17.4609913,78.3532083,30.0,1,0,0,1,0,0,1,0,0,Apartment,Furnished,NW,0_5_yrs,Small,2,: ,7202.0,0,0,0,0
3.0,7.0,7,11,49.0,0.2857142857142857,1.0,1646.0,17.4609913,78.3532083,30.0,1,0,0,1,0,0,1,0,0,Apartment,Semi_Furnished,East,0_5_yrs,Medium,1,: ,8201.0,0,0,0,0
3.0,7.0,6,8,50.0,0.5384615384615384,1.0,1550.0,17.465872,78.352045,30.0,1,0,0,1,0,1,1,0,0,Apartment,Semi_Furnished,East,0_5_yrs,Medium,1,: ,8387.0,1,0,0,0
3.0,5.0,5,5,49.0,1.0,2.0,1550.0,17.4703099,78.3422864,30.0,1,0,0,1,0,1,1,1,0,Apartment,Semi_Furnished,North,Resale_Very_Old,Medium,2,: ,7200.0,0,0,0,0
2.0,4.0,6,8,50.0,1.0,2.0,1350.0,17.4705339,78.3423034,30.0,1,0,0,1,0,1,1,1,0,Apartment,Semi_Furnished,East,Resale_Very_Old,Medium,2,: ,6592.0,0,0,0,0
3.0,11.0,14,16,15.0,0.8181818181818182,3.0,1300.0,17.449877,78.242907,30.0,0,1,1,1,0,0,1,0,0,Apartment,Semi_Furnished,East,Resale_Old,Medium,3+,: ,5500.0,0,0,0,0
3.0,35.0,8,11,8.0,0.5714285714285714,2.0,2259.0,17.478433,78.392116,6.0,1,0,0,1,0,0,1,0,0,Apartment,Furnished,East,Under_Construction,Large,2,: ,10845.0,0,0,0,0
2.0,31.0,18,18,12.0,0.5161290322580645,1.0,1314.0,17.3973794,78.3856447,7.0,1,0,0,1,0,0,1,0,0,Apartment,Furnished,East,Under_Construction,Medium,1,: ,11796.0,0,0,0,0
5.0,3.0,8,10,1.0,0.5384615384615384,1.0,4050.0,17.4497676,78.2802565,21.0,1,0,1,1,0,1,1,0,0,Villa,Semi_Furnished,West,Resale_Very_Old,XL,1,: ,185555.0,1,0,0,0
2.0,13.0,8,10,9.0,0.1538461538461538,1.0,1170.0,17.575957,78.471167,30.0,0,1,0,1,0,0,1,0,0,Apartment,Semi_Furnished,East,Resale_Old,Small,1,: ,6153.0,0,0,0,0
3.0,21.0,8,11,4.0,0.9523809523809524,1.0,2350.0,17.455559,78.3675897,14.0,1,0,1,1,0,1,1,0,0,Apartment,Furnished,West,Under_Construction,Large,1,: ,15319.0,0,0,0,0
2.0,5.0,4,4,50.0,0.4,1.0,1135.0,17.5203424,78.3970205,28.0,0,1,0,1,0,0,1,0,0,Apartment,Semi_Furnished,East,Resale_Old,Small,1,: ,5400.0,0,0,0,0
4.0,36.0,31,33,0.0,0.8611111111111112,3.0,3490.0,78.48667,17.38504,14.0,0,1,0,1,0,0,1,0,0,Apartment,Semi_Furnished,NE,Resale_Old,XL,3+,Puppalguda Junction ORR,12929.0,0,0,0,0
3.0,9.0,20,23,49.0,0.7777777777777778,1.0,2360.0,17.465903,78.3706626,5.0,1,0,0,1,0,1,1,0,0,Apartment,Furnished,East,0_5_yrs,Large,1,Shilpa Hills,10000.0,0,0,0,0
3.0,25.0,18,19,50.0,0.32,2.0,2198.0,17.489676,78.393731,7.0,1,0,0,1,0,0,1,0,0,Apartment,Furnished,East,0_5_yrs,Large,2,3rd Phase KPHB,7734.0,0,0,0,0
3.0,36.0,22,23,13.0,0.0555555555555555,2.0,3430.0,17.430915,78.37728,30.0,1,0,0,1,0,0,1,0,0,Apartment,Semi_Furnished,West,Resale_Very_Old,XL,2,Hi Tech City,18000.0,0,0,0,0
3.0,18.0,23,26,47.0,0.1666666666666666,2.0,2295.0,17.463222,78.373772,30.0,1,0,0,1,0,1,1,0,0,Apartment,Furnished,NE,0_5_yrs,Large,2,Shilpa Hills,10457.0,0,0,0,0
3.0,1.0,2,2,2.0,0.5384615384615384,2.0,1080.0,17.530138381577164,78.63825395219442,30.0,0,1,0,1,0,0,0,0,0,Villa,Semi_Furnished,SW,Resale_Old,Small,2,: ,91666.0,1,0,0,0
2.0,5.0,12,12,44.0,0.2,1.0,1070.0,17.5371418,78.2604304,7.0,1,0,0,1,0,1,1,0,0,Apartment,Semi_Furnished,East,Resale_Very_Old,Small,1,Patancheru,4112.0,0,0,0,0
1.0,1.0,1,1,33.0,0.5384615384615384,0.0,1125.0,17.406421,78.616398,14.0,1,0,0,1,0,0,0,0,0,Villa,Semi_Furnished,Unknown,Under_Construction,Small,Unknown,: ,52000.0,1,0,0,0
2.0,1.0,2,2,33.0,0.5384615384615384,1.0,1440.0,17.406421,78.616398,14.0,1,0,0,1,0,0,0,0,0,Villa,Semi_Furnished,East,Resale_Very_Old,Medium,1,: ,59062.0,1,0,0,0
4.0,3.0,8,11,17.0,0.5384615384615384,3.0,3800.0,17.4664197,78.285342,14.0,0,1,0,1,0,0,1,0,0,Villa,Unfurnished,NE,Resale_Old,XL,3+,Tellapur,6315.0,1,0,0,0
1.0,5.0,17,17,50.0,0.6,1.0,500.0,17.4834541,78.3249543,30.0,1,0,0,1,0,0,1,0,0,Apartment,Furnished,North,0_5_yrs,Micro,1,Chandanagar,3999.0,0,0,0,0
4.0,5.0,19,19,49.0,0.6,2.0,2115.0,17.499527,78.4767399,4.0,0,1,0,1,0,0,1,0,0,Apartment,Semi_Furnished,NW,Resale_Old,Large,2,Suchitra,5650.0,0,0,0,0
4.0,3.0,17,17,49.0,0.5384615384615384,2.0,325.0,17.365962,78.437732,7.0,1,0,0,1,0,0,1,0,0,Villa,Semi_Furnished,East,Under_Construction,Micro,2,: ,184615.0,1,0,0,0
3.0,5.0,18,18,0.0,0.4,2.0,1795.0,78.48667,17.38504,7.0,0,1,0,1,0,0,1,0,0,Apartment,Semi_Furnished,East,Resale_Old,Medium,2,"QUTUBULLAPUR, SUCHITRA CIRCLE",6000.0,0,0,0,0
4.0,3.0,1,1,0.0,0.5384615384615384,2.0,2321.0,17.441826,78.26772,5.0,1,0,0,1,0,1,0,0,0,Villa,Semi_Furnished,NW,Under_Construction,Large,2,: ,14500.0,1,0,0,0
4.0,8.0,18,20,48.0,1.0,4.0,3910.0,17.462758,78.370565,21.0,1,0,0,1,0,0,1,1,0,Apartment,Furnished,West,0_5_yrs,XL,3+,: ,10741.0,0,0,0,0
3.0,6.0,20,21,49.0,0.1666666666666666,1.0,1570.0,17.492969,78.343076,21.0,1,0,0,1,0,0,1,0,0,Apartment,Semi_Furnished,NE,Under_Construction,Medium,1,: ,6369.0,0,0,0,0
2.0,5.0,5,5,24.0,0.4,1.0,1200.0,17.50107,78.59508,21.0,1,0,0,1,0,0,1,0,0,Apartment,Semi_Furnished,East,Resale_Very_Old,Small,1,: ,4583.0,0,0,0,0
3.0,5.0,12,12,37.0,0.6,2.0,1665.0,17.538237,78.480804,21.0,0,1,0,1,0,0,1,0,0,Apartment,Semi_Furnished,NE,Resale_Old,Medium,2,: ,6000.0,0,0,0,0
3.0,5.0,19,19,49.0,0.6,2.0,1665.0,17.499527,78.4767399,21.0,0,1,0,1,0,0,1,0,0,Apartment,Semi_Furnished,North,Resale_Old,Medium,2,Suchitra,6000.0,0,0,0,0
3.0,17.0,18,19,28.0,0.5882352941176471,2.0,3455.0,17.433231,78.383657,28.0,1,0,0,1,0,0,1,0,0,Apartment,Furnished,West,Under_Construction,XL,2,: ,16353.0,0,0,0,0
4.0,2.0,7,7,7.0,0.5384615384615384,1.0,580.0,17.47206,78.64345,6.0,1,0,0,1,0,0,0,0,0,Villa,Semi_Furnished,West,Resale_Very_Old,Micro,1,: ,94827.0,1,0,0,0
3.0,32.0,9,9,10.0,0.1875,2.0,1734.0,17.3970901,78.3740242,14.0,0,1,1,1,0,0,1,0,0,Apartment,Semi_Furnished,Unknown,Resale_Old,Medium,2,: ,8650.0,0,0,0,0
4.0,21.0,16,16,11.0,0.8095238095238095,3.0,3165.0,17.466613,78.336231,30.0,0,1,1,1,0,0,1,0,0,Apartment,Semi_Furnished,East,Resale_Old,XL,3+,: ,11465.0,0,0,0,0
3.0,20.0,10,11,15.0,0.15,2.0,1880.0,17.464041,78.337481,30.0,1,0,0,1,0,0,1,0,0,Apartment,Furnished,Unknown,Resale_Very_Old,Large,2,: ,12162.0,0,0,0,0
3.0,26.0,16,16,11.0,0.5384615384615384,2.0,1740.0,17.469415,78.311077,30.0,0,1,1,1,0,0,1,0,0,Apartment,Semi_Furnished,Unknown,Resale_Old,Medium,2,: ,8448.0,0,0,0,0
3.0,18.0,8,8,12.0,0.3333333333333333,2.0,2475.0,17.466742,78.337059,30.0,0,1,1,1,0,0,1,0,0,Apartment,Semi_Furnished,Unknown,Resale_Old,Large,2,: ,9696.0,0,0,0,0
2.0,18.0,8,8,12.0,0.2777777777777778,1.0,1325.0,17.466742,78.337059,30.0,0,1,1,1,0,0,1,0,0,Apartment,Semi_Furnished,Unknown,Resale_Old,Medium,1,: ,9962.0,0,0,0,0
2.0,22.0,9,9,9.0,0.5,1.0,1335.0,17.478221,78.312255,30.0,1,0,1,1,0,0,1,0,0,Apartment,Semi_Furnished,Unknown,Resale_Very_Old,Medium,1,: ,8838.0,0,0,0,0
3.0,21.0,12,12,11.0,0.8095238095238095,2.0,2390.0,17.466613,78.336231,30.0,0,1,1,1,0,0,1,0,0,Apartment,Semi_Furnished,Unknown,Resale_Old,Large,2,: ,11506.0,0,0,0,0
3.0,20.0,11,11,15.0,0.1,2.0,1900.0,17.464041,78.337481,30.0,1,0,0,1,0,0,1,0,0,Apartment,Semi_Furnished,Unknown,Resale_Very_Old,Large,2,: ,11684.0,0,0,0,0
3.0,18.0,13,13,12.0,0.8333333333333334,2.0,1840.0,17.466742,78.337059,30.0,0,1,1,1,0,0,1,0,0,Apartment,Semi_Furnished,Unknown,Resale_Old,Large,2,: ,9891.0,0,0,0,0
4.0,21.0,12,12,11.0,0.8095238095238095,2.0,3070.0,17.466613,78.336231,30.0,0,1,1,1,0,0,1,0,0,Apartment,Semi_Furnished,Unknown,Resale_Old,XL,2,: ,11530.0,0,0,0,0
3.0,26.0,22,22,11.0,0.5384615384615384,2.0,1740.0,17.469415,78.311077,30.0,0,1,1,1,0,0,1,0,0,Apartment,Semi_Furnished,East,Resale_Old,Medium,2,: ,8390.0,0,0,0,0
4.0,19.0,18,19,9.0,0.1578947368421052,4.0,2795.0,17.467762,78.408146,28.0,1,0,1,1,0,0,1,0,0,Apartment,Furnished,East,Under_Construction,XL,3+,: ,11091.0,0,0,0,0
5.0,50.0,31,33,48.0,0.58,4.0,14099.0,17.41214,78.36431,30.0,0,1,0,1,0,0,1,0,0,Apartment,Semi_Furnished,East,Resale_Old,XXL,3+,Khajaguda,9220.0,0,0,0,0
4.0,50.0,30,32,48.0,0.44,3.0,5039.0,17.41214,78.36431,30.0,0,1,0,1,0,0,1,0,0,Apartment,Semi_Furnished,East,Resale_Old,XXL,3+,Khajaguda,9922.0,0,0,0,0
3.0,36.0,30,32,17.0,0.5277777777777778,3.0,2430.0,17.4664197,78.285342,30.0,0,1,0,1,0,0,1,0,0,Apartment,Semi_Furnished,East,Resale_Old,Large,3+,Tellapur,7037.0,0,0,0,0
4.0,50.0,31,33,48.0,0.8,3.0,5039.0,17.41214,78.36431,30.0,0,1,0,1,0,0,1,0,0,Apartment,Semi_Furnished,East,Resale_Old,XXL,3+,Khajaguda,9000.0,0,0,0,0
2.0,5.0,3,3,34.0,0.6,1.0,1050.0,17.5238479933976,78.3227692229911,21.0,1,0,0,1,0,0,1,0,0,Apartment,Furnished,NE,Resale_Very_Old,Small,1,: ,5904.0,0,0,0,0
3.0,10.0,17,18,1.0,0.5384615384615384,3.0,1420.0,17.477415,78.227409,21.0,0,1,0,1,0,0,1,0,0,Apartment,Semi_Furnished,North,Resale_Old,Medium,3+,: ,4600.0,1,0,0,0
3.0,9.0,20,20,0.0,0.5384615384615384,2.0,2485.0,78.48667,17.38504,30.0,0,1,0,1,0,0,1,0,0,Apartment,Semi_Furnished,East,Resale_Old,Large,2,Velimela,4600.0,1,0,0,0
3.0,5.0,4,4,0.0,0.5384615384615384,2.0,1636.0,78.48667,17.38504,30.0,0,1,0,1,0,0,1,0,0,Apartment,Semi_Furnished,North,Resale_Old,Medium,2,: ,5800.0,1,0,0,0
3.0,5.0,4,4,0.0,0.5384615384615384,2.0,1556.0,78.48667,17.38504,30.0,0,1,0,1,0,0,1,0,0,Apartment,Semi_Furnished,North,Resale_Old,Medium,2,Alkapur,5800.0,1,0,0,0
3.0,5.0,4,4,0.0,0.5384615384615384,2.0,1556.0,78.48667,17.38504,30.0,0,1,0,1,0,0,1,0,0,Apartment,Semi_Furnished,NE,Resale_Old,Medium,2,: ,5800.0,1,0,0,0
3.0,5.0,4,4,50.0,0.5384615384615384,2.0,1636.0,17.4011618,78.37569,30.0,0,1,0,1,0,0,1,0,0,Apartment,Semi_Furnished,North,Resale_Old,Medium,2,Manikonda,5800.0,1,0,0,0
3.0,5.0,4,4,0.0,0.5384615384615384,2.0,1515.0,78.48667,17.38504,30.0,0,1,0,1,0,0,1,0,0,Apartment,Semi_Furnished,North,Resale_Old,Medium,2,Manikonda,5800.0,1,0,0,0
3.0,5.0,4,4,0.0,0.5384615384615384,2.0,1610.0,78.48667,17.38504,30.0,0,1,0,1,0,0,1,0,0,Apartment,Semi_Furnished,West,Resale_Old,Medium,2,Manikonda,5800.0,1,0,0,0
3.0,5.0,4,4,50.0,0.5384615384615384,2.0,1550.0,17.4011618,78.37569,30.0,0,1,0,1,0,0,1,0,0,Apartment,Semi_Furnished,East,Resale_Old,Medium,2,Manikonda,5800.0,1,0,0,0
4.0,3.0,20,20,1.0,0.5384615384615384,3.0,5200.0,17.477415,78.227409,30.0,0,1,0,1,0,0,1,0,0,Villa,Semi_Furnished,North,Resale_Old,XXL,3+,Velimela,8500.0,1,0,0,0
4.0,3.0,20,20,1.0,0.5384615384615384,2.0,3885.0,17.477415,78.227409,30.0,0,1,0,1,0,0,1,0,0,Villa,Semi_Furnished,West,Resale_Old,XL,2,Velimela,8500.0,1,0,0,0
4.0,1.0,7,9,22.0,0.5384615384615384,1.0,267.0,17.07139,78.205312,7.0,1,0,0,1,0,0,1,0,0,Villa,Semi_Furnished,NE,Under_Construction,Micro,1,: ,26217.0,1,0,0,0
4.0,2.0,4,6,6.0,0.5384615384615384,3.0,5200.0,17.3923634,78.3621784,5.0,1,0,0,1,0,0,1,0,0,Villa,Semi_Furnished,East,Resale_Very_Old,XXL,3+,: ,36538.0,1,0,0,0
3.0,15.0,20,22,50.0,0.4,1.0,1685.0,17.47078,78.30668,30.0,1,0,0,1,0,0,1,0,0,Apartment,Semi_Furnished,East,Under_Construction,Medium,1,: ,10029.0,0,0,0,0
3.0,33.0,8,8,50.0,0.1515151515151515,2.0,1360.0,17.47078,78.30668,2.0,0,1,0,1,0,0,1,0,0,Apartment,Semi_Furnished,East,Resale_Old,Medium,Unknown,: ,7500.0,0,1,1,0
3.0,16.0,8,8,5.0,0.9375,3.0,2484.0,17.3816714,78.3465026,5.0,1,0,1,1,0,1,1,0,0,Apartment,Semi_Furnished,West,Resale_Very_Old,Large,3+,: ,7246.0,0,0,0,0
2.0,16.0,8,8,5.0,0.875,1.0,1397.0,17.3820512,78.3464918,5.0,1,0,1,1,0,1,1,0,0,Apartment,Semi_Furnished,West,Resale_Very_Old,Medium,1,: ,8589.0,0,0,0,0
4.0,8.0,5,6,42.0,0.75,2.0,3160.0,17.4559134,78.3692524,7.0,1,0,0,1,0,1,1,0,0,Apartment,Furnished,East,0_5_yrs,XL,2,: ,11000.0,0,0,0,0
4.0,2.0,6,6,50.0,0.5384615384615384,1.0,3500.0,17.495438,78.2960172,7.0,1,0,0,1,0,0,0,0,0,Builder_Floor,Semi_Furnished,North,0_5_yrs,XL,1,: ,9428.0,1,0,0,0
2.0,25.0,17,18,49.0,0.52,1.0,1400.0,17.4609913,78.3532083,7.0,1,0,0,1,0,0,1,0,0,Apartment,Semi_Furnished,East,Resale_Very_Old,Medium,1,: ,8214.0,0,0,0,0
3.0,2.0,7,7,0.0,0.5384615384615384,1.0,2700.0,17.467181,78.205133,7.0,1,0,1,1,0,0,1,0,0,Villa,Semi_Furnished,East,Resale_Very_Old,XL,1,: ,86666.0,1,0,0,0
3.0,2.0,6,6,15.0,0.5384615384615384,1.0,2520.0,17.443855,78.250431,7.0,1,0,1,1,0,0,1,0,0,Villa,Semi_Furnished,West,Under_Construction,XL,1,: ,100000.0,1,0,0,0
2.0,6.0,6,7,50.0,0.5,1.0,1205.0,17.495438,78.2960172,21.0,1,0,1,1,0,0,1,0,0,Apartment,Semi_Furnished,East,Resale_Very_Old,Medium,1,: ,7717.0,0,0,0,0
2.0,7.0,3,3,50.0,0.7142857142857143,1.0,1255.0,17.5203424,78.3970205,21.0,1,0,0,1,0,0,1,0,0,Apartment,Furnished,East,Resale_Very_Old,Medium,1,: ,7888.0,0,0,0,0
3.0,32.0,8,11,13.0,0.40625,1.0,1957.0,17.40223,78.3444,21.0,1,0,1,1,0,0,1,0,0,Apartment,Semi_Furnished,East,Resale_Very_Old,Large,1,: ,11241.0,0,0,0,0
3.0,5.0,13,15,49.0,0.4,1.0,1500.0,17.368465,78.53159,30.0,1,0,1,1,0,1,1,0,0,Apartment,Semi_Furnished,East,Under_Construction,Medium,1,: ,6500.0,0,0,0,0
3.0,5.0,13,14,47.0,0.4,1.0,1500.0,17.36229,78.54411,30.0,1,0,0,1,0,1,1,0,0,Apartment,Semi_Furnished,East,Under_Construction,Medium,1,: ,6500.0,0,0,0,0
3.0,5.0,12,14,49.0,0.8,1.0,1300.0,17.368465,78.53159,30.0,1,0,1,1,0,1,1,0,0,Apartment,Semi_Furnished,East,Under_Construction,Medium,1,: ,6500.0,0,0,0,0
3.0,5.0,11,12,47.0,0.6,1.0,2810.0,17.36229,78.54411,30.0,1,0,0,1,0,1,1,0,0,Apartment,Semi_Furnished,East,Under_Construction,XL,1,: ,7800.0,0,0,0,0
3.0,5.0,16,17,47.0,1.0,1.0,2000.0,17.36227,78.544106,30.0,1,0,0,1,0,1,1,1,0,Apartment,Semi_Furnished,East,Under_Construction,Large,1,: ,8500.0,0,0,0,0
3.0,5.0,9,11,47.0,0.6,1.0,1750.0,17.36227,78.544106,30.0,1,0,1,1,0,1,1,0,0,Apartment,Unfurnished,East,Under_Construction,Medium,1,: ,6900.0,0,0,0,0
3.0,5.0,16,18,47.0,0.5384615384615384,1.0,1740.0,17.36227,78.544106,30.0,1,0,0,1,0,1,1,0,0,Apartment,Semi_Furnished,East,Under_Construction,Medium,1,: ,8300.0,1,0,0,0
3.0,5.0,15,15,47.0,1.0,1.0,2000.0,17.36227,78.544106,30.0,1,0,0,1,0,1,1,1,0,Apartment,Semi_Furnished,East,Under_Construction,Large,1,: ,8500.0,0,0,0,0
3.0,5.0,11,12,47.0,0.4,1.0,1675.0,17.36227,78.544106,30.0,1,0,0,1,0,1,1,0,0,Apartment,Semi_Furnished,East,Under_Construction,Medium,1,: ,6900.0,0,0,0,0
3.0,5.0,11,12,47.0,0.4,1.0,1675.0,17.36227,78.544106,30.0,1,0,1,1,0,1,1,0,0,Apartment,Semi_Furnished,East,Under_Construction,Medium,1,: ,6900.0,0,0,0,0
3.0,5.0,16,16,47.0,0.5384615384615384,1.0,1740.0,17.36227,78.544106,30.0,1,0,0,1,0,1,1,0,0,Apartment,Semi_Furnished,East,Under_Construction,Medium,1,: ,8300.0,1,0,0,0
2.0,6.0,7,7,50.0,0.3333333333333333,1.0,1150.0,17.47946,78.33037,30.0,0,1,1,1,0,0,1,0,0,Apartment,Semi_Furnished,East,Resale_Old,Small,1,: ,6499.0,0,0,0,0
3.0,5.0,11,12,48.0,0.6,1.0,2810.0,17.36121,78.55004,30.0,1,0,1,1,0,0,1,0,0,Apartment,Semi_Furnished,North,Under_Construction,XL,1,: ,7800.0,0,0,0,0
3.0,5.0,13,14,47.0,0.8,1.0,1300.0,17.36229,78.54411,30.0,1,0,0,1,0,0,1,0,0,Apartment,Semi_Furnished,East,Under_Construction,Medium,1,: ,6500.0,0,0,0,0
3.0,5.0,11,13,49.0,0.4,1.0,1750.0,17.368465,78.53159,30.0,1,0,0,1,0,0,1,0,0,Apartment,Unfurnished,East,Under_Construction,Medium,1,: ,6900.0,0,0,0,0
4.0,2.0,22,25,26.0,0.5384615384615384,2.0,4000.0,17.40223,78.3444,30.0,1,0,0,1,0,0,1,0,0,Villa,Furnished,East,Under_Construction,XL,2,: ,25000.0,1,0,0,0
3.0,14.0,6,6,10.0,0.0714285714285714,1.0,1511.0,17.47078,78.30668,30.0,1,0,1,1,0,0,1,0,0,Apartment,Semi_Furnished,West,Resale_Very_Old,Medium,1,: ,8802.0,0,0,0,0
3.0,2.0,7,7,1.0,0.5384615384615384,2.0,1350.0,17.48149,78.235954,30.0,1,0,0,1,0,1,0,0,0,Villa,Semi_Furnished,West,Under_Construction,Medium,2,: ,133333.0,1,0,0,0
2.0,5.0,1,1,50.0,0.4,0.0,1300.0,17.468982,78.362897,30.0,1,0,0,1,0,0,0,0,0,Builder_Floor,Furnished,East,Under_Construction,Medium,Unknown,: ,6538.0,0,0,0,0
4.0,3.0,3,3,17.0,0.5384615384615384,2.0,1980.0,17.4664197,78.285342,30.0,1,0,0,1,0,1,1,0,0,Villa,Semi_Furnished,East,Under_Construction,Large,2,: ,168181.0,1,0,0,0
4.0,3.0,6,6,0.0,0.5384615384615384,2.0,2160.0,17.441755,78.267815,30.0,1,0,0,1,0,1,1,0,0,Villa,Semi_Furnished,West,Under_Construction,Large,2,: ,158333.0,1,0,0,0
4.0,3.0,5,5,0.0,0.5384615384615384,2.0,228.0,17.443827,78.25628,30.0,1,0,0,1,0,1,1,0,0,Villa,Semi_Furnished,East,Under_Construction,Micro,2,: ,152631.0,1,0,0,0
5.0,3.0,8,9,0.0,0.5384615384615384,2.0,520.0,17.443855,78.250431,30.0,0,1,0,1,0,0,1,0,0,Villa,Semi_Furnished,East,Resale_Old,Micro,2,: ,154375.0,1,0,0,0
3.0,9.0,7,9,37.0,1.0,2.0,1465.0,17.538237,78.480804,7.0,0,1,0,1,0,0,1,1,0,Apartment,Semi_Furnished,East,Resale_Old,Medium,2,: ,4199.0,0,0,0,0
4.0,2.0,11,11,0.0,0.5384615384615384,3.0,3392.0,17.563151,78.296336,30.0,0,1,0,1,0,0,0,0,0,Villa,Semi_Furnished,East,Resale_Old,XL,3+,: ,5700.0,1,0,0,0
3.0,5.0,8,8,49.0,0.5384615384615384,2.0,1800.0,17.38504,78.48667,7.0,0,1,0,1,0,0,0,0,0,Villa,Semi_Furnished,East,Resale_Old,Medium,2,: ,63000.0,1,0,0,0
3.0,5.0,8,8,6.0,0.5384615384615384,2.0,1440.0,17.548606,78.210422,14.0,1,0,0,1,0,0,0,0,0,Villa,Semi_Furnished,East,Resale_Very_Old,Medium,2,: ,84375.0,1,0,0,1
4.0,2.0,8,8,9.0,0.5384615384615384,2.0,2756.0,17.575957,78.471167,21.0,0,1,0,1,0,0,0,0,0,Villa,Semi_Furnished,East,Resale_Old,XL,2,: ,7999.0,1,0,0,0
2.0,5.0,8,8,49.0,0.8,2.0,1215.0,17.499527,78.4767399,30.0,1,0,1,1,0,0,1,0,0,Apartment,Semi_Furnished,Unknown,Under_Construction,Medium,2,: ,6300.0,0,0,0,0
4.0,12.0,8,10,49.0,0.5384615384615384,2.0,2665.0,17.38504,78.48667,30.0,0,1,0,1,0,0,1,0,0,Apartment,Semi_Furnished,East,Resale_Old,XL,2,: ,6000.0,1,0,0,0
3.0,5.0,8,8,49.0,0.5384615384615384,2.0,1800.0,17.38504,78.48667,30.0,0,1,0,1,0,0,0,0,0,Villa,Semi_Furnished,East,Resale_Old,Medium,2,: ,63250.0,1,0,0,1
3.0,5.0,8,8,9.0,0.5384615384615384,2.0,1503.0,17.575957,78.471167,30.0,0,1,0,1,0,0,0,0,0,Villa,Semi_Furnished,East,Resale_Old,Medium,2,: ,59281.0,1,0,0,1
2.0,5.0,7,7,9.0,0.4,1.0,1215.0,17.575957,78.471167,30.0,1,0,0,1,0,0,1,0,0,Apartment,Semi_Furnished,West,Under_Construction,Medium,1,: ,5700.0,0,0,0,0
4.0,3.0,27,30,49.0,0.5384615384615384,3.0,1350.0,17.38504,78.48667,14.0,1,0,0,1,0,0,0,0,0,Villa,Semi_Furnished,NE,Resale_Very_Old,Medium,3+,: ,110666.0,1,0,0,0
2.0,15.0,31,34,47.0,0.3333333333333333,2.0,1275.0,17.49182,78.32617,14.0,1,0,0,1,0,0,1,0,0,Apartment,Semi_Furnished,NE,Resale_Very_Old,Medium,2,: ,6039.0,0,0,0,0
2.0,15.0,8,11,49.0,0.6,2.0,1190.0,17.38504,78.48667,14.0,0,1,0,1,0,0,1,0,0,Apartment,Semi_Furnished,NE,Resale_Old,Small,2,: ,5042.0,0,0,0,0
2.0,33.0,1,0,50.0,0.4545454545454545,1.0,1200.0,17.5203424,78.3970205,3.0,0,1,0,1,0,0,1,0,0,Apartment,Semi_Furnished,East,Resale_Old,Small,1,: ,4500.0,0,0,0,0
3.0,3.0,1,0,3.0,0.5384615384615384,2.0,2300.0,17.575068,78.253963,14.0,0,1,0,1,0,0,0,0,0,Villa,Semi_Furnished,East,Resale_Old,Large,2,: ,7299.0,1,0,0,0
3.0,5.0,2,2,15.0,0.4,1.0,2600.0,17.499527,78.4767399,30.0,1,0,1,1,0,0,1,0,0,Apartment,Semi_Furnished,Unknown,Resale_Very_Old,XL,1,: ,6346.0,0,0,0,0
2.0,5.0,15,17,12.0,0.5384615384615384,2.0,1212.0,17.46,78.28,2.0,0,1,1,1,0,0,1,0,0,Apartment,Semi_Furnished,Unknown,Resale_Old,Medium,2,: ,6000.0,1,0,0,0
2.0,5.0,20,22,47.0,0.2,2.0,1302.0,17.49479,78.39964,2.0,1,0,0,1,0,0,1,0,0,Apartment,Semi_Furnished,West,Resale_Very_Old,Medium,2,: ,6000.0,0,0,0,0
2.0,5.0,18,20,50.0,0.2,2.0,1275.0,17.5179636,78.3813785,2.0,1,0,0,1,0,0,1,0,0,Apartment,Semi_Furnished,East,Resale_Very_Old,Medium,2,: ,6000.0,0,0,0,0
2.0,4.0,4,4,50.0,0.25,2.0,1150.0,17.4011618,78.37569,2.0,1,0,0,1,0,0,1,0,0,Apartment,Furnished,East,0_5_yrs,Small,2,: ,4869.0,0,0,0,0
3.0,6.0,20,22,8.0,0.3333333333333333,2.0,1535.0,17.227985,78.377371,30.0,1,0,1,1,0,0,1,0,0,Apartment,Semi_Furnished,East,Resale_Very_Old,Medium,2,: ,5750.0,0,0,0,0
3.0,6.0,23,25,8.0,0.1666666666666666,2.0,1520.0,17.227985,78.377371,30.0,1,0,1,1,0,0,1,0,0,Apartment,Semi_Furnished,West,Resale_Very_Old,Medium,2,: ,5750.0,0,0,0,0
4.0,3.0,18,20,6.0,0.5384615384615384,3.0,2300.0,17.542319,78.226934,30.0,0,1,0,1,0,0,1,0,0,Villa,Semi_Furnished,East,Resale_Old,Large,3+,: ,7800.0,1,0,0,0
4.0,2.0,27,29,7.0,0.5384615384615384,3.0,1930.0,17.549646,78.269435,30.0,0,1,1,1,0,0,1,0,0,Villa,Semi_Furnished,West,Resale_Old,Large,3+,: ,7800.0,1,0,0,0
2.0,5.0,7,9,50.0,0.2,2.0,1201.0,17.4011618,78.37569,30.0,0,1,0,1,0,0,1,0,0,Apartment,Semi_Furnished,West,Resale_Old,Medium,2,: ,6500.0,0,0,0,0
2.0,5.0,9,11,37.0,0.4,2.0,1166.0,17.388287,78.370072,30.0,0,1,0,1,0,0,1,0,0,Apartment,Semi_Furnished,East,Resale_Old,Small,2,: ,5600.0,0,0,0,0
3.0,5.0,13,15,50.0,0.2,3.0,1623.0,17.3973794,78.3856447,30.0,0,1,0,1,0,0,1,0,0,Apartment,Semi_Furnished,East,Resale_Old,Medium,3+,: ,6200.0,0,0,0,0
3.0,5.0,7,9,49.0,0.2,2.0,1580.0,17.38504,78.48667,30.0,0,1,0,1,0,0,1,0,0,Apartment,Semi_Furnished,West,Resale_Old,Medium,2,: ,6300.0,0,0,0,0
2.0,5.0,4,6,50.0,0.4,3.0,1360.0,17.4011618,78.37569,30.0,0,1,0,1,0,0,1,0,0,Apartment,Semi_Furnished,West,Resale_Old,Medium,3+,: ,6300.0,0,0,0,0
2.0,5.0,6,6,0.0,0.6,2.0,1162.0,78.48667,17.38504,30.0,0,1,0,1,0,0,1,0,0,Apartment,Semi_Furnished,West,Resale_Old,Small,2,: ,5600.0,0,0,0,0
2.0,5.0,8,8,0.0,0.6,2.0,1270.0,78.48667,17.38504,30.0,0,1,0,1,0,0,1,0,0,Apartment,Semi_Furnished,East,Resale_Old,Medium,2,: ,5800.0,0,0,0,0
3.0,5.0,13,15,25.0,0.4,3.0,1600.0,17.3923634,78.3621784,30.0,0,1,0,1,0,0,1,0,0,Apartment,Semi_Furnished,East,Resale_Old,Medium,3+,: ,5700.0,0,0,0,0
2.0,5.0,7,7,25.0,0.8,2.0,1160.0,17.3923634,78.3621784,30.0,0,1,0,1,0,0,1,0,0,Apartment,Semi_Furnished,North,Resale_Old,Small,2,: ,5600.0,0,0,0,0
3.0,5.0,10,12,0.0,0.2,3.0,1290.0,78.48667,17.38504,30.0,0,1,0,1,0,0,1,0,0,Apartment,Semi_Furnished,West,Resale_Old,Medium,3+,: ,5700.0,0,0,0,0
3.0,5.0,7,7,0.0,1.0,2.0,1480.0,78.48667,17.38504,30.0,1,0,0,1,0,0,1,1,0,Apartment,Semi_Furnished,East,Resale_Very_Old,Medium,2,: ,6554.0,0,0,0,0
3.0,5.0,13,15,50.0,0.4,2.0,1405.0,17.39718420583,78.3765384351226,30.0,1,0,0,1,0,0,1,0,0,Apartment,Semi_Furnished,East,Resale_Very_Old,Medium,2,: ,5500.0,0,0,0,0
3.0,5.0,13,13,25.0,0.8,2.0,1370.0,17.3923634,78.3621784,30.0,0,1,0,1,0,0,1,0,0,Apartment,Semi_Furnished,Unknown,Resale_Old,Medium,2,: ,5500.0,0,0,0,0
2.0,5.0,12,14,50.0,1.0,2.0,1440.0,17.4011618,78.37569,30.0,0,1,0,1,0,0,1,1,0,Apartment,Semi_Furnished,East,Resale_Old,Medium,2,: ,6041.0,0,0,0,0
2.0,5.0,9,10,50.0,0.6,2.0,828.0,17.39718420583,78.3765384351226,30.0,0,1,0,1,0,0,1,0,0,Apartment,Semi_Furnished,East,Resale_Old,Small,2,: ,6038.0,0,0,0,0
3.0,5.0,10,12,0.0,0.2,2.0,1500.0,78.48667,17.38504,30.0,0,1,0,1,0,0,1,0,0,Apartment,Semi_Furnished,East,Resale_Old,Medium,2,: ,6000.0,0,0,0,0
2.0,5.0,12,12,0.0,0.6,2.0,1255.0,78.48667,17.38504,30.0,0,1,0,1,0,0,1,0,0,Apartment,Semi_Furnished,East,Resale_Old,Medium,2,: ,6100.0,0,0,0,0
2.0,5.0,9,11,0.0,1.0,2.0,1200.0,78.48667,17.38504,30.0,0,1,0,1,0,0,1,1,0,Apartment,Semi_Furnished,West,Resale_Old,Small,2,: ,6000.0,0,0,0,0
2.0,5.0,14,16,50.0,0.2,2.0,1261.0,17.4011618,78.37569,30.0,1,0,0,1,0,0,1,0,0,Apartment,Semi_Furnished,East,Resale_Very_Old,Medium,2,: ,6200.0,0,0,0,0
2.0,5.0,15,15,0.0,0.4,2.0,1204.0,78.48667,17.38504,30.0,1,0,0,1,0,0,1,0,0,Apartment,Semi_Furnished,West,Resale_Very_Old,Medium,2,: ,6200.0,0,0,0,0
5.0,2.0,2,5,48.0,0.5384615384615384,4.0,5400.0,17.41214,78.36431,7.0,1,0,0,1,0,0,1,0,0,Villa,Furnished,East,Under_Construction,XXL,3+,: ,42592.0,1,0,0,0
2.0,20.0,21,21,4.0,0.25,1.0,1180.0,17.357201,78.371351,30.0,1,0,1,1,0,0,1,0,0,Apartment,Furnished,West,0_5_yrs,Small,1,Appa Junction ,7203.0,0,0,0,0
5.0,2.0,15,17,17.0,0.5384615384615384,4.0,530.0,17.311940823733476,78.47302608769566,,1,0,0,1,0,0,0,0,0,Villa,Semi_Furnished,East,Under_Construction,Micro,3+,: ,113207.0,1,0,0,0
4.0,2.0,13,15,49.0,0.5384615384615384,2.0,3762.0,17.4609913,78.3532083,,1,0,0,1,0,0,0,0,0,Villa,Semi_Furnished,East,Resale_Very_Old,XL,2,: ,21265.0,1,0,0,0
3.0,19.0,17,17,9.0,0.8947368421052632,1.0,1580.0,17.467762,78.408146,30.0,1,0,1,1,0,0,1,0,0,Apartment,Furnished,West,Under_Construction,Medium,1,: ,8734.0,0,0,0,0
2.0,5.0,19,21,47.0,0.4,2.0,1100.0,17.49182,78.32617,5.0,0,1,0,1,0,0,1,0,0,Apartment,Semi_Furnished,East,Resale_Old,Small,2,Chandanagar,5454.0,0,0,0,0
3.0,32.0,23,23,13.0,0.21875,1.0,2235.0,17.391372,78.339424,30.0,0,1,1,1,0,0,1,0,0,Apartment,Semi_Furnished,Unknown,Resale_Old,Large,1,: ,11543.0,0,0,0,0
2.0,2.0,6,6,0.0,0.5384615384615384,1.0,1503.0,17.233562897673416,78.54189608906688,30.0,0,1,0,1,0,0,0,0,0,Villa,Semi_Furnished,East,Resale_Old,Medium,1,: ,58682.0,1,0,0,0
4.0,10.0,7,8,39.0,0.7,2.0,2750.0,17.411191,78.351451,30.0,1,0,0,1,0,0,1,0,0,Apartment,Semi_Furnished,East,Under_Construction,XL,2,: ,10545.0,0,0,0,0
3.0,15.0,8,10,31.0,0.5333333333333333,1.0,2087.0,17.4129232,78.3379042,7.0,1,0,1,1,0,1,1,0,0,Apartment,Semi_Furnished,West,Resale_Very_Old,Large,1,: ,8518.0,0,0,0,0
4.0,3.0,8,10,4.0,0.5384615384615384,2.0,7000.0,17.385392,78.33106,7.0,1,0,1,1,0,0,1,0,0,Villa,Semi_Furnished,NE,Resale_Very_Old,XXL,2,: ,15714.0,1,0,0,0
3.0,15.0,8,10,33.0,0.1333333333333333,2.0,2014.0,17.411744,78.341175,7.0,1,0,1,1,0,0,1,0,0,Apartment,Semi_Furnished,West,Resale_Very_Old,Large,2,: ,8937.0,0,0,0,0
3.0,15.0,8,11,33.0,0.4,2.0,2198.0,17.411744,78.341175,14.0,1,0,1,1,0,0,1,0,0,Apartment,Semi_Furnished,North,Under_Construction,Large,2,: ,12738.0,0,0,0,0
2.0,22.0,8,10,13.0,0.7727272727272727,1.0,1364.0,17.4359437,78.3416731,14.0,1,0,1,1,0,0,1,0,0,Apartment,Semi_Furnished,East,Resale_Very_Old,Medium,1,: ,6598.0,0,0,0,0
3.0,3.0,8,10,15.0,0.5384615384615384,1.0,3223.0,17.4664197,78.285342,14.0,1,0,1,1,0,0,1,0,0,Villa,Semi_Furnished,West,Resale_Very_Old,XL,1,: ,16134.0,1,0,0,0
4.0,3.0,6,8,17.0,0.5384615384615384,2.0,4100.0,17.4664197,78.285342,21.0,1,0,0,1,0,0,1,0,0,Villa,Semi_Furnished,West,Resale_Very_Old,XL,2,: ,15121.0,1,0,0,0
2.0,5.0,10,12,6.0,0.2,1.0,1035.0,17.548606,78.210422,14.0,1,0,0,1,0,0,1,0,0,Apartment,Semi_Furnished,East,Resale_Very_Old,Small,1,: ,4154.0,0,0,0,0
4.0,2.0,4,7,3.0,0.5384615384615384,1.0,4100.0,17.284328,78.471841,30.0,1,0,0,1,0,0,1,0,0,Villa,Semi_Furnished,West,Under_Construction,XL,1,: ,9756.0,1,0,0,0
3.0,12.0,22,22,8.0,1.0,2.0,1545.0,17.430954788578,78.564171074769,30.0,1,0,1,1,0,0,1,1,0,Apartment,Semi_Furnished,East,Under_Construction,Medium,2,: ,6472.0,0,0,0,0
4.0,2.0,16,17,50.0,0.5384615384615384,3.0,1647.0,17.536121,78.289779,7.0,0,1,0,1,0,0,0,0,0,Villa,Semi_Furnished,East,Resale_Old,Medium,3+,: ,71038.0,1,0,0,0
2.0,5.0,11,11,47.0,0.2,2.0,1242.0,17.48718,78.5786,7.0,0,1,0,1,0,0,0,0,0,Builder_Floor,Semi_Furnished,East,Resale_Old,Medium,2,: ,4750.0,0,0,0,0
4.0,2.0,27,28,34.0,0.5384615384615384,2.0,2296.0,17.415997,78.34191,21.0,1,0,0,1,0,1,1,0,0,Villa,Semi_Furnished,West,Under_Construction,Large,2,Kismathpur,10888.0,1,0,0,0
3.0,35.0,22,24,8.0,0.1428571428571428,3.0,2259.0,17.475742,78.391786,7.0,1,0,0,1,0,0,1,0,0,Apartment,Furnished,West,0_5_yrs,Large,3+,5th Phase KPHB,10181.0,0,0,0,0
3.0,4.0,8,9,31.0,0.5,1.0,1610.0,17.3518346,78.406108,21.0,1,0,0,1,0,1,1,0,0,Apartment,Semi_Furnished,East,Resale_Very_Old,Medium,1,Janachaitanya Colony,4666.0,0,0,0,0
4.0,5.0,13,15,10.0,0.8,2.0,2035.0,17.538237,78.480804,21.0,1,0,1,1,0,0,1,0,0,Apartment,Semi_Furnished,East,Resale_Very_Old,Large,2,: ,6000.0,0,0,0,0
3.0,14.0,8,10,3.0,0.3571428571428571,1.0,1801.0,17.41214,78.36431,30.0,1,0,0,1,0,0,1,0,0,Apartment,Semi_Furnished,West,Resale_Very_Old,Large,1,Khajaguda,7773.0,0,0,0,0
3.0,18.0,29,31,12.0,0.5555555555555556,2.0,2000.0,17.4609913,78.3532083,7.0,0,1,1,1,0,0,1,0,0,Apartment,Semi_Furnished,East,Resale_Old,Large,2,Kondapur,10500.0,0,0,0,0
2.0,18.0,31,33,12.0,0.5555555555555556,2.0,1325.0,17.4609913,78.3532083,7.0,0,1,1,1,0,0,1,0,0,Apartment,Semi_Furnished,East,Resale_Old,Medium,2,Kondapur,10500.0,0,0,0,0
3.0,12.0,27,29,8.0,0.75,2.0,1900.0,17.443855,78.250431,14.0,0,1,0,1,0,0,1,0,0,Apartment,Semi_Furnished,East,Resale_Old,Large,2,Kollur,5499.0,0,0,0,0
2.0,12.0,26,28,8.0,0.75,1.0,1400.0,17.443855,78.250431,21.0,0,1,0,1,0,0,1,0,0,Apartment,Semi_Furnished,East,Resale_Old,Medium,1,Kollur,5459.0,0,0,0,0
3.0,5.0,5,7,37.0,0.4,2.0,1350.0,17.538237,78.480804,21.0,1,0,0,1,0,0,1,0,0,Apartment,Semi_Furnished,East,Resale_Very_Old,Medium,2,: ,5300.0,0,0,0,0
3.0,5.0,12,13,19.0,0.6,2.0,1660.0,17.3539887,78.3939046,30.0,1,0,0,1,0,1,1,0,0,Apartment,Semi_Furnished,North,Resale_Very_Old,Medium,2,: ,5180.0,0,0,0,0
2.0,31.0,31,31,12.0,0.2903225806451613,1.0,1314.0,17.398775,78.355493,14.0,1,0,0,1,0,0,1,0,0,Apartment,Furnished,East,Resale_Very_Old,Medium,1,: ,11415.0,0,0,0,0
3.0,14.0,19,19,12.0,0.4285714285714285,1.0,1950.0,17.39992,78.36983,30.0,0,1,1,1,0,0,1,0,0,Apartment,Semi_Furnished,East,Resale_Old,Large,1,: ,7282.0,0,0,0,0
3.0,36.0,31,33,13.0,0.0833333333333333,2.0,3430.0,17.4480919,78.3787508,30.0,1,0,0,1,0,1,1,0,0,Apartment,Semi_Furnished,North,Under_Construction,XL,2,: ,18950.0,0,0,0,0
3.0,2.0,5,7,1.0,0.5384615384615384,1.0,1665.0,17.440957,78.2866571,30.0,1,0,0,1,0,1,0,0,0,Villa,Semi_Furnished,Unknown,Resale_Very_Old,Medium,1,: ,144843.0,1,0,0,0
4.0,3.0,14,16,50.0,0.5384615384615384,1.0,2250.0,17.4761199,78.2956425,30.0,1,0,1,1,0,1,1,0,0,Villa,Semi_Furnished,East,Resale_Very_Old,Large,1,: ,168000.0,1,0,0,0
4.0,2.0,13,15,45.0,0.5384615384615384,1.0,228.0,17.426989,78.333824,30.0,1,0,0,1,0,1,1,0,0,Villa,Semi_Furnished,East,Under_Construction,Micro,1,: ,13095.0,1,0,0,0
3.0,20.0,3,4,50.0,0.2,1.0,1800.0,17.47078,78.30668,30.0,1,0,0,1,0,0,1,0,0,Apartment,Furnished,East,Under_Construction,Medium,1,: ,8000.0,0,0,0,0
3.0,2.0,9,12,0.0,0.5384615384615384,1.0,2700.0,17.446894,78.242836,30.0,1,0,0,1,0,1,1,0,0,Villa,Furnished,East,Under_Construction,XL,1,: ,13125.0,1,0,0,0
2.0,15.0,30,32,1.0,0.6,1.0,1185.0,17.477415,78.227409,30.0,0,1,0,1,0,0,1,0,0,Apartment,Semi_Furnished,NE,Resale_Old,Small,1,: ,3299.0,0,0,0,0
4.0,2.0,9,10,15.0,0.5384615384615384,3.0,308.0,17.3831695,78.3789106,30.0,1,0,1,1,0,0,1,0,0,Villa,Furnished,East,Resale_Very_Old,Micro,3+,: ,21371.0,1,0,0,0
2.0,25.0,8,10,13.0,0.56,1.0,1275.0,17.47078,78.30668,3.0,1,0,1,1,0,0,1,0,0,Apartment,Semi_Furnished,East,Resale_Very_Old,Medium,1,: ,10196.0,0,0,0,0
3.0,15.0,3,5,15.0,0.7333333333333333,1.0,1525.0,17.538237,78.480804,21.0,1,0,1,1,0,0,1,0,0,Apartment,Furnished,East,Resale_Very_Old,Medium,1,: ,6885.0,0,0,0,0
3.0,35.0,5,6,8.0,0.1428571428571428,2.0,2259.0,17.478433,78.392116,30.0,1,0,0,1,0,0,1,0,0,Apartment,Furnished,Unknown,Under_Construction,Large,2,: ,9296.0,0,0,0,0
3.0,9.0,14,14,46.0,0.8888888888888888,1.0,2238.0,17.414323,78.365354,21.0,1,0,1,1,0,0,1,0,0,Apartment,Semi_Furnished,East,Resale_Very_Old,Large,1,Chaitanya Enclave,10053.0,0,0,0,0
3.0,9.0,13,13,46.0,0.8888888888888888,1.0,2238.0,17.414323,78.365354,21.0,1,0,1,1,0,0,1,0,0,Apartment,Semi_Furnished,East,Resale_Very_Old,Large,1,Chaitanya Enclave,10053.0,0,0,0,0
3.0,35.0,5,6,8.0,0.2857142857142857,2.0,2259.0,17.478433,78.392116,30.0,1,0,0,1,0,0,1,0,0,Apartment,Furnished,Unknown,Under_Construction,Large,2,: ,9517.0,0,0,0,0
3.0,2.0,9,9,6.0,0.5384615384615384,2.0,1800.0,17.34259,78.396008,30.0,0,1,1,1,0,0,1,0,0,Villa,Semi_Furnished,West,Resale_Old,Medium,2,Bandlaguda Jagir,195343.0,1,0,0,0
3.0,2.0,11,11,6.0,0.5384615384615384,2.0,2070.0,17.34259,78.396008,30.0,0,1,1,1,0,0,1,0,0,Villa,Semi_Furnished,East,Resale_Old,Large,2,Bandlaguda Jagir,204243.0,1,0,0,0
3.0,2.0,12,12,6.0,0.5384615384615384,2.0,2070.0,17.34259,78.396008,30.0,0,1,1,1,0,0,1,0,0,Villa,Semi_Furnished,West,Resale_Old,Large,2,Bandlaguda Jagir,201374.0,1,0,0,0
3.0,2.0,11,11,6.0,0.5384615384615384,2.0,1800.0,17.34259,78.396008,30.0,0,1,1,1,0,0,1,0,0,Villa,Semi_Furnished,East,Resale_Old,Medium,2,Bandlaguda Jagir,203983.0,1,0,0,0
4.0,2.0,12,12,6.0,0.5384615384615384,3.0,2700.0,17.34259,78.396008,30.0,0,1,1,1,0,0,1,0,0,Villa,Semi_Furnished,West,Resale_Old,XL,3+,Bandlaguda Jagir,193023.0,1,0,0,0
4.0,2.0,11,11,6.0,0.5384615384615384,3.0,2700.0,17.34259,78.396008,30.0,0,1,1,1,0,0,1,0,0,Villa,Semi_Furnished,East,Resale_Old,XL,3+,Bandlaguda Jagir,193983.0,1,0,0,0
3.0,14.0,10,10,47.0,0.5,2.0,1935.0,17.4359437,78.3416731,30.0,0,1,0,1,0,0,1,0,0,Apartment,Semi_Furnished,East,Resale_Old,Large,2,Gachibowli,6900.0,0,0,0,0
2.0,5.0,2,2,50.0,0.8,2.0,1300.0,17.4011618,78.37569,30.0,0,1,0,1,0,0,1,0,0,Apartment,Semi_Furnished,East,Resale_Old,Medium,2,Manikonda,6030.0,0,0,0,0
2.0,5.0,2,2,50.0,0.6,1.0,1250.0,17.4011618,78.37569,30.0,0,1,0,1,0,0,1,0,0,Apartment,Semi_Furnished,East,Resale_Old,Medium,1,Manikonda,6040.0,0,0,0,0
2.0,5.0,3,3,50.0,0.8,1.0,1250.0,17.4011618,78.37569,30.0,0,1,0,1,0,0,1,0,0,Apartment,Semi_Furnished,East,Resale_Old,Medium,1,Manikonda,6032.0,0,0,0,0
2.0,5.0,2,2,0.0,0.6,1.0,1250.0,78.48667,17.38504,30.0,0,1,0,1,0,0,1,0,0,Apartment,Semi_Furnished,East,Resale_Old,Medium,1,Manikonda,6040.0,0,0,0,0
3.0,14.0,7,7,11.0,0.2142857142857142,2.0,1935.0,17.459904,78.306975,30.0,0,1,1,1,0,0,1,0,0,Apartment,Semi_Furnished,West,Resale_Old,Large,2,Nallagandla,6900.0,0,0,0,0
3.0,14.0,8,8,11.0,0.2857142857142857,2.0,1935.0,17.459904,78.306975,30.0,0,1,1,1,0,0,1,0,0,Apartment,Semi_Furnished,East,Resale_Old,Large,2,Nallagandla,6900.0,0,0,0,0
3.0,14.0,11,11,11.0,1.0,2.0,2162.0,17.459904,78.306975,30.0,0,1,1,1,0,0,1,1,0,Apartment,Semi_Furnished,West,Resale_Old,Large,2,Nallagandla,6900.0,0,0,0,0
3.0,14.0,9,9,11.0,0.9285714285714286,1.0,1754.0,17.459904,78.306975,30.0,0,1,1,1,0,0,1,0,0,Apartment,Semi_Furnished,West,Resale_Old,Medium,1,Nallagandla,6900.0,0,0,0,0
3.0,14.0,9,9,11.0,0.7142857142857143,1.0,1896.0,17.459904,78.306975,30.0,0,1,1,1,0,0,1,0,0,Apartment,Semi_Furnished,East,Resale_Old,Large,1,Nallagandla,6900.0,0,0,0,0
3.0,14.0,8,8,11.0,0.5714285714285714,1.0,1452.0,17.459904,78.306975,30.0,0,1,1,1,0,0,1,0,0,Apartment,Semi_Furnished,East,Resale_Old,Medium,1,Nallagandla,6900.0,0,0,0,0
2.0,14.0,9,9,11.0,0.6428571428571429,1.0,1338.0,17.459904,78.306975,30.0,0,1,1,1,0,0,1,0,0,Apartment,Semi_Furnished,West,Resale_Old,Medium,1,Nallagandla,6900.0,0,0,0,0
2.0,14.0,9,9,11.0,0.4285714285714285,1.0,1338.0,17.459904,78.306975,30.0,0,1,1,1,0,0,1,0,0,Apartment,Semi_Furnished,West,Resale_Old,Medium,1,Nallagandla,6900.0,0,0,0,0
2.0,14.0,8,8,11.0,0.5714285714285714,1.0,1391.0,17.459904,78.306975,30.0,0,1,1,1,0,0,1,0,0,Apartment,Semi_Furnished,East,Resale_Old,Medium,1,Nallagandla,6900.0,0,0,0,0
2.0,14.0,8,8,11.0,0.3571428571428571,1.0,1391.0,17.459904,78.306975,30.0,0,1,1,1,0,0,1,0,0,Apartment,Semi_Furnished,East,Resale_Old,Medium,1,Nallagandla,6900.0,0,0,0,0
4.0,45.0,22,22,45.0,0.7777777777777778,3.0,6605.0,17.423947,78.388726,30.0,0,1,0,1,0,0,1,0,0,Apartment,Semi_Furnished,NE,Resale_Old,XXL,3+,Raidurgam,12490.0,0,0,0,0
4.0,45.0,22,22,45.0,0.5555555555555556,3.0,5430.0,17.423947,78.388726,30.0,0,1,0,1,0,0,1,0,0,Apartment,Semi_Furnished,NE,Resale_Old,XXL,3+,Raidurgam,12523.0,0,0,0,0
4.0,45.0,27,27,45.0,0.4666666666666667,3.0,5425.0,17.423947,78.388726,30.0,0,1,0,1,0,0,1,0,0,Apartment,Semi_Furnished,NE,Resale_Old,XXL,3+,Raidurgam,12534.0,0,0,0,0
3.0,5.0,13,14,0.0,0.8,2.0,900.0,78.48667,17.38504,30.0,0,1,0,1,0,0,1,0,0,Apartment,Semi_Furnished,West,Resale_Old,Small,2,: ,9420.0,0,0,0,0
3.0,5.0,10,11,6.0,0.2,2.0,800.0,17.529701,78.333031,30.0,0,1,0,1,0,0,1,0,0,Apartment,Semi_Furnished,East,Resale_Old,Micro,2,: ,9935.0,0,0,0,0
3.0,25.0,10,10,49.0,0.4,1.0,1855.0,17.4609913,78.3532083,30.0,1,0,0,1,0,0,1,0,0,Apartment,Semi_Furnished,West,Resale_Very_Old,Large,1,Kondapur,11000.0,0,0,0,0
3.0,25.0,10,10,49.0,0.6,1.0,1965.0,17.4609913,78.3532083,30.0,1,0,0,1,0,0,1,0,0,Apartment,Semi_Furnished,West,Resale_Very_Old,Large,1,Kondapur,11000.0,0,0,0,0
4.0,25.0,9,9,49.0,0.32,2.0,3350.0,17.4609913,78.3532083,30.0,1,0,0,1,0,0,1,0,0,Apartment,Semi_Furnished,West,Resale_Very_Old,XL,2,Kondapur,11000.0,0,0,0,0
2.0,25.0,15,15,49.0,0.08,1.0,1290.0,17.4609913,78.3532083,30.0,1,0,0,1,0,0,1,0,0,Apartment,Semi_Furnished,East,Resale_Very_Old,Medium,1,Kondapur,11000.0,0,0,0,0
4.0,2.0,22,23,49.0,0.5384615384615384,2.0,6500.0,17.4066129,78.3941767,30.0,1,0,0,1,0,0,0,0,0,Villa,Semi_Furnished,West,Under_Construction,XXL,2,: ,42632.0,1,0,0,0
4.0,32.0,26,29,46.0,0.15625,3.0,4376.0,17.4151333,78.3631194,30.0,1,0,0,1,0,0,1,0,0,Apartment,Furnished,East,0_5_yrs,XL,3+,: ,9597.0,0,0,0,0
6.0,2.0,13,16,47.0,0.5384615384615384,2.0,4401.0,17.4359437,78.3416731,30.0,1,0,0,1,0,0,0,0,0,Villa,Furnished,East,0_5_yrs,XL,2,: ,38012.0,1,0,0,0
3.0,26.0,14,14,50.0,0.5769230769230769,1.0,1740.0,17.480976,78.365858,30.0,0,1,0,1,0,0,1,0,0,Apartment,Semi_Furnished,Unknown,Resale_Old,Medium,1,Aditya Nagar,7999.0,0,0,0,0
3.0,26.0,13,13,48.0,0.5384615384615384,1.0,1740.0,17.46432,78.37295,30.0,0,1,0,1,0,0,1,0,0,Apartment,Semi_Furnished,Unknown,Resale_Old,Medium,1,Kothaguda,7999.0,0,0,0,0
3.0,26.0,14,14,26.0,0.6923076923076923,1.0,1825.0,17.40223,78.3444,30.0,0,1,0,1,0,0,1,0,0,Apartment,Semi_Furnished,Unknown,Resale_Old,Large,1,Kokapet,7999.0,0,0,0,0
3.0,26.0,13,13,36.0,0.5,1.0,1905.0,17.449889,78.365053,30.0,0,1,0,1,0,0,1,0,0,Apartment,Semi_Furnished,Unknown,Resale_Old,Large,1,Anjaiah Nagar,7999.0,0,0,0,0
2.0,5.0,3,4,44.0,0.8,1.0,1210.0,17.4332,78.366763,2.0,1,0,0,1,0,0,1,0,0,Apartment,Furnished,East,0_5_yrs,Medium,1,Telecom Nagar,7851.0,0,0,0,0
3.0,18.0,19,21,12.0,0.6666666666666666,1.0,2000.0,17.466742,78.337059,2.0,1,0,1,1,0,0,1,0,0,Apartment,Semi_Furnished,West,Resale_Very_Old,Large,1,: ,12000.0,0,0,0,0
2.0,5.0,7,8,50.0,1.0,1.0,1240.0,17.465666,78.350562,2.0,1,0,0,1,0,0,1,1,0,Apartment,Furnished,NE,0_5_yrs,Medium,1,Gouthami Enclave,7661.0,0,0,0,0
2.0,5.0,6,6,50.0,0.4,2.0,1200.0,17.5174921,78.3172467,3.0,1,0,0,1,0,0,1,0,0,Apartment,Semi_Furnished,North,Resale_Very_Old,Small,2,: ,5166.0,0,0,0,0
3.0,5.0,7,7,50.0,0.4,2.0,1505.0,17.5178331,78.317208,4.0,1,0,0,1,0,1,1,0,0,Apartment,Semi_Furnished,East,Resale_Very_Old,Medium,2,: ,5488.0,0,0,0,0
4.0,3.0,8,10,0.0,0.5384615384615384,2.0,3750.0,17.443855,78.250431,5.0,0,1,0,1,0,0,0,0,0,Villa,Semi_Furnished,West,Resale_Old,XL,2,: ,5573.0,1,0,0,0
4.0,3.0,8,10,1.0,0.5384615384615384,2.0,3750.0,17.477415,78.227409,5.0,0,1,0,1,0,0,0,0,0,Villa,Semi_Furnished,East,Resale_Old,XL,2,: ,6720.0,1,0,0,0
4.0,3.0,7,9,1.0,0.5384615384615384,2.0,3750.0,17.477415,78.227409,5.0,0,1,0,1,0,0,0,0,0,Villa,Semi_Furnished,West,Resale_Old,XL,2,: ,5760.0,1,0,0,0
4.0,3.0,8,10,1.0,0.5384615384615384,2.0,3750.0,17.477415,78.227409,5.0,0,1,0,1,0,0,0,0,0,Villa,Semi_Furnished,West,Resale_Old,XL,2,: ,5573.0,1,0,0,0
4.0,3.0,8,10,1.0,0.5384615384615384,2.0,3750.0,17.477415,78.227409,5.0,0,1,0,1,0,0,0,0,0,Villa,Semi_Furnished,East,Resale_Old,XL,2,: ,5493.0,1,0,0,0
4.0,3.0,8,10,1.0,0.5384615384615384,2.0,3751.0,17.477415,78.227409,5.0,0,1,0,1,0,0,0,0,0,Villa,Semi_Furnished,West,Resale_Old,XL,2,: ,5518.0,1,0,0,0
3.0,35.0,16,17,8.0,0.0571428571428571,2.0,2259.0,17.261839,78.54463,7.0,1,0,0,1,0,1,1,0,0,Apartment,Semi_Furnished,East,Under_Construction,Large,2,: ,8853.0,0,0,0,0
5.0,3.0,2,2,11.0,0.5384615384615384,3.0,1197.0,17.4626216,78.6313624,7.0,1,0,0,1,0,1,0,0,0,Villa,Semi_Furnished,East,Under_Construction,Small,3+,: ,93984.0,1,0,0,0
3.0,2.0,7,7,5.0,0.5384615384615384,2.0,2000.0,17.559964,78.390173,7.0,1,0,0,1,0,0,1,0,0,Villa,Semi_Furnished,Unknown,Resale_Very_Old,Large,2,: ,8000.0,1,0,0,0
2.0,5.0,7,7,50.0,0.4,2.0,1200.0,17.5176968,78.3170894,7.0,1,0,0,1,0,1,1,0,0,Apartment,Semi_Furnished,North,Resale_Very_Old,Small,2,: ,5083.0,0,0,0,0
3.0,5.0,7,7,50.0,0.4,2.0,1450.0,17.518024,78.3169335,7.0,1,0,0,1,0,1,1,0,0,Apartment,Semi_Furnished,West,Resale_Very_Old,Medium,2,: ,5172.0,0,0,0,0
3.0,5.0,7,7,50.0,0.4,2.0,1475.0,17.5175497,78.3166784,7.0,1,0,0,1,0,1,1,0,0,Apartment,Semi_Furnished,NE,Resale_Very_Old,Medium,2,: ,5125.0,0,0,0,0
2.0,12.0,8,8,12.0,0.6666666666666666,2.0,1270.0,17.399482,78.34253,7.0,1,0,0,1,0,0,1,0,0,Apartment,Unfurnished,Unknown,Under_Construction,Medium,2,: ,11023.0,0,0,0,0
4.0,39.0,9,9,4.0,0.3333333333333333,1.0,4761.0,17.474334,78.393433,7.0,1,0,0,1,0,0,1,0,0,Apartment,Unfurnished,East,0_5_yrs,XL,1,: ,12497.0,0,0,0,0
3.0,6.0,10,10,47.0,0.5384615384615384,1.0,1470.0,17.505631,78.381318,7.0,1,0,0,1,0,0,1,0,0,Apartment,Furnished,Unknown,0_5_yrs,Medium,1,: ,9183.0,1,0,0,0
2.0,5.0,7,7,4.0,0.6,2.0,1165.0,17.5331174,78.3232294,7.0,1,0,0,1,0,0,1,0,0,Apartment,Semi_Furnished,West,Resale_Very_Old,Small,2,: ,4806.0,0,0,0,0
3.0,36.0,7,7,13.0,0.5555555555555556,2.0,3430.0,17.430915,78.37728,7.0,1,0,0,1,0,0,1,0,0,Apartment,Unfurnished,West,Under_Construction,XL,2,: ,24781.0,0,0,0,0
3.0,2.0,4,4,8.0,0.5384615384615384,2.0,2390.0,17.428952,78.197469,7.0,1,0,1,1,0,0,1,0,0,Villa,Semi_Furnished,East,Resale_Very_Old,Large,2,Mokila,9714.0,1,0,0,0
5.0,3.0,2,2,24.0,0.5384615384615384,3.0,1764.0,17.4905076,78.6044716,14.0,1,0,0,1,0,1,0,0,0,Villa,Semi_Furnished,West,Under_Construction,Medium,3+,: ,96938.0,1,0,0,0
5.0,2.0,2,3,10.0,0.5384615384615384,3.0,2250.0,17.5468498,78.3650231,21.0,1,0,0,1,0,0,1,0,0,Villa,Semi_Furnished,East,0_5_yrs,Large,3+,: ,160000.0,1,0,0,0
3.0,32.0,24,27,13.0,0.90625,1.0,2235.0,17.3949275,78.3391127,21.0,1,0,1,1,0,1,1,0,0,Apartment,Semi_Furnished,East,Resale_Very_Old,Large,1,: ,10380.0,0,0,0,0
3.0,14.0,8,8,12.0,0.6428571428571429,1.0,1795.0,17.3973794,78.3856447,28.0,0,1,1,1,0,0,1,0,0,Apartment,Semi_Furnished,West,Resale_Old,Medium,1,: ,7100.0,0,0,0,0
3.0,15.0,8,8,15.0,0.5333333333333333,1.0,2300.0,17.465823,78.3636065,30.0,1,0,0,1,0,0,1,0,0,Apartment,Semi_Furnished,East,Resale_Very_Old,Large,1,: ,10000.0,0,0,0,0
3.0,10.0,24,26,48.0,0.6,2.0,2800.0,17.422104,78.346978,30.0,1,0,0,1,0,0,1,0,0,Apartment,Furnished,West,0_5_yrs,XL,2,: ,10500.0,0,0,0,0
3.0,36.0,20,22,13.0,0.8055555555555556,1.0,2595.0,17.430915,78.37728,30.0,1,0,0,1,0,0,1,0,0,Apartment,Furnished,West,Under_Construction,XL,1,: ,20423.0,0,0,0,0
2.0,10.0,3,3,50.0,1.0,1.0,1245.0,17.47078,78.30668,30.0,1,0,0,1,0,0,1,1,0,Apartment,Furnished,West,0_5_yrs,Medium,1,: ,8835.0,0,0,0,0
3.0,32.0,8,8,7.0,0.34375,1.0,1592.0,17.49479,78.39964,30.0,1,0,0,1,0,0,1,0,0,Apartment,Unfurnished,West,Resale_Very_Old,Medium,1,: ,10804.0,0,0,0,0
3.0,20.0,4,4,48.0,0.65,3.0,1890.0,17.42278,78.34724,30.0,1,0,0,1,0,0,1,0,0,Apartment,Furnished,North,Under_Construction,Large,3+,: ,12010.0,0,0,0,0
3.0,6.0,5,5,50.0,0.8333333333333334,1.0,1580.0,17.46511,78.3574,30.0,1,0,1,1,0,0,1,0,0,Apartment,Semi_Furnished,Unknown,Resale_Very_Old,Medium,1,: ,6518.0,0,0,0,0
3.0,31.0,3,3,12.0,0.935483870967742,1.0,1834.0,17.3973794,78.3856447,30.0,1,0,0,1,0,0,1,0,0,Apartment,Semi_Furnished,East,Under_Construction,Large,1,: ,12540.0,0,0,0,0
3.0,10.0,2,2,40.0,1.0,2.0,2690.0,17.4350753,78.3707122,30.0,1,0,0,1,0,0,1,1,0,Apartment,Unfurnished,West,0_5_yrs,XL,2,: ,10594.0,0,0,0,0
3.0,12.0,3,4,15.0,0.5384615384615384,1.0,1725.0,17.4359437,78.3416731,30.0,1,0,0,1,0,0,1,0,0,Apartment,Semi_Furnished,West,Under_Construction,Medium,1,: ,10144.0,1,0,0,0
3.0,15.0,3,4,26.0,0.6,3.0,2490.0,17.40223,78.3444,30.0,1,0,0,1,0,0,1,0,0,Apartment,Furnished,West,Under_Construction,Large,3+,: ,13253.0,0,0,0,0
3.0,32.0,8,8,7.0,0.40625,1.0,1672.0,17.49479,78.39964,30.0,0,1,0,1,0,0,1,0,0,Apartment,Semi_Furnished,East,Resale_Old,Medium,1,: ,10944.0,0,0,0,0
3.0,12.0,11,11,15.0,0.25,2.0,1845.0,17.453593,78.299753,30.0,1,0,0,1,0,0,1,0,0,Apartment,Furnished,West,Under_Construction,Large,2,: ,9214.0,0,0,0,0
4.0,2.0,0,0,47.0,0.5384615384615384,3.0,4023.0,17.506399,78.325792,30.0,1,0,0,1,0,0,1,0,0,Villa,Semi_Furnished,East,Under_Construction,XL,3+,: ,26597.0,1,0,0,0
3.0,2.0,0,0,3.0,0.5384615384615384,2.0,1422.0,17.56231,78.383427,30.0,1,0,0,1,0,0,1,0,0,Villa,Furnished,East,Resale_Very_Old,Medium,2,: ,10196.0,1,0,0,0
2.0,10.0,10,10,50.0,0.5384615384615384,1.0,1270.0,17.472876,78.310177,30.0,1,0,0,1,0,0,1,0,0,Apartment,Semi_Furnished,West,0_5_yrs,Medium,1,: ,7086.0,1,0,0,0
5.0,2.0,16,16,0.0,0.5384615384615384,2.0,540.0,17.443354,78.182044,30.0,1,0,0,1,0,0,0,0,0,Villa,Semi_Furnished,East,Resale_Very_Old,Micro,2,: ,13720.0,1,0,0,0
3.0,32.0,8,8,13.0,0.40625,1.0,1957.0,17.40223,78.3444,30.0,1,0,1,1,0,0,1,0,0,Apartment,Semi_Furnished,East,Resale_Very_Old,Large,1,: ,10577.0,0,0,0,0
3.0,36.0,19,20,13.0,0.8333333333333334,1.0,2680.0,17.430915,78.37728,30.0,1,0,0,1,0,0,1,0,0,Apartment,Semi_Furnished,East,Under_Construction,XL,1,: ,21007.0,0,0,0,0
3.0,36.0,15,17,13.0,0.6666666666666666,2.0,3430.0,17.430915,78.37728,30.0,1,0,0,1,0,0,1,0,0,Apartment,Semi_Furnished,West,Under_Construction,XL,2,: ,20991.0,0,0,0,0
2.0,5.0,9,9,47.0,0.8,1.0,1285.0,17.49182,78.32617,30.0,0,1,0,1,0,0,1,0,0,Apartment,Semi_Furnished,East,Resale_Old,Medium,1,Chandanagar,6000.0,0,0,0,0
3.0,5.0,6,6,47.0,0.8,2.0,1790.0,17.49182,78.32617,30.0,0,1,0,1,0,0,1,0,0,Apartment,Semi_Furnished,East,Resale_Old,Medium,2,Chandanagar,6000.0,0,0,0,0
2.0,5.0,9,9,47.0,0.6,1.0,1295.0,17.49182,78.32617,30.0,0,1,0,1,0,0,1,0,0,Apartment,Semi_Furnished,East,Resale_Old,Medium,1,Chandanagar,6000.0,0,0,0,0
4.0,2.0,17,19,12.0,0.5384615384615384,4.0,2700.0,17.437953,78.283138,30.0,1,0,1,1,0,0,1,0,0,Villa,Semi_Furnished,East,Resale_Very_Old,XL,3+,: ,185000.0,1,0,0,0
3.0,2.0,2,2,50.0,0.5384615384615384,2.0,1035.0,17.526495,78.5051,30.0,1,0,0,1,0,1,0,0,0,Villa,Semi_Furnished,West,Under_Construction,Small,2,: ,100000.0,1,0,0,0
5.0,3.0,2,2,49.0,0.5384615384615384,3.0,1503.0,17.50763,78.47894,30.0,1,0,0,1,0,0,0,0,0,Villa,Semi_Furnished,West,Under_Construction,Medium,3+,: ,128742.0,1,0,0,0
4.0,1.0,16,17,6.0,0.5384615384615384,2.0,3400.0,17.34259,78.396008,30.0,0,1,1,1,0,0,1,0,0,Villa,Semi_Furnished,NE,Resale_Old,XL,2,: ,12000.0,1,0,0,0
4.0,28.0,16,18,9.0,0.4642857142857143,1.0,6333.0,17.39782,78.332604,30.0,0,1,1,1,0,0,1,0,0,Apartment,Semi_Furnished,East,Resale_Old,XXL,1,: ,11005.0,0,0,0,0
2.0,10.0,12,12,50.0,0.7,1.0,1260.0,17.5203424,78.3970205,30.0,0,1,0,1,0,0,1,0,0,Apartment,Semi_Furnished,Unknown,Resale_Old,Medium,1,: ,5599.0,0,0,0,0
4.0,2.0,21,23,12.0,0.5384615384615384,4.0,3500.0,17.437953,78.283138,30.0,1,0,1,1,0,0,1,0,0,Villa,Semi_Furnished,East,Resale_Very_Old,XL,3+,: ,12857.0,1,0,0,0
4.0,2.0,15,17,12.0,0.5384615384615384,4.0,4050.0,17.437953,78.283138,30.0,1,0,1,1,0,0,1,0,0,Villa,Semi_Furnished,East,Resale_Very_Old,XL,3+,: ,14320.0,1,0,0,0
4.0,5.0,17,20,16.0,0.5384615384615384,4.0,3196.0,17.34944,78.38707,30.0,1,0,0,1,0,0,1,0,0,Villa,Furnished,West,0_5_yrs,XL,3+,: ,15018.0,1,0,0,1
2.0,5.0,10,10,12.0,0.6,1.0,1121.0,17.46,78.28,30.0,0,1,1,1,0,0,1,0,0,Apartment,Semi_Furnished,Unknown,Resale_Old,Small,1,: ,5900.0,0,0,0,0
3.0,5.0,9,9,50.0,0.6,1.0,1450.0,17.47078,78.30668,30.0,1,0,0,1,0,0,1,0,0,Apartment,Furnished,Unknown,0_5_yrs,Medium,1,: ,5172.0,0,0,0,0
3.0,2.0,15,15,8.0,0.5384615384615384,1.0,2780.0,17.428952,78.197469,30.0,1,0,1,1,0,0,1,0,0,Villa,Semi_Furnished,East,Resale_Very_Old,XL,1,Mokila,10273.0,1,0,0,0
3.0,5.0,22,22,12.0,0.6,1.0,1575.0,17.516622,78.342547,30.0,1,0,0,1,0,0,1,0,0,Apartment,Semi_Furnished,NE,Resale_Very_Old,Medium,1,: ,7301.0,0,0,0,0
3.0,5.0,14,15,0.0,0.2,1.0,1600.0,78.48667,17.38504,30.0,1,0,0,1,0,0,1,0,0,Apartment,Semi_Furnished,West,Resale_Very_Old,Medium,1,sri ramnagar colony kondapur,6187.0,0,0,0,0
3.0,2.0,21,23,8.0,0.5384615384615384,3.0,2384.0,17.428952,78.197469,30.0,0,1,1,1,0,0,1,0,0,Villa,Semi_Furnished,East,Resale_Old,Large,3+,: ,9496.0,1,0,0,0
4.0,3.0,20,22,15.0,1.0,4.0,4223.0,17.465956,78.261911,60.0,1,0,1,1,0,0,1,1,0,Apartment,Semi_Furnished,West,Resale_Very_Old,XL,3+,: ,15391.0,0,0,0,0
3.0,15.0,8,10,15.0,0.8666666666666667,1.0,1798.0,17.474696,78.3472126,60.0,1,0,1,1,0,0,1,0,0,Apartment,Semi_Furnished,East,Resale_Very_Old,Medium,1,: ,11679.0,0,0,0,0
3.0,15.0,8,10,15.0,0.6,1.0,1798.0,17.4753689,78.345016,60.0,1,0,1,1,0,0,1,0,0,Apartment,Semi_Furnished,West,Resale_Very_Old,Medium,1,: ,11123.0,0,0,0,0
2.0,5.0,15,16,50.0,0.6,1.0,855.0,17.440369,78.562932,3.0,1,0,0,1,0,0,1,0,0,Apartment,Semi_Furnished,East,Resale_Very_Old,Small,1,IDA Nacharam,4600.0,0,0,0,0
3.0,5.0,22,22,50.0,0.6,1.0,1557.0,17.435821,78.560357,3.0,1,0,0,1,0,0,1,0,0,Apartment,Semi_Furnished,East,Resale_Very_Old,Medium,1,Nacharam,4999.0,0,0,0,0
3.0,5.0,19,22,47.0,0.6,2.0,1650.0,17.4989934,78.3172409,7.0,1,0,0,1,0,1,1,0,0,Apartment,Semi_Furnished,East,Resale_Very_Old,Medium,2,: ,6599.0,0,0,0,0
3.0,7.0,7,9,46.0,0.2857142857142857,3.0,1603.0,17.4629358,78.3452147,14.0,1,0,0,1,0,1,1,0,0,Apartment,Furnished,West,0_5_yrs,Medium,3+,: ,7797.0,0,0,0,0
2.0,5.0,16,18,47.0,0.6,2.0,1350.0,17.4992,78.317629,30.0,1,0,0,1,0,0,1,0,0,Apartment,Semi_Furnished,East,Resale_Very_Old,Medium,2,: ,6599.0,0,0,0,0
3.0,5.0,17,18,47.0,0.6,2.0,1600.0,17.4991411,78.317663,30.0,1,0,0,1,0,0,1,0,0,Apartment,Semi_Furnished,East,Resale_Very_Old,Medium,2,: ,7998.0,0,0,0,0
4.0,2.0,26,28,0.0,0.5384615384615384,2.0,3800.0,17.443354,78.182044,30.0,0,1,0,1,0,0,1,0,0,Villa,Semi_Furnished,East,Resale_Old,XL,2,: ,7543.0,1,0,0,0
4.0,2.0,22,24,0.0,0.5384615384615384,2.0,3500.0,17.443354,78.182044,30.0,0,1,0,1,0,0,1,0,0,Villa,Semi_Furnished,East,Resale_Old,XL,2,: ,5571.0,1,0,0,0
4.0,2.0,24,26,7.0,0.5384615384615384,2.0,2100.0,17.543634,78.293712,30.0,0,1,0,1,0,0,1,0,0,Villa,Semi_Furnished,East,Resale_Old,Large,2,: ,4800.0,1,0,0,0
4.0,2.0,25,27,7.0,0.5384615384615384,2.0,2800.0,17.543634,78.293712,30.0,0,1,0,1,0,0,1,0,0,Villa,Semi_Furnished,East,Resale_Old,XL,2,: ,4800.0,1,0,0,0
4.0,2.0,23,25,48.0,0.5384615384615384,2.0,2100.0,17.5316,78.26729,30.0,0,1,0,1,0,0,1,0,0,Villa,Semi_Furnished,East,Resale_Old,Large,2,: ,4800.0,1,0,0,0
4.0,2.0,22,24,48.0,0.5384615384615384,2.0,2800.0,17.5316,78.26729,30.0,0,1,0,1,0,0,1,0,0,Villa,Semi_Furnished,East,Resale_Old,XL,2,: ,6400.0,1,0,0,0
3.0,14.0,26,28,11.0,0.2142857142857142,1.0,1700.0,17.51003,78.24035,30.0,0,1,1,1,0,0,1,0,0,Apartment,Semi_Furnished,SE,Resale_Old,Medium,1,: ,5799.0,0,0,0,0
4.0,2.0,27,29,0.0,0.5384615384615384,3.0,4275.0,17.443354,78.182044,30.0,0,1,0,1,0,0,1,0,0,Villa,Semi_Furnished,East,Resale_Old,XL,3+,: ,7799.0,1,0,0,0
3.0,30.0,8,10,8.0,0.6666666666666666,1.0,2055.0,17.3923634,78.3621784,30.0,1,0,0,1,0,0,1,0,0,Apartment,Unfurnished,West,Resale_Very_Old,Large,1,: ,12000.0,0,0,0,0
3.0,15.0,7,8,49.0,0.7333333333333333,1.0,1450.0,17.501318,78.409228,30.0,1,0,0,1,0,1,1,0,0,Apartment,Unfurnished,East,Under_Construction,Medium,1,: ,8344.0,0,0,0,0
3.0,15.0,7,7,49.0,0.9333333333333332,1.0,1600.0,17.501318,78.409228,30.0,1,0,0,1,0,1,1,0,0,Apartment,Semi_Furnished,East,Under_Construction,Medium,1,: ,7812.0,0,0,0,0
3.0,15.0,4,4,49.0,0.9333333333333332,1.0,1600.0,17.501318,78.409228,30.0,1,0,0,1,0,1,1,0,0,Apartment,Semi_Furnished,East,Under_Construction,Medium,1,: ,7812.0,0,0,0,0
3.0,15.0,6,6,49.0,0.9333333333333332,1.0,1450.0,17.501318,78.409228,30.0,1,0,0,1,0,1,1,0,0,Apartment,Semi_Furnished,East,Under_Construction,Medium,1,: ,8275.0,0,0,0,0
2.0,14.0,3,3,50.0,0.4285714285714285,1.0,1135.0,17.399403,78.36901,30.0,1,0,0,1,0,1,1,0,0,Apartment,Semi_Furnished,East,Under_Construction,Small,1,: ,6872.0,0,0,0,0
2.0,5.0,9,9,2.0,0.2,1.0,1100.0,17.557546,78.557555,7.0,1,0,0,1,0,0,0,0,0,Builder_Floor,Semi_Furnished,North,Resale_Very_Old,Small,1,: ,4545.0,0,0,0,0
2.0,31.0,3,3,13.0,0.8709677419354839,1.0,1160.0,17.4662476,78.4073169,14.0,1,0,0,1,0,1,1,0,0,Apartment,Semi_Furnished,East,Resale_Very_Old,Small,1,: ,10086.0,0,0,0,0
3.0,8.0,3,3,49.0,0.875,1.0,1825.0,17.4609913,78.3532083,30.0,1,0,0,1,0,0,1,0,0,Apartment,Furnished,Unknown,0_5_yrs,Large,1,: ,9041.0,0,0,0,0
3.0,2.0,18,18,1.0,0.5384615384615384,1.0,2070.0,17.492871,78.239079,14.0,0,1,0,1,0,0,0,0,0,Villa,Furnished,NE,Resale_Old,Large,1,: ,3623.0,1,0,0,0
3.0,2.0,17,17,50.0,0.5384615384615384,1.0,2070.0,17.5090182,78.3001801,14.0,0,1,0,1,0,0,0,0,0,Villa,Furnished,East,Resale_Old,Large,1,: ,3623.0,1,0,0,0
3.0,2.0,17,17,7.0,0.5384615384615384,1.0,2070.0,17.543634,78.293712,14.0,0,1,0,1,0,0,0,0,0,Villa,Furnished,East,Resale_Old,Large,1,: ,3623.0,1,0,0,0
3.0,2.0,17,17,46.0,0.5384615384615384,1.0,2070.0,17.5330867548758,78.2682745858627,14.0,0,1,0,1,0,0,0,0,0,Villa,Furnished,East,Resale_Old,Large,1,: ,3623.0,1,0,0,0
3.0,2.0,18,18,6.0,0.5384615384615384,1.0,2070.0,17.542319,78.226934,14.0,0,1,0,1,0,0,0,0,0,Villa,Semi_Furnished,East,Resale_Old,Large,1,: ,3623.0,1,0,0,0
3.0,2.0,18,18,6.0,0.5384615384615384,1.0,2070.0,17.548606,78.210422,14.0,0,1,0,1,0,0,0,0,0,Villa,Furnished,East,Resale_Old,Large,1,: ,3623.0,1,0,0,0
3.0,3.0,18,18,50.0,0.5384615384615384,1.0,2769.0,17.5090182,78.3001801,14.0,0,1,0,1,0,0,0,0,0,Villa,Furnished,East,Resale_Old,XL,1,: ,5778.0,1,0,0,0
3.0,3.0,18,18,7.0,0.5384615384615384,1.0,2769.0,17.543634,78.293712,14.0,0,1,0,1,0,0,0,0,0,Villa,Furnished,East,Resale_Old,XL,1,: ,5778.0,1,0,0,0
3.0,3.0,18,18,48.0,0.5384615384615384,1.0,2769.0,17.5316,78.26729,14.0,0,1,0,1,0,0,0,0,0,Villa,Furnished,East,Resale_Old,XL,1,: ,5778.0,1,0,0,0
3.0,3.0,18,18,1.0,0.5384615384615384,1.0,2769.0,17.492871,78.239079,14.0,0,1,0,1,0,0,0,0,0,Villa,Furnished,East,Resale_Old,XL,1,: ,5778.0,1,0,0,0
3.0,3.0,18,18,14.0,0.5384615384615384,1.0,2769.0,17.583578247277302,78.1082316073572,14.0,0,1,0,1,0,0,0,0,0,Villa,Furnished,East,Resale_Old,XL,1,: ,5236.0,1,0,0,0
3.0,3.0,18,18,6.0,0.5384615384615384,1.0,2769.0,17.542319,78.226934,14.0,0,1,0,1,0,0,0,0,0,Villa,Furnished,East,Resale_Old,XL,1,: ,5236.0,1,0,0,0
3.0,3.0,18,18,6.0,0.5384615384615384,1.0,2769.0,17.548606,78.210422,14.0,0,1,0,1,0,0,0,0,0,Villa,Furnished,East,Resale_Old,XL,1,: ,5236.0,1,0,0,0
3.0,2.0,18,18,0.0,0.5384615384615384,1.0,2070.0,17.563151,78.296336,14.0,0,1,0,1,0,0,0,0,0,Villa,Furnished,East,Resale_Old,Large,1,: ,3623.0,1,0,0,0
3.0,2.0,18,18,1.0,0.5384615384615384,1.0,2070.0,17.555324,78.308221,14.0,0,1,0,1,0,0,0,0,0,Villa,Furnished,NE,Resale_Old,Large,1,: ,3623.0,1,0,0,0
3.0,9.0,6,7,15.0,0.5555555555555556,2.0,2090.0,17.3954823,78.3370988,30.0,0,1,1,1,0,0,1,0,0,Apartment,Semi_Furnished,NE,Resale_Old,Large,2,: ,6500.0,0,0,0,0
3.0,36.0,17,19,13.0,0.1666666666666666,1.0,1796.0,17.402291123438,78.338167423361,3.0,0,1,1,1,0,0,1,0,0,Apartment,Semi_Furnished,East,Resale_Old,Medium,1,: ,10579.0,0,0,0,0
3.0,22.0,8,10,9.0,0.3181818181818182,1.0,2070.0,17.47078,78.30668,3.0,1,0,1,1,0,0,1,0,0,Apartment,Semi_Furnished,East,Resale_Very_Old,Large,1,: ,9661.0,0,0,0,0
2.0,5.0,4,4,0.0,0.6,1.0,1225.0,78.48667,17.38504,3.0,1,0,0,1,0,0,1,0,0,Apartment,Semi_Furnished,East,Resale_Very_Old,Medium,1,: ,6500.0,0,0,0,0
3.0,5.0,4,4,50.0,0.6,1.0,1450.0,17.499634,78.361729,4.0,0,1,0,1,0,0,1,0,0,Apartment,Semi_Furnished,East,Resale_Old,Medium,1,: ,6206.0,0,0,0,0
3.0,5.0,7,7,50.0,0.4,1.0,1600.0,17.47078,78.30668,4.0,0,1,0,1,0,0,1,0,0,Apartment,Semi_Furnished,East,Resale_Old,Medium,1,: ,6300.0,0,0,0,0
3.0,25.0,8,10,12.0,0.64,2.0,2290.0,17.4605785,78.3560082,5.0,1,0,1,1,0,1,1,0,0,Apartment,Semi_Furnished,East,Resale_Very_Old,Large,2,: ,11353.0,0,0,0,0
3.0,21.0,8,10,10.0,0.8095238095238095,1.0,2128.0,17.4359437,78.3416731,7.0,0,1,1,1,0,0,1,0,0,Apartment,Semi_Furnished,East,Resale_Old,Large,1,: ,12453.0,0,0,0,0
3.0,20.0,8,10,48.0,0.65,3.0,1890.0,17.42278,78.34724,7.0,1,0,0,1,0,0,1,0,0,Apartment,Unfurnished,North,Under_Construction,Large,3+,: ,11640.0,0,0,0,0
3.0,18.0,18,20,12.0,0.2222222222222222,2.0,2000.0,17.466742,78.337059,7.0,1,0,1,1,0,0,1,0,0,Apartment,Semi_Furnished,West,Resale_Very_Old,Large,2,: ,11000.0,0,0,0,0
3.0,18.0,18,20,12.0,0.2777777777777778,3.0,2710.0,17.466742,78.337059,7.0,1,0,1,1,0,0,1,0,0,Apartment,Semi_Furnished,West,Resale_Very_Old,XL,3+,: ,11000.0,0,0,0,0
3.0,18.0,18,20,12.0,0.1666666666666666,4.0,2510.0,17.466742,78.337059,7.0,1,0,1,1,0,0,1,0,0,Apartment,Semi_Furnished,East,Resale_Very_Old,XL,3+,: ,10996.0,0,0,0,0
3.0,18.0,19,21,12.0,0.4444444444444444,2.0,2060.0,17.466742,78.337059,7.0,1,0,1,1,0,0,1,0,0,Apartment,Semi_Furnished,East,Resale_Very_Old,Large,2,: ,11019.0,0,0,0,0
3.0,18.0,19,21,12.0,0.6111111111111112,4.0,2475.0,17.466742,78.337059,7.0,1,0,1,1,0,0,1,0,0,Apartment,Semi_Furnished,East,Resale_Very_Old,Large,3+,: ,11030.0,0,0,0,0
3.0,18.0,19,21,12.0,0.6666666666666666,2.0,1990.0,17.466742,78.337059,7.0,1,0,1,1,0,0,1,0,0,Apartment,Semi_Furnished,East,Resale_Very_Old,Large,2,: ,11005.0,0,0,0,0
3.0,18.0,19,21,12.0,0.1666666666666666,2.0,1840.0,17.466742,78.337059,7.0,1,0,1,1,0,0,1,0,0,Apartment,Semi_Furnished,West,Resale_Very_Old,Large,2,: ,11032.0,0,0,0,0
3.0,18.0,19,21,12.0,0.4444444444444444,1.0,1505.0,17.466742,78.337059,7.0,1,0,1,1,0,0,1,0,0,Apartment,Semi_Furnished,East,Resale_Very_Old,Medium,1,: ,11029.0,0,0,0,0
2.0,18.0,19,21,12.0,0.5,1.0,1325.0,17.466742,78.337059,7.0,1,0,1,1,0,0,1,0,0,Apartment,Semi_Furnished,East,Resale_Very_Old,Medium,1,: ,11018.0,0,0,0,0
2.0,35.0,26,28,10.0,0.3142857142857143,1.0,1283.0,17.41341,78.339447,7.0,1,0,1,1,0,0,1,0,0,Apartment,Semi_Furnished,East,Under_Construction,Medium,1,: ,13094.0,0,0,0,0
3.0,32.0,18,20,44.0,0.75,2.0,1901.0,17.4400802,78.3489168,7.0,1,0,0,1,0,0,1,0,0,Apartment,Semi_Furnished,North,Under_Construction,Large,2,: ,9731.0,0,0,0,0
3.0,10.0,8,10,12.0,0.7,1.0,1766.0,17.4609913,78.3532083,14.0,0,1,1,1,0,0,1,0,0,Apartment,Semi_Furnished,East,Resale_Old,Medium,1,: ,9173.0,0,0,0,0
3.0,34.0,8,11,10.0,0.2647058823529412,1.0,1993.0,17.4359437,78.3416731,14.0,1,0,1,1,0,0,1,0,0,Apartment,Furnished,East,Under_Construction,Large,1,: ,10536.0,0,0,0,0
3.0,19.0,17,20,15.0,0.8421052631578947,2.0,2170.0,17.388245,78.341234,30.0,1,0,0,1,0,0,1,0,0,Apartment,Furnished,West,Under_Construction,Large,2,: ,11751.0,0,0,0,0
3.0,15.0,8,11,26.0,0.6,3.0,2490.0,17.40223,78.3444,30.0,1,0,0,1,0,0,1,0,0,Apartment,Furnished,West,Under_Construction,Large,3+,: ,12449.0,0,0,0,0
3.0,30.0,14,17,8.0,0.4666666666666667,1.0,2075.0,17.400284,78.350663,30.0,1,0,0,1,0,0,1,0,0,Apartment,Semi_Furnished,West,Under_Construction,Large,1,: ,13012.0,0,0,0,0
3.0,35.0,18,20,10.0,0.7428571428571429,1.0,1993.0,17.41341,78.339447,30.0,1,0,1,1,0,0,1,0,0,Apartment,Semi_Furnished,East,Under_Construction,Large,1,: ,11138.0,0,0,0,0
3.0,39.0,8,10,13.0,0.6666666666666666,1.0,2335.0,17.3923634,78.3621784,30.0,0,1,1,1,0,0,1,0,0,Apartment,Semi_Furnished,East,Resale_Old,Large,1,: ,10920.0,0,0,0,0
3.0,39.0,8,10,13.0,0.8974358974358975,1.0,2660.0,17.3923634,78.3621784,30.0,0,1,1,1,0,0,1,0,0,Apartment,Semi_Furnished,East,Resale_Old,XL,1,: ,11466.0,0,0,0,0
3.0,2.0,1,2,48.0,0.5384615384615384,1.0,2400.0,17.41214,78.36431,30.0,1,0,0,1,0,0,0,0,0,Villa,Semi_Furnished,East,Resale_Very_Old,Large,1,: ,12500.0,1,0,0,0
3.0,24.0,8,10,9.0,0.8333333333333334,1.0,2000.0,17.4480919,78.3787508,30.0,0,1,1,1,0,0,1,0,0,Apartment,Semi_Furnished,West,Resale_Old,Large,1,: ,10500.0,0,0,0,0
4.0,2.0,8,8,50.0,0.5384615384615384,2.0,1647.0,17.5090182,78.3001801,30.0,0,1,0,1,0,0,1,0,0,Villa,Semi_Furnished,Unknown,Resale_Old,Medium,2,: ,90327.0,1,0,0,0
4.0,2.0,8,8,50.0,0.5384615384615384,2.0,1485.0,17.5090182,78.3001801,30.0,0,1,0,1,0,0,1,0,0,Villa,Semi_Furnished,Unknown,Resale_Old,Medium,2,: ,93333.0,1,0,0,0
3.0,12.0,19,22,12.0,0.5,3.0,1480.0,17.399482,78.34253,30.0,1,0,0,1,0,0,1,0,0,Apartment,Semi_Furnished,East,Under_Construction,Medium,3+,: ,9594.0,0,0,0,0
2.0,18.0,18,20,12.0,0.2777777777777778,1.0,1325.0,17.466742,78.337059,30.0,0,1,1,1,0,0,1,0,0,Apartment,Semi_Furnished,East,Resale_Old,Medium,1,: ,10566.0,0,0,0,0
4.0,3.0,22,24,3.0,0.5384615384615384,2.0,3079.0,17.20869,78.47603,2.0,0,1,0,1,0,0,1,0,0,Villa,Semi_Furnished,East,Resale_Old,XL,2,: ,8444.0,1,0,0,0
4.0,47.0,31,33,26.0,0.3404255319148936,2.0,4200.0,17.40223,78.3444,6.0,0,1,0,1,0,0,1,0,0,Apartment,Semi_Furnished,East,Resale_Old,XL,2,Kokapet,6300.0,0,0,0,0
4.0,47.0,31,33,25.0,0.425531914893617,2.0,3600.0,17.3923634,78.3621784,6.0,0,1,0,1,0,0,1,0,0,Apartment,Semi_Furnished,East,Resale_Old,XL,2,Narsingi,6300.0,0,0,0,0
3.0,47.0,31,33,25.0,0.2553191489361702,2.0,3000.0,17.3923634,78.3621784,6.0,0,1,0,1,0,0,1,0,0,Apartment,Semi_Furnished,East,Resale_Old,XL,2,Narsingi,6300.0,0,0,0,0
5.0,3.0,8,8,33.0,0.5384615384615384,3.0,4525.0,17.411744,78.341175,14.0,0,1,0,1,0,0,1,0,0,Villa,Semi_Furnished,East,Resale_Old,XL,3+,: ,10773.0,1,0,0,0
4.0,3.0,7,9,47.0,0.5384615384615384,3.0,3392.0,17.4359437,78.3416731,21.0,0,1,0,1,0,0,1,0,0,Villa,Semi_Furnished,East,Resale_Old,XL,3+,: ,10318.0,1,0,0,0
3.0,11.0,14,16,0.0,0.4545454545454545,3.0,3156.0,78.48667,17.38504,3.0,0,1,0,1,0,0,1,0,0,Apartment,Semi_Furnished,East,Resale_Old,XL,3+,: ,8199.0,0,0,0,0
4.0,3.0,15,18,1.0,0.5384615384615384,3.0,4300.0,17.442196,78.280067,3.0,1,0,0,1,0,0,0,0,0,Villa,Furnished,East,Under_Construction,XL,3+,: ,15500.0,1,0,0,0
3.0,5.0,6,6,0.0,0.4,1.0,1510.0,78.48667,17.38504,3.0,1,0,0,1,0,0,1,0,0,Apartment,Semi_Furnished,East,Resale_Very_Old,Medium,1,: ,6079.0,0,0,0,0
4.0,45.0,15,17,0.0,0.8888888888888888,4.0,6605.0,78.48667,17.38504,3.0,0,1,0,1,0,0,1,0,0,Apartment,Semi_Furnished,East,Resale_Old,XXL,3+,: ,12500.0,0,0,0,0
3.0,11.0,16,18,0.0,0.6363636363636364,1.0,1867.0,78.48667,17.38504,3.0,0,1,0,1,0,0,1,0,0,Apartment,Semi_Furnished,East,Resale_Old,Large,1,: ,8199.0,0,0,0,0
3.0,40.0,7,7,15.0,0.85,3.0,2240.0,17.396115,78.357941,28.0,0,1,1,1,0,0,1,0,0,Apartment,Semi_Furnished,West,Resale_Old,Large,3+,: ,7499.0,0,0,0,0
3.0,40.0,7,7,15.0,0.775,3.0,1940.0,17.396115,78.357941,28.0,0,1,1,1,0,0,1,0,0,Apartment,Semi_Furnished,East,Resale_Old,Large,3+,: ,7299.0,0,0,0,0
4.0,3.0,7,7,1.0,0.5384615384615384,2.0,300.0,17.442196,78.280067,30.0,1,0,0,1,0,0,0,0,0,Villa,Semi_Furnished,West,Resale_Very_Old,Micro,2,: ,181666.0,1,0,0,0
2.0,1.0,13,15,0.0,0.5384615384615384,1.0,39600.0,17.147723617837613,77.74593537654307,30.0,0,1,0,1,0,0,0,0,0,Farmhouse,Semi_Furnished,East,Resale_Old,XXL,1,: ,7272.0,1,0,0,0
4.0,2.0,8,9,1.0,0.5384615384615384,3.0,6000.0,17.450947,78.281192,30.0,1,0,1,1,0,0,1,0,0,Villa,Furnished,Unknown,Resale_Very_Old,XXL,3+,: ,26666.0,1,0,0,0
3.0,22.0,7,7,15.0,0.3636363636363636,3.0,2130.0,17.39652,78.33813,30.0,0,1,1,1,0,0,1,0,0,Apartment,Semi_Furnished,Unknown,Resale_Old,Large,3+,: ,12000.0,0,0,0,0
3.0,18.0,7,9,12.0,0.5,2.0,2475.0,17.4609913,78.3532083,3.0,1,0,1,1,0,1,1,0,0,Apartment,Semi_Furnished,East,Under_Construction,Large,2,: ,9696.0,0,0,0,0
3.0,18.0,6,8,12.0,0.2777777777777778,2.0,2000.0,17.4609913,78.3532083,3.0,1,0,1,1,0,1,1,0,0,Apartment,Semi_Furnished,East,Under_Construction,Large,2,: ,9750.0,0,0,0,0
3.0,18.0,5,7,12.0,0.5555555555555556,2.0,1720.0,17.4609913,78.3532083,3.0,1,0,1,1,0,1,1,0,0,Apartment,Semi_Furnished,East,Under_Construction,Medium,2,: ,9883.0,0,0,0,0
4.0,3.0,8,10,15.0,0.5384615384615384,3.0,3580.0,17.412388,78.347496,4.0,1,0,1,1,0,1,1,0,0,Villa,Semi_Furnished,West,Under_Construction,XL,3+,: ,12011.0,1,0,0,0
4.0,3.0,1,3,34.0,0.5384615384615384,3.0,4200.0,17.412388,78.347496,4.0,1,0,0,1,0,1,1,0,0,Villa,Semi_Furnished,East,Under_Construction,XL,3+,: ,10238.0,1,0,0,0
2.0,10.0,4,6,34.0,0.9,2.0,1305.0,17.412388,78.347496,4.0,1,0,0,1,0,1,1,0,0,Apartment,Semi_Furnished,NE,Under_Construction,Medium,2,: ,6666.0,0,0,0,0
3.0,25.0,5,7,13.0,0.52,2.0,1605.0,17.413534,78.339066,4.0,1,0,1,1,0,1,1,0,0,Apartment,Semi_Furnished,East,Under_Construction,Medium,2,: ,9221.0,0,0,0,0
2.0,24.0,8,10,13.0,0.5416666666666666,1.0,1275.0,17.47078,78.30668,5.0,1,0,1,1,0,0,1,0,0,Apartment,Semi_Furnished,East,Under_Construction,Medium,1,: ,9411.0,0,0,0,0
3.0,25.0,4,6,13.0,0.6,2.0,1605.0,17.47078,78.30668,5.0,1,0,1,1,0,0,1,0,0,Apartment,Furnished,East,Resale_Very_Old,Medium,2,: ,9906.0,0,0,0,0
3.0,18.0,3,5,12.0,0.3888888888888889,2.0,1720.0,17.4609913,78.3532083,5.0,1,0,1,1,0,0,1,0,0,Apartment,Semi_Furnished,East,Resale_Very_Old,Medium,2,: ,10174.0,0,0,0,0
3.0,24.0,13,13,9.0,0.5,3.0,2500.0,17.467762,78.408146,14.0,1,0,1,1,0,0,1,0,0,Apartment,Semi_Furnished,West,Resale_Very_Old,Large,3+,: ,9840.0,0,0,0,0
3.0,25.0,18,18,12.0,0.44,2.0,1965.0,17.45753,78.36247,21.0,1,0,1,1,0,0,1,0,0,Apartment,Semi_Furnished,West,Resale_Very_Old,Large,2,: ,10432.0,0,0,0,0
3.0,27.0,17,17,10.0,0.7407407407407407,2.0,2380.0,17.46658,78.411635,30.0,0,1,1,1,0,0,1,0,0,Apartment,Semi_Furnished,West,Resale_Old,Large,2,: ,8823.0,0,0,0,0
2.0,31.0,17,17,13.0,0.6451612903225806,1.0,1250.0,17.465823,78.407845,30.0,1,0,0,1,0,0,1,0,0,Apartment,Semi_Furnished,West,Resale_Very_Old,Medium,1,: ,8640.0,0,0,0,0
3.0,18.0,8,8,12.0,0.2222222222222222,2.0,2060.0,17.4609913,78.3532083,7.0,1,0,1,1,0,1,1,0,0,Apartment,Semi_Furnished,West,Under_Construction,Large,2,: ,10300.0,0,0,0,0
3.0,18.0,8,8,12.0,0.6111111111111112,2.0,2710.0,17.4609913,78.3532083,7.0,1,0,1,1,0,1,1,0,0,Apartment,Semi_Furnished,East,Under_Construction,XL,2,: ,10300.0,0,0,0,0
3.0,18.0,8,8,12.0,1.0,2.0,2475.0,17.4609913,78.3532083,7.0,1,0,1,1,0,1,1,1,0,Apartment,Unfurnished,East,Under_Construction,Large,2,: ,10300.0,0,0,0,0
3.0,18.0,8,8,12.0,0.1666666666666666,2.0,1840.0,17.4609913,78.3532083,7.0,1,0,1,1,0,1,1,0,0,Apartment,Semi_Furnished,West,Under_Construction,Large,2,: ,10300.0,0,0,0,0
3.0,18.0,8,8,12.0,0.5555555555555556,2.0,1720.0,17.4609913,78.3532083,7.0,1,0,1,1,0,1,1,0,0,Apartment,Semi_Furnished,West,Under_Construction,Medium,2,: ,10300.0,0,0,0,0
2.0,18.0,8,8,12.0,0.8333333333333334,1.0,1340.0,17.4609913,78.3532083,7.0,1,0,1,1,0,1,1,0,0,Apartment,Semi_Furnished,East,Under_Construction,Medium,1,: ,10300.0,0,0,0,0
3.0,18.0,8,8,12.0,0.6111111111111112,2.0,1505.0,17.4609913,78.3532083,7.0,1,0,1,1,0,1,1,0,0,Apartment,Semi_Furnished,West,Under_Construction,Medium,2,: ,10300.0,0,0,0,0
2.0,18.0,8,8,12.0,0.7777777777777778,1.0,1325.0,17.4609913,78.3532083,7.0,1,0,1,1,0,1,1,0,0,Apartment,Semi_Furnished,East,Under_Construction,Medium,1,: ,10300.0,0,0,0,0
3.0,5.0,3,3,17.0,0.6,1.0,1365.0,17.360584,78.377846,21.0,1,0,0,1,0,1,1,0,0,Apartment,Semi_Furnished,NE,Under_Construction,Medium,1,: ,4688.0,0,0,0,0
3.0,5.0,7,7,49.0,0.8,2.0,1750.0,17.411447,78.370023,21.0,1,0,0,1,0,1,1,0,0,Apartment,Semi_Furnished,West,Under_Construction,Medium,2,: ,5700.0,0,0,0,0
3.0,5.0,14,16,49.0,0.6,1.0,1535.0,17.411447,78.370023,21.0,1,0,0,1,0,1,1,0,0,Apartment,Semi_Furnished,West,Under_Construction,Medium,1,Manikonda,5993.0,0,0,0,0
3.0,5.0,14,16,50.0,0.6,1.0,1526.0,17.393692,78.37514,21.0,1,0,0,1,0,1,1,0,0,Apartment,Semi_Furnished,North,Under_Construction,Medium,1,Narsingi,5799.0,0,0,0,0
3.0,5.0,16,18,50.0,0.4,1.0,1525.0,17.393692,78.37514,21.0,1,0,0,1,0,1,1,0,0,Apartment,Semi_Furnished,West,Under_Construction,Medium,1,Narsingi,5898.0,0,0,0,0
2.0,5.0,7,7,49.0,0.8,1.0,1133.0,17.411447,78.370023,21.0,1,0,0,1,0,1,1,0,0,Apartment,Semi_Furnished,North,Under_Construction,Small,1,: ,5472.0,0,0,0,0
3.0,5.0,7,7,49.0,0.6,2.0,1500.0,17.411447,78.370023,21.0,1,0,0,1,0,1,1,0,0,Apartment,Semi_Furnished,West,Under_Construction,Medium,2,: ,5666.0,0,0,0,0
2.0,5.0,15,17,37.0,1.0,1.0,1200.0,17.388287,78.370072,21.0,1,0,0,1,0,1,1,1,0,Apartment,Semi_Furnished,NE,Under_Construction,Small,1,Manikonda,5416.0,0,0,0,0
3.0,5.0,20,22,17.0,0.4,1.0,1630.0,17.360577,78.37802,21.0,1,0,0,1,0,1,1,0,0,Apartment,Semi_Furnished,East,Under_Construction,Medium,1,Narsingi,6500.0,0,0,0,0
2.0,5.0,13,15,37.0,0.4,1.0,1200.0,17.388287,78.370072,21.0,1,0,0,1,0,1,1,0,0,Apartment,Semi_Furnished,East,Under_Construction,Small,1,Manikonda,5666.0,0,0,0,0
2.0,5.0,15,17,37.0,0.6,1.0,1252.0,17.388287,78.370072,21.0,1,0,0,1,0,1,1,0,0,Apartment,Semi_Furnished,East,Under_Construction,Medium,1,Manikonda,5790.0,0,0,0,0
2.0,5.0,13,15,37.0,0.4,1.0,1250.0,17.388287,78.370072,21.0,1,0,0,1,0,1,1,0,0,Apartment,Semi_Furnished,East,Under_Construction,Medium,1,Manikonda,5800.0,0,0,0,0
2.0,5.0,19,21,17.0,0.4,1.0,1115.0,17.360577,78.37802,21.0,1,0,0,1,0,1,1,0,0,Apartment,Semi_Furnished,East,Under_Construction,Small,1,Narsingi,6497.0,0,0,0,0
2.0,5.0,8,8,50.0,0.8,1.0,1200.0,17.4011618,78.37569,21.0,1,0,0,1,0,1,1,0,0,Apartment,Semi_Furnished,East,Under_Construction,Small,1,: ,5666.0,0,0,0,0
4.0,35.0,8,10,10.0,0.2857142857142857,3.0,2713.0,17.41341,78.339447,7.0,1,0,1,1,0,0,1,0,0,Apartment,Semi_Furnished,NE,Resale_Very_Old,XL,3+,: ,16703.0,0,0,0,0
3.0,35.0,8,10,10.0,0.2571428571428571,1.0,1742.0,17.41341,78.339447,21.0,1,0,1,1,0,0,1,0,0,Apartment,Semi_Furnished,West,Resale_Very_Old,Medium,1,: ,15339.0,0,0,0,0
4.0,35.0,8,10,10.0,0.2857142857142857,3.0,2713.0,17.41341,78.339447,7.0,1,0,1,1,0,0,1,0,0,Apartment,Semi_Furnished,NE,Resale_Very_Old,XL,3+,: ,16675.0,0,0,0,0
3.0,35.0,8,10,10.0,0.2285714285714285,2.0,4070.0,17.41341,78.339447,7.0,1,0,1,1,0,0,1,0,0,Apartment,Semi_Furnished,NW,Resale_Very_Old,XL,2,: ,15037.0,0,0,0,0
4.0,35.0,8,10,10.0,0.2857142857142857,3.0,2713.0,17.41341,78.339447,28.0,1,0,1,1,0,0,1,0,0,Apartment,Semi_Furnished,NE,Resale_Very_Old,XL,3+,: ,16731.0,0,0,0,0
2.0,35.0,8,10,10.0,0.3428571428571428,1.0,1283.0,17.41341,78.339447,21.0,1,0,1,1,0,0,1,0,0,Apartment,Semi_Furnished,East,Resale_Very_Old,Medium,1,: ,15542.0,0,0,0,0
2.0,35.0,8,10,10.0,0.3428571428571428,1.0,1283.0,17.41341,78.339447,30.0,1,0,1,1,0,0,1,0,0,Apartment,Semi_Furnished,East,Resale_Very_Old,Medium,1,: ,15428.0,0,0,0,0
3.0,36.0,8,8,13.0,0.3333333333333333,2.0,2124.0,17.40223,78.3444,30.0,1,0,1,1,0,0,1,0,0,Apartment,Semi_Furnished,East,Resale_Very_Old,Large,2,: ,8239.0,0,0,0,0
3.0,35.0,8,10,10.0,0.7142857142857143,2.0,4069.0,17.4359437,78.3416731,30.0,1,0,1,1,0,0,1,0,0,Apartment,Semi_Furnished,SE,Resale_Very_Old,XL,2,: ,10002.0,0,0,0,0
2.0,5.0,0,0,49.0,0.8,1.0,935.0,17.406635,78.40765,90.0,1,0,0,1,0,0,1,0,0,Apartment,Unfurnished,Unknown,0_5_yrs,Small,1,: ,5240.0,0,0,0,0
3.0,5.0,2,2,50.0,0.6,1.0,1490.0,17.383259,78.5554,30.0,1,0,0,1,0,1,1,0,0,Apartment,Semi_Furnished,SW,Under_Construction,Medium,1,: ,5583.0,0,0,0,0
3.0,5.0,2,2,50.0,0.6,1.0,1921.0,17.383259,78.5554,30.0,1,0,0,1,0,1,1,0,0,Apartment,Semi_Furnished,SW,Under_Construction,Large,1,: ,4348.0,0,0,0,0
3.0,5.0,2,2,50.0,0.8,1.0,1492.0,17.383259,78.5554,30.0,1,0,0,1,0,1,1,0,0,Apartment,Semi_Furnished,SW,Under_Construction,Medium,1,: ,5533.0,0,0,0,0
2.0,5.0,5,5,50.0,0.8,1.0,1165.0,17.383259,78.5554,30.0,1,0,0,1,0,1,1,0,0,Apartment,Semi_Furnished,East,Under_Construction,Small,1,: ,5500.0,0,0,0,0
2.0,5.0,6,6,9.0,0.6,1.0,1165.0,17.5514,78.38552,30.0,1,0,0,1,0,1,1,0,0,Apartment,Semi_Furnished,West,Under_Construction,Small,1,: ,5500.0,0,0,0,0
2.0,5.0,6,6,9.0,0.4,1.0,1165.0,17.5514,78.38552,30.0,1,0,0,1,0,1,1,0,0,Apartment,Semi_Furnished,East,Under_Construction,Small,1,: ,5553.0,0,0,0,0
2.0,5.0,6,6,9.0,0.2,1.0,1165.0,17.5514,78.38552,30.0,1,0,0,1,0,1,1,0,0,Apartment,Semi_Furnished,East,Under_Construction,Small,1,: ,5493.0,0,0,0,0
2.0,5.0,6,6,9.0,1.0,1.0,1165.0,17.5514,78.38552,30.0,1,0,0,1,0,1,1,1,0,Apartment,Unfurnished,East,Under_Construction,Small,1,: ,5500.0,0,0,0,0
2.0,5.0,4,4,9.0,1.0,1.0,1165.0,17.5514,78.38552,30.0,1,0,0,1,0,1,1,1,0,Apartment,Furnished,West,Under_Construction,Small,1,: ,5500.0,0,0,0,0
2.0,5.0,7,7,50.0,0.6,1.0,1165.0,17.383259,78.5554,30.0,1,0,0,1,0,1,1,0,0,Apartment,Semi_Furnished,NE,Under_Construction,Small,1,: ,5500.0,0,0,0,0
2.0,5.0,5,5,50.0,0.8,1.0,1165.0,17.383099,78.55351,30.0,1,0,0,1,0,1,1,0,0,Apartment,Semi_Furnished,North,Under_Construction,Small,1,: ,5500.0,0,0,0,0
3.0,5.0,0,0,11.0,0.6,1.0,1495.0,17.543945,78.36929,30.0,1,0,0,1,0,1,1,0,0,Apartment,Semi_Furnished,West,Under_Construction,Medium,1,: ,5499.0,0,0,0,0
3.0,5.0,1,1,11.0,0.8,1.0,1295.0,17.543945,78.36929,30.0,1,0,0,1,0,1,1,0,0,Apartment,Semi_Furnished,East,Under_Construction,Medium,1,: ,6409.0,0,0,0,0
3.0,5.0,8,8,49.0,0.8,1.0,1712.0,17.411499,78.41872,30.0,1,0,0,1,0,1,1,0,0,Apartment,Semi_Furnished,West,Under_Construction,Medium,1,: ,7965.0,0,0,0,0
4.0,12.0,7,7,49.0,0.3333333333333333,2.0,2500.0,17.411499,78.41872,14.0,1,0,1,1,0,0,1,0,0,Apartment,Furnished,East,0_5_yrs,Large,2,: ,3400.0,0,0,0,0
4.0,5.0,6,7,49.0,0.4,2.0,3800.0,17.411499,78.41872,30.0,1,0,0,1,0,1,1,0,0,Apartment,Unfurnished,East,Under_Construction,XL,2,: ,12900.0,0,0,0,0
4.0,36.0,3,4,13.0,0.8055555555555556,2.0,4070.0,17.4480919,78.3787508,30.0,1,0,0,1,0,1,1,0,0,Apartment,Furnished,West,Under_Construction,XL,2,: ,12899.0,0,0,0,0
3.0,5.0,2,2,49.0,0.8,2.0,3200.0,17.411499,78.41872,30.0,1,0,0,1,0,1,1,0,0,Apartment,Semi_Furnished,West,Under_Construction,XL,2,: ,12900.0,0,0,0,0
4.0,5.0,8,8,49.0,0.2,2.0,3800.0,17.411499,78.41872,30.0,1,0,0,1,0,1,1,0,0,Apartment,Semi_Furnished,East,Under_Construction,XL,2,: ,12900.0,0,0,0,0
3.0,5.0,4,4,49.0,0.8,2.0,3200.0,17.411499,78.41872,30.0,1,0,0,1,0,1,1,0,0,Apartment,Semi_Furnished,East,Under_Construction,XL,2,: ,12900.0,0,0,0,0
3.0,5.0,7,7,47.0,0.6,1.0,1717.0,17.465343,78.37847,30.0,1,0,0,1,0,1,1,0,0,Apartment,Semi_Furnished,West,Under_Construction,Medium,1,: ,8000.0,0,0,0,0
2.0,5.0,6,6,47.0,0.8,1.0,1150.0,17.465343,78.37847,30.0,1,0,0,1,0,1,1,0,0,Apartment,Semi_Furnished,West,Under_Construction,Small,1,: ,8130.0,0,0,0,0
2.0,5.0,6,6,47.0,0.8,1.0,1150.0,17.465239,78.37838,30.0,1,0,0,1,0,1,1,0,0,Apartment,Semi_Furnished,West,Under_Construction,Small,1,: ,8086.0,0,0,0,0
2.0,5.0,6,6,47.0,0.6,1.0,1150.0,17.465343,78.37847,30.0,1,0,0,1,0,1,1,0,0,Apartment,Semi_Furnished,West,Under_Construction,Small,1,: ,8043.0,0,0,0,0
2.0,5.0,7,7,47.0,0.4,1.0,1150.0,17.465153,78.37832,30.0,1,0,0,1,0,1,1,0,0,Apartment,Semi_Furnished,West,Under_Construction,Small,1,: ,8000.0,0,0,0,0
3.0,19.0,7,7,0.0,0.4210526315789473,1.0,2259.0,78.48667,17.38504,60.0,1,0,0,1,0,0,1,0,0,Apartment,Semi_Furnished,West,Under_Construction,Large,1,Kukatpally,8853.0,0,0,0,0
3.0,4.0,8,9,43.0,0.5384615384615384,4.0,3010.0,17.459445,78.371177,,1,0,0,1,0,0,1,0,0,Villa,Furnished,SW,5_10_yrs,XL,3+,Kothaguda,12000.0,1,0,0,0
3.0,5.0,9,10,48.0,0.6,1.0,1680.0,17.41214,78.36431,2.0,1,0,0,1,0,0,1,0,0,Apartment,Semi_Furnished,East,0_5_yrs,Medium,1,Khajaguda,8556.0,0,0,0,0
2.0,3.0,9,10,50.0,0.3333333333333333,1.0,1245.0,17.426833,78.534737,3.0,1,0,0,1,0,0,1,0,0,Apartment,Furnished,SW,0_5_yrs,Medium,1,Tarnaka,8125.0,0,0,0,0
3.0,14.0,8,10,15.0,0.9285714285714286,2.0,1740.0,17.412388,78.347496,7.0,1,0,0,1,0,1,1,0,0,Apartment,Semi_Furnished,East,Under_Construction,Medium,2,: ,11494.0,0,0,0,0
3.0,5.0,5,6,26.0,0.5384615384615384,1.0,1547.0,17.40223,78.3444,14.0,1,0,0,1,0,0,1,0,0,Apartment,Semi_Furnished,North,Under_Construction,Medium,1,: ,6851.0,1,0,0,0
3.0,9.0,6,6,9.0,0.7777777777777778,1.0,1575.0,17.40223,78.3444,14.0,1,0,1,1,0,0,1,0,0,Apartment,Semi_Furnished,West,Under_Construction,Medium,1,: ,7492.0,0,0,0,0
4.0,18.0,3,3,10.0,0.3333333333333333,2.0,3380.0,17.3923634,78.3621784,28.0,1,0,1,1,0,0,1,0,0,Apartment,Semi_Furnished,Unknown,Resale_Very_Old,XL,2,: ,9467.0,0,0,0,0
3.0,18.0,6,7,10.0,0.8333333333333334,1.0,1535.0,17.3907242,78.3559553,28.0,1,0,1,1,0,1,1,0,0,Apartment,Semi_Furnished,East,Resale_Very_Old,Medium,1,: ,9563.0,0,0,0,0
4.0,39.0,3,4,4.0,0.282051282051282,3.0,4761.0,17.478433,78.392116,30.0,1,0,0,1,0,0,1,0,0,Apartment,Semi_Furnished,West,0_5_yrs,XL,3+,: ,10817.0,0,0,0,0
3.0,19.0,8,8,15.0,0.8421052631578947,3.0,2170.0,17.40223,78.3444,30.0,1,0,0,1,0,0,1,0,0,Apartment,Furnished,West,Under_Construction,Large,3+,: ,11474.0,0,0,0,0
2.0,12.0,8,10,12.0,1.0,3.0,1270.0,17.40223,78.3444,30.0,1,0,0,1,0,0,1,1,0,Apartment,Furnished,East,Under_Construction,Medium,3+,: ,8425.0,0,0,0,0
2.0,12.0,7,8,12.0,0.5,2.0,1240.0,17.40223,78.3444,30.0,1,0,0,1,0,0,1,0,0,Apartment,Furnished,West,Under_Construction,Medium,2,: ,10080.0,0,0,0,0
2.0,12.0,7,10,12.0,1.0,3.0,1270.0,17.3995386,78.3422196,30.0,1,0,0,1,0,1,1,1,0,Apartment,Furnished,West,Under_Construction,Medium,3+,: ,8503.0,0,0,0,0
3.0,19.0,8,11,15.0,0.7894736842105263,3.0,2170.0,17.3883192,78.3420304,30.0,1,0,0,1,0,1,1,0,0,Apartment,Semi_Furnished,West,Under_Construction,Large,3+,: ,11497.0,0,0,0,0
4.0,1.0,12,12,46.0,0.5384615384615384,4.0,2097.0,17.4876857,78.5483395,30.0,1,0,0,1,0,0,1,0,0,Villa,Furnished,East,0_5_yrs,Large,3+,Sainikpuri,83690.0,1,0,0,0
6.0,3.0,1,2,49.0,1.0,3.0,2700.0,17.38504,78.48667,30.0,1,0,0,1,0,0,0,1,0,Builder_Floor,Semi_Furnished,East,Resale_Very_Old,XL,3+,: ,5370.0,0,0,0,0
4.0,30.0,8,8,0.0,0.4,2.0,6666.0,78.48667,17.38504,30.0,1,0,0,1,0,0,1,0,0,Apartment,Semi_Furnished,East,Resale_Very_Old,XXL,2,Gachibowli,22505.0,0,0,0,0
3.0,8.0,11,14,50.0,1.0,2.0,1675.0,17.5179636,78.3813785,30.0,1,0,0,1,0,0,1,1,0,Apartment,Semi_Furnished,East,Under_Construction,Medium,2,Nizampet,9402.0,0,0,0,0
2.0,5.0,2,2,50.0,0.8,1.0,1200.0,17.5266571,78.4791424,30.0,1,0,0,1,0,1,1,0,0,Apartment,Semi_Furnished,NW,Resale_Very_Old,Small,1,: ,5500.0,0,0,0,0
2.0,5.0,4,4,49.0,0.8,1.0,1200.0,17.38504,78.48667,30.0,1,0,0,1,0,0,1,0,0,Builder_Floor,Semi_Furnished,West,Resale_Very_Old,Small,1,: ,5500.0,0,0,0,0
2.0,5.0,4,4,49.0,0.6,1.0,1175.0,17.38504,78.48667,30.0,1,0,0,1,0,0,1,0,0,Builder_Floor,Semi_Furnished,North,Resale_Very_Old,Small,1,: ,5500.0,0,0,0,0
2.0,5.0,5,6,49.0,1.0,1.0,1225.0,17.38504,78.48667,30.0,1,0,0,1,0,0,1,1,0,Apartment,Semi_Furnished,West,Resale_Very_Old,Medium,1,: ,5500.0,0,0,0,0
3.0,20.0,4,7,48.0,0.6,3.0,2165.0,17.42278,78.34724,30.0,1,0,0,1,0,0,1,0,0,Apartment,Furnished,West,Under_Construction,Large,3+,: ,10623.0,0,0,0,0
3.0,12.0,3,4,12.0,0.5,3.0,1680.0,17.4000766,78.3428041,30.0,1,0,0,1,0,1,1,0,0,Apartment,Semi_Furnished,West,Under_Construction,Medium,3+,: ,8452.0,0,0,0,0
3.0,22.0,5,5,9.0,0.2272727272727272,2.0,2521.0,17.4508742,78.3625292,30.0,1,0,1,1,0,0,1,0,0,Apartment,Semi_Furnished,West,Under_Construction,XL,2,: ,10987.0,0,0,0,0
3.0,3.0,17,17,0.0,0.5384615384615384,2.0,2500.0,78.48667,17.38504,30.0,0,1,0,1,0,0,0,0,0,Villa,Semi_Furnished,East,Resale_Old,Large,2,: ,6400.0,1,0,0,0
4.0,5.0,8,10,49.0,0.4,3.0,2160.0,17.38504,78.48667,7.0,1,0,0,1,0,0,1,0,0,Apartment,Semi_Furnished,East,Resale_Very_Old,Large,3+,: ,8333.0,0,0,0,0
3.0,5.0,8,10,49.0,0.4,2.0,1700.0,17.38504,78.48667,7.0,1,0,0,1,0,0,1,0,0,Apartment,Furnished,East,Resale_Very_Old,Medium,2,: ,8235.0,0,0,0,0
3.0,42.0,8,10,13.0,0.5952380952380952,1.0,1333.0,17.524265,78.3474187,30.0,0,1,1,1,0,0,1,0,0,Apartment,Semi_Furnished,East,Resale_Old,Medium,1,: ,6751.0,0,0,0,0
3.0,42.0,7,9,24.0,0.9047619047619048,1.0,1509.0,17.524265,78.3474187,30.0,0,1,0,1,0,0,1,0,0,Apartment,Semi_Furnished,East,Resale_Old,Medium,1,: ,7952.0,0,0,0,0
3.0,42.0,8,10,49.0,0.7857142857142857,1.0,1839.0,17.38504,78.48667,30.0,0,1,0,1,0,0,1,0,0,Apartment,Semi_Furnished,East,Resale_Old,Large,1,: ,7612.0,0,0,0,0
4.0,13.0,8,10,9.0,0.7692307692307693,3.0,2780.0,17.575957,78.471167,30.0,0,1,0,1,0,0,1,0,0,Apartment,Semi_Furnished,East,Resale_Old,XL,3+,: ,5755.0,0,0,0,0
4.0,13.0,8,10,9.0,0.7692307692307693,3.0,2600.0,17.575957,78.471167,30.0,0,1,0,1,0,0,1,0,0,Apartment,Semi_Furnished,East,Resale_Old,XL,3+,: ,6153.0,0,0,0,0
3.0,13.0,8,10,9.0,0.3076923076923077,3.0,2300.0,17.575957,78.471167,30.0,0,1,0,1,0,0,1,0,0,Apartment,Semi_Furnished,East,Resale_Old,Large,3+,: ,5217.0,0,0,0,0
2.0,13.0,8,10,9.0,0.2307692307692307,1.0,1240.0,17.575957,78.471167,30.0,0,1,0,1,0,0,1,0,0,Apartment,Semi_Furnished,East,Resale_Old,Medium,1,: ,6048.0,0,0,0,0
3.0,33.0,7,9,12.0,0.2424242424242424,1.0,1353.0,17.5468498,78.3650231,30.0,0,1,1,1,0,0,1,0,0,Apartment,Semi_Furnished,East,Resale_Old,Medium,1,: ,7390.0,0,0,0,0
4.0,33.0,8,11,12.0,0.1515151515151515,1.0,1914.0,17.5468498,78.3650231,30.0,0,1,1,1,0,0,1,0,0,Apartment,Semi_Furnished,East,Resale_Old,Large,1,: ,7836.0,0,0,0,0
3.0,42.0,8,10,49.0,0.5714285714285714,1.0,1333.0,17.38504,78.48667,30.0,0,1,0,1,0,0,1,0,0,Apartment,Semi_Furnished,East,Resale_Old,Medium,1,: ,7501.0,0,0,0,0
3.0,33.0,8,10,49.0,0.4545454545454545,1.0,1509.0,17.38504,78.48667,30.0,0,1,0,1,0,0,1,0,0,Apartment,Semi_Furnished,East,Resale_Old,Medium,1,: ,6626.0,0,0,0,0
2.0,33.0,8,11,12.0,0.1818181818181818,1.0,1099.0,17.5468498,78.3650231,30.0,0,1,1,1,0,0,1,0,0,Apartment,Semi_Furnished,East,Resale_Old,Small,1,: ,6369.0,0,0,0,0
3.0,13.0,8,10,49.0,0.3846153846153846,3.0,1900.0,17.38504,78.48667,30.0,0,1,0,1,0,0,1,0,0,Apartment,Semi_Furnished,East,Resale_Old,Large,3+,: ,5789.0,0,0,0,0
2.0,13.0,8,10,37.0,0.2307692307692307,2.0,1240.0,17.538237,78.480804,30.0,0,1,0,1,0,0,1,0,0,Apartment,Semi_Furnished,NE,Resale_Old,Medium,2,: ,6290.0,0,0,0,0
3.0,1.0,8,10,49.0,0.5384615384615384,2.0,1800.0,17.38504,78.48667,30.0,0,1,0,1,0,0,0,0,0,Villa,Semi_Furnished,NE,Resale_Old,Medium,2,: ,3277.0,1,0,0,0
4.0,33.0,8,11,12.0,0.9090909090909092,2.0,2021.0,17.5468498,78.3650231,30.0,0,1,1,1,0,0,1,0,0,Apartment,Semi_Furnished,East,Resale_Old,Large,2,: ,6927.0,0,0,0,0
3.0,42.0,8,11,49.0,0.8571428571428571,1.0,1839.0,17.38504,78.48667,30.0,0,1,0,1,0,0,1,0,0,Apartment,Semi_Furnished,East,Resale_Old,Large,1,: ,6499.0,0,0,0,0
4.0,2.0,12,12,1.0,0.5384615384615384,2.0,1485.0,17.555324,78.308221,,0,1,0,1,0,0,1,0,0,Villa,Semi_Furnished,East,Resale_Old,Medium,2,Sultanpur,92166.0,1,0,0,0
4.0,2.0,12,12,1.0,0.5384615384615384,2.0,1800.0,17.555324,78.308221,,0,1,0,1,0,0,0,0,0,Villa,Semi_Furnished,East,Resale_Old,Medium,2,Sultanpur,93280.0,1,0,0,0
3.0,22.0,9,9,13.0,0.3636363636363636,2.0,1840.0,17.40223,78.3444,,0,1,1,1,0,0,1,0,0,Apartment,Semi_Furnished,East,Resale_Old,Large,2,: ,8000.0,0,0,0,0
3.0,20.0,4,5,25.0,0.45,2.0,3000.0,17.3923634,78.3621784,3.0,0,1,0,1,0,0,1,0,0,Apartment,Semi_Furnished,West,Resale_Old,XL,2,: ,6333.0,0,0,0,0
3.0,17.0,30,32,10.0,0.7058823529411765,3.0,2040.0,17.45269,78.30969,4.0,0,1,1,1,0,0,1,0,0,Apartment,Semi_Furnished,East,Resale_Old,Large,3+,: ,10507.0,0,0,0,0
3.0,47.0,30,32,50.0,0.2127659574468085,2.0,1711.0,17.509181,78.3521088,4.0,0,1,0,1,0,0,1,0,0,Apartment,Semi_Furnished,East,Resale_Old,Medium,2,: ,7000.0,0,0,0,0
3.0,17.0,30,32,10.0,0.7058823529411765,3.0,22550.0,17.45269,78.30969,4.0,0,1,1,1,0,0,1,0,0,Apartment,Semi_Furnished,East,Resale_Old,XXL,3+,: ,6500.0,0,0,0,0
3.0,15.0,10,10,8.0,0.0666666666666666,3.0,2360.0,17.411744,78.341175,6.0,1,0,1,1,0,0,1,0,0,Apartment,Semi_Furnished,West,Resale_Very_Old,Large,3+,: ,10381.0,0,0,0,0
3.0,36.0,31,33,13.0,0.3888888888888889,1.0,1796.0,17.40223,78.3444,7.0,0,1,1,1,0,0,1,0,0,Apartment,Semi_Furnished,East,Resale_Old,Medium,1,: ,9600.0,0,0,0,0
4.0,24.0,9,9,48.0,0.7083333333333334,4.0,4560.0,17.42278,78.34724,7.0,1,0,0,1,0,0,1,0,0,Apartment,Semi_Furnished,East,Resale_Very_Old,XL,3+,: ,8991.0,0,0,0,0
2.0,18.0,29,32,39.0,0.4444444444444444,1.0,1345.0,17.4480919,78.3787508,7.0,1,0,0,1,0,0,1,0,0,Apartment,Furnished,West,Under_Construction,Medium,1,: ,19112.0,0,0,0,0
3.0,20.0,16,17,48.0,0.65,2.0,1890.0,17.42278,78.34724,7.0,1,0,0,1,0,0,1,0,0,Apartment,Furnished,North,Under_Construction,Large,2,: ,11957.0,0,0,0,0
3.0,34.0,8,10,13.0,0.2352941176470588,1.0,2049.0,17.40223,78.3444,14.0,0,1,1,1,0,0,1,0,0,Apartment,Semi_Furnished,East,Resale_Old,Large,1,: ,9760.0,0,0,0,0
4.0,9.0,13,14,50.0,0.8888888888888888,2.0,3710.0,17.463252,78.354557,14.0,1,0,0,1,0,1,1,0,0,Apartment,Semi_Furnished,NE,5_10_yrs,XL,2,: ,8625.0,0,0,0,0
3.0,15.0,8,9,33.0,0.5333333333333333,1.0,2087.0,17.411744,78.341175,14.0,1,0,1,1,0,1,1,0,0,Apartment,Furnished,East,0_5_yrs,Large,1,: ,8624.0,0,0,0,0
3.0,18.0,14,15,39.0,0.2777777777777778,2.0,3180.0,17.4480919,78.3787508,14.0,1,0,0,1,0,1,1,0,0,Apartment,Semi_Furnished,East,0_5_yrs,XL,2,: ,17295.0,0,0,0,0
3.0,14.0,12,12,47.0,0.8571428571428571,1.0,1740.0,17.4359437,78.3416731,14.0,1,0,0,1,0,1,1,0,0,Apartment,Furnished,East,Under_Construction,Medium,1,: ,12356.0,0,0,0,0
3.0,19.0,11,12,45.0,0.2631578947368421,3.0,2410.0,17.44057,78.365551,14.0,1,0,0,1,0,1,1,0,0,Apartment,Semi_Furnished,East,5_10_yrs,Large,3+,: ,11535.0,0,0,0,0
3.0,15.0,6,6,48.0,0.2,1.0,2545.0,17.42278,78.34724,14.0,1,0,0,1,0,1,1,0,0,Apartment,Semi_Furnished,East,5_10_yrs,XL,1,: ,10609.0,0,0,0,0
4.0,3.0,13,15,50.0,0.5384615384615384,3.0,1485.0,17.5090182,78.3001801,14.0,0,1,0,1,0,0,0,0,0,Villa,Semi_Furnished,East,Resale_Old,Medium,3+,: ,117454.0,1,0,0,0
2.0,31.0,8,11,12.0,0.2903225806451613,1.0,1314.0,17.3973794,78.3856447,14.0,1,0,0,1,0,1,1,0,0,Apartment,Furnished,East,Under_Construction,Medium,1,: ,11035.0,0,0,0,0
2.0,35.0,31,33,10.0,0.0571428571428571,1.0,1492.0,17.4359437,78.3416731,21.0,1,0,1,1,0,0,1,0,0,Apartment,Furnished,East,Resale_Very_Old,Medium,1,: ,14833.0,0,0,0,0
2.0,13.0,29,31,50.0,0.4615384615384615,1.0,1210.0,17.509181,78.3521088,28.0,0,1,0,1,0,0,1,0,0,Apartment,Semi_Furnished,East,Resale_Old,Medium,1,: ,5785.0,0,0,0,0
3.0,17.0,29,31,10.0,0.4705882352941176,1.0,21420.0,17.45269,78.30969,28.0,0,1,1,1,0,0,1,0,0,Apartment,Semi_Furnished,East,Resale_Old,XXL,1,: ,6500.0,0,0,0,0
2.0,13.0,28,30,50.0,0.4615384615384615,1.0,1210.0,17.509181,78.3521088,28.0,0,1,0,1,0,0,1,0,0,Apartment,Semi_Furnished,East,Resale_Old,Medium,1,: ,5785.0,0,0,0,0
3.0,42.0,30,32,24.0,0.2142857142857142,1.0,1839.0,17.524265,78.3474187,30.0,0,1,0,1,0,0,1,0,0,Apartment,Semi_Furnished,East,Resale_Old,Large,1,: ,6253.0,0,0,0,0
2.0,42.0,29,31,6.0,0.1428571428571428,1.0,1333.0,17.529701,78.333031,30.0,0,1,0,1,0,0,1,0,0,Apartment,Semi_Furnished,East,Resale_Old,Medium,1,: ,6301.0,0,0,0,0
3.0,42.0,30,32,49.0,0.1428571428571428,1.0,1839.0,17.516728,78.341893,30.0,0,1,0,1,0,0,1,0,0,Apartment,Semi_Furnished,East,Resale_Old,Large,1,: ,6253.0,0,0,0,0
3.0,42.0,28,30,6.0,0.2857142857142857,1.0,1333.0,17.529701,78.333031,30.0,0,1,0,1,0,0,1,0,0,Apartment,Semi_Furnished,East,Resale_Old,Medium,1,: ,6226.0,0,0,0,0
3.0,42.0,31,33,49.0,0.238095238095238,1.0,1509.0,17.516728,78.341893,30.0,0,1,0,1,0,0,1,0,0,Apartment,Semi_Furnished,East,Resale_Old,Medium,1,: ,6295.0,0,0,0,0
2.0,42.0,31,33,24.0,0.2619047619047619,1.0,1333.0,17.524265,78.3474187,30.0,0,1,0,1,0,0,1,0,0,Apartment,Semi_Furnished,East,Resale_Old,Medium,1,: ,6226.0,0,0,0,0
2.0,5.0,8,10,50.0,0.4,2.0,1148.0,17.4011618,78.37569,30.0,0,1,0,1,0,0,1,0,0,Apartment,Semi_Furnished,West,Resale_Old,Small,2,: ,6881.0,0,0,0,0
5.0,3.0,14,16,50.0,0.5384615384615384,3.0,1485.0,17.536121,78.289779,30.0,1,0,0,1,0,0,0,0,0,Villa,Semi_Furnished,East,Under_Construction,Medium,3+,: ,93272.0,1,0,0,0
2.0,5.0,1,2,50.0,0.8,1.0,960.0,17.435821,78.560357,30.0,1,0,0,1,0,0,1,0,0,Apartment,Semi_Furnished,East,Resale_Very_Old,Small,1,: ,7500.0,0,0,0,0
3.0,5.0,5,6,50.0,0.6,2.0,1435.0,17.5203424,78.3970205,30.0,1,0,0,1,0,0,1,0,0,Apartment,Semi_Furnished,East,Under_Construction,Medium,2,: ,5226.0,0,0,0,0
2.0,5.0,4,5,50.0,0.4,1.0,800.0,17.426833,78.534737,30.0,1,0,0,1,0,0,1,0,0,Apartment,Furnished,North,5_10_yrs,Micro,1,: ,5000.0,0,0,0,0
3.0,42.0,16,18,50.0,0.1904761904761904,1.0,1836.0,17.509181,78.3521088,30.0,0,1,0,1,0,0,1,0,0,Apartment,Semi_Furnished,East,Resale_Old,Large,1,: ,4901.0,0,0,0,0
3.0,42.0,30,32,49.0,0.2142857142857142,1.0,1333.0,17.516728,78.341893,30.0,0,1,0,1,0,0,1,0,0,Apartment,Semi_Furnished,East,Resale_Old,Medium,1,: ,6301.0,0,0,0,0
3.0,42.0,31,33,6.0,0.238095238095238,1.0,1836.0,17.529701,78.333031,30.0,0,1,0,1,0,0,1,0,0,Apartment,Semi_Furnished,East,Resale_Old,Large,1,: ,6263.0,0,0,0,0
3.0,42.0,30,32,50.0,0.1904761904761904,1.0,1509.0,17.509181,78.3521088,30.0,0,1,0,1,0,0,1,0,0,Apartment,Semi_Furnished,East,Resale_Old,Medium,1,: ,6163.0,0,0,0,0
3.0,42.0,30,32,49.0,0.238095238095238,1.0,1836.0,17.516728,78.341893,30.0,0,1,0,1,0,0,1,0,0,Apartment,Semi_Furnished,East,Resale_Old,Large,1,: ,6263.0,0,0,0,0
3.0,42.0,30,32,50.0,0.2142857142857142,1.0,1333.0,17.509181,78.3521088,30.0,0,1,0,1,0,0,1,0,0,Apartment,Semi_Furnished,East,Resale_Old,Medium,1,: ,6226.0,0,0,0,0
3.0,42.0,30,32,6.0,0.1428571428571428,1.0,1509.0,17.529701,78.333031,30.0,0,1,0,1,0,0,1,0,0,Apartment,Semi_Furnished,East,Resale_Old,Medium,1,: ,6163.0,0,0,0,0
3.0,42.0,30,32,6.0,0.119047619047619,1.0,1836.0,17.529701,78.333031,30.0,0,1,0,1,0,0,1,0,0,Apartment,Semi_Furnished,East,Resale_Old,Large,1,: ,4901.0,0,0,0,0
3.0,42.0,31,33,50.0,0.1428571428571428,1.0,1500.0,17.509181,78.3521088,30.0,0,1,0,1,0,0,1,0,0,Apartment,Semi_Furnished,East,Resale_Old,Medium,1,: ,8454.0,0,0,0,0
3.0,1.0,16,19,0.0,0.5384615384615384,1.0,2403.0,17.233562897673416,78.54189608906688,30.0,1,0,0,1,0,0,0,0,0,Villa,Semi_Furnished,East,Resale_Very_Old,Large,1,Adibatla,52434.0,1,0,0,0
4.0,19.0,20,20,4.0,0.3157894736842105,1.0,3420.0,17.4570123,78.3645684,4.0,1,0,1,1,0,0,1,0,0,Apartment,Semi_Furnished,West,Resale_Very_Old,XL,1,: ,12500.0,0,0,0,0
3.0,3.0,8,10,46.0,1.0,2.0,1602.0,17.4164707,78.4382469,4.0,1,0,0,1,0,0,1,1,0,Apartment,Furnished,North,5_10_yrs,Medium,2,: ,10833.0,0,0,0,0
3.0,30.0,8,8,8.0,0.7333333333333333,3.0,2055.0,17.450653,78.42441,4.0,1,0,0,1,0,1,1,0,0,Apartment,Semi_Furnished,East,Under_Construction,Large,3+,: ,11678.0,0,0,0,0
3.0,30.0,8,8,8.0,0.8666666666666667,3.0,2055.0,17.450653,78.42441,4.0,1,0,0,1,0,1,1,0,0,Apartment,Semi_Furnished,NE,Under_Construction,Large,3+,: ,11922.0,0,0,0,0
3.0,30.0,8,8,8.0,0.8,3.0,2055.0,17.3923634,78.3621784,14.0,1,0,0,1,0,0,1,0,0,Apartment,Semi_Furnished,West,Resale_Very_Old,Large,3+,: ,11435.0,0,0,0,0
3.0,25.0,8,10,13.0,0.6,1.0,1875.0,17.47078,78.30668,14.0,1,0,1,1,0,1,1,0,0,Apartment,Semi_Furnished,East,Under_Construction,Large,1,: ,12000.0,0,0,0,0
3.0,20.0,8,10,45.0,0.55,1.0,2040.0,17.44057,78.365551,14.0,1,0,0,1,0,1,1,0,0,Apartment,Furnished,East,0_5_yrs,Large,1,: ,10098.0,0,0,0,0
3.0,20.0,8,10,45.0,0.9,4.0,2365.0,17.44057,78.365551,21.0,1,0,0,1,0,1,1,0,0,Apartment,Furnished,East,0_5_yrs,Large,3+,: ,9429.0,0,0,0,0
3.0,24.0,8,10,9.0,0.5,2.0,2160.0,17.467762,78.408146,21.0,1,0,1,1,0,1,1,0,0,Apartment,Furnished,North,Under_Construction,Large,2,: ,9722.0,0,0,0,0
3.0,24.0,8,10,9.0,0.75,1.0,1580.0,17.4480919,78.3787508,21.0,1,0,1,1,0,1,1,0,0,Apartment,Furnished,East,Under_Construction,Medium,1,: ,9177.0,0,0,0,0
2.0,24.0,8,10,9.0,0.5,1.0,1250.0,17.4480919,78.3787508,21.0,1,0,1,1,0,1,1,0,0,Apartment,Furnished,East,Under_Construction,Medium,1,: ,8400.0,0,0,0,0
3.0,31.0,8,8,13.0,0.3548387096774194,1.0,1400.0,17.4480919,78.3787508,21.0,1,0,0,1,0,0,1,0,0,Apartment,Semi_Furnished,North,Resale_Very_Old,Medium,1,: ,8714.0,0,0,0,0
3.0,31.0,8,8,13.0,0.6774193548387096,1.0,1550.0,17.4480919,78.3787508,21.0,1,0,0,1,0,0,1,0,0,Apartment,Semi_Furnished,East,Resale_Very_Old,Medium,1,: ,9032.0,0,0,0,0
5.0,5.0,3,3,49.0,0.2,2.0,2300.0,17.38504,78.48667,21.0,1,0,0,1,0,0,1,0,0,Apartment,Furnished,Unknown,0_5_yrs,Large,2,: ,5869.0,0,0,0,0
2.0,0.0,0,0,49.0,0.5384615384615384,0.0,60.0,17.38504,78.48667,30.0,1,0,0,1,0,0,0,0,0,Villa,Semi_Furnished,East,5_10_yrs,Micro,Unknown,: ,80000.0,1,0,0,0
2.0,3.0,0,0,50.0,0.5384615384615384,1.0,900.0,17.392451,78.459504,30.0,1,0,0,1,0,0,0,0,0,Villa,Semi_Furnished,East,5_10_yrs,Small,1,: ,100000.0,1,0,0,0
3.0,5.0,2,3,49.0,0.6,2.0,2400.0,17.38504,78.48667,30.0,1,0,0,1,0,0,1,0,0,Apartment,Semi_Furnished,NE,0_5_yrs,Large,2,: ,9375.0,0,0,0,0
3.0,5.0,1,1,49.0,0.6,2.0,1560.0,17.38504,78.48667,30.0,1,0,0,1,0,0,1,0,0,Apartment,Furnished,NE,Resale_Very_Old,Medium,2,: ,6500.0,0,0,0,0
3.0,5.0,22,25,50.0,0.6,2.0,2208.0,17.404619,78.473067,30.0,1,0,0,1,0,0,1,0,0,Apartment,Semi_Furnished,North,5_10_yrs,Large,2,: ,5887.0,0,0,0,0
3.0,7.0,14,17,48.0,0.8571428571428571,3.0,2000.0,17.407887,78.486374,30.0,1,0,0,1,0,1,1,0,0,Apartment,Furnished,West,5_10_yrs,Large,3+,: ,7500.0,0,0,0,0
3.0,31.0,8,8,13.0,0.9032258064516128,1.0,1550.0,17.4480919,78.3787508,30.0,1,0,0,1,0,0,1,0,0,Apartment,Semi_Furnished,East,Resale_Very_Old,Medium,1,: ,8516.0,0,0,0,0
2.0,31.0,8,8,13.0,0.3870967741935484,1.0,1160.0,17.4480919,78.3787508,7.0,1,0,0,1,0,0,1,0,0,Apartment,Semi_Furnished,East,Resale_Very_Old,Small,1,: ,8706.0,0,0,0,0
2.0,31.0,7,8,13.0,0.4838709677419355,1.0,1160.0,17.4480919,78.3787508,30.0,1,0,0,1,0,0,1,0,0,Apartment,Semi_Furnished,East,Resale_Very_Old,Small,1,: ,8793.0,0,0,0,0
3.0,31.0,8,8,13.0,0.3225806451612903,2.0,2230.0,17.4480919,78.3787508,30.0,1,0,0,1,0,0,1,0,0,Apartment,Semi_Furnished,East,Resale_Very_Old,Large,2,: ,8295.0,0,0,0,0
3.0,5.0,6,6,47.0,0.2,1.0,1450.0,17.49479,78.39964,14.0,1,0,0,1,0,0,1,0,0,Apartment,Furnished,East,Under_Construction,Medium,1,Kukatpally,7586.0,0,0,0,0
2.0,35.0,8,11,10.0,0.7142857142857143,1.0,1283.0,17.4359437,78.3416731,21.0,1,0,1,1,0,0,1,0,0,Apartment,Furnished,East,Resale_Very_Old,Medium,1,Gachibowli,12003.0,0,0,0,0
4.0,29.0,23,23,8.0,0.0344827586206896,4.0,4960.0,17.3999884,78.3466656,21.0,1,0,0,1,0,1,1,0,0,Apartment,Semi_Furnished,East,Resale_Very_Old,XL,3+,: ,18750.0,0,0,0,0
2.0,35.0,8,10,10.0,0.4571428571428571,1.0,1283.0,17.41341,78.339447,21.0,1,0,1,1,0,1,1,0,0,Apartment,Semi_Furnished,East,Under_Construction,Medium,1,: ,10756.0,0,0,0,0
2.0,35.0,8,10,10.0,0.1714285714285714,1.0,1492.0,17.4359437,78.3416731,21.0,1,0,1,1,0,1,1,0,0,Apartment,Semi_Furnished,West,Under_Construction,Medium,1,: ,10790.0,0,0,0,0
3.0,10.0,24,27,26.0,0.7,3.0,1900.0,17.40223,78.3444,28.0,1,0,0,1,0,0,1,0,0,Apartment,Furnished,North,Resale_Very_Old,Large,3+,Kokapet,7500.0,0,0,0,0
3.0,8.0,8,11,49.0,0.375,1.0,1818.0,17.45848,78.447205,30.0,1,0,0,1,0,0,1,0,0,Apartment,Furnished,West,Under_Construction,Large,1,: ,10176.0,0,0,0,0
3.0,16.0,6,6,9.0,0.75,1.0,1793.0,17.4459627,78.4197681,30.0,0,1,1,1,0,0,1,0,0,Apartment,Semi_Furnished,West,Resale_Old,Medium,1,: ,9481.0,0,0,0,0
3.0,39.0,7,7,13.0,0.5897435897435898,1.0,2020.0,17.3923634,78.3621784,30.0,0,1,1,1,0,0,1,0,0,Apartment,Semi_Furnished,West,Resale_Old,Large,1,: ,11386.0,0,0,0,0
3.0,39.0,6,6,13.0,0.6410256410256411,1.0,2020.0,17.3923634,78.3621784,30.0,0,1,1,1,0,0,1,0,0,Apartment,Semi_Furnished,East,Resale_Old,Large,1,: ,11138.0,0,0,0,0
3.0,39.0,7,10,13.0,0.6410256410256411,3.0,2020.0,17.3923634,78.3621784,30.0,0,1,1,1,0,0,1,0,0,Apartment,Semi_Furnished,East,Resale_Old,Large,3+,: ,10891.0,0,0,0,0
3.0,5.0,6,6,49.0,0.6,1.0,1700.0,17.4609913,78.3532083,30.0,1,0,0,1,0,0,1,0,0,Apartment,Semi_Furnished,East,Resale_Very_Old,Medium,1,: ,6900.0,0,0,0,0
2.0,15.0,7,8,5.0,0.4,1.0,1265.0,17.450443,78.4244,30.0,1,0,0,1,0,1,1,0,0,Apartment,Furnished,NE,Under_Construction,Medium,1,: ,9881.0,0,0,0,0
3.0,5.0,8,11,49.0,1.0,1.0,1850.0,17.4066129,78.3941767,30.0,1,0,0,1,0,0,1,1,0,Apartment,Furnished,NE,Resale_Very_Old,Large,1,: ,8108.0,0,0,0,0
3.0,10.0,8,8,42.0,0.2,2.0,2200.0,17.45506,78.36797,30.0,1,0,0,1,0,0,1,0,0,Apartment,Furnished,West,Under_Construction,Large,2,: ,7954.0,0,0,0,0
3.0,35.0,8,10,10.0,0.4,1.0,1993.0,17.4359437,78.3416731,30.0,1,0,1,1,0,0,1,0,0,Apartment,Semi_Furnished,East,Resale_Very_Old,Large,1,: ,10035.0,0,0,0,0
3.0,31.0,7,8,13.0,0.5384615384615384,1.0,1650.0,17.4619506,78.4080778,60.0,1,0,0,1,0,0,1,0,0,Apartment,Semi_Furnished,East,Resale_Very_Old,Medium,1,: ,10000.0,1,0,0,0
2.0,31.0,7,8,13.0,0.5384615384615384,1.0,1250.0,17.4480919,78.3787508,60.0,1,0,0,1,0,0,1,0,0,Apartment,Unfurnished,East,Resale_Very_Old,Medium,1,: ,10000.0,1,0,0,0
2.0,31.0,7,8,13.0,0.5384615384615384,1.0,1160.0,17.4480919,78.3787508,60.0,1,0,0,1,0,0,1,0,0,Apartment,Unfurnished,East,Resale_Very_Old,Small,1,: ,10000.0,1,0,0,0
3.0,2.0,27,27,46.0,0.5384615384615384,2.0,2100.0,17.5330867548758,78.2682745858627,30.0,0,1,0,1,0,0,1,0,0,Villa,Semi_Furnished,East,Resale_Old,Large,2,: ,4809.0,1,0,0,0
3.0,2.0,27,27,46.0,0.5384615384615384,2.0,2100.0,17.5330867548758,78.2682745858627,30.0,0,1,0,1,0,0,1,0,0,Villa,Semi_Furnished,East,Resale_Old,Large,2,: ,4809.0,1,0,0,0
3.0,2.0,27,27,46.0,0.5384615384615384,2.0,2100.0,17.5330867548758,78.2682745858627,30.0,0,1,0,1,0,0,1,0,0,Villa,Semi_Furnished,East,Resale_Old,Large,2,: ,4809.0,1,0,0,0
3.0,2.0,27,27,6.0,0.5384615384615384,2.0,2100.0,17.542319,78.226934,30.0,0,1,0,1,0,0,1,0,0,Villa,Semi_Furnished,East,Resale_Old,Large,2,: ,4809.0,1,0,0,0
3.0,2.0,27,27,6.0,0.5384615384615384,2.0,2100.0,17.542319,78.226934,30.0,0,1,0,1,0,0,1,0,0,Villa,Semi_Furnished,East,Resale_Old,Large,2,: ,4809.0,1,0,0,0
3.0,2.0,27,27,6.0,0.5384615384615384,2.0,2100.0,17.542319,78.226934,30.0,0,1,0,1,0,0,1,0,0,Villa,Semi_Furnished,East,Resale_Old,Large,2,: ,4809.0,1,0,0,0
3.0,2.0,27,27,6.0,0.5384615384615384,2.0,2100.0,17.542319,78.226934,30.0,0,1,0,1,0,0,1,0,0,Villa,Semi_Furnished,East,Resale_Old,Large,2,: ,4809.0,1,0,0,0
3.0,2.0,27,27,6.0,0.5384615384615384,2.0,2100.0,17.542319,78.226934,30.0,0,1,0,1,0,0,1,0,0,Villa,Semi_Furnished,East,Resale_Old,Large,2,: ,4809.0,1,0,0,0
3.0,2.0,27,27,6.0,0.5384615384615384,2.0,2100.0,17.542319,78.226934,30.0,0,1,0,1,0,0,1,0,0,Villa,Semi_Furnished,East,Resale_Old,Large,2,: ,4809.0,1,0,0,0
3.0,2.0,27,27,6.0,0.5384615384615384,2.0,2100.0,17.542319,78.226934,30.0,0,1,0,1,0,0,1,0,0,Villa,Semi_Furnished,East,Resale_Old,Large,2,: ,4809.0,1,0,0,0
3.0,2.0,27,27,48.0,0.5384615384615384,2.0,2100.0,17.5316,78.26729,30.0,0,1,0,1,0,0,1,0,0,Villa,Semi_Furnished,East,Resale_Old,Large,2,: ,4809.0,1,0,0,0
3.0,2.0,27,27,48.0,0.5384615384615384,2.0,2100.0,17.5316,78.26729,30.0,0,1,0,1,0,0,1,0,0,Villa,Semi_Furnished,East,Resale_Old,Large,2,: ,4809.0,1,0,0,0
3.0,2.0,27,27,48.0,0.5384615384615384,2.0,2100.0,17.5316,78.26729,30.0,0,1,0,1,0,0,1,0,0,Villa,Semi_Furnished,East,Resale_Old,Large,2,: ,4809.0,1,0,0,0
3.0,2.0,27,27,48.0,0.5384615384615384,2.0,2100.0,17.5316,78.26729,30.0,0,1,0,1,0,0,1,0,0,Villa,Semi_Furnished,East,Resale_Old,Large,2,: ,4809.0,1,0,0,0
3.0,2.0,27,27,48.0,0.5384615384615384,2.0,2100.0,17.5316,78.26729,30.0,0,1,0,1,0,0,1,0,0,Villa,Semi_Furnished,East,Resale_Old,Large,2,: ,4809.0,1,0,0,0
3.0,2.0,27,27,48.0,0.5384615384615384,2.0,2100.0,17.5316,78.26729,30.0,0,1,0,1,0,0,1,0,0,Villa,Semi_Furnished,East,Resale_Old,Large,2,: ,4809.0,1,0,0,0
3.0,2.0,27,27,48.0,0.5384615384615384,2.0,2100.0,17.5316,78.26729,30.0,0,1,0,1,0,0,1,0,0,Villa,Semi_Furnished,East,Resale_Old,Large,2,: ,4809.0,1,0,0,0
3.0,2.0,27,27,48.0,0.5384615384615384,2.0,2100.0,17.5316,78.26729,30.0,0,1,0,1,0,0,1,0,0,Villa,Semi_Furnished,East,Resale_Old,Large,2,: ,4809.0,1,0,0,0
3.0,2.0,27,27,48.0,0.5384615384615384,2.0,2100.0,17.5316,78.26729,30.0,0,1,0,1,0,0,1,0,0,Villa,Semi_Furnished,East,Resale_Old,Large,2,: ,4809.0,1,0,0,0
3.0,2.0,27,27,48.0,0.5384615384615384,2.0,2100.0,17.5316,78.26729,30.0,0,1,0,1,0,0,1,0,0,Villa,Semi_Furnished,East,Resale_Old,Large,2,: ,4809.0,1,0,0,0
3.0,2.0,27,27,48.0,0.5384615384615384,2.0,2100.0,17.5316,78.26729,30.0,0,1,0,1,0,0,1,0,0,Villa,Semi_Furnished,East,Resale_Old,Large,2,: ,4809.0,1,0,0,0
3.0,2.0,27,27,48.0,0.5384615384615384,2.0,2100.0,17.5316,78.26729,30.0,0,1,0,1,0,0,1,0,0,Villa,Semi_Furnished,East,Resale_Old,Large,2,: ,4809.0,1,0,0,0
3.0,3.0,27,27,0.0,0.5384615384615384,2.0,3940.0,17.443855,78.250431,30.0,0,1,0,1,0,0,1,0,0,Villa,Semi_Furnished,East,Resale_Old,XL,2,: ,7182.0,1,0,0,0
3.0,3.0,27,27,0.0,0.5384615384615384,2.0,3940.0,17.443855,78.250431,30.0,0,1,0,1,0,0,1,0,0,Villa,Semi_Furnished,East,Resale_Old,XL,2,: ,7182.0,1,0,0,0
3.0,3.0,27,27,0.0,0.5384615384615384,2.0,3940.0,17.443855,78.250431,30.0,0,1,0,1,0,0,1,0,0,Villa,Semi_Furnished,East,Resale_Old,XL,2,: ,7182.0,1,0,0,0
3.0,3.0,27,27,0.0,0.5384615384615384,2.0,3940.0,17.443855,78.250431,30.0,0,1,0,1,0,0,1,0,0,Villa,Semi_Furnished,East,Resale_Old,XL,2,: ,7182.0,1,0,0,0
3.0,3.0,27,27,0.0,0.5384615384615384,2.0,3940.0,17.443855,78.250431,30.0,0,1,0,1,0,0,1,0,0,Villa,Semi_Furnished,East,Resale_Old,XL,2,: ,7182.0,1,0,0,0
3.0,3.0,27,27,0.0,0.5384615384615384,2.0,3940.0,17.443855,78.250431,30.0,0,1,0,1,0,0,1,0,0,Villa,Semi_Furnished,East,Resale_Old,XL,2,: ,7182.0,1,0,0,0
3.0,3.0,27,27,0.0,0.5384615384615384,2.0,3940.0,17.443855,78.250431,30.0,0,1,0,1,0,0,1,0,0,Villa,Semi_Furnished,East,Resale_Old,XL,2,: ,7182.0,1,0,0,0
3.0,3.0,27,27,0.0,0.5384615384615384,2.0,3940.0,17.443855,78.250431,30.0,0,1,0,1,0,0,1,0,0,Villa,Semi_Furnished,East,Resale_Old,XL,2,: ,7182.0,1,0,0,0
3.0,3.0,27,27,0.0,0.5384615384615384,2.0,3940.0,17.443855,78.250431,30.0,0,1,0,1,0,0,1,0,0,Villa,Semi_Furnished,East,Resale_Old,XL,2,: ,7182.0,1,0,0,0
3.0,3.0,27,27,0.0,0.5384615384615384,2.0,3940.0,17.443855,78.250431,30.0,0,1,0,1,0,0,1,0,0,Villa,Semi_Furnished,East,Resale_Old,XL,2,: ,7182.0,1,0,0,0
3.0,1.0,17,19,48.0,0.5384615384615384,2.0,2100.0,17.5316,78.26729,30.0,0,1,0,1,0,0,1,0,0,Villa,Semi_Furnished,NE,Resale_Old,Large,2,: ,4800.0,1,0,0,0
4.0,2.0,20,20,0.0,0.5384615384615384,2.0,3940.0,17.443855,78.250431,30.0,0,1,0,1,0,0,1,0,0,Villa,Semi_Furnished,NE,Resale_Old,XL,2,: ,7182.0,1,0,0,0
3.0,2.0,17,19,48.0,0.5384615384615384,2.0,2150.0,17.5316,78.26729,30.0,0,1,0,1,0,0,1,0,0,Villa,Semi_Furnished,NE,Resale_Old,Large,2,: ,4800.0,1,0,0,0
3.0,1.0,16,16,0.0,0.5384615384615384,2.0,2000.0,16.985875,78.499864,30.0,0,1,0,1,0,0,1,0,0,Villa,Semi_Furnished,NE,Resale_Old,Large,2,: ,3833.0,1,0,0,0
2.0,18.0,30,32,0.0,0.1666666666666666,1.0,1323.0,17.443855,78.250431,30.0,0,1,0,1,0,0,1,0,0,Apartment,Semi_Furnished,East,Resale_Old,Medium,1,: ,3250.0,0,0,0,0
3.0,10.0,8,8,1.0,0.1,1.0,1500.0,17.477415,78.227409,30.0,0,1,0,1,0,0,1,0,0,Apartment,Semi_Furnished,East,Resale_Old,Medium,1,: ,4600.0,0,0,0,0
3.0,15.0,10,10,0.0,0.5384615384615384,2.0,2645.0,17.443855,78.250431,30.0,0,1,0,1,0,0,1,0,0,Apartment,Semi_Furnished,Unknown,Resale_Old,XL,2,: ,4900.0,1,0,0,0
3.0,15.0,10,10,0.0,0.5384615384615384,2.0,1950.0,17.443855,78.250431,30.0,0,1,0,1,0,0,1,0,0,Apartment,Semi_Furnished,Unknown,Resale_Old,Large,2,: ,4900.0,1,0,0,0
2.0,15.0,10,10,0.0,0.5384615384615384,1.0,1385.0,17.443855,78.250431,30.0,0,1,0,1,0,0,1,0,0,Apartment,Semi_Furnished,Unknown,Resale_Old,Medium,1,: ,4900.0,1,0,0,0
3.0,15.0,10,10,0.0,0.5384615384615384,2.0,3035.0,78.48667,17.38504,30.0,0,1,0,1,0,0,1,0,0,Apartment,Semi_Furnished,Unknown,Resale_Old,XL,2,: ,4900.0,1,0,0,0
3.0,15.0,10,10,0.0,0.5384615384615384,2.0,3605.0,17.443855,78.250431,30.0,0,1,0,1,0,0,1,0,0,Apartment,Semi_Furnished,Unknown,Resale_Old,XL,2,: ,4900.0,1,0,0,0
3.0,2.0,8,8,8.0,0.5384615384615384,2.0,3885.0,17.47302,78.229562,30.0,0,1,0,1,0,0,1,0,0,Villa,Semi_Furnished,Unknown,Resale_Old,XL,2,: ,6500.0,1,0,0,0
3.0,15.0,8,8,0.0,0.5384615384615384,1.0,1915.0,17.443855,78.250431,30.0,0,1,0,1,0,0,1,0,0,Apartment,Semi_Furnished,Unknown,Resale_Old,Large,1,: ,4900.0,1,0,0,0
3.0,10.0,0,0,1.0,0.1,1.0,1500.0,17.477415,78.227409,30.0,0,1,0,1,0,0,1,0,0,Apartment,Semi_Furnished,Unknown,Resale_Old,Medium,1,: ,4600.0,0,0,0,0
3.0,10.0,7,7,0.0,0.1,2.0,1420.0,78.48667,17.38504,30.0,0,1,0,1,0,0,1,0,0,Apartment,Semi_Furnished,Unknown,Resale_Old,Medium,2,: ,3800.0,0,0,0,0
3.0,10.0,8,8,1.0,0.1,1.0,2485.0,17.477415,78.227409,30.0,0,1,0,1,0,0,1,0,0,Apartment,Semi_Furnished,Unknown,Resale_Old,Large,1,: ,4500.0,0,0,0,0
3.0,3.0,8,8,0.0,0.5384615384615384,2.0,3885.0,78.48667,17.38504,30.0,0,1,0,1,0,0,0,0,0,Villa,Semi_Furnished,Unknown,Resale_Old,XL,2,: ,6500.0,1,0,0,0
3.0,12.0,18,18,5.0,1.0,2.0,1395.0,17.4345427,78.554475,7.0,1,0,1,1,0,0,1,1,0,Apartment,Semi_Furnished,East,Resale_Very_Old,Medium,2,Nacharam,7168.0,0,0,0,0
4.0,47.0,31,33,26.0,0.425531914893617,3.0,5500.0,17.40223,78.3444,7.0,0,1,0,1,0,0,1,0,0,Apartment,Semi_Furnished,East,Resale_Old,XXL,3+,Kokapet,6300.0,0,0,0,0
4.0,47.0,31,33,26.0,0.2978723404255319,2.0,4200.0,17.40223,78.3444,7.0,0,1,0,1,0,0,1,0,0,Apartment,Semi_Furnished,East,Resale_Old,XL,2,Kokapet,6300.0,0,0,0,0
4.0,47.0,31,33,25.0,0.2553191489361702,2.0,4200.0,17.3923634,78.3621784,7.0,0,1,0,1,0,0,1,0,0,Apartment,Semi_Furnished,East,Resale_Old,XL,2,Narsingi,6300.0,0,0,0,0
3.0,47.0,31,33,25.0,0.425531914893617,2.0,3000.0,17.3923634,78.3621784,7.0,0,1,0,1,0,0,1,0,0,Apartment,Semi_Furnished,East,Resale_Old,XL,2,Narsingi,6300.0,0,0,0,0
4.0,40.0,31,33,26.0,0.675,3.0,4200.0,17.40223,78.3444,7.0,0,1,0,1,0,0,1,0,0,Apartment,Semi_Furnished,East,Resale_Old,XL,3+,Kokapet,6300.0,0,0,0,0
4.0,40.0,31,33,26.0,0.65,2.0,3600.0,17.40223,78.3444,7.0,0,1,0,1,0,0,1,0,0,Apartment,Semi_Furnished,East,Resale_Old,XL,2,Kokapet,6300.0,0,0,0,0
3.0,40.0,31,33,26.0,0.5,2.0,3000.0,17.40223,78.3444,7.0,0,1,0,1,0,0,1,0,0,Apartment,Semi_Furnished,East,Resale_Old,XL,2,Kokapet,6300.0,0,0,0,0
4.0,47.0,31,33,25.0,0.425531914893617,3.0,4200.0,17.3923634,78.3621784,7.0,0,1,0,1,0,0,1,0,0,Apartment,Semi_Furnished,East,Resale_Old,XL,3+,Narsingi,6300.0,0,0,0,0
3.0,47.0,31,34,25.0,0.425531914893617,2.0,3000.0,17.3923634,78.3621784,7.0,0,1,0,1,0,0,1,0,0,Apartment,Semi_Furnished,East,Resale_Old,XL,2,Narsingi,6300.0,0,0,0,0
3.0,28.0,8,10,17.0,0.6428571428571429,1.0,1625.0,17.4664197,78.285342,14.0,0,1,0,1,0,0,1,0,0,Apartment,Semi_Furnished,East,Resale_Old,Medium,1,: ,6900.0,0,0,0,0
3.0,3.0,25,27,24.0,0.5384615384615384,2.0,3200.0,17.510159,78.247179,30.0,0,1,0,1,0,0,1,0,0,Villa,Semi_Furnished,East,Resale_Old,XL,2,Patighanpur,9000.0,1,0,0,0
3.0,15.0,27,27,8.0,0.4,1.0,2680.0,17.411744,78.341175,30.0,1,0,1,1,0,0,1,0,0,Apartment,Unfurnished,Unknown,Resale_Very_Old,XL,1,: ,10000.0,0,0,0,0
3.0,2.0,17,17,0.0,0.5384615384615384,2.0,2319.0,17.467181,78.205133,30.0,1,0,1,1,0,0,1,0,0,Builder_Floor,Semi_Furnished,East,Resale_Very_Old,Large,2,: ,10780.0,1,0,0,0
3.0,2.0,2,2,50.0,0.5,2.0,2000.0,17.3130765,78.5632461,4.0,1,0,0,1,0,0,0,0,0,Builder_Floor,Semi_Furnished,SE,Resale_Very_Old,Large,2,: ,6750.0,0,0,0,0
4.0,2.0,7,9,50.0,0.5384615384615384,1.0,1350.0,17.536121,78.289779,4.0,1,0,0,1,0,0,0,0,0,Villa,Semi_Furnished,West,Resale_Very_Old,Medium,1,: ,4375.0,1,0,0,0
4.0,2.0,7,9,50.0,0.5384615384615384,1.0,1350.0,17.536121,78.289779,4.0,1,0,0,1,0,0,0,0,0,Villa,Semi_Furnished,East,Resale_Very_Old,Medium,1,: ,4541.0,1,0,0,0
4.0,3.0,5,7,50.0,0.5384615384615384,2.0,1350.0,17.536121,78.289779,4.0,0,1,0,1,0,0,0,0,0,Villa,Semi_Furnished,East,Resale_Old,Medium,2,: ,10000.0,1,0,0,0
4.0,3.0,8,10,50.0,0.5384615384615384,2.0,1350.0,17.536121,78.289779,4.0,0,1,0,1,0,0,0,0,0,Villa,Semi_Furnished,West,Resale_Old,Medium,2,: ,8518.0,1,0,0,0
3.0,5.0,6,6,50.0,0.6,2.0,1500.0,17.3130765,78.5632461,4.0,1,0,0,1,0,0,1,0,0,Apartment,Semi_Furnished,NW,Resale_Very_Old,Medium,2,: ,4800.0,0,0,0,0
4.0,2.0,8,8,3.0,0.5384615384615384,1.0,1080.0,17.5534632,78.2894343,7.0,1,0,0,1,0,1,0,0,0,Villa,Semi_Furnished,North,Resale_Very_Old,Small,1,: ,11956.0,1,0,0,0
4.0,2.0,9,12,50.0,0.5384615384615384,1.0,1080.0,17.536121,78.289779,7.0,1,0,0,1,0,0,0,0,0,Villa,Semi_Furnished,NE,Resale_Very_Old,Small,1,: ,5407.0,1,0,0,0
4.0,2.0,6,6,50.0,0.5384615384615384,1.0,1080.0,17.536121,78.289779,7.0,1,0,0,1,0,0,1,0,0,Villa,Semi_Furnished,NE,Resale_Very_Old,Small,1,: ,11086.0,1,0,0,0
4.0,2.0,12,14,50.0,0.5384615384615384,2.0,1350.0,17.536121,78.289779,7.0,1,0,0,1,0,0,1,0,0,Villa,Semi_Furnished,East,Resale_Very_Old,Medium,2,: ,4708.0,1,0,0,0
3.0,2.0,13,15,50.0,0.5384615384615384,2.0,1350.0,17.536121,78.289779,7.0,0,1,0,1,0,0,1,0,0,Villa,Semi_Furnished,East,Resale_Old,Medium,2,: ,9913.0,1,0,0,0
4.0,3.0,14,16,50.0,0.5384615384615384,2.0,1350.0,17.5090182,78.3001801,7.0,0,1,0,1,0,0,1,0,0,Villa,Semi_Furnished,East,Resale_Old,Medium,2,: ,10000.0,1,0,0,0
3.0,2.0,13,15,3.0,0.5384615384615384,2.0,1350.0,17.575068,78.253963,7.0,1,0,0,1,0,0,1,0,0,Villa,Semi_Furnished,East,Resale_Very_Old,Medium,2,: ,4812.0,1,0,0,0
4.0,2.0,13,15,48.0,0.5384615384615384,2.0,1350.0,17.5316,78.26729,7.0,1,0,0,1,0,0,1,0,0,Villa,Semi_Furnished,East,Resale_Very_Old,Medium,2,: ,9583.0,1,0,0,0
3.0,2.0,13,15,50.0,0.5384615384615384,2.0,1350.0,17.5090182,78.3001801,7.0,0,1,0,1,0,0,1,0,0,Villa,Semi_Furnished,East,Resale_Old,Medium,2,: ,5195.0,1,0,0,0
4.0,3.0,13,15,50.0,0.5384615384615384,2.0,1350.0,17.5090182,78.3001801,7.0,0,1,0,1,0,0,1,0,0,Villa,Semi_Furnished,East,Resale_Old,Medium,2,: ,9629.0,1,0,0,0
3.0,5.0,5,5,50.0,0.6,2.0,1550.0,17.4011618,78.37569,7.0,0,1,0,1,0,0,1,0,0,Apartment,Semi_Furnished,Unknown,Resale_Old,Medium,2,: ,5600.0,0,0,0,0
4.0,2.0,14,16,50.0,0.5384615384615384,2.0,1350.0,17.5090182,78.3001801,7.0,1,0,0,1,0,0,1,0,0,Villa,Semi_Furnished,East,Resale_Very_Old,Medium,2,: ,8888.0,1,0,0,0
2.0,10.0,18,18,11.0,0.6,1.0,1270.0,17.492959,78.339773,14.0,0,1,1,1,0,0,1,0,0,Apartment,Semi_Furnished,East,Resale_Old,Medium,1,: ,6200.0,0,0,0,0
3.0,5.0,10,10,0.0,1.0,1.0,1560.0,78.48667,17.38504,14.0,1,0,0,1,0,0,1,1,0,Apartment,Furnished,East,Under_Construction,Medium,1,: ,5300.0,0,0,0,0
3.0,13.0,11,14,50.0,1.0,2.0,1885.0,17.47946,78.33037,21.0,1,0,0,1,0,0,1,1,0,Apartment,Furnished,West,5_10_yrs,Large,2,: ,6888.0,0,0,0,0
2.0,5.0,8,8,50.0,0.6,1.0,1275.0,17.4938357,78.3460956,30.0,1,0,0,1,0,1,1,0,0,Apartment,Furnished,North,5_10_yrs,Medium,1,: ,5647.0,0,0,0,0
2.0,4.0,5,5,49.0,1.0,1.0,1275.0,17.503745,78.3355722,30.0,1,0,0,1,0,1,1,1,0,Apartment,Furnished,East,Under_Construction,Medium,1,: ,5647.0,0,0,0,0
3.0,8.0,26,28,15.0,0.5384615384615384,1.0,1358.0,17.483491,78.3542266,30.0,1,0,0,1,0,1,1,0,0,Apartment,Semi_Furnished,West,Resale_Very_Old,Medium,1,: ,6627.0,1,0,0,0
2.0,8.0,28,31,15.0,0.875,1.0,1332.0,17.4825014,78.3547204,30.0,1,0,0,1,0,1,1,0,0,Apartment,Semi_Furnished,West,Resale_Very_Old,Medium,1,: ,7207.0,0,0,0,0
2.0,40.0,13,14,15.0,0.95,2.0,1255.0,17.504517,78.362374,30.0,0,1,1,1,0,0,1,0,0,Apartment,Semi_Furnished,East,Resale_Old,Medium,2,: ,7888.0,0,0,0,0
2.0,5.0,7,7,9.0,0.2,1.0,1145.0,17.5468498,78.3650231,30.0,1,0,1,1,0,0,1,0,0,Apartment,Semi_Furnished,West,Resale_Very_Old,Small,1,: ,5851.0,0,0,0,0
2.0,1.0,4,6,22.0,0.5384615384615384,1.0,1300.0,17.4866,78.611339,60.0,1,0,0,1,0,0,1,0,0,Villa,Semi_Furnished,East,0_5_yrs,Medium,1,: ,6692.0,1,0,0,0
3.0,1.0,18,18,0.0,0.5384615384615384,1.0,2925.0,17.443354,78.182044,14.0,1,0,0,1,0,0,1,0,0,Villa,Semi_Furnished,East,Resale_Very_Old,XL,1,: ,8500.0,1,0,0,0
3.0,43.0,21,21,0.0,0.4883720930232558,1.0,1800.0,78.48667,17.38504,14.0,0,1,0,1,0,0,1,0,0,Apartment,Semi_Furnished,East,Resale_Old,Medium,1,: ,5500.0,0,0,0,0
4.0,2.0,19,19,0.0,0.5384615384615384,2.0,3569.0,17.443855,78.250431,21.0,0,1,0,1,0,0,0,0,0,Villa,Semi_Furnished,East,Resale_Old,XL,2,: ,5500.0,1,0,0,0
4.0,2.0,8,9,1.0,0.5384615384615384,2.0,1341.0,17.27395,78.59163,30.0,1,0,0,1,0,0,0,0,0,Villa,Semi_Furnished,NW,Resale_Very_Old,Medium,2,: ,100671.0,1,0,0,0
2.0,47.0,21,21,0.0,0.2553191489361702,2.0,1021.0,78.48667,17.38504,30.0,0,1,0,1,0,0,1,0,0,Apartment,Semi_Furnished,East,Resale_Old,Small,2,: ,6000.0,0,0,0,0
2.0,27.0,21,24,12.0,0.8888888888888888,1.0,1380.0,17.4692958,78.333071,30.0,1,0,1,1,0,0,1,0,0,Apartment,Semi_Furnished,East,Resale_Very_Old,Medium,1,: ,8695.0,0,0,0,0
2.0,9.0,7,9,37.0,1.0,2.0,1295.0,17.538237,78.480804,7.0,0,1,0,1,0,0,1,1,0,Apartment,Semi_Furnished,East,Resale_Old,Medium,2,: ,4199.0,0,0,0,0
2.0,5.0,6,6,37.0,0.8,1.0,1200.0,17.53824,78.4808,30.0,1,0,0,1,0,1,1,0,0,Apartment,Semi_Furnished,East,Under_Construction,Small,1,: ,5583.0,0,0,0,0
2.0,5.0,5,5,38.0,0.8,1.0,1200.0,17.536621,78.48448,30.0,1,0,0,1,0,1,1,0,0,Apartment,Semi_Furnished,East,Under_Construction,Small,1,: ,5541.0,0,0,0,0
2.0,5.0,7,7,38.0,0.4,1.0,1174.0,17.536621,78.48448,30.0,1,0,0,1,0,1,1,0,0,Apartment,Semi_Furnished,West,Under_Construction,Small,1,: ,5499.0,0,0,0,0
2.0,5.0,7,7,38.0,0.8,1.0,1174.0,17.536621,78.48448,30.0,1,0,0,1,0,1,1,0,0,Apartment,Unfurnished,West,Under_Construction,Small,1,: ,5500.0,0,0,0,0
2.0,5.0,7,7,37.0,0.6,1.0,1100.0,17.53824,78.4808,30.0,1,0,0,1,0,1,1,0,0,Apartment,Semi_Furnished,North,Under_Construction,Small,1,: ,5500.0,0,0,0,0
2.0,5.0,7,7,37.0,0.8,1.0,1100.0,17.53824,78.4808,30.0,1,0,0,1,0,1,1,0,0,Apartment,Semi_Furnished,East,Under_Construction,Small,1,: ,5501.0,0,0,0,0
3.0,5.0,7,7,38.0,0.8,2.0,1874.0,17.536621,78.48448,30.0,1,0,0,1,0,1,1,0,0,Apartment,Semi_Furnished,West,Under_Construction,Large,2,: ,5500.0,0,0,0,0
3.0,5.0,6,6,37.0,0.8,2.0,1750.0,17.53824,78.4808,30.0,1,0,0,1,0,1,1,0,0,Apartment,Semi_Furnished,West,Under_Construction,Medium,2,: ,5500.0,0,0,0,0
2.0,5.0,23,25,44.0,0.6,1.0,1175.0,17.406593,78.613328,3.0,1,0,1,1,0,0,1,0,0,Apartment,Semi_Furnished,East,Resale_Very_Old,Small,1,Peerzadiguda,4595.0,0,0,0,0
2.0,5.0,16,18,6.0,0.2,1.0,1200.0,17.5564,78.36389,7.0,1,0,0,1,0,0,1,0,0,Apartment,Semi_Furnished,Unknown,Resale_Very_Old,Small,1,: ,5166.0,0,0,0,0
2.0,5.0,18,20,10.0,0.4,1.0,1220.0,17.5468498,78.3650231,7.0,1,0,0,1,0,0,1,0,0,Apartment,Semi_Furnished,East,Resale_Very_Old,Medium,1,: ,5163.0,0,0,0,0
2.0,5.0,16,18,41.0,0.6,1.0,1000.0,17.5473616,78.4354042,7.0,0,1,0,1,0,0,1,0,0,Apartment,Semi_Furnished,East,Resale_Old,Small,1,: ,5400.0,0,0,0,0
3.0,5.0,16,18,37.0,0.6,2.0,1700.0,17.538237,78.480804,7.0,0,1,0,1,0,0,1,0,0,Apartment,Semi_Furnished,East,Resale_Old,Medium,2,: ,5200.0,0,0,0,0
5.0,2.0,13,15,37.0,0.5384615384615384,2.0,3651.0,17.538237,78.480804,7.0,1,0,0,1,0,0,0,0,0,Villa,Semi_Furnished,West,Resale_Very_Old,XL,2,: ,4997.0,1,0,0,0
5.0,2.0,16,17,37.0,0.5384615384615384,2.0,3650.0,17.538237,78.480804,7.0,1,0,0,1,0,0,0,0,0,Villa,Semi_Furnished,East,Resale_Very_Old,XL,2,: ,4999.0,1,0,0,0
3.0,35.0,5,8,8.0,0.1428571428571428,2.0,2259.0,17.478433,78.392116,30.0,1,0,0,1,0,0,1,0,0,Apartment,Furnished,West,Under_Construction,Large,2,: ,8410.0,0,0,0,0
4.0,36.0,30,32,1.0,0.5277777777777778,3.0,3855.0,17.442196,78.280067,30.0,0,1,0,1,0,0,1,0,0,Apartment,Semi_Furnished,East,Resale_Old,XL,3+,Osman Nagar,7522.0,0,0,0,0
2.0,4.0,9,11,47.0,1.0,2.0,1274.0,17.5337007,78.401286,7.0,0,1,0,1,0,0,1,1,0,Apartment,Semi_Furnished,West,Resale_Old,Medium,2,Gajulramaram,4700.0,0,0,0,0
3.0,5.0,10,12,50.0,0.6,2.0,1510.0,17.4011618,78.37569,7.0,1,0,0,1,0,0,1,0,0,Apartment,Semi_Furnished,West,Resale_Very_Old,Medium,2,Manikonda,5894.0,0,0,0,0
2.0,4.0,7,9,47.0,0.25,2.0,1274.0,17.5337007,78.401286,14.0,1,0,0,1,0,0,1,0,0,Apartment,Semi_Furnished,West,Resale_Very_Old,Medium,2,Gajulramaram,4700.0,0,0,0,0
3.0,5.0,7,9,50.0,0.4,2.0,1510.0,17.4011618,78.37569,14.0,1,0,0,1,0,0,1,0,0,Apartment,Semi_Furnished,West,Resale_Very_Old,Medium,2,Manikonda,5894.0,0,0,0,0
3.0,42.0,17,19,50.0,0.0952380952380952,2.0,1509.0,17.509181,78.3521088,21.0,0,1,0,1,0,0,1,0,0,Apartment,Semi_Furnished,East,Resale_Old,Medium,2,Miyapur,7300.0,0,0,0,0
3.0,32.0,17,19,47.0,0.125,3.0,1592.0,17.49479,78.39964,21.0,0,1,0,1,0,0,1,0,0,Apartment,Semi_Furnished,West,Resale_Old,Medium,3+,Kukatpally,8500.0,0,0,0,0
2.0,5.0,11,13,17.0,0.4,2.0,1080.0,17.311940823733476,78.47302608769566,21.0,1,0,0,1,0,0,1,0,0,Apartment,Semi_Furnished,West,Resale_Very_Old,Small,2,Bandlaguda Jagir,5000.0,0,0,0,0
3.0,6.0,9,11,50.0,0.5,2.0,1510.0,17.4011618,78.37569,21.0,1,0,0,1,0,0,1,0,0,Apartment,Semi_Furnished,West,Resale_Very_Old,Medium,2,Manikonda,5894.0,0,0,0,0
3.0,12.0,7,9,0.0,0.1666666666666666,2.0,1965.0,78.48667,17.38504,28.0,0,1,0,1,0,0,1,0,0,Apartment,Semi_Furnished,East,Resale_Old,Large,2,Bachupally,4892.0,0,0,0,0
3.0,2.0,27,27,37.0,0.5384615384615384,2.0,1800.0,17.538237,78.480804,14.0,0,1,0,1,0,0,1,0,0,Villa,Semi_Furnished,NE,Resale_Old,Medium,2,Kompally,5555.0,1,0,0,0
3.0,2.0,27,27,9.0,0.5384615384615384,2.0,1800.0,17.575957,78.471167,14.0,0,1,0,1,0,0,1,0,0,Villa,Semi_Furnished,NE,Resale_Old,Medium,2,Gundlapochampalli,5555.0,1,0,0,0
3.0,2.0,27,27,9.0,0.5384615384615384,2.0,2300.0,17.575957,78.471167,14.0,0,1,0,1,0,0,1,0,0,Villa,Semi_Furnished,NE,Resale_Old,Large,2,Gundlapochampalli,5900.0,1,0,0,0
3.0,15.0,32,32,15.0,0.3333333333333333,1.0,1798.0,17.474836,78.347211,14.0,1,0,1,1,0,0,1,0,0,Apartment,Semi_Furnished,West,Resale_Very_Old,Medium,1,: ,11123.0,0,0,0,0
3.0,15.0,32,32,15.0,0.3333333333333333,1.0,1798.0,17.474836,78.347211,14.0,1,0,1,1,0,0,1,0,0,Apartment,Semi_Furnished,West,Resale_Very_Old,Medium,1,: ,10845.0,0,0,0,0
3.0,15.0,32,32,15.0,0.4,1.0,1798.0,17.474836,78.347211,14.0,1,0,1,1,0,0,1,0,0,Apartment,Semi_Furnished,West,Resale_Very_Old,Medium,1,: ,10567.0,0,0,0,0
3.0,12.0,8,8,15.0,0.5,1.0,1590.0,17.4359437,78.3416731,21.0,1,0,0,1,0,0,1,0,0,Apartment,Furnished,East,Resale_Very_Old,Medium,1,: ,8553.0,0,0,0,0
3.0,25.0,8,8,12.0,0.64,2.0,2290.0,17.4609913,78.3532083,21.0,1,0,1,1,0,0,1,0,0,Apartment,Semi_Furnished,East,Resale_Very_Old,Large,2,: ,11135.0,0,0,0,0
3.0,42.0,8,8,12.0,0.5714285714285714,2.0,1431.0,17.4480919,78.3787508,21.0,1,0,1,1,0,0,1,0,0,Apartment,Semi_Furnished,East,Resale_Very_Old,Medium,2,: ,14675.0,0,0,0,0
3.0,15.0,32,33,15.0,0.6666666666666666,1.0,1798.0,17.474836,78.347211,21.0,1,0,1,1,0,0,1,0,0,Apartment,Furnished,West,Resale_Very_Old,Medium,1,: ,11123.0,0,0,0,0
3.0,25.0,8,8,13.0,0.76,2.0,1875.0,17.47078,78.30668,30.0,1,0,1,1,0,0,1,0,0,Apartment,Semi_Furnished,West,Resale_Very_Old,Large,2,: ,10880.0,0,0,0,0
3.0,34.0,31,32,10.0,0.5,1.0,1993.0,17.4359437,78.3416731,30.0,1,0,1,1,0,0,1,0,0,Apartment,Semi_Furnished,East,Resale_Very_Old,Large,1,: ,10536.0,0,0,0,0
3.0,19.0,32,32,4.0,0.3684210526315789,2.0,2335.0,17.4570123,78.3645684,30.0,1,0,1,1,0,0,1,0,0,Apartment,Semi_Furnished,East,Resale_Very_Old,Large,2,: ,13190.0,0,0,0,0
3.0,35.0,31,32,12.0,0.3428571428571428,1.0,2410.0,17.4692958,78.333071,30.0,1,0,1,1,0,0,1,0,0,Apartment,Semi_Furnished,NE,Resale_Very_Old,Large,1,: ,13500.0,0,0,0,0
3.0,36.0,31,32,13.0,0.6666666666666666,1.0,2595.0,17.4480919,78.3787508,30.0,1,0,0,1,0,0,1,0,0,Apartment,Furnished,West,Resale_Very_Old,XL,1,: ,21772.0,0,0,0,0
3.0,36.0,31,32,13.0,0.8333333333333334,1.0,2595.0,17.430915,78.37728,30.0,1,0,0,1,0,0,1,0,0,Apartment,Furnished,West,Resale_Very_Old,XL,1,: ,21772.0,0,0,0,0
2.0,35.0,31,32,10.0,0.1142857142857142,1.0,1492.0,17.4359437,78.3416731,30.0,1,0,1,1,0,0,1,0,0,Apartment,Furnished,Unknown,Resale_Very_Old,Medium,1,: ,12064.0,0,0,0,0
4.0,42.0,31,32,12.0,0.8809523809523809,4.0,3988.0,17.4480919,78.3787508,30.0,0,1,1,1,0,0,1,0,0,Apartment,Semi_Furnished,Unknown,Resale_Old,XL,3+,: ,16048.0,0,0,0,0
3.0,15.0,32,33,15.0,0.8,1.0,1798.0,17.474836,78.347211,30.0,1,0,1,1,0,0,1,0,0,Apartment,Furnished,East,Resale_Very_Old,Medium,1,: ,12235.0,0,0,0,0
3.0,15.0,32,33,15.0,0.8,1.0,1798.0,17.474836,78.347211,30.0,1,0,1,1,0,0,1,0,0,Apartment,Semi_Furnished,Unknown,Resale_Very_Old,Medium,1,: ,12235.0,0,0,0,0
3.0,22.0,8,8,50.0,0.5909090909090909,1.0,1700.0,17.492535,78.44096,30.0,1,0,0,1,0,0,1,0,0,Apartment,Semi_Furnished,East,Resale_Very_Old,Medium,1,: ,8308.0,0,0,0,0
3.0,10.0,9,9,50.0,0.5384615384615384,1.0,1430.0,17.473514,78.312623,28.0,1,0,0,1,0,0,1,0,0,Apartment,Furnished,West,0_5_yrs,Medium,1,: ,9790.0,1,0,0,0
2.0,22.0,10,10,9.0,0.4090909090909091,1.0,1335.0,17.478221,78.312255,30.0,0,1,1,1,0,0,1,0,0,Apartment,Unfurnished,East,Resale_Old,Medium,1,: ,8764.0,0,0,0,0
3.0,25.0,10,10,13.0,0.72,2.0,1565.0,17.450684,78.30148,30.0,1,0,1,1,0,1,1,0,0,Apartment,Unfurnished,West,Under_Construction,Medium,2,: ,10223.0,0,0,0,0
2.0,5.0,9,11,50.0,1.0,1.0,1290.0,17.47078,78.30668,21.0,0,1,0,1,0,0,1,1,0,Apartment,Semi_Furnished,East,Resale_Old,Medium,1,: ,6492.0,0,0,0,0
4.0,19.0,18,18,9.0,0.5384615384615384,3.0,2795.0,17.467762,78.408146,30.0,1,0,1,1,0,0,1,0,0,Apartment,Semi_Furnished,West,Resale_Very_Old,XL,3+,: ,8050.0,1,0,0,0
3.0,19.0,16,17,9.0,0.7894736842105263,2.0,2160.0,17.467762,78.408146,60.0,1,0,1,1,0,0,1,0,0,Apartment,Semi_Furnished,East,0_5_yrs,Large,2,: ,9814.0,0,0,0,0
3.0,5.0,8,8,10.0,0.5384615384615384,2.0,1221.0,17.5468498,78.3650231,5.0,1,0,0,1,0,0,1,0,0,Apartment,Semi_Furnished,East,Resale_Very_Old,Medium,Unknown,: ,5978.0,1,1,1,0
4.0,12.0,22,24,37.0,0.5384615384615384,3.0,2335.0,17.538237,78.480804,21.0,0,1,0,1,0,0,1,0,0,Apartment,Semi_Furnished,East,Resale_Old,Large,3+,: ,5999.0,1,0,0,0
3.0,8.0,22,24,37.0,0.5,2.0,1825.0,17.538237,78.480804,21.0,0,1,0,1,0,0,1,0,0,Apartment,Semi_Furnished,East,Resale_Old,Large,2,: ,5999.0,0,0,0,0
3.0,8.0,20,22,0.0,0.625,2.0,1808.0,78.49827,17.43993,21.0,0,1,0,1,0,0,1,0,0,Apartment,Semi_Furnished,East,Resale_Old,Large,2,: ,5999.0,0,0,0,0
4.0,35.0,18,18,10.0,0.2,3.0,4070.0,17.41341,78.339447,21.0,1,0,1,1,0,1,1,0,0,Apartment,Semi_Furnished,East,Under_Construction,XL,3+,Gachibowli,10319.0,0,0,0,0
4.0,35.0,17,17,10.0,0.2857142857142857,3.0,2713.0,17.41341,78.339447,21.0,1,0,1,1,0,0,1,0,0,Apartment,Semi_Furnished,North,Under_Construction,XL,3+,Gachibowli,10984.0,0,0,0,0
5.0,1.0,4,6,44.0,0.5384615384615384,4.0,3006.0,17.435053,78.366264,28.0,1,0,0,1,0,1,0,0,0,Villa,Furnished,East,0_5_yrs,XL,3+,: ,130000.0,1,0,0,0
2.0,9.0,18,18,37.0,0.1111111111111111,2.0,1310.0,17.538237,78.480804,28.0,0,1,0,1,0,0,1,0,0,Apartment,Semi_Furnished,Unknown,Resale_Old,Medium,2,: ,5999.0,0,0,0,0
3.0,5.0,21,23,37.0,0.6,2.0,1629.0,17.538237,78.480804,28.0,1,0,0,1,0,0,1,0,0,Apartment,Semi_Furnished,West,Resale_Very_Old,Medium,2,: ,5799.0,0,0,0,0
2.0,5.0,20,22,0.0,1.0,2.0,1361.0,78.48667,17.38504,28.0,1,0,0,1,0,0,1,1,0,Apartment,Semi_Furnished,East,Resale_Very_Old,Medium,2,: ,5799.0,0,0,0,0
2.0,5.0,21,23,0.0,0.5384615384615384,2.0,1267.0,78.48667,17.38504,28.0,1,0,0,1,0,0,1,0,0,Apartment,Semi_Furnished,East,Resale_Very_Old,Medium,2,: ,5799.0,1,0,0,0
4.0,2.0,20,22,50.0,0.5384615384615384,4.0,160.0,17.3697735,78.5618265,30.0,0,1,0,1,0,0,0,0,0,Villa,Furnished,East,Resale_Old,Micro,3+,: ,101250.0,1,0,0,0
4.0,2.0,20,21,0.0,0.5384615384615384,4.0,234.0,17.371384,78.671282,30.0,0,1,0,1,0,0,0,0,0,Villa,Furnished,West,Resale_Old,Micro,3+,: ,103846.0,1,0,0,0
4.0,2.0,20,21,0.0,0.5384615384615384,4.0,1575.0,17.371384,78.671282,30.0,0,1,0,1,0,0,0,0,0,Villa,Furnished,East,Resale_Old,Medium,3+,: ,108571.0,1,0,0,0
2.0,5.0,7,7,47.0,0.6,2.0,1000.0,17.495922,78.54423,30.0,1,0,0,1,0,1,1,0,0,Apartment,Semi_Furnished,West,Under_Construction,Small,2,Shanakar Nagar,6800.0,0,0,0,0
4.0,2.0,20,21,50.0,0.5384615384615384,4.0,2106.0,17.3697735,78.5618265,30.0,0,1,0,1,0,0,0,0,0,Villa,Furnished,East,Resale_Old,Large,3+,: ,103846.0,1,0,0,0
4.0,2.0,19,20,50.0,0.5384615384615384,4.0,1575.0,17.3697735,78.5618265,30.0,0,1,0,1,0,0,0,0,0,Villa,Furnished,East,Resale_Old,Medium,3+,: ,108571.0,1,0,0,0
4.0,2.0,20,20,50.0,0.5384615384615384,3.0,1440.0,17.3697735,78.5618265,30.0,0,1,0,1,0,0,0,0,0,Villa,Furnished,East,Resale_Old,Medium,3+,: ,90909.0,1,0,0,0
2.0,0.0,0,0,7.0,0.5384615384615384,1.0,1350.0,17.395199,78.64021,30.0,1,0,0,1,0,1,0,0,0,Villa,Semi_Furnished,East,Under_Construction,Medium,1,: ,56666.0,1,0,0,0
4.0,2.0,1,1,32.0,0.5384615384615384,2.0,1350.0,17.395191,78.614174,30.0,1,0,0,1,0,1,0,0,0,Villa,Semi_Furnished,North,Under_Construction,Medium,2,: ,86666.0,1,0,0,0
4.0,2.0,1,1,32.0,0.5384615384615384,2.0,1350.0,17.395191,78.614174,30.0,1,0,0,1,0,1,0,0,0,Villa,Semi_Furnished,North,Under_Construction,Medium,2,: ,80666.0,1,0,0,0
5.0,12.0,15,16,46.0,0.9166666666666666,4.0,4375.0,17.438011,78.354126,21.0,1,0,0,1,0,1,1,0,0,Apartment,Semi_Furnished,NW,0_5_yrs,XL,3+,Madhapur,10267.0,0,0,0,0
4.0,2.0,1,3,24.0,0.5384615384615384,2.0,1566.0,17.5113659,78.5509561,2.0,1,0,0,1,0,1,0,0,0,Villa,Semi_Furnished,West,Resale_Very_Old,Medium,2,: ,83333.0,1,0,0,0
4.0,2.0,1,2,10.0,0.5384615384615384,2.0,1494.0,17.5351517,78.5337933,4.0,1,0,0,1,0,1,0,0,0,Villa,Semi_Furnished,West,Resale_Very_Old,Medium,2,: ,72289.0,1,0,0,0
3.0,2.0,4,6,23.0,0.5384615384615384,2.0,1503.0,17.5191218,78.5417868,4.0,1,0,0,1,0,1,0,0,0,Villa,Semi_Furnished,West,Resale_Very_Old,Medium,2,: ,97604.0,1,0,0,0
3.0,2.0,3,3,10.0,0.5384615384615384,1.0,1080.0,17.532558,78.529251,4.0,1,0,0,1,0,0,0,0,0,Villa,Semi_Furnished,East,Resale_Very_Old,Small,1,: ,101833.0,1,0,0,0
4.0,2.0,2,2,25.0,0.5384615384615384,1.0,3300.0,17.5268959,78.5386298,5.0,1,0,0,1,0,1,1,0,0,Villa,Semi_Furnished,West,Resale_Very_Old,XL,1,: ,6969.0,1,0,0,0
4.0,2.0,0,3,50.0,0.5384615384615384,2.0,1197.0,17.5133794,78.514259,7.0,1,0,0,1,0,0,0,0,0,Villa,Semi_Furnished,East,Resale_Very_Old,Small,2,: ,109022.0,1,0,0,0
4.0,2.0,0,3,49.0,0.5384615384615384,2.0,1485.0,17.505811,78.539781,7.0,1,0,0,1,0,0,0,0,0,Villa,Semi_Furnished,North,Resale_Very_Old,Medium,2,: ,118181.0,1,0,0,0
3.0,2.0,5,7,49.0,0.5384615384615384,2.0,1800.0,17.505811,78.539781,7.0,1,0,0,1,0,0,0,0,0,Villa,Semi_Furnished,West,Resale_Very_Old,Medium,2,: ,115000.0,1,0,0,0
5.0,3.0,3,5,49.0,0.5384615384615384,3.0,1620.0,17.505811,78.539781,7.0,1,0,0,1,0,0,0,0,0,Villa,Semi_Furnished,NE,Resale_Very_Old,Medium,3+,: ,125000.0,1,0,0,0
6.0,3.0,7,9,10.0,0.5384615384615384,3.0,2160.0,17.532558,78.529251,7.0,1,0,0,1,0,0,0,0,0,Villa,Semi_Furnished,East,Resale_Very_Old,Large,3+,: ,150000.0,1,0,0,0
2.0,1.0,1,3,10.0,0.5384615384615384,1.0,1440.0,17.532558,78.529251,7.0,1,0,0,1,0,0,0,0,0,Villa,Semi_Furnished,West,Resale_Very_Old,Medium,1,: ,56250.0,1,0,0,0
3.0,7.0,8,10,49.0,0.1428571428571428,2.0,1945.0,17.505811,78.539781,7.0,1,0,0,1,0,0,1,0,0,Apartment,Semi_Furnished,East,Resale_Very_Old,Large,2,: ,5398.0,0,0,0,0
3.0,2.0,2,4,10.0,0.5384615384615384,1.0,1260.0,17.532558,78.529251,7.0,1,0,0,1,0,0,0,0,0,Villa,Semi_Furnished,South,Resale_Very_Old,Medium,1,: ,75000.0,1,0,0,0
3.0,3.0,20,21,50.0,0.5384615384615384,2.0,4225.0,17.5090182,78.3001801,21.0,0,1,0,1,0,0,1,0,0,Villa,Semi_Furnished,East,Resale_Old,XL,2,Beeramguda,5200.0,1,0,0,0
3.0,3.0,19,20,50.0,0.5384615384615384,2.0,3390.0,17.5090182,78.3001801,21.0,0,1,0,1,0,0,1,0,0,Villa,Semi_Furnished,East,Resale_Old,XL,2,Beeramguda,5200.0,1,0,0,0
3.0,3.0,19,20,50.0,0.5384615384615384,2.0,2800.0,17.5090182,78.3001801,21.0,0,1,0,1,0,0,1,0,0,Villa,Semi_Furnished,West,Resale_Old,XL,2,Beeramguda,5200.0,1,0,0,0
3.0,3.0,18,19,0.0,0.5384615384615384,2.0,2800.0,78.48667,17.38504,21.0,0,1,0,1,0,0,1,0,0,Villa,Semi_Furnished,East,Resale_Old,XL,2,Beerumguda,5200.0,1,0,0,0
3.0,43.0,27,28,0.0,0.3023255813953488,2.0,1660.0,78.48667,17.38504,21.0,0,1,0,1,0,0,1,0,0,Apartment,Semi_Furnished,East,Resale_Old,Medium,2,Nanakramguda,5500.0,0,0,0,0
3.0,1.0,2,2,7.0,0.5384615384615384,1.0,1647.0,17.543634,78.293712,30.0,1,0,0,1,0,0,0,0,0,Villa,Semi_Furnished,West,0_5_yrs,Medium,1,: ,84699.0,1,0,0,0
2.0,10.0,28,29,0.0,0.3,1.0,1314.0,78.48667,17.38504,30.0,0,1,0,1,0,0,1,0,0,Apartment,Semi_Furnished,East,Resale_Old,Medium,1,Kondapur,5700.0,0,0,0,0
3.0,30.0,28,29,0.0,0.3333333333333333,2.0,2615.0,78.48667,17.38504,30.0,0,1,0,1,0,0,1,0,0,Apartment,Semi_Furnished,East,Resale_Old,XL,2,Tellapur,5700.0,0,0,0,0
3.0,30.0,28,29,0.0,0.3666666666666666,2.0,1965.0,78.48667,17.38504,30.0,0,1,0,1,0,0,1,0,0,Apartment,Semi_Furnished,East,Resale_Old,Large,2,Tellapur,5700.0,0,0,0,0
3.0,30.0,29,30,0.0,0.2666666666666666,2.0,1855.0,78.48667,17.38504,30.0,0,1,0,1,0,0,1,0,0,Apartment,Semi_Furnished,East,Resale_Old,Large,2,Tellapur,5700.0,0,0,0,0
3.0,30.0,30,31,0.0,0.3,2.0,1695.0,78.48667,17.38504,30.0,0,1,0,1,0,0,1,0,0,Apartment,Semi_Furnished,East,Resale_Old,Medium,2,Tellapur,5700.0,0,0,0,0
2.0,30.0,29,30,0.0,0.2333333333333333,1.0,1355.0,78.48667,17.38504,30.0,0,1,0,1,0,0,1,0,0,Apartment,Semi_Furnished,East,Resale_Old,Medium,1,Tellapur,5700.0,0,0,0,0
3.0,5.0,11,12,0.0,1.0,2.0,1580.0,78.48667,17.38504,30.0,0,1,0,1,0,0,1,1,0,Apartment,Semi_Furnished,East,Resale_Old,Medium,2,Alkapuri township,6500.0,0,0,0,0
3.0,5.0,11,12,0.0,0.4,2.0,1571.0,78.48667,17.38504,30.0,0,1,0,1,0,0,1,0,0,Apartment,Semi_Furnished,East,Resale_Old,Medium,2,Alkapuri township,6500.0,0,0,0,0
2.0,20.0,9,10,0.0,0.2,1.0,1202.0,78.48667,17.38504,30.0,0,1,0,1,0,0,1,0,0,Apartment,Semi_Furnished,East,Resale_Old,Medium,1,Alkapuri township,6500.0,0,0,0,0
3.0,43.0,22,23,0.0,0.2558139534883721,2.0,2020.0,78.48667,17.38504,30.0,0,1,0,1,0,0,1,0,0,Apartment,Semi_Furnished,East,Resale_Old,Large,2,Puppalaguda,7442.0,0,0,0,0
3.0,43.0,29,30,0.0,0.2093023255813953,3.0,1695.0,78.48667,17.38504,30.0,0,1,0,1,0,0,1,0,0,Apartment,Semi_Furnished,East,Resale_Old,Medium,3+,Puppalaguda,7000.0,0,0,0,0
3.0,43.0,28,29,0.0,0.2325581395348837,2.0,1660.0,78.48667,17.38504,30.0,0,1,0,1,0,0,1,0,0,Apartment,Semi_Furnished,East,Resale_Old,Medium,2,Puppalaguda,7000.0,0,0,0,0
3.0,43.0,29,30,50.0,0.2558139534883721,2.0,2020.0,17.4011618,78.37569,30.0,0,1,0,1,0,0,1,0,0,Apartment,Semi_Furnished,East,Resale_Old,Large,2,Manikonda,5847.0,0,0,0,0
3.0,43.0,29,30,50.0,0.1860465116279069,3.0,1695.0,17.4011618,78.37569,30.0,0,1,0,1,0,0,1,0,0,Apartment,Semi_Furnished,East,Resale_Old,Medium,3+,Manikonda,5500.0,0,0,0,0
3.0,43.0,28,29,50.0,0.1627906976744186,2.0,1660.0,17.4011618,78.37569,30.0,0,1,0,1,0,0,1,0,0,Apartment,Semi_Furnished,East,Resale_Old,Medium,2,Manikonda,5500.0,0,0,0,0
3.0,43.0,13,13,25.0,0.1162790697674418,1.0,1660.0,17.3923634,78.3621784,30.0,0,1,0,1,0,0,1,0,0,Apartment,Semi_Furnished,East,Resale_Old,Medium,1,Narsingi,5500.0,0,0,0,0
2.0,10.0,16,16,49.0,0.3,1.0,1314.0,17.38504,78.48667,30.0,0,1,0,1,0,0,1,0,0,Apartment,Semi_Furnished,East,Resale_Old,Medium,1,Kondapur,5700.0,0,0,0,0
2.0,5.0,2,3,50.0,0.6,1.0,1153.0,17.39718420583,78.3765384351226,30.0,0,1,0,1,0,0,1,0,0,Apartment,Semi_Furnished,East,Resale_Old,Small,1,Alkapoor Township,5950.0,0,0,0,0
2.0,5.0,2,3,50.0,0.6,1.0,1033.0,17.39718420583,78.3765384351226,30.0,0,1,0,1,0,0,1,0,0,Apartment,Semi_Furnished,East,Resale_Old,Small,1,Alkapoor Township,5950.0,0,0,0,0
2.0,5.0,3,4,27.0,0.6,1.0,1155.0,17.3859012168214,78.3690856485297,30.0,0,1,0,1,0,0,1,0,0,Apartment,Semi_Furnished,East,Resale_Old,Small,1,Alkapur Twp,5950.0,0,0,0,0
3.0,10.0,16,17,50.0,0.5,1.0,2020.0,17.4011618,78.37569,30.0,0,1,0,1,0,0,1,0,0,Apartment,Semi_Furnished,East,Resale_Old,Large,1,Manikonda,5500.0,0,0,0,0
3.0,10.0,16,17,50.0,0.5,1.0,1695.0,17.4011618,78.37569,30.0,0,1,0,1,0,0,1,0,0,Apartment,Semi_Furnished,East,Resale_Old,Medium,1,Manikonda,5500.0,0,0,0,0
3.0,10.0,20,21,50.0,0.5,1.0,1660.0,17.4011618,78.37569,30.0,0,1,0,1,0,0,1,0,0,Apartment,Semi_Furnished,East,Resale_Old,Medium,1,Manikonda,5516.0,0,0,0,0
3.0,10.0,19,20,0.0,0.4,1.0,2020.0,78.48667,17.38504,30.0,0,1,0,1,0,0,1,0,0,Apartment,Semi_Furnished,East,Resale_Old,Large,1,Puppalaguda,5500.0,0,0,0,0
3.0,43.0,14,15,0.0,0.1162790697674418,1.0,1695.0,78.48667,17.38504,30.0,0,1,0,1,0,0,1,0,0,Apartment,Semi_Furnished,East,Resale_Old,Medium,1,Pupaalguda,5500.0,0,0,0,0
3.0,43.0,16,17,0.0,0.1162790697674418,1.0,1660.0,78.48667,17.38504,30.0,0,1,0,1,0,0,1,0,0,Apartment,Semi_Furnished,East,Resale_Old,Medium,1,Puppalaguda,5500.0,0,0,0,0
3.0,7.0,14,15,50.0,0.5714285714285714,1.0,1505.0,17.5203424,78.3970205,30.0,0,1,0,1,0,0,1,0,0,Apartment,Semi_Furnished,East,Resale_Old,Medium,1,Pragathi Nagar,6099.0,0,0,0,0
2.0,7.0,14,15,50.0,0.5714285714285714,1.0,1325.0,17.5203424,78.3970205,30.0,0,1,0,1,0,0,1,0,0,Apartment,Semi_Furnished,East,Resale_Old,Medium,1,Pragathi Nagar,6099.0,0,0,0,0
2.0,7.0,15,16,50.0,0.4285714285714285,1.0,1265.0,17.5203424,78.3970205,30.0,0,1,0,1,0,0,1,0,0,Apartment,Semi_Furnished,East,Resale_Old,Medium,1,Pragathi Nagar,6099.0,0,0,0,0
1.0,3.0,3,5,10.0,0.3333333333333333,1.0,650.0,17.5468498,78.3650231,30.0,1,0,0,1,0,0,1,0,0,Apartment,Semi_Furnished,West,Under_Construction,Micro,1,: ,3538.0,0,0,0,0
3.0,9.0,20,20,0.0,0.5384615384615384,2.0,2060.0,78.48667,17.38504,30.0,0,1,0,1,0,0,1,0,0,Apartment,Semi_Furnished,East,Resale_Old,Large,2,Velimela,4600.0,1,0,0,0
3.0,5.0,4,4,50.0,0.5384615384615384,2.0,1636.0,17.39718420583,78.3765384351226,30.0,0,1,0,1,0,0,1,0,0,Apartment,Semi_Furnished,West,Resale_Old,Medium,2,: ,5500.0,1,0,0,0
4.0,3.0,20,22,0.0,0.5384615384615384,2.0,3885.0,78.48667,17.38504,30.0,0,1,0,1,0,0,1,0,0,Villa,Semi_Furnished,East,Resale_Old,XL,2,kollaru,8500.0,1,0,0,0
3.0,5.0,4,4,0.0,0.5384615384615384,2.0,1550.0,78.48667,17.38504,30.0,0,1,0,1,0,0,1,0,0,Apartment,Semi_Furnished,West,Resale_Old,Medium,2,: ,5800.0,1,0,0,0
3.0,5.0,4,4,50.0,0.5384615384615384,2.0,1609.0,17.3973794,78.3856447,30.0,0,1,0,1,0,0,1,0,0,Apartment,Semi_Furnished,South,Resale_Old,Medium,2,: ,5800.0,1,0,0,0
3.0,5.0,4,4,48.0,0.5384615384615384,2.0,1550.0,17.41214,78.36431,30.0,0,1,0,1,0,0,1,0,0,Apartment,Semi_Furnished,West,Resale_Old,Medium,2,Khajaguda,5800.0,1,0,0,0
3.0,6.0,7,7,50.0,0.5384615384615384,2.0,1510.0,17.4011618,78.37569,30.0,1,0,0,1,0,0,1,0,0,Apartment,Semi_Furnished,East,New,Medium,2,: ,5800.0,1,0,0,0
3.0,5.0,4,4,0.0,0.5384615384615384,2.0,1656.0,78.48667,17.38504,30.0,0,1,0,1,0,0,1,0,0,Apartment,Semi_Furnished,East,Resale_Old,Medium,2,Manikonda,5800.0,1,0,0,0
3.0,5.0,5,5,0.0,0.5384615384615384,2.0,1609.0,78.48667,17.38504,30.0,0,1,0,1,0,0,1,0,0,Apartment,Semi_Furnished,West,Resale_Old,Medium,2,Manikonda,5800.0,1,0,0,0
3.0,5.0,4,4,0.0,0.5384615384615384,2.0,1656.0,78.48667,17.38504,30.0,0,1,0,1,0,0,1,0,0,Apartment,Semi_Furnished,East,Resale_Old,Medium,2,Manikonda,5500.0,1,0,0,0
3.0,5.0,4,4,0.0,0.5384615384615384,2.0,1636.0,78.48667,17.38504,30.0,0,1,0,1,0,0,1,0,0,Apartment,Semi_Furnished,North,Resale_Old,Medium,2,Manikonda,5500.0,1,0,0,0
4.0,3.0,20,20,1.0,0.5384615384615384,2.0,4080.0,17.477415,78.227409,30.0,0,1,0,1,0,0,1,0,0,Villa,Semi_Furnished,North,Resale_Old,XL,2,Velimela,8500.0,1,0,0,0
4.0,3.0,20,20,1.0,0.5384615384615384,2.0,3200.0,17.477415,78.227409,30.0,0,1,0,1,0,0,1,0,0,Villa,Semi_Furnished,East,Resale_Old,XL,2,Velimela,8500.0,1,0,0,0
3.0,5.0,10,10,0.0,0.5384615384615384,2.0,1609.0,78.48667,17.38504,30.0,0,1,0,1,0,0,1,0,0,Apartment,Semi_Furnished,East,Resale_Old,Medium,2,Manikonda,5500.0,1,0,0,0
4.0,18.0,8,8,39.0,0.8333333333333334,3.0,3750.0,17.4480919,78.3787508,5.0,1,0,0,1,0,0,1,0,0,Apartment,Furnished,SE,Under_Construction,XL,3+,: ,12266.0,0,0,0,0
3.0,20.0,7,7,49.0,0.8,1.0,1800.0,17.516907,78.34283,14.0,1,0,0,1,0,1,1,0,0,Apartment,Furnished,East,0_5_yrs,Medium,1,: ,8611.0,0,0,0,0
4.0,2.0,16,16,28.0,0.5384615384615384,2.0,5900.0,17.400066,78.349083,14.0,1,0,0,1,0,0,1,0,0,Villa,Semi_Furnished,East,Under_Construction,XXL,2,Narsingi,40000.0,1,0,0,0
3.0,36.0,8,8,13.0,0.5555555555555556,2.0,3430.0,17.4480919,78.3787508,14.0,1,0,0,1,0,0,1,0,0,Apartment,Semi_Furnished,West,Under_Construction,XL,2,: ,26000.0,0,0,0,0
4.0,40.0,17,17,50.0,1.0,2.0,5454.0,17.3973794,78.3856447,28.0,0,1,0,1,0,0,1,1,0,Apartment,Semi_Furnished,East,Resale_Old,XXL,2,: ,12834.0,0,0,0,0
4.0,39.0,17,17,50.0,0.8974358974358975,2.0,5454.0,17.3973794,78.3856447,28.0,0,1,0,1,0,0,1,0,0,Apartment,Semi_Furnished,East,Resale_Old,XXL,2,: ,11917.0,0,0,0,0
4.0,40.0,15,15,50.0,0.75,2.0,4999.0,17.3973794,78.3856447,28.0,0,1,0,1,0,0,1,0,0,Apartment,Semi_Furnished,East,Resale_Old,XL,2,: ,12002.0,0,0,0,0
4.0,40.0,15,15,50.0,0.625,2.0,3999.0,17.3973794,78.3856447,28.0,0,1,0,1,0,0,1,0,0,Apartment,Semi_Furnished,East,Resale_Old,XL,2,: ,12503.0,0,0,0,0
2.0,17.0,1,1,12.0,0.5294117647058824,1.0,1285.0,17.4018092,78.5601892,30.0,0,1,1,1,0,0,1,0,0,Apartment,Unfurnished,Unknown,Resale_Old,Medium,1,: ,5836.0,0,0,0,0
3.0,31.0,14,14,12.0,0.7096774193548387,1.0,1834.0,17.398775,78.355493,30.0,1,0,0,1,0,0,1,0,0,Apartment,Semi_Furnished,West,Under_Construction,Large,1,: ,11723.0,0,0,0,0
4.0,3.0,27,27,6.0,0.5384615384615384,3.0,5090.0,17.3875416,78.3433114,60.0,0,1,1,1,0,0,1,0,0,Villa,Semi_Furnished,West,Resale_Old,XXL,3+,Narsingi,21428.0,1,0,0,0
4.0,35.0,18,18,13.0,0.7142857142857143,2.0,2708.0,17.402291123438,78.338167423361,7.0,0,1,1,1,0,0,1,0,0,Apartment,Semi_Furnished,East,Resale_Old,XL,2,: ,8271.0,0,0,0,0
3.0,2.0,8,8,10.0,0.5384615384615384,2.0,2430.0,17.16648,78.45784,7.0,1,0,1,1,0,0,1,0,0,Villa,Semi_Furnished,East,Under_Construction,Large,2,: ,7029.0,1,0,0,0
2.0,14.0,10,10,0.0,0.9285714285714286,1.0,1285.0,17.443855,78.250431,7.0,0,1,0,1,0,0,1,0,0,Apartment,Semi_Furnished,East,Resale_Old,Medium,1,: ,5799.0,0,0,0,0
3.0,2.0,7,7,8.0,0.5384615384615384,2.0,2164.0,17.47994,78.2377875,7.0,0,1,1,1,0,0,1,0,0,Villa,Semi_Furnished,NE,Resale_Old,Large,2,: ,13122.0,1,0,0,0
3.0,15.0,9,9,13.0,0.6666666666666666,2.0,1935.0,17.38169203564,78.362756536437,7.0,0,1,1,1,0,0,1,0,0,Apartment,Semi_Furnished,NE,Resale_Old,Large,2,: ,7099.0,0,0,0,0
3.0,35.0,13,13,13.0,0.7142857142857143,2.0,1796.0,17.402291123438,78.338167423361,7.0,0,1,1,1,0,0,1,0,0,Apartment,Semi_Furnished,East,Resale_Old,Medium,2,: ,9075.0,0,0,0,0
3.0,8.0,22,22,10.0,0.75,3.0,1790.0,17.5468498,78.3650231,6.0,0,1,0,1,0,0,1,0,0,Apartment,Semi_Furnished,East,Resale_Old,Medium,3+,: ,5999.0,0,0,0,0
3.0,30.0,21,21,17.0,0.5333333333333333,3.0,2310.0,17.4664197,78.285342,6.0,0,1,0,1,0,0,1,0,0,Apartment,Semi_Furnished,East,Resale_Old,Large,3+,: ,6200.0,0,0,0,0
3.0,30.0,21,21,17.0,0.5333333333333333,3.0,1885.0,17.4664197,78.285342,6.0,0,1,0,1,0,0,1,0,0,Apartment,Semi_Furnished,East,Resale_Old,Large,3+,: ,6200.0,0,0,0,0
2.0,14.0,21,21,10.0,0.5,2.0,1214.0,17.5468498,78.3650231,6.0,0,1,0,1,0,0,1,0,0,Apartment,Semi_Furnished,East,Resale_Old,Medium,2,: ,5500.0,0,0,0,0
2.0,16.0,20,20,0.0,0.625,2.0,1300.0,17.443855,78.250431,6.0,0,1,0,1,0,0,1,0,0,Apartment,Semi_Furnished,East,Resale_Old,Medium,2,: ,4899.0,0,0,0,0
1.0,14.0,23,23,10.0,0.3571428571428571,1.0,607.0,17.5468498,78.3650231,6.0,0,1,0,1,0,0,1,0,0,Apartment,Semi_Furnished,East,Resale_Old,Micro,1,: ,5500.0,0,0,0,0
2.0,15.0,21,21,0.0,0.4,2.0,1300.0,17.434448,78.242669,6.0,0,1,0,1,0,0,1,0,0,Apartment,Semi_Furnished,East,Resale_Old,Medium,2,: ,3899.0,0,0,0,0
2.0,36.0,14,14,5.0,0.6388888888888888,2.0,1315.0,17.407463,78.363222,6.0,0,1,1,1,0,0,1,0,0,Apartment,Semi_Furnished,East,Resale_Old,Medium,2,: ,6500.0,0,0,0,0
3.0,36.0,21,21,50.0,0.6944444444444444,2.0,1710.0,17.4011618,78.37569,6.0,0,1,0,1,0,0,1,0,0,Apartment,Semi_Furnished,East,Resale_Old,Medium,2,: ,6600.0,0,0,0,0
2.0,36.0,27,27,50.0,0.5833333333333334,2.0,1315.0,17.3973794,78.3856447,6.0,0,1,0,1,0,0,1,0,0,Apartment,Semi_Furnished,East,Resale_Old,Medium,2,: ,7600.0,0,0,0,0
4.0,2.0,19,20,50.0,0.5384615384615384,3.0,4222.0,17.500673,78.42039,6.0,1,0,0,1,0,0,1,0,0,Villa,Semi_Furnished,East,Under_Construction,XL,3+,: ,15000.0,1,0,0,0
2.0,30.0,21,21,17.0,0.4666666666666667,2.0,1355.0,17.4664197,78.285342,6.0,0,1,0,1,0,0,1,0,0,Apartment,Semi_Furnished,East,Resale_Old,Medium,2,: ,6200.0,0,0,0,0
4.0,2.0,17,17,50.0,0.5384615384615384,4.0,5420.0,17.500673,78.42039,6.0,1,0,0,1,0,0,1,0,0,Villa,Semi_Furnished,East,Under_Construction,XXL,3+,: ,15129.0,1,0,0,0
3.0,30.0,21,21,17.0,0.7333333333333333,3.0,1695.0,17.4664197,78.285342,6.0,0,1,0,1,0,0,1,0,0,Apartment,Semi_Furnished,East,Resale_Old,Medium,3+,: ,6200.0,0,0,0,0
3.0,43.0,22,22,50.0,0.8604651162790697,2.0,1660.0,17.3973794,78.3856447,6.0,0,1,0,1,0,0,1,0,0,Apartment,Semi_Furnished,East,Resale_Old,Medium,2,: ,7000.0,0,0,0,0
3.0,43.0,20,20,50.0,0.6976744186046512,3.0,1690.0,17.3973794,78.3856447,6.0,0,1,0,1,0,0,1,0,0,Apartment,Semi_Furnished,East,Resale_Old,Medium,3+,: ,7000.0,0,0,0,0
3.0,43.0,23,23,50.0,0.4651162790697674,3.0,2020.0,17.3973794,78.3856447,6.0,0,1,0,1,0,0,1,0,0,Apartment,Semi_Furnished,East,Resale_Old,Large,3+,: ,7000.0,0,0,0,0
4.0,43.0,22,22,50.0,0.5384615384615384,4.0,5695.0,17.3973794,78.3856447,6.0,0,1,0,1,0,0,1,0,0,Villa,Semi_Furnished,East,Resale_Old,XXL,3+,: ,7000.0,1,0,0,0
3.0,43.0,23,23,50.0,0.3953488372093023,3.0,2895.0,17.3973794,78.3856447,6.0,0,1,0,1,0,0,1,0,0,Apartment,Semi_Furnished,East,Resale_Old,XL,3+,: ,7000.0,0,0,0,0
3.0,12.0,21,21,50.0,0.6666666666666666,3.0,1900.0,17.4011618,78.37569,6.0,0,1,0,1,0,0,1,0,0,Apartment,Semi_Furnished,East,Resale_Old,Large,3+,: ,8000.0,0,0,0,0
3.0,12.0,21,21,50.0,0.4166666666666667,3.0,2420.0,17.3973794,78.3856447,6.0,0,1,0,1,0,0,1,0,0,Apartment,Semi_Furnished,East,Resale_Old,Large,3+,: ,8000.0,0,0,0,0
2.0,9.0,22,22,50.0,0.5555555555555556,2.0,1310.0,17.370955,78.50661,6.0,1,0,0,1,0,0,1,0,0,Apartment,Semi_Furnished,West,Under_Construction,Medium,2,: ,6300.0,0,0,0,0
3.0,9.0,21,21,50.0,0.6666666666666666,3.0,1880.0,17.370955,78.50661,6.0,1,0,0,1,0,0,1,0,0,Apartment,Semi_Furnished,East,Under_Construction,Large,3+,: ,6300.0,0,0,0,0
4.0,2.0,19,19,50.0,0.5384615384615384,3.0,4013.0,17.492628,78.440895,6.0,1,0,0,1,0,0,1,0,0,Villa,Semi_Furnished,East,Under_Construction,XL,3+,: ,15000.0,1,0,0,0
4.0,2.0,18,18,50.0,0.5384615384615384,3.0,4222.0,17.500673,78.42039,6.0,1,0,0,1,0,0,1,0,0,Villa,Semi_Furnished,East,Under_Construction,XL,3+,: ,15395.0,1,0,0,0
4.0,2.0,18,18,50.0,0.5384615384615384,3.0,4222.0,17.500673,78.42039,6.0,1,0,0,1,0,0,1,0,0,Villa,Semi_Furnished,West,Under_Construction,XL,3+,: ,15277.0,1,0,0,0
4.0,2.0,7,7,8.0,0.5384615384615384,1.0,2700.0,17.443354,78.182044,6.0,1,0,1,1,0,0,1,0,0,Villa,Semi_Furnished,West,Under_Construction,XL,1,: ,118321.0,1,0,0,0
4.0,2.0,17,18,50.0,0.5384615384615384,3.0,4222.0,17.500673,78.42039,6.0,1,0,0,1,0,0,1,0,0,Villa,Semi_Furnished,West,Under_Construction,XL,3+,: ,15000.0,1,0,0,0
4.0,2.0,8,8,0.0,0.5384615384615384,2.0,3800.0,17.446234,78.1502,14.0,1,0,0,1,0,0,1,0,0,Villa,Semi_Furnished,West,Under_Construction,XL,2,: ,10000.0,1,0,0,0
4.0,2.0,8,8,0.0,0.5384615384615384,2.0,3296.0,17.446234,78.1502,14.0,1,0,0,1,0,0,1,0,0,Villa,Semi_Furnished,East,Under_Construction,XL,2,: ,10000.0,1,0,0,0
4.0,2.0,8,8,0.0,0.5384615384615384,2.0,3196.0,17.446234,78.1502,14.0,1,0,0,1,0,0,1,0,0,Villa,Semi_Furnished,West,Under_Construction,XL,2,: ,10000.0,1,0,0,0
4.0,2.0,8,8,49.0,0.5384615384615384,2.0,3196.0,17.504074,78.3316,14.0,1,0,0,1,0,0,1,0,0,Villa,Semi_Furnished,East,Under_Construction,XL,2,: ,10000.0,1,0,0,0
4.0,2.0,8,8,50.0,0.5384615384615384,2.0,3196.0,17.496073,78.4197,14.0,1,0,0,1,0,0,1,0,0,Villa,Semi_Furnished,East,Under_Construction,XL,2,: ,10000.0,1,0,0,0
4.0,2.0,8,9,50.0,0.5384615384615384,2.0,3500.0,17.496073,78.4197,14.0,1,0,0,1,0,0,1,0,0,Villa,Semi_Furnished,East,Under_Construction,XL,2,: ,10142.0,1,0,0,0
4.0,2.0,8,8,50.0,0.5384615384615384,2.0,3466.0,17.50066,78.42039,14.0,1,0,0,1,0,0,1,0,0,Villa,Semi_Furnished,West,Under_Construction,XL,2,: ,10040.0,1,0,0,0
4.0,2.0,8,9,50.0,0.5384615384615384,2.0,3500.0,17.50066,78.42039,14.0,1,0,0,1,0,0,1,0,0,Villa,Semi_Furnished,West,Under_Construction,XL,2,: ,10142.0,1,0,0,0
4.0,2.0,8,8,50.0,0.5384615384615384,2.0,3296.0,17.50066,78.42039,14.0,1,0,0,1,0,0,1,0,0,Villa,Semi_Furnished,West,Under_Construction,XL,2,: ,10000.0,1,0,0,0
4.0,2.0,8,8,50.0,0.5384615384615384,2.0,3800.0,17.50066,78.42039,14.0,1,0,0,1,0,0,1,0,0,Villa,Semi_Furnished,West,Under_Construction,XL,2,: ,10000.0,1,0,0,0
4.0,2.0,8,8,50.0,0.5384615384615384,2.0,3400.0,17.50066,78.42039,14.0,1,0,0,1,0,0,1,0,0,Villa,Semi_Furnished,West,Under_Construction,XL,2,: ,15000.0,1,0,0,0
2.0,5.0,23,23,50.0,0.6,2.0,1162.0,17.527586,78.424164,14.0,1,0,0,1,0,1,1,0,0,Apartment,Semi_Furnished,West,Under_Construction,Small,2,: ,4950.0,0,0,0,0
3.0,5.0,22,22,50.0,0.6,3.0,1504.0,17.527586,78.424164,14.0,1,0,0,1,0,1,1,0,0,Apartment,Semi_Furnished,North,Under_Construction,Medium,3+,: ,4950.0,0,0,0,0
3.0,10.0,21,21,50.0,0.5,3.0,2250.0,17.527586,78.424164,14.0,1,0,0,1,0,1,1,0,0,Apartment,Semi_Furnished,East,Under_Construction,Large,3+,: ,10500.0,0,0,0,0
3.0,10.0,23,23,50.0,0.4,3.0,2200.0,17.52793,78.42401,14.0,1,0,0,1,0,1,1,0,0,Apartment,Semi_Furnished,East,Under_Construction,Large,3+,: ,10500.0,0,0,0,0
3.0,10.0,22,22,50.0,0.7,3.0,1870.0,17.527586,78.424164,14.0,1,0,0,1,0,1,1,0,0,Apartment,Semi_Furnished,East,Under_Construction,Large,3+,: ,10000.0,0,0,0,0
4.0,10.0,22,22,50.0,0.6,4.0,2860.0,17.52793,78.42401,14.0,1,0,0,1,0,1,1,0,0,Apartment,Semi_Furnished,West,Under_Construction,XL,3+,: ,10500.0,0,0,0,0
3.0,10.0,21,21,50.0,0.7,3.0,1890.0,17.527527,78.42411,14.0,1,0,0,1,0,1,1,0,0,Apartment,Semi_Furnished,East,Under_Construction,Large,3+,: ,10582.0,0,0,0,0
2.0,5.0,19,19,50.0,0.8,1.0,1091.0,17.500662,78.42037,28.0,1,0,0,1,0,1,1,0,0,Apartment,Semi_Furnished,East,Under_Construction,Small,1,: ,5500.0,0,0,0,0
2.0,5.0,16,16,50.0,0.8,1.0,1046.0,17.500662,78.42037,28.0,1,0,0,1,0,1,1,0,0,Apartment,Semi_Furnished,North,Under_Construction,Small,1,: ,5500.0,0,0,0,0
3.0,5.0,16,16,50.0,0.6,3.0,1542.0,17.500671,78.4204,28.0,1,0,0,1,0,1,1,0,0,Apartment,Semi_Furnished,West,Under_Construction,Medium,3+,: ,5500.0,0,0,0,0
3.0,5.0,16,16,50.0,0.6,3.0,1577.0,17.500671,78.4204,28.0,1,0,0,1,0,1,1,0,0,Apartment,Semi_Furnished,West,Under_Construction,Medium,3+,: ,5500.0,0,0,0,0
2.0,5.0,11,11,49.0,0.6,1.0,1050.0,17.500488,78.41645,28.0,1,0,0,1,0,1,1,0,0,Apartment,Semi_Furnished,West,Under_Construction,Small,1,: ,5500.0,0,0,0,0
3.0,47.0,23,23,50.0,0.6808510638297872,3.0,1590.0,17.509181,78.3521088,30.0,0,1,0,1,0,0,1,0,0,Apartment,Semi_Furnished,East,Resale_Old,Medium,3+,: ,6800.0,0,0,0,0
3.0,14.0,22,22,50.0,0.7857142857142857,3.0,1616.0,17.5203424,78.3970205,30.0,0,1,0,1,0,0,1,0,0,Apartment,Semi_Furnished,East,Resale_Old,Medium,3+,: ,5599.0,0,0,0,0
2.0,14.0,21,21,50.0,0.6428571428571429,2.0,1258.0,17.5203424,78.3970205,30.0,0,1,0,1,0,0,1,0,0,Apartment,Semi_Furnished,East,Resale_Old,Medium,2,: ,5599.0,0,0,0,0
3.0,28.0,23,23,1.0,0.5,3.0,1845.0,17.442196,78.280067,30.0,0,1,0,1,0,0,1,0,0,Apartment,Semi_Furnished,East,Resale_Old,Large,3+,: ,6800.0,0,0,0,0
2.0,28.0,21,21,17.0,0.6071428571428571,2.0,1390.0,17.4664197,78.285342,30.0,0,1,0,1,0,0,1,0,0,Apartment,Semi_Furnished,East,Resale_Old,Medium,2,: ,6800.0,0,0,0,0
2.0,15.0,23,23,10.0,0.3333333333333333,2.0,1238.0,17.5468498,78.3650231,30.0,0,1,0,1,0,0,1,0,0,Apartment,Semi_Furnished,East,Resale_Old,Medium,2,: ,6500.0,0,0,0,0
3.0,15.0,22,22,50.0,0.7333333333333333,2.0,1960.0,17.509181,78.3521088,30.0,0,1,0,1,0,0,1,0,0,Apartment,Semi_Furnished,East,Resale_Old,Large,2,: ,6500.0,0,0,0,0
2.0,15.0,23,23,50.0,0.4666666666666667,2.0,1082.0,17.509181,78.3521088,30.0,0,1,0,1,0,0,1,0,0,Apartment,Semi_Furnished,East,Resale_Old,Small,2,: ,6500.0,0,0,0,0
2.0,15.0,22,22,50.0,0.5333333333333333,2.0,1049.0,17.509181,78.3521088,30.0,0,1,0,1,0,0,1,0,0,Apartment,Semi_Furnished,East,Resale_Old,Small,2,: ,6500.0,0,0,0,0
2.0,13.0,22,22,1.0,0.6153846153846154,2.0,1295.0,17.442196,78.280067,30.0,0,1,0,1,0,0,1,0,0,Apartment,Semi_Furnished,Unknown,Resale_Old,Medium,2,: ,5800.0,0,0,0,0
3.0,13.0,17,17,1.0,0.5384615384615384,2.0,1471.0,17.442196,78.280067,30.0,0,1,0,1,0,0,1,0,0,Apartment,Semi_Furnished,East,Resale_Old,Medium,2,: ,5800.0,0,0,0,0
3.0,13.0,23,23,1.0,0.5384615384615384,2.0,1365.0,17.442196,78.280067,30.0,0,1,0,1,0,0,1,0,0,Apartment,Semi_Furnished,East,Resale_Old,Medium,2,: ,5800.0,0,0,0,0
3.0,13.0,23,23,1.0,0.6923076923076923,2.0,1921.0,17.442196,78.280067,30.0,0,1,0,1,0,0,1,0,0,Apartment,Semi_Furnished,East,Resale_Old,Large,2,: ,5800.0,0,0,0,0
2.0,15.0,23,23,0.0,0.4,2.0,1280.0,17.443855,78.250431,30.0,0,1,0,1,0,0,1,0,0,Apartment,Semi_Furnished,East,Resale_Old,Medium,2,: ,5300.0,0,0,0,0
2.0,15.0,10,10,12.0,0.6666666666666666,2.0,1380.0,17.512402,78.383902,30.0,0,1,1,1,0,0,1,0,0,Apartment,Semi_Furnished,East,Resale_Old,Medium,2,: ,6600.0,0,0,0,0
3.0,15.0,23,23,50.0,0.4666666666666667,2.0,1660.0,17.5179636,78.3813785,30.0,0,1,0,1,0,0,1,0,0,Apartment,Semi_Furnished,East,Resale_Old,Medium,2,: ,6600.0,0,0,0,0
2.0,18.0,23,23,10.0,0.6111111111111112,2.0,1295.0,17.5468498,78.3650231,30.0,0,1,0,1,0,0,1,0,0,Apartment,Semi_Furnished,East,Resale_Old,Medium,2,: ,5750.0,0,0,0,0
3.0,15.0,21,21,47.0,0.7333333333333333,3.0,1680.0,17.49479,78.39964,30.0,0,1,0,1,0,0,1,0,0,Apartment,Semi_Furnished,East,Resale_Old,Medium,3+,: ,6600.0,0,0,0,0
3.0,18.0,21,21,10.0,0.6111111111111112,3.0,1670.0,17.5468498,78.3650231,30.0,0,1,0,1,0,0,1,0,0,Apartment,Semi_Furnished,East,Resale_Old,Medium,3+,: ,5750.0,0,0,0,0
5.0,2.0,8,10,47.0,0.5384615384615384,3.0,5000.0,17.4359437,78.3416731,60.0,0,1,0,1,0,0,1,0,0,Villa,Unfurnished,East,Resale_Old,XL,3+,: ,5999.0,1,0,0,0
4.0,3.0,7,10,4.0,0.5384615384615384,3.0,3792.0,17.443855,78.250431,5.0,0,1,1,1,0,0,1,0,0,Villa,Semi_Furnished,East,Resale_Old,XL,3+,: ,12658.0,1,0,0,0
5.0,2.0,6,8,4.0,1.0,3.0,5000.0,17.385392,78.33106,7.0,1,0,0,1,0,0,1,1,0,Apartment,Semi_Furnished,East,0_5_yrs,XL,3+,: ,24000.0,0,0,0,0
5.0,3.0,4,6,26.0,0.5384615384615384,3.0,7200.0,17.40223,78.3444,14.0,1,0,0,1,0,0,1,0,0,Villa,Semi_Furnished,NE,Under_Construction,XXL,3+,: ,22916.0,1,0,0,0
4.0,3.0,6,8,17.0,0.5384615384615384,3.0,4001.0,17.4664197,78.285342,30.0,1,0,1,1,0,0,1,0,0,Villa,Semi_Furnished,Unknown,Resale_Very_Old,XL,3+,: ,16620.0,1,0,0,0
4.0,3.0,6,8,0.0,0.5384615384615384,3.0,3901.0,17.443354,78.182044,30.0,1,0,1,1,0,0,1,0,0,Villa,Semi_Furnished,Unknown,Resale_Very_Old,XL,3+,: ,13714.0,1,0,0,0
3.0,6.0,8,11,42.0,1.0,2.0,2030.0,17.45506,78.36797,30.0,1,0,0,1,0,0,1,1,0,Apartment,Semi_Furnished,East,Under_Construction,Large,2,: ,12315.0,0,0,0,0
4.0,3.0,8,10,1.0,0.5384615384615384,3.0,3800.0,17.442196,78.280067,30.0,1,0,1,1,0,0,1,0,0,Villa,Semi_Furnished,East,Resale_Very_Old,XL,3+,: ,13157.0,1,0,0,0
2.0,32.0,7,10,10.0,0.5,1.0,1342.0,17.3973794,78.3856447,30.0,0,1,1,1,0,0,1,0,0,Apartment,Semi_Furnished,East,Resale_Old,Medium,1,: ,9165.0,0,0,0,0
4.0,3.0,8,10,15.0,0.5384615384615384,2.0,3405.0,17.4563368,78.2967816,30.0,0,1,0,1,0,0,1,0,0,Villa,Semi_Furnished,East,Resale_Old,XL,2,: ,14684.0,1,0,0,0
3.0,8.0,8,11,49.0,0.75,3.0,2425.0,17.4609913,78.3532083,30.0,1,0,0,1,0,1,1,0,0,Apartment,Furnished,NE,Under_Construction,Large,3+,: ,9072.0,0,0,0,0
3.0,12.0,8,10,15.0,0.6666666666666666,2.0,1945.0,17.40223,78.3444,30.0,1,0,1,1,0,0,1,0,0,Apartment,Semi_Furnished,East,Resale_Very_Old,Large,2,: ,8380.0,0,0,0,0
3.0,5.0,16,16,49.0,0.4,1.0,1400.0,17.368312,78.433242,60.0,1,0,0,1,0,1,1,0,0,Apartment,Furnished,East,0_5_yrs,Medium,1,: ,5571.0,0,0,0,0
3.0,30.0,31,33,12.0,0.1666666666666666,1.0,1785.0,17.435795,78.3012,0.0,1,0,1,1,0,1,1,0,0,Apartment,Semi_Furnished,East,Under_Construction,Medium,1,Gopanpally,8683.0,0,0,0,0
2.0,30.0,8,10,12.0,0.4,1.0,1350.0,17.435795,78.3012,0.0,1,0,1,1,0,1,1,0,0,Apartment,Semi_Furnished,NE,Under_Construction,Medium,1,Gopanpally,8592.0,0,0,0,0
3.0,22.0,31,33,9.0,0.2272727272727272,1.0,1945.0,17.450583,78.42441,0.0,1,0,1,1,0,1,1,0,0,Apartment,Semi_Furnished,North,Under_Construction,Large,1,Nallagandla,9254.0,0,0,0,0
2.0,30.0,8,10,12.0,0.4,1.0,1365.0,16.5609,77.85031,2.0,1,0,1,1,0,0,1,0,0,Apartment,Semi_Furnished,East,Under_Construction,Medium,1,Gopanpally,8498.0,0,0,0,0
3.0,25.0,27,30,13.0,0.44,2.0,1855.0,17.47078,78.30668,4.0,1,0,1,1,0,0,1,0,0,Apartment,Semi_Furnished,West,Under_Construction,Large,2,: ,9433.0,0,0,0,0
2.0,30.0,8,10,12.0,0.5,1.0,1350.0,16.5609,77.85031,7.0,1,0,1,1,0,1,1,0,0,Apartment,Semi_Furnished,NE,Under_Construction,Medium,1,Gopanpally,8592.0,0,0,0,0
3.0,30.0,8,10,12.0,0.1666666666666666,2.0,1785.0,16.5609,77.85031,7.0,1,0,1,1,0,1,1,0,0,Apartment,Semi_Furnished,East,Under_Construction,Medium,2,Gopanpally,8683.0,0,0,0,0
2.0,5.0,3,4,50.0,0.4,2.0,1400.0,17.4295317,78.41266,7.0,0,1,0,1,0,0,1,0,0,Apartment,Semi_Furnished,NE,Resale_Old,Medium,2,: ,9285.0,0,0,0,0
3.0,22.0,8,10,9.0,0.2272727272727272,1.0,1945.0,17.47078,78.30668,7.0,1,0,1,1,0,1,1,0,0,Apartment,Semi_Furnished,East,Under_Construction,Large,1,Nallagandla,9254.0,0,0,0,0
2.0,25.0,8,10,13.0,0.48,1.0,1345.0,17.47078,78.30668,7.0,1,0,1,1,0,1,1,0,0,Apartment,Semi_Furnished,East,Under_Construction,Medium,1,Nallagandla,9665.0,0,0,0,0
2.0,25.0,8,10,13.0,0.88,1.0,1345.0,17.47078,78.30668,7.0,1,0,1,1,0,1,1,0,0,Apartment,Semi_Furnished,East,Under_Construction,Medium,1,Nallagandla,9814.0,0,0,0,0
1.0,1.0,3,3,0.0,0.5384615384615384,0.0,2178.0,17.42169,78.21842,21.0,0,1,0,1,0,0,0,0,0,Farmhouse,Semi_Furnished,East,Resale_Old,Large,Unknown,Shankarpally,8500.0,1,0,0,0
2.0,17.0,17,17,0.0,0.4705882352941176,1.0,1270.0,17.443855,78.250431,21.0,0,1,0,1,0,0,1,0,0,Apartment,Semi_Furnished,East,Resale_Old,Medium,1,: ,5000.0,0,0,0,0
2.0,17.0,14,14,0.0,0.5294117647058824,1.0,1250.0,17.443855,78.250431,21.0,0,1,0,1,0,0,1,0,0,Apartment,Semi_Furnished,East,Resale_Old,Medium,1,: ,5000.0,0,0,0,0
3.0,31.0,6,6,13.0,0.6129032258064516,2.0,2000.0,17.465823,78.407845,21.0,1,0,0,1,0,0,1,0,0,Apartment,Semi_Furnished,Unknown,Resale_Very_Old,Large,2,: ,9750.0,0,0,0,0
4.0,28.0,13,13,25.0,0.5,1.0,3333.0,17.392812,78.362945,21.0,0,1,1,1,0,0,1,0,0,Apartment,Semi_Furnished,East,Resale_Old,XL,1,: ,9600.0,0,0,0,0
2.0,30.0,8,11,12.0,0.5,1.0,1350.0,16.5609,77.85031,30.0,0,1,1,1,0,0,1,0,0,Apartment,Semi_Furnished,East,Resale_Old,Medium,1,: ,8148.0,0,0,0,0
4.0,2.0,13,13,34.0,0.5384615384615384,3.0,3392.0,17.5238479933976,78.3227692229911,7.0,0,1,0,1,0,0,0,0,0,Villa,Semi_Furnished,East,Resale_Old,XL,3+,: ,5700.0,1,0,0,0
4.0,2.0,13,15,7.0,0.5384615384615384,3.0,3392.0,17.543634,78.293712,7.0,0,1,0,1,0,0,0,0,0,Villa,Semi_Furnished,East,Resale_Old,XL,3+,: ,5700.0,1,0,0,0
4.0,3.0,21,23,0.0,0.5384615384615384,3.0,200.0,17.443354,78.182044,30.0,0,1,0,1,0,0,0,0,0,Villa,Semi_Furnished,East,Resale_Old,Micro,3+,: ,141500.0,1,0,0,0
2.0,5.0,25,27,50.0,0.8,2.0,1250.0,17.457104,78.539909,30.0,0,1,1,1,0,0,1,0,0,Apartment,Semi_Furnished,East,Resale_Old,Medium,2,: ,5999.0,0,0,0,0
2.0,5.0,26,28,50.0,0.6,2.0,1165.0,17.457104,78.539909,30.0,0,1,1,1,0,0,1,0,0,Apartment,Semi_Furnished,East,Resale_Old,Small,2,: ,5998.0,0,0,0,0
2.0,8.0,22,24,50.0,0.625,2.0,1185.0,17.509181,78.3521088,30.0,0,1,0,1,0,0,1,0,0,Apartment,Semi_Furnished,East,Resale_Old,Small,2,: ,6299.0,0,0,0,0
4.0,18.0,30,33,13.0,0.7222222222222222,2.0,2644.0,17.4359437,78.3416731,14.0,1,0,1,1,0,1,1,0,0,Apartment,Furnished,East,Under_Construction,XL,2,Gachibowli,7753.0,0,0,0,0
4.0,18.0,28,31,47.0,0.7222222222222222,2.0,2644.0,17.4359437,78.3416731,14.0,1,0,1,1,0,1,1,0,0,Apartment,Semi_Furnished,East,Under_Construction,XL,2,Financial District,6354.0,0,0,0,0
3.0,9.0,25,27,32.0,0.7777777777777778,2.0,2000.0,17.41254,78.34346,14.0,1,0,1,1,0,1,1,0,0,Apartment,Semi_Furnished,North,Under_Construction,Large,2,Financial District,8250.0,0,0,0,0
2.0,22.0,29,31,13.0,0.4090909090909091,1.0,1282.0,17.4359437,78.3416731,30.0,1,0,1,1,0,0,1,0,0,Apartment,Furnished,West,Resale_Very_Old,Medium,1,Gachibowli,7644.0,0,0,0,0
2.0,4.0,0,1,46.0,0.25,2.0,990.0,17.4164707,78.4382469,3.0,1,0,0,1,0,0,1,0,0,Apartment,Unfurnished,Unknown,Under_Construction,Small,2,: ,9390.0,0,0,0,0
4.0,21.0,23,25,11.0,0.5238095238095238,3.0,3165.0,17.4609913,78.3532083,7.0,1,0,1,1,0,0,1,0,0,Apartment,Semi_Furnished,West,Resale_Very_Old,XL,3+,: ,11500.0,0,0,0,0
3.0,9.0,30,32,4.0,0.3333333333333333,1.0,2400.0,17.385392,78.33106,7.0,1,0,1,1,0,0,1,0,0,Apartment,Semi_Furnished,West,Resale_Very_Old,Large,1,: ,9583.0,0,0,0,0
4.0,19.0,26,28,4.0,0.7368421052631579,2.0,3405.0,17.4609913,78.3532083,30.0,1,0,1,1,0,0,1,0,0,Apartment,Semi_Furnished,East,Resale_Very_Old,XL,2,Kondapur,13509.0,0,0,0,0
3.0,2.0,14,14,49.0,0.5384615384615384,2.0,1350.0,17.38504,78.48667,7.0,1,0,0,1,0,0,0,0,0,Villa,Semi_Furnished,East,Resale_Very_Old,Medium,2,: ,96666.0,1,0,0,0
3.0,18.0,15,18,34.0,1.0,2.0,3180.0,17.412388,78.347496,7.0,1,0,0,1,0,1,1,1,0,Apartment,Furnished,East,0_5_yrs,XL,2,: ,17000.0,0,0,0,0
2.0,4.0,6,6,4.0,0.25,1.0,1000.0,17.5449767,78.2963708,7.0,1,0,0,1,0,1,1,0,0,Apartment,Semi_Furnished,Unknown,Resale_Very_Old,Small,1,Krishna Reddy Pet,4000.0,0,0,0,0
2.0,4.0,5,5,4.0,0.5,1.0,1230.0,17.5450879,78.296169,7.0,1,0,0,1,0,1,1,0,0,Apartment,Semi_Furnished,Unknown,Resale_Very_Old,Medium,1,: ,4000.0,0,0,0,0
2.0,4.0,9,9,5.0,0.75,1.0,1070.0,17.5428855,78.2947306,7.0,1,0,0,1,0,1,1,0,0,Apartment,Semi_Furnished,East,Resale_Very_Old,Small,1,: ,3800.0,0,0,0,0
4.0,27.0,8,8,26.0,0.4074074074074074,3.0,3939.0,17.40223,78.3444,7.0,1,0,0,1,0,0,1,0,0,Apartment,Semi_Furnished,East,Resale_Very_Old,XL,3+,: ,11000.0,0,0,0,0
6.0,2.0,2,2,50.0,0.5384615384615384,3.0,1620.0,17.4011618,78.37569,14.0,1,0,0,1,0,0,1,0,0,Villa,Furnished,NE,0_5_yrs,Medium,3+,: ,188888.0,1,0,0,0
2.0,4.0,8,8,50.0,0.5,1.0,1035.0,17.536121,78.289779,21.0,1,0,0,1,0,0,1,0,0,Apartment,Semi_Furnished,North,Under_Construction,Small,1,Krishna Reddy Pet,3800.0,0,0,0,0
4.0,35.0,31,33,10.0,0.2285714285714285,3.0,2848.0,17.4158429,78.3414671,30.0,1,0,1,1,0,1,1,0,0,Apartment,Semi_Furnished,NE,Resale_Very_Old,XL,3+,: ,10358.0,0,0,0,0
4.0,35.0,31,33,10.0,0.8571428571428571,3.0,2848.0,17.4359437,78.3416731,30.0,1,0,1,1,0,0,1,0,0,Apartment,Furnished,North,Resale_Very_Old,XL,3+,: ,13693.0,0,0,0,0
2.0,25.0,31,33,13.0,0.6,2.0,1375.0,17.47078,78.30668,30.0,1,0,1,1,0,0,1,0,0,Apartment,Semi_Furnished,East,Resale_Very_Old,Medium,2,: ,9454.0,0,0,0,0
3.0,25.0,31,33,13.0,0.72,1.0,1875.0,17.47078,78.30668,30.0,1,0,1,1,0,0,1,0,0,Apartment,Semi_Furnished,West,Resale_Very_Old,Large,1,: ,11200.0,0,0,0,0
2.0,1.0,2,2,6.0,0.5384615384615384,1.0,900.0,17.435904,78.66222,30.0,1,0,0,1,0,1,0,0,0,Villa,Semi_Furnished,East,Under_Construction,Small,1,: ,49000.0,1,0,0,0
2.0,1.0,1,1,6.0,0.5384615384615384,1.0,1134.0,17.435904,78.66222,30.0,1,0,0,1,0,1,0,0,0,Villa,Semi_Furnished,East,Under_Construction,Small,1,: ,46825.0,1,0,0,0
2.0,1.0,5,5,6.0,0.5384615384615384,1.0,1134.0,17.435904,78.66222,30.0,1,0,0,1,0,1,0,0,0,Villa,Semi_Furnished,East,Under_Construction,Small,1,: ,46031.0,1,0,0,0
2.0,1.0,5,5,6.0,0.5384615384615384,1.0,900.0,17.435904,78.66222,30.0,1,0,0,1,0,1,0,0,0,Villa,Semi_Furnished,East,Under_Construction,Small,1,: ,48000.0,1,0,0,0
2.0,1.0,2,2,6.0,0.5384615384615384,1.0,1350.0,17.435904,78.66222,30.0,1,0,0,1,0,1,0,0,0,Villa,Semi_Furnished,East,Under_Construction,Medium,1,: ,50666.0,1,0,0,0
2.0,1.0,3,3,6.0,0.5384615384615384,1.0,1350.0,17.435904,78.66222,30.0,1,0,0,1,0,1,0,0,0,Villa,Semi_Furnished,East,Under_Construction,Medium,1,: ,50000.0,1,0,0,0
2.0,1.0,1,1,6.0,0.5384615384615384,1.0,1134.0,17.435904,78.66222,30.0,1,0,0,1,0,1,0,0,0,Villa,Semi_Furnished,East,Under_Construction,Small,1,: ,38492.0,1,0,0,0
2.0,33.0,25,28,15.0,0.3636363636363636,1.0,1353.0,17.5468498,78.3650231,30.0,0,1,1,1,0,0,1,0,0,Apartment,Semi_Furnished,East,Resale_Old,Medium,1,: ,8750.0,0,0,0,0
3.0,22.0,27,27,15.0,0.4545454545454545,2.0,1840.0,17.39652,78.33813,30.0,0,1,1,1,0,0,1,0,0,Apartment,Semi_Furnished,East,Resale_Old,Large,2,: ,8087.0,0,0,0,0
3.0,20.0,8,8,48.0,0.65,4.0,2165.0,17.42278,78.34724,60.0,1,0,0,1,0,0,1,0,0,Apartment,Furnished,West,Under_Construction,Large,3+,: ,10800.0,0,0,0,0
2.0,12.0,8,10,1.0,0.6666666666666666,2.0,1300.0,17.492871,78.239079,5.0,0,1,0,1,0,0,1,0,0,Apartment,Semi_Furnished,East,Resale_Old,Medium,2,: ,3500.0,0,0,0,0
4.0,4.0,7,9,4.0,0.75,3.0,3300.0,17.261839,78.54463,7.0,1,0,0,1,0,1,1,0,0,Apartment,Semi_Furnished,East,Under_Construction,XL,3+,: ,10606.0,0,0,0,0
4.0,3.0,8,11,49.0,0.5384615384615384,3.0,3200.0,17.38504,78.48667,7.0,0,1,0,1,0,0,1,0,0,Villa,Semi_Furnished,East,Resale_Old,XL,3+,: ,5312.0,1,0,0,0
4.0,3.0,8,11,1.0,0.5384615384615384,3.0,3900.0,17.477415,78.227409,7.0,0,1,0,1,0,0,1,0,0,Villa,Semi_Furnished,East,Resale_Old,XL,3+,: ,5641.0,1,0,0,0
3.0,2.0,8,10,3.0,0.5384615384615384,2.0,1972.0,17.20869,78.47603,7.0,0,1,0,1,0,0,0,0,0,Villa,Semi_Furnished,East,Resale_Old,Large,2,: ,4563.0,1,0,0,0
2.0,12.0,8,11,49.0,0.5,2.0,1300.0,17.38504,78.48667,7.0,1,0,0,1,0,0,1,0,0,Apartment,Semi_Furnished,East,Resale_Very_Old,Medium,2,: ,3500.0,0,0,0,0
2.0,5.0,7,7,12.0,0.6,1.0,1110.0,17.4519826,78.3010732,7.0,1,0,0,1,0,1,1,0,0,Apartment,Semi_Furnished,East,Resale_Very_Old,Small,1,Nallagandla,6260.0,0,0,0,0
2.0,18.0,8,10,0.0,0.3333333333333333,1.0,1300.0,17.443855,78.250431,7.0,0,1,0,1,0,0,1,0,0,Apartment,Semi_Furnished,East,Resale_Old,Medium,1,: ,3200.0,0,0,0,0
3.0,2.0,8,11,49.0,0.5384615384615384,2.0,2100.0,17.38504,78.48667,7.0,0,1,0,1,0,0,0,0,0,Villa,Semi_Furnished,East,Resale_Old,Large,2,: ,4523.0,1,0,0,0
2.0,3.0,8,8,0.0,0.5384615384615384,1.0,200.0,17.23238,78.53542,14.0,1,0,0,1,0,0,1,0,0,Villa,Semi_Furnished,East,Resale_Very_Old,Micro,1,: ,103762.0,1,0,0,0
3.0,3.0,8,10,10.0,0.5384615384615384,2.0,1620.0,17.20869,78.47603,14.0,0,1,1,1,0,0,1,0,0,Villa,Semi_Furnished,East,Resale_Old,Medium,2,: ,91666.0,1,0,0,0
2.0,18.0,8,8,1.0,0.5384615384615384,1.0,1323.0,17.477415,78.227409,14.0,0,1,0,1,0,0,1,0,0,Apartment,Semi_Furnished,East,Resale_Old,Medium,1,: ,3200.0,1,0,0,0
3.0,5.0,7,7,49.0,0.2,2.0,1495.0,17.4935372949898,78.3334688198802,14.0,0,1,0,1,0,0,1,0,0,Apartment,Semi_Furnished,North,Resale_Old,Medium,2,Engineers Enclave,6900.0,0,0,0,0
3.0,9.0,19,22,15.0,0.4444444444444444,3.0,1595.0,17.443855,78.250431,14.0,0,1,1,1,0,0,1,0,0,Apartment,Semi_Furnished,East,Resale_Old,Medium,3+,: ,5400.0,0,0,0,0
3.0,9.0,8,10,15.0,0.5555555555555556,2.0,1595.0,17.442808522517012,78.24057508260012,14.0,0,1,1,1,0,0,1,0,0,Apartment,Semi_Furnished,West,Resale_Old,Medium,2,: ,5015.0,0,0,0,0
2.0,9.0,8,10,12.0,1.0,1.0,1210.0,17.3923634,78.3621784,14.0,1,0,1,1,0,1,1,1,0,Apartment,Semi_Furnished,North,Under_Construction,Medium,1,: ,7438.0,0,0,0,0
2.0,3.0,8,8,6.0,0.5384615384615384,1.0,30222.0,17.558119,78.278593,14.0,1,0,1,1,0,0,1,0,0,Villa,Semi_Furnished,East,Resale_Very_Old,XXL,1,: ,6500.0,1,0,0,0
2.0,5.0,6,7,50.0,0.5384615384615384,2.0,1110.0,17.5224154,78.3840994,28.0,1,0,0,1,0,1,1,0,0,Apartment,Furnished,North,0_5_yrs,Small,2,: ,4594.0,1,0,0,0
3.0,5.0,6,6,50.0,0.8,2.0,2300.0,17.388365,78.56378,30.0,1,0,0,1,0,1,1,0,0,Apartment,Semi_Furnished,East,Under_Construction,Large,2,: ,5792.0,0,0,0,0
3.0,5.0,6,6,50.0,1.0,2.0,2300.0,17.390257,78.57213,30.0,1,0,0,1,0,1,1,1,0,Apartment,Semi_Furnished,East,Under_Construction,Large,2,: ,5790.0,0,0,0,0
3.0,5.0,5,5,50.0,0.8,2.0,2300.0,17.390257,78.57213,30.0,1,0,0,1,0,1,1,0,0,Apartment,Unfurnished,West,Under_Construction,Large,2,: ,5791.0,0,0,0,0
3.0,5.0,6,6,50.0,0.6,2.0,2300.0,17.390257,78.57213,30.0,1,0,0,1,0,1,1,0,0,Apartment,Semi_Furnished,East,Under_Construction,Large,2,: ,5786.0,0,0,0,0
3.0,5.0,6,6,50.0,0.4,2.0,2300.0,17.390257,78.57213,30.0,1,0,0,1,0,1,1,0,0,Apartment,Semi_Furnished,East,Under_Construction,Large,2,: ,5782.0,0,0,0,0
2.0,9.0,8,11,4.0,0.4444444444444444,1.0,1395.0,17.385392,78.33106,30.0,1,0,1,1,0,1,1,0,0,Apartment,Furnished,East,Under_Construction,Medium,1,: ,10035.0,0,0,0,0
3.0,5.0,7,11,22.0,1.0,1.0,3000.0,17.397753,78.3397,30.0,1,0,0,1,0,1,1,1,0,Apartment,Furnished,East,0_5_yrs,XL,1,: ,12500.0,0,0,0,0
3.0,2.0,14,14,33.0,0.5384615384615384,1.0,1453.0,17.406421,78.616398,30.0,0,1,0,1,0,0,1,0,0,Villa,Semi_Furnished,NE,Resale_Old,Medium,1,: ,7570.0,1,0,0,0
3.0,9.0,17,20,12.0,0.8888888888888888,2.0,1595.0,17.5514,78.38552,30.0,1,0,1,1,0,1,1,0,0,Apartment,Semi_Furnished,East,Under_Construction,Medium,2,: ,8150.0,0,0,0,0
3.0,3.0,6,6,17.0,0.5384615384615384,2.0,350.0,17.4664197,78.285342,30.0,1,0,0,1,0,0,1,0,0,Villa,Semi_Furnished,West,Under_Construction,Micro,2,: ,171428.0,1,0,0,0
4.0,2.0,8,10,3.0,0.5384615384615384,2.0,2250.0,17.284328,78.471841,30.0,0,1,0,1,0,0,1,0,0,Villa,Semi_Furnished,East,Resale_Old,Large,2,: ,114000.0,1,0,0,0
3.0,2.0,1,1,50.0,0.5384615384615384,2.0,2103.0,17.308659,78.58336,30.0,1,0,0,1,0,1,0,0,0,Villa,Semi_Furnished,East,Under_Construction,Large,2,: ,6512.0,1,0,0,0
3.0,2.0,1,1,50.0,0.5384615384615384,2.0,1401.0,17.308659,78.58336,30.0,1,0,0,1,0,1,0,0,0,Villa,Semi_Furnished,West,Under_Construction,Medium,2,: ,7134.0,1,0,0,0
3.0,2.0,1,1,50.0,0.5384615384615384,2.0,1680.0,17.308659,78.58336,30.0,1,0,0,1,0,1,0,0,0,Villa,Semi_Furnished,East,Under_Construction,Medium,2,: ,7000.0,1,0,0,0
3.0,2.0,1,1,50.0,0.5384615384615384,2.0,2274.0,17.309927,78.58325,30.0,1,0,0,1,0,1,0,0,0,Villa,Semi_Furnished,East,Under_Construction,Large,2,: ,6220.0,1,0,0,0
3.0,14.0,8,10,10.0,1.0,1.0,1665.0,17.449425,78.39682,30.0,1,0,1,1,0,1,1,1,0,Apartment,Furnished,East,Under_Construction,Medium,1,: ,10210.0,0,0,0,0
2.0,6.0,8,8,50.0,1.0,1.0,1245.0,17.516217,78.44972,30.0,1,0,0,1,0,0,1,1,0,Apartment,Semi_Furnished,West,Under_Construction,Medium,1,: ,5461.0,0,0,0,0
2.0,14.0,8,11,13.0,0.4285714285714285,1.0,1285.0,17.5468498,78.3650231,30.0,0,1,1,1,0,0,1,0,0,Apartment,Semi_Furnished,East,Resale_Old,Medium,1,: ,5291.0,0,0,0,0
3.0,10.0,8,11,49.0,0.5,2.0,1657.0,17.38504,78.48667,30.0,0,1,0,1,0,0,1,0,0,Apartment,Semi_Furnished,East,Resale_Old,Medium,2,: ,5431.0,0,0,0,0
2.0,10.0,8,11,49.0,0.3,2.0,1317.0,17.38504,78.48667,30.0,0,1,0,1,0,0,1,0,0,Apartment,Semi_Furnished,East,Resale_Old,Medium,2,: ,5315.0,0,0,0,0
3.0,20.0,8,8,4.0,0.7,1.0,1638.0,17.349758,78.360196,60.0,0,1,1,1,0,0,1,0,0,Apartment,Semi_Furnished,West,Resale_Old,Medium,1,: ,8241.0,0,0,0,0
4.0,3.0,8,11,49.0,0.5384615384615384,3.0,4000.0,17.38504,78.48667,7.0,0,1,0,1,0,0,1,0,0,Villa,Semi_Furnished,East,Resale_Old,XL,3+,: ,6250.0,1,0,0,0
4.0,3.0,16,19,10.0,0.5384615384615384,2.0,300.0,17.20869,78.47603,60.0,0,1,0,1,0,0,1,0,0,Villa,Semi_Furnished,West,Resale_Old,Micro,2,: ,119000.0,1,0,0,0
3.0,5.0,22,23,49.0,0.8,0.0,2100.0,17.401138,78.455748,2.0,1,0,0,1,0,0,1,0,0,Apartment,Semi_Furnished,South,5_10_yrs,Large,Unknown,: ,10714.0,0,0,0,0
3.0,6.0,7,7,4.0,0.5,3.0,1865.0,17.544794,78.296364,7.0,1,0,0,1,0,1,1,0,0,Apartment,Semi_Furnished,West,Under_Construction,Large,3+,: ,5994.0,0,0,0,0
3.0,6.0,6,6,4.0,0.5,3.0,1850.0,17.544794,78.296364,7.0,1,0,0,1,0,1,1,0,0,Apartment,Semi_Furnished,West,Under_Construction,Large,3+,: ,6270.0,0,0,0,0
3.0,5.0,6,6,50.0,0.6,2.0,1750.0,17.401445,78.37764,7.0,1,0,0,1,0,1,1,0,0,Apartment,Semi_Furnished,West,Under_Construction,Medium,2,: ,5257.0,0,0,0,0
3.0,5.0,7,7,50.0,0.6,2.0,1600.0,17.401445,78.37764,7.0,1,0,0,1,0,1,1,0,0,Apartment,Semi_Furnished,West,Under_Construction,Medium,2,: ,5312.0,0,0,0,0
3.0,5.0,6,7,50.0,0.6,2.0,1400.0,17.401445,78.37764,7.0,1,0,0,1,0,1,1,0,0,Apartment,Furnished,West,Under_Construction,Medium,2,: ,6285.0,0,0,0,0
3.0,5.0,9,10,50.0,0.6,2.0,1617.0,17.401394,78.37739,7.0,1,0,0,1,0,1,1,0,0,Apartment,Furnished,West,Under_Construction,Medium,2,: ,6679.0,0,0,0,0
2.0,6.0,6,6,50.0,1.0,2.0,1150.0,17.401394,78.37739,7.0,1,0,0,1,0,1,1,1,0,Apartment,Semi_Furnished,West,Under_Construction,Small,2,: ,6000.0,0,0,0,0
2.0,6.0,7,7,50.0,0.5,2.0,1250.0,17.41102,78.38512,7.0,1,0,0,1,0,1,1,0,0,Apartment,Semi_Furnished,West,Under_Construction,Medium,2,: ,5998.0,0,0,0,0
2.0,6.0,5,5,50.0,1.0,2.0,1200.0,17.41102,78.38512,7.0,1,0,0,1,0,1,1,1,0,Apartment,Semi_Furnished,West,Under_Construction,Small,2,: ,5999.0,0,0,0,0
2.0,6.0,6,6,50.0,0.5,2.0,1250.0,17.41102,78.38512,7.0,1,0,0,1,0,1,1,0,0,Apartment,Semi_Furnished,East,Under_Construction,Medium,2,: ,5999.0,0,0,0,0
3.0,1.0,3,3,19.0,0.5384615384615384,1.0,1428.0,17.33746,78.38138,14.0,1,0,0,1,0,0,0,0,0,Villa,Semi_Furnished,NE,Resale_Very_Old,Medium,1,: ,18207.0,1,0,0,0
2.0,15.0,8,8,15.0,0.6666666666666666,1.0,1250.0,17.538237,78.480804,14.0,1,0,1,1,0,0,1,0,0,Apartment,Semi_Furnished,East,Resale_Very_Old,Medium,1,: ,6480.0,0,0,0,0
2.0,22.0,31,33,15.0,0.5454545454545454,1.0,1330.0,17.40223,78.3444,21.0,0,1,1,1,0,0,1,0,0,Apartment,Semi_Furnished,North,Resale_Old,Medium,1,: ,7800.0,0,0,0,0
3.0,22.0,31,33,13.0,0.3181818181818182,2.0,1840.0,17.40223,78.3444,21.0,0,1,1,1,0,0,1,0,0,Apartment,Semi_Furnished,East,Resale_Old,Large,2,: ,7800.0,0,0,0,0
3.0,22.0,31,33,15.0,0.6818181818181818,1.0,1555.0,17.40223,78.3444,21.0,0,1,1,1,0,0,1,0,0,Apartment,Semi_Furnished,North,Resale_Old,Medium,1,: ,8000.0,0,0,0,0
3.0,22.0,31,33,13.0,0.3181818181818182,2.0,1960.0,17.40223,78.3444,21.0,0,1,1,1,0,0,1,0,0,Apartment,Semi_Furnished,West,Resale_Old,Large,2,: ,7800.0,0,0,0,0
3.0,22.0,31,33,13.0,0.5909090909090909,2.0,1840.0,17.40223,78.3444,21.0,0,1,1,1,0,0,1,0,0,Apartment,Semi_Furnished,North,Resale_Old,Large,2,: ,7800.0,0,0,0,0
3.0,22.0,31,33,15.0,0.7272727272727273,2.0,1960.0,17.40223,78.3444,21.0,0,1,1,1,0,0,1,0,0,Apartment,Semi_Furnished,East,Resale_Old,Large,2,: ,7801.0,0,0,0,0
3.0,22.0,31,33,9.0,0.2727272727272727,1.0,1577.0,17.442196,78.280067,21.0,0,1,1,1,0,0,1,0,0,Apartment,Semi_Furnished,East,Resale_Old,Medium,1,: ,5599.0,0,0,0,0
3.0,22.0,31,33,9.0,0.2272727272727272,1.0,1577.0,17.442196,78.280067,21.0,0,1,1,1,0,0,1,0,0,Apartment,Semi_Furnished,East,Resale_Old,Medium,1,: ,5600.0,0,0,0,0
3.0,22.0,31,33,9.0,0.3636363636363636,1.0,1981.0,17.442196,78.280067,21.0,0,1,1,1,0,0,1,0,0,Apartment,Semi_Furnished,East,Resale_Old,Large,1,: ,5599.0,0,0,0,0
3.0,22.0,30,32,9.0,0.1818181818181818,1.0,1981.0,17.442196,78.280067,21.0,0,1,1,1,0,0,1,0,0,Apartment,Semi_Furnished,West,Resale_Old,Large,1,: ,5600.0,0,0,0,0
3.0,22.0,31,33,9.0,0.3181818181818182,1.0,1616.0,17.442196,78.280067,21.0,0,1,1,1,0,0,1,0,0,Apartment,Semi_Furnished,West,Resale_Old,Medium,1,: ,5600.0,0,0,0,0
3.0,22.0,31,33,15.0,0.5454545454545454,3.0,2575.0,17.40223,78.3444,21.0,0,1,1,1,0,0,1,0,0,Apartment,Semi_Furnished,West,Resale_Old,XL,3+,: ,7800.0,0,0,0,0
3.0,22.0,31,33,13.0,0.5,3.0,2545.0,17.40223,78.3444,21.0,0,1,1,1,0,0,1,0,0,Apartment,Semi_Furnished,East,Resale_Old,XL,3+,: ,7800.0,0,0,0,0
3.0,22.0,30,32,13.0,0.4545454545454545,3.0,2130.0,17.40223,78.3444,21.0,0,1,1,1,0,0,1,0,0,Apartment,Semi_Furnished,West,Resale_Old,Large,3+,: ,7816.0,0,0,0,0
3.0,22.0,31,33,15.0,0.6363636363636364,3.0,2130.0,17.40223,78.3444,21.0,0,1,1,1,0,0,1,0,0,Apartment,Semi_Furnished,East,Resale_Old,Large,3+,: ,7828.0,0,0,0,0
3.0,22.0,31,33,13.0,0.5454545454545454,2.0,1960.0,17.40223,78.3444,21.0,0,1,1,1,0,0,1,0,0,Apartment,Semi_Furnished,North,Resale_Old,Large,2,: ,7800.0,0,0,0,0
3.0,14.0,31,33,12.0,0.3571428571428571,1.0,1795.0,17.3973794,78.3856447,21.0,0,1,1,1,0,0,1,0,0,Apartment,Semi_Furnished,West,Resale_Old,Medium,1,: ,6999.0,0,0,0,0
3.0,20.0,31,33,1.0,0.5,1.0,1567.0,17.442196,78.280067,21.0,0,1,1,1,0,0,1,0,0,Apartment,Semi_Furnished,East,Resale_Old,Medium,1,: ,5599.0,0,0,0,0
3.0,14.0,31,33,12.0,0.5,1.0,2065.0,17.3973794,78.3856447,21.0,0,1,1,1,0,0,1,0,0,Apartment,Semi_Furnished,West,Resale_Old,Large,1,: ,6999.0,0,0,0,0
3.0,14.0,31,33,12.0,0.5714285714285714,1.0,1950.0,17.3973794,78.3856447,21.0,0,1,1,1,0,0,1,0,0,Apartment,Semi_Furnished,Unknown,Resale_Old,Large,1,: ,6999.0,0,0,0,0
3.0,14.0,31,33,12.0,0.5714285714285714,1.0,2170.0,17.3973794,78.3856447,21.0,0,1,1,1,0,0,1,0,0,Apartment,Semi_Furnished,North,Resale_Old,Large,1,: ,6999.0,0,0,0,0
3.0,14.0,31,33,12.0,0.7142857142857143,1.0,2100.0,17.3973794,78.3856447,21.0,0,1,1,1,0,0,1,0,0,Apartment,Semi_Furnished,East,Resale_Old,Large,1,: ,6999.0,0,0,0,0
3.0,20.0,31,33,1.0,0.5,1.0,1584.0,17.442196,78.280067,21.0,0,1,1,1,0,0,1,0,0,Apartment,Semi_Furnished,North,Resale_Old,Medium,1,: ,5600.0,0,0,0,0
3.0,20.0,31,33,1.0,0.5,1.0,1567.0,17.442196,78.280067,21.0,0,1,1,1,0,0,1,0,0,Apartment,Semi_Furnished,East,Resale_Old,Medium,1,: ,5600.0,0,0,0,0
3.0,20.0,30,32,1.0,0.35,1.0,1872.0,17.442196,78.280067,21.0,0,1,1,1,0,0,1,0,0,Apartment,Semi_Furnished,West,Resale_Old,Large,1,: ,5596.0,0,0,0,0
3.0,22.0,31,33,9.0,0.4090909090909091,1.0,1836.0,17.442196,78.280067,21.0,0,1,1,1,0,0,1,0,0,Apartment,Semi_Furnished,East,Resale_Old,Large,1,: ,5600.0,0,0,0,0
3.0,20.0,31,33,1.0,0.4,1.0,1871.0,17.442196,78.280067,21.0,0,1,1,1,0,0,1,0,0,Apartment,Semi_Furnished,East,Resale_Old,Large,1,: ,5600.0,0,0,0,0
3.0,31.0,18,19,50.0,0.967741935483871,1.0,1835.0,17.482796,78.32642,30.0,1,0,0,1,0,1,1,0,0,Apartment,Semi_Furnished,NE,Under_Construction,Large,1,: ,12534.0,0,0,0,0
3.0,15.0,19,20,50.0,0.5384615384615384,1.0,1360.0,17.482796,78.32642,30.0,1,0,0,1,0,1,1,0,0,Apartment,Semi_Furnished,NE,Under_Construction,Medium,1,: ,7573.0,1,0,0,0
3.0,30.0,20,21,8.0,0.5333333333333333,1.0,2125.0,17.400284,78.350663,30.0,1,0,0,1,0,0,1,0,0,Apartment,Semi_Furnished,East,Resale_Very_Old,Large,1,: ,13176.0,0,0,0,0
3.0,12.0,29,31,50.0,0.4166666666666667,1.0,1940.0,17.509181,78.3521088,30.0,0,1,0,1,0,0,1,0,0,Apartment,Semi_Furnished,East,Resale_Old,Large,1,: ,5154.0,0,0,0,0
3.0,25.0,18,19,12.0,0.36,1.0,2290.0,17.45753,78.36247,30.0,0,1,1,1,0,0,1,0,0,Apartment,Semi_Furnished,East,Resale_Old,Large,1,: ,11135.0,0,0,0,0
3.0,10.0,21,22,49.0,0.8,1.0,2080.0,17.4609913,78.3532083,30.0,1,0,0,1,0,0,1,0,0,Apartment,Semi_Furnished,East,Resale_Very_Old,Large,1,: ,10096.0,0,0,0,0
3.0,42.0,17,18,6.0,0.5238095238095238,1.0,1333.0,17.529701,78.333031,30.0,0,1,0,1,0,0,1,0,0,Apartment,Semi_Furnished,East,Resale_Old,Medium,1,: ,5701.0,0,0,0,0
2.0,31.0,19,21,12.0,0.2258064516129032,1.0,1314.0,17.398775,78.355493,30.0,1,0,0,1,0,0,1,0,0,Apartment,Furnished,West,Resale_Very_Old,Medium,1,: ,11415.0,0,0,0,0
4.0,34.0,21,22,50.0,0.6176470588235294,3.0,3605.0,17.3973794,78.3856447,30.0,0,1,0,1,0,0,1,0,0,Apartment,Semi_Furnished,West,Resale_Old,XL,3+,: ,8500.0,0,0,0,0
3.0,34.0,21,22,50.0,0.5882352941176471,3.0,2290.0,17.3973794,78.3856447,30.0,0,1,0,1,0,0,1,0,0,Apartment,Semi_Furnished,East,Resale_Old,Large,3+,: ,8500.0,0,0,0,0
5.0,34.0,20,21,50.0,0.7058823529411765,3.0,4710.0,17.3973794,78.3856447,30.0,0,1,0,1,0,0,1,0,0,Apartment,Semi_Furnished,East,Resale_Old,XL,3+,: ,8500.0,0,0,0,0
3.0,15.0,17,18,0.0,0.9333333333333332,2.0,2175.0,78.48667,17.38504,30.0,1,0,0,1,0,0,1,0,0,Apartment,Semi_Furnished,East,Resale_Very_Old,Large,2,: ,8275.0,0,0,0,0
4.0,34.0,21,22,50.0,0.7941176470588235,3.0,3040.0,17.3973794,78.3856447,30.0,0,1,0,1,0,0,1,0,0,Apartment,Semi_Furnished,West,Resale_Old,XL,3+,: ,8503.0,0,0,0,0
3.0,15.0,16,18,40.0,0.1333333333333333,1.0,1650.0,17.405168,78.354355,30.0,1,0,0,1,0,0,1,0,0,Apartment,Semi_Furnished,East,Under_Construction,Medium,1,: ,10000.0,0,0,0,0
3.0,10.0,17,19,38.0,0.9,2.0,2690.0,17.437012,78.371384,30.0,1,0,0,1,0,0,1,0,0,Apartment,Furnished,East,Under_Construction,XL,2,: ,11152.0,0,0,0,0
3.0,39.0,18,19,0.0,0.8974358974358975,1.0,2020.0,78.48667,17.38504,30.0,0,1,0,1,0,0,1,0,0,Apartment,Semi_Furnished,West,Resale_Old,Large,1,: ,10148.0,0,0,0,0
3.0,2.0,9,9,3.0,0.5384615384615384,2.0,1998.0,17.461305,78.273389,30.0,1,0,1,1,0,0,1,0,0,Villa,Semi_Furnished,East,Resale_Very_Old,Large,2,: ,189189.0,1,0,0,0
3.0,30.0,16,17,0.0,0.7,1.0,1650.0,78.48667,17.38504,30.0,0,1,0,1,0,0,1,0,0,Apartment,Semi_Furnished,East,Resale_Old,Medium,1,: ,8969.0,0,0,0,0
4.0,1.0,5,5,50.0,0.5384615384615384,1.0,330.0,17.495438,78.2960172,30.0,1,0,0,1,0,0,0,0,0,Villa,Semi_Furnished,East,Under_Construction,Micro,1,: ,119696.0,1,0,0,0
3.0,30.0,17,18,0.0,0.5,1.0,1965.0,78.48667,17.38504,30.0,0,1,0,1,0,0,1,0,0,Apartment,Semi_Furnished,East,Resale_Old,Large,1,: ,9160.0,0,0,0,0
3.0,12.0,21,23,15.0,0.25,1.0,1845.0,17.453593,78.299753,30.0,1,0,0,1,0,0,1,0,0,Apartment,Furnished,West,Resale_Very_Old,Large,1,: ,10298.0,0,0,0,0
3.0,14.0,17,18,8.0,0.5714285714285714,1.0,1585.0,17.5362492,78.2396486,30.0,0,1,1,1,0,0,1,0,0,Apartment,Semi_Furnished,NE,Resale_Old,Medium,1,: ,5678.0,0,0,0,0
2.0,14.0,17,18,8.0,0.7857142857142857,1.0,1065.0,17.5362492,78.2396486,30.0,0,1,1,1,0,0,1,0,0,Apartment,Semi_Furnished,North,Resale_Old,Small,1,: ,5633.0,0,0,0,0
2.0,25.0,17,18,0.0,0.64,1.0,1290.0,78.48667,17.38504,30.0,0,1,0,1,0,0,1,0,0,Apartment,Semi_Furnished,East,Resale_Old,Medium,1,: ,11627.0,0,0,0,0
3.0,31.0,15,16,15.0,0.2258064516129032,3.0,1925.0,17.422584,78.350841,30.0,1,0,0,1,0,0,1,0,0,Apartment,Furnished,East,Resale_Very_Old,Large,3+,: ,13506.0,0,0,0,0
2.0,4.0,7,8,10.0,1.0,1.0,1100.0,17.532558,78.529251,30.0,1,0,0,1,0,0,1,1,0,Apartment,Furnished,East,Resale_Very_Old,Small,1,: ,5454.0,0,0,0,0
4.0,3.0,20,21,44.0,0.5384615384615384,2.0,2250.0,17.443661,78.346158,30.0,1,0,0,1,0,0,1,0,0,Villa,Semi_Furnished,East,Resale_Very_Old,Large,2,: ,208000.0,1,0,0,0
3.0,18.0,17,18,0.0,0.5,2.0,1505.0,78.48667,17.38504,30.0,1,0,0,1,0,0,1,0,0,Apartment,Semi_Furnished,East,Resale_Very_Old,Medium,2,: ,10631.0,0,0,0,0
3.0,9.0,17,18,12.0,0.2222222222222222,1.0,1528.0,17.3828053,78.3437872,30.0,1,0,1,1,0,0,1,0,0,Apartment,Semi_Furnished,East,Resale_Very_Old,Medium,1,: ,8507.0,0,0,0,0
3.0,20.0,18,19,0.0,0.25,1.0,1623.0,78.48667,17.38504,30.0,1,0,0,1,0,0,1,0,0,Apartment,Semi_Furnished,West,Resale_Very_Old,Medium,1,: ,7886.0,0,0,0,0
3.0,30.0,17,18,0.0,0.9666666666666668,1.0,1785.0,78.48667,17.38504,30.0,0,1,0,1,0,0,1,0,0,Apartment,Semi_Furnished,West,Resale_Old,Medium,1,: ,9803.0,0,0,0,0
3.0,14.0,18,18,8.0,0.7142857142857143,1.0,1900.0,17.587951,78.443155,30.0,0,1,1,1,0,0,1,0,0,Apartment,Semi_Furnished,East,Resale_Old,Large,1,: ,5249.0,0,0,0,0
3.0,15.0,19,21,50.0,0.9333333333333332,1.0,1590.0,17.461846,78.304958,30.0,1,0,0,1,0,0,1,0,0,Apartment,Furnished,East,Under_Construction,Medium,1,: ,8805.0,0,0,0,0
2.0,25.0,18,19,0.0,0.56,1.0,1290.0,78.48667,17.38504,30.0,0,1,0,1,0,0,1,0,0,Apartment,Semi_Furnished,East,Resale_Old,Medium,1,: ,12248.0,0,0,0,0
3.0,31.0,18,20,12.0,0.1612903225806451,1.0,1834.0,17.398775,78.355493,30.0,1,0,0,1,0,0,1,0,0,Apartment,Semi_Furnished,East,Under_Construction,Large,1,: ,13631.0,0,0,0,0
3.0,25.0,17,18,13.0,0.52,1.0,1965.0,17.466409,78.311677,30.0,1,0,1,1,0,0,1,0,0,Apartment,Semi_Furnished,East,Resale_Very_Old,Large,1,: ,11704.0,0,0,0,0
3.0,25.0,18,19,0.0,0.44,1.0,1855.0,78.48667,17.38504,30.0,0,1,0,1,0,0,1,0,0,Apartment,Semi_Furnished,North,Resale_Old,Large,1,: ,12129.0,0,0,0,0
3.0,36.0,17,18,0.0,0.75,1.0,2120.0,78.48667,17.38504,30.0,0,1,0,1,0,0,1,0,0,Apartment,Semi_Furnished,West,Resale_Old,Large,1,: ,9198.0,0,0,0,0
2.0,15.0,15,16,0.0,0.6666666666666666,1.0,1297.0,78.48667,17.38504,30.0,1,0,0,1,0,0,1,0,0,Apartment,Furnished,West,Resale_Very_Old,Medium,1,: ,11950.0,0,0,0,0
3.0,10.0,19,20,47.0,0.9,1.0,1958.0,17.464149,78.346279,30.0,1,0,0,1,0,0,1,0,0,Apartment,Semi_Furnished,East,0_5_yrs,Large,1,: ,10725.0,0,0,0,0
3.0,20.0,18,20,36.0,0.65,4.0,2165.0,17.40281,78.350792,30.0,1,0,0,1,0,0,1,0,0,Apartment,Furnished,West,Under_Construction,Large,3+,: ,10854.0,0,0,0,0
3.0,17.0,18,20,48.0,0.7058823529411765,1.0,1740.0,17.433847,78.332074,30.0,1,0,0,1,0,0,1,0,0,Apartment,Furnished,West,Under_Construction,Medium,1,: ,12643.0,0,0,0,0
3.0,36.0,16,17,13.0,0.25,2.0,3430.0,17.430915,78.37728,30.0,1,0,0,1,0,0,1,0,0,Apartment,Semi_Furnished,East,Under_Construction,XL,2,: ,23323.0,0,0,0,0
4.0,1.0,0,0,16.0,0.5384615384615384,1.0,1350.0,17.3676045,78.3742678,30.0,1,0,0,1,0,0,0,0,0,Villa,Semi_Furnished,SW,Resale_Very_Old,Medium,1,: ,11851.0,1,0,0,0
3.0,5.0,7,11,49.0,0.6,2.0,2120.0,17.38504,78.48667,30.0,1,0,0,1,0,0,1,0,0,Apartment,Semi_Furnished,North,0_5_yrs,Large,2,: ,9905.0,0,0,0,0
3.0,2.0,1,4,49.0,0.5384615384615384,2.0,7155.0,17.38504,78.48667,30.0,1,0,0,1,0,0,0,0,0,Villa,Furnished,East,Resale_Very_Old,XXL,2,: ,132075.0,1,0,0,0
2.0,1.0,6,9,1.0,0.5384615384615384,1.0,8100.0,17.591122,78.569709,30.0,1,0,0,1,0,0,0,0,0,Farmhouse,Furnished,West,0_5_yrs,XXL,1,: ,30555.0,1,0,0,0
5.0,3.0,6,9,49.0,0.5384615384615384,3.0,5400.0,17.38504,78.48667,30.0,1,0,0,1,0,0,0,0,0,Villa,Semi_Furnished,North,0_5_yrs,XXL,3+,: ,125000.0,1,0,0,0
3.0,2.0,3,3,5.0,0.5384615384615384,1.0,1008.0,17.54901471992252,78.53293102759552,14.0,1,0,0,1,0,0,1,0,0,Villa,Furnished,East,5_10_yrs,Small,1,: ,125000.0,1,0,0,0
3.0,13.0,8,11,49.0,0.3846153846153846,3.0,2780.0,17.38504,78.48667,30.0,0,1,0,1,0,0,1,0,0,Apartment,Semi_Furnished,East,Resale_Old,XL,3+,: ,5499.0,0,0,0,0
3.0,5.0,4,5,50.0,0.4,2.0,1620.0,17.40188,78.37616,21.0,1,0,0,1,0,0,1,0,0,Apartment,Furnished,East,Under_Construction,Medium,2,: ,4938.0,0,0,0,0
3.0,15.0,19,21,0.0,0.4,2.0,1810.0,78.48667,17.38504,30.0,1,0,0,1,0,0,1,0,0,Apartment,Semi_Furnished,East,Resale_Very_Old,Large,2,: ,7403.0,0,0,0,0
3.0,15.0,20,22,0.0,0.5333333333333333,2.0,1710.0,78.48667,17.38504,30.0,1,0,0,1,0,0,1,0,0,Apartment,Semi_Furnished,East,Resale_Very_Old,Medium,2,: ,7397.0,0,0,0,0
2.0,6.0,5,5,46.0,0.3333333333333333,2.0,1250.0,17.532274,78.39243,30.0,1,0,0,1,0,1,1,0,0,Apartment,Semi_Furnished,East,Under_Construction,Medium,2,: ,5960.0,0,0,0,0
3.0,43.0,20,22,46.0,0.3023255813953488,3.0,2020.0,17.532303,78.39243,30.0,1,0,0,1,0,1,1,0,0,Apartment,Semi_Furnished,West,Under_Construction,Large,3+,: ,7000.0,0,0,0,0
3.0,6.0,7,7,46.0,0.5,3.0,1865.0,17.532303,78.39243,30.0,1,0,0,1,0,1,1,0,0,Apartment,Semi_Furnished,West,Under_Construction,Large,3+,: ,6005.0,0,0,0,0
3.0,5.0,6,6,37.0,0.6,3.0,1750.0,17.388287,78.370072,30.0,1,0,0,1,0,1,1,0,0,Apartment,Semi_Furnished,East,Under_Construction,Medium,3+,: ,5171.0,0,0,0,0
3.0,43.0,20,22,46.0,0.3488372093023256,2.0,1660.0,17.532274,78.39243,30.0,1,0,0,1,0,1,1,0,0,Apartment,Semi_Furnished,West,Under_Construction,Medium,2,: ,7000.0,0,0,0,0
3.0,5.0,6,6,37.0,0.6,3.0,1750.0,17.388287,78.370072,30.0,1,0,0,1,0,1,1,0,0,Apartment,Semi_Furnished,West,Under_Construction,Medium,3+,: ,5202.0,0,0,0,0
3.0,43.0,20,22,46.0,0.5813953488372093,2.0,1695.0,17.532274,78.39243,30.0,1,0,0,1,0,1,1,0,0,Apartment,Semi_Furnished,East,Under_Construction,Medium,2,: ,6998.0,0,0,0,0
3.0,3.0,2,2,37.0,0.5384615384615384,3.0,1620.0,17.388287,78.370072,30.0,0,1,0,1,0,0,1,0,0,Villa,Semi_Furnished,West,Resale_Old,Medium,3+,: ,166666.0,1,0,0,0
3.0,25.0,5,6,39.0,0.12,1.0,1550.0,17.4480919,78.3787508,30.0,1,0,0,1,0,0,1,0,0,Apartment,Furnished,East,Under_Construction,Medium,1,: ,7548.0,0,0,0,0
3.0,5.0,7,8,49.0,0.4,2.0,2785.0,17.4609913,78.3532083,30.0,1,0,1,1,0,0,1,0,0,Apartment,Furnished,West,0_5_yrs,XL,2,: ,7899.0,0,0,0,0
5.0,9.0,7,9,50.0,0.8888888888888888,4.0,3500.0,17.463252,78.354557,30.0,1,0,0,1,0,0,1,0,0,Apartment,Furnished,East,0_5_yrs,XL,3+,: ,6571.0,0,0,0,0
3.0,9.0,6,10,49.0,0.8888888888888888,1.0,1500.0,17.4609913,78.3532083,30.0,1,0,0,1,0,0,1,0,0,Apartment,Furnished,NE,0_5_yrs,Medium,1,: ,8200.0,0,0,0,0
3.0,1.0,5,7,48.0,1.0,2.0,2160.0,17.4411482,78.3910691,60.0,1,0,0,1,0,0,1,1,0,Apartment,Furnished,South,5_10_yrs,Large,2,: ,17361.0,0,0,0,0
3.0,6.0,8,8,49.0,0.8333333333333334,2.0,2075.0,17.4609913,78.3532083,60.0,1,0,0,1,0,0,1,0,0,Apartment,Furnished,East,Under_Construction,Large,2,: ,8963.0,0,0,0,0
4.0,2.0,10,10,50.0,0.5384615384615384,2.0,1350.0,17.5090182,78.3001801,,0,1,0,1,0,0,0,0,0,Villa,Semi_Furnished,West,Resale_Old,Medium,2,: ,86666.0,1,0,0,0
4.0,3.0,6,6,1.0,0.5384615384615384,2.0,2250.0,17.477415,78.227409,,1,0,0,1,0,0,0,0,0,Villa,Semi_Furnished,West,Resale_Very_Old,Large,2,: ,9500.0,1,0,0,0
1.0,1.0,0,0,22.0,0.5384615384615384,1.0,670.0,17.07139,78.205312,,0,1,0,1,0,0,0,0,0,Villa,Unfurnished,NE,Resale_Old,Micro,1,: ,8333.0,1,0,0,0
2.0,6.0,8,8,10.0,0.5,2.0,1290.0,17.3923634,78.3621784,,1,0,1,1,0,0,1,0,0,Apartment,Semi_Furnished,West,Resale_Very_Old,Medium,2,: ,5813.0,0,0,0,0
3.0,10.0,8,8,26.0,0.7,2.0,2063.0,17.40223,78.3444,2.0,1,0,0,1,0,0,1,0,0,Apartment,Furnished,North,Resale_Very_Old,Large,2,: ,6592.0,0,0,0,0
2.0,5.0,7,7,50.0,0.6,2.0,1290.0,17.3930103,78.3713897,2.0,1,0,1,1,0,1,1,0,0,Apartment,Semi_Furnished,West,Under_Construction,Medium,2,Neknampur,4651.0,0,0,0,0
2.0,6.0,8,8,10.0,0.6666666666666666,2.0,1290.0,17.3923634,78.3621784,2.0,1,0,1,1,0,1,1,0,0,Apartment,Semi_Furnished,East,Under_Construction,Medium,2,Narsingi,6201.0,0,0,0,0
2.0,5.0,6,6,9.0,0.6,2.0,1324.0,17.3856767,78.3648867,2.0,1,0,1,1,0,1,1,0,0,Apartment,Semi_Furnished,West,Under_Construction,Medium,2,: ,6042.0,0,0,0,0
6.0,3.0,8,8,11.0,0.5384615384615384,4.0,3451.0,17.3754575,78.3627016,2.0,1,0,0,1,0,1,1,0,0,Villa,Semi_Furnished,East,Under_Construction,XL,3+,Manchirevula Village,8693.0,1,0,0,0
3.0,6.0,8,8,10.0,0.5,3.0,1850.0,17.3923634,78.3621784,2.0,1,0,1,1,0,1,1,0,0,Apartment,Semi_Furnished,East,Under_Construction,Large,3+,Narsingi,5945.0,0,0,0,0
2.0,5.0,19,20,50.0,0.4,2.0,1075.0,17.514789,78.462524,2.0,1,0,1,1,0,0,1,0,0,Apartment,Semi_Furnished,East,Resale_Very_Old,Small,2,Jeedimetla,4999.0,0,0,0,0
3.0,19.0,21,24,50.0,0.8947368421052632,2.0,2280.0,17.47078,78.30668,3.0,1,0,0,1,0,0,1,0,0,Apartment,Furnished,East,Under_Construction,Large,2,: ,10087.0,0,0,0,0
3.0,4.0,8,8,50.0,0.25,2.0,1457.0,17.40216,78.37374,3.0,1,0,0,1,0,0,1,0,0,Apartment,Semi_Furnished,South,Resale_Very_Old,Medium,2,: ,7206.0,0,0,0,0
3.0,5.0,3,3,49.0,0.5384615384615384,1.0,2500.0,17.4120488,78.407249,3.0,1,0,0,1,0,1,1,0,0,Villa,Semi_Furnished,East,Resale_Very_Old,Large,1,: ,10000.0,1,0,0,0
3.0,2.0,8,9,10.0,0.5384615384615384,2.0,3000.0,17.5468498,78.3650231,3.0,1,0,0,1,0,0,1,0,0,Villa,Semi_Furnished,West,Under_Construction,XL,2,: ,13333.0,1,0,0,0
3.0,2.0,6,6,0.0,0.5384615384615384,1.0,2015.0,78.48667,17.38504,4.0,1,0,0,1,0,0,0,0,0,Villa,Semi_Furnished,Unknown,Resale_Very_Old,Large,1,: ,8436.0,1,0,0,0
2.0,31.0,25,27,49.0,0.2580645161290322,1.0,1575.0,17.46779,78.42118,4.0,0,1,0,1,0,0,1,0,0,Apartment,Semi_Furnished,East,Resale_Old,Medium,1,: ,5206.0,0,0,0,0
2.0,14.0,8,11,50.0,0.2857142857142857,1.0,1250.0,17.485091,78.3671565,4.0,1,0,0,1,0,0,1,0,0,Apartment,Furnished,West,0_5_yrs,Medium,1,: ,7600.0,0,0,0,0
2.0,5.0,2,3,11.0,0.6,1.0,1072.0,17.4219,78.63155,4.0,1,0,0,1,0,0,1,0,0,Apartment,Semi_Furnished,East,Resale_Very_Old,Small,1,Narapally,4269.0,0,0,0,0
4.0,35.0,31,33,10.0,0.5142857142857142,2.0,2729.0,17.413533637872785,78.33906915038824,4.0,1,0,1,1,0,1,1,0,0,Apartment,Semi_Furnished,East,Under_Construction,XL,2,: ,10443.0,0,0,0,0
2.0,5.0,3,4,49.0,0.6,1.0,1060.0,17.3267390755471,78.5953799108053,4.0,1,0,0,1,0,0,1,0,0,Apartment,Semi_Furnished,East,Resale_Very_Old,Small,1,: ,5613.0,0,0,0,0
2.0,5.0,17,17,18.0,0.4,2.0,1080.0,17.4293729,78.6137993,5.0,1,0,0,1,0,0,1,0,0,Apartment,Semi_Furnished,East,Under_Construction,Small,2,: ,5370.0,0,0,0,0
2.0,5.0,8,8,49.0,0.5384615384615384,2.0,1200.0,17.38504,78.48667,6.0,0,1,0,1,0,0,1,0,0,Apartment,Semi_Furnished,East,Resale_Old,Small,2,: ,4900.0,1,0,0,0
2.0,12.0,8,11,50.0,0.5,1.0,1028.0,17.509181,78.3521088,6.0,0,1,0,1,0,0,1,0,0,Apartment,Semi_Furnished,East,Resale_Old,Small,1,: ,6614.0,0,0,0,0
2.0,5.0,6,6,0.0,0.5384615384615384,2.0,1066.0,78.48667,17.38504,6.0,1,0,0,1,0,0,1,0,0,Apartment,Semi_Furnished,Unknown,Resale_Very_Old,Small,2,ADJUSENT TO ORR,5253.0,1,0,0,0
4.0,2.0,8,8,17.0,0.5384615384615384,2.0,4110.0,17.4664197,78.285342,5.0,1,0,0,1,0,0,1,0,0,Villa,Semi_Furnished,West,Resale_Very_Old,XL,2,: ,15450.0,1,0,0,0
4.0,2.0,6,6,6.0,0.5384615384615384,3.0,3392.0,17.5090182,78.3001801,6.0,0,1,1,1,0,0,1,0,0,Villa,Semi_Furnished,East,Resale_Old,XL,3+,: ,4805.0,1,0,0,0
3.0,1.0,8,11,48.0,0.5384615384615384,3.0,1989.0,17.5316,78.26729,6.0,0,1,0,1,0,0,1,0,0,Villa,Semi_Furnished,West,Resale_Old,Large,3+,: ,6800.0,1,0,0,0
2.0,23.0,3,3,0.0,0.0434782608695652,1.0,1500.0,78.48667,17.38504,7.0,0,1,0,1,0,0,1,0,0,Apartment,Semi_Furnished,Unknown,Resale_Old,Medium,1,: ,5000.0,0,0,0,0
2.0,10.0,3,4,7.0,0.9,2.0,1320.0,17.3756135,78.3626977,7.0,1,0,1,1,0,0,1,0,0,Apartment,Semi_Furnished,East,Resale_Very_Old,Medium,2,: ,6060.0,0,0,0,0
3.0,10.0,7,8,7.0,0.8,3.0,1910.0,17.3756747,78.3626374,7.0,1,0,1,1,0,0,1,0,0,Apartment,Semi_Furnished,East,Resale_Very_Old,Large,3+,: ,6282.0,0,0,0,0
3.0,5.0,6,10,49.0,0.4,1.0,1730.0,17.38504,78.48667,7.0,1,0,0,1,0,0,1,0,0,Apartment,Semi_Furnished,East,Resale_Very_Old,Medium,1,: ,5800.0,0,0,0,0
6.0,3.0,5,8,17.0,0.5384615384615384,3.0,4700.0,17.311940823733476,78.47302608769566,7.0,0,1,0,1,0,0,0,0,0,Villa,Semi_Furnished,East,Resale_Old,XL,3+,: ,15957.0,1,0,0,0
2.0,9.0,7,10,12.0,0.5555555555555556,1.0,1295.0,17.5203424,78.3970205,7.0,0,1,1,1,0,0,1,0,0,Apartment,Semi_Furnished,West,Resale_Old,Medium,1,: ,6563.0,0,0,0,0
3.0,1.0,8,9,0.0,0.5384615384615384,0.0,121.0,17.4575920727232,78.9617167421712,7.0,0,1,0,1,0,0,0,0,0,Farmhouse,Semi_Furnished,East,Resale_Old,Micro,Unknown,: ,9082.0,1,0,0,0
2.0,5.0,3,4,30.0,0.5384615384615384,1.0,900.0,17.398313,78.620039,7.0,1,0,0,1,0,0,0,0,0,Villa,Unfurnished,North,Resale_Very_Old,Small,1,: ,60000.0,1,0,0,1
2.0,5.0,0,0,0.0,0.2,1.0,980.0,17.42169,78.21842,7.0,1,0,0,1,0,0,1,0,0,Apartment,Semi_Furnished,Unknown,Resale_Very_Old,Small,1,: ,4693.0,0,0,0,0
2.0,15.0,0,0,1.0,0.0666666666666666,1.0,1100.0,17.477415,78.227409,7.0,0,1,0,1,0,0,1,0,0,Apartment,Semi_Furnished,Unknown,Resale_Old,Small,1,: ,4799.0,0,0,0,0
3.0,6.0,6,7,49.0,0.6666666666666666,3.0,1440.0,17.4988675,78.4094612,7.0,1,0,0,1,0,0,1,0,0,Apartment,Semi_Furnished,NE,Resale_Very_Old,Medium,3+,: ,5538.0,0,0,0,0
3.0,2.0,8,8,1.0,0.5384615384615384,2.0,2781.0,17.477415,78.227409,7.0,1,0,0,1,0,0,1,0,0,Villa,Semi_Furnished,West,Resale_Very_Old,XL,2,: ,88996.0,1,0,0,0
3.0,33.0,15,15,15.0,0.3333333333333333,1.0,1617.0,17.53969,78.3581,14.0,0,1,1,1,0,0,1,0,0,Apartment,Semi_Furnished,East,Resale_Old,Medium,1,: ,6750.0,0,0,0,0
4.0,2.0,20,23,15.0,0.5384615384615384,3.0,2448.0,17.465956,78.261911,14.0,1,0,1,1,0,0,1,0,0,Villa,Semi_Furnished,West,Resale_Very_Old,Large,3+,: ,15482.0,1,0,0,0
3.0,2.0,1,1,0.0,0.5384615384615384,1.0,1780.0,78.48667,17.38504,14.0,1,0,0,1,0,0,0,0,0,Villa,Semi_Furnished,Unknown,Resale_Very_Old,Medium,1,: ,8707.0,1,0,0,0
3.0,5.0,8,11,40.0,0.8,2.0,2150.0,17.4520871,78.3678024,14.0,1,0,0,1,0,1,1,0,0,Apartment,Furnished,North,5_10_yrs,Large,2,: ,9069.0,0,0,0,0
3.0,25.0,31,33,13.0,0.6,1.0,1565.0,17.47078,78.30668,14.0,1,0,1,1,0,0,1,0,0,Apartment,Semi_Furnished,East,Under_Construction,Medium,1,: ,10500.0,0,0,0,0
3.0,5.0,20,21,50.0,0.6,2.0,1750.0,17.48331,78.32076,14.0,1,0,0,1,0,0,1,0,0,Apartment,Semi_Furnished,East,Resale_Very_Old,Medium,2,: ,6800.0,0,0,0,0
3.0,1.0,20,21,0.0,0.5384615384615384,3.0,6534.0,78.48667,17.38504,14.0,1,0,0,1,0,0,1,0,0,Farmhouse,Semi_Furnished,East,Resale_Very_Old,XXL,3+,: ,5999.0,1,0,0,0
3.0,18.0,15,15,10.0,0.5,1.0,1535.0,17.387587,78.348054,14.0,1,0,1,1,0,0,1,0,0,Apartment,Furnished,West,Resale_Very_Old,Medium,1,: ,8990.0,0,0,0,0
3.0,31.0,20,20,15.0,0.1935483870967742,3.0,1925.0,17.422584,78.350841,14.0,1,0,0,1,0,0,1,0,0,Apartment,Furnished,East,Under_Construction,Large,3+,: ,12519.0,0,0,0,0
4.0,1.0,6,8,3.0,0.5384615384615384,2.0,1350.0,17.387665,78.647677,14.0,1,0,0,1,0,0,0,0,0,Villa,Semi_Furnished,West,Resale_Very_Old,Medium,2,: ,50000.0,1,0,0,0
2.0,1.0,1,1,48.0,0.5384615384615384,1.0,1062.0,17.43993,78.49827,21.0,1,0,0,1,0,0,0,0,0,Villa,Semi_Furnished,East,Resale_Very_Old,Small,1,: ,5649.0,1,0,0,0
3.0,4.0,8,8,50.0,0.5,2.0,1550.0,17.4011618,78.37569,21.0,1,0,0,1,0,0,1,0,0,Apartment,Semi_Furnished,Unknown,0_5_yrs,Medium,2,: ,4516.0,0,0,0,0
2.0,5.0,10,10,37.0,0.2,2.0,1305.0,17.538237,78.480804,21.0,1,0,0,1,0,0,1,0,0,Apartment,Semi_Furnished,East,Resale_Very_Old,Medium,2,: ,5000.0,0,0,0,0
3.0,42.0,21,24,34.0,0.7142857142857143,1.0,1026.0,17.5238479933976,78.3227692229911,21.0,0,1,0,1,0,0,1,0,0,Apartment,Semi_Furnished,East,Resale_Old,Small,1,: ,9649.0,0,0,0,0
5.0,3.0,6,6,16.0,0.5384615384615384,3.0,2115.0,17.31177,78.38991,21.0,1,0,0,1,0,0,0,0,0,Villa,Furnished,East,0_5_yrs,Large,3+,: ,125531.0,1,0,0,0
10.0,4.0,6,6,47.0,0.5384615384615384,4.0,1440.0,17.4359437,78.3416731,21.0,1,0,0,1,0,0,0,0,0,Villa,Furnished,West,0_5_yrs,Medium,3+,: ,24305.0,1,0,0,0
2.0,25.0,23,25,13.0,0.44,2.0,1340.0,17.466409,78.311677,21.0,1,0,1,1,0,0,1,0,0,Apartment,Semi_Furnished,West,Resale_Very_Old,Medium,2,: ,9552.0,0,0,0,0
2.0,10.0,20,21,50.0,0.4,2.0,1260.0,17.5203424,78.3970205,21.0,0,1,0,1,0,0,1,0,0,Apartment,Semi_Furnished,East,Resale_Old,Medium,2,: ,5700.0,0,0,0,0
3.0,2.0,16,19,0.0,0.5384615384615384,2.0,2403.0,17.448266,78.249577,21.0,0,1,0,1,0,0,1,0,0,Villa,Semi_Furnished,West,Resale_Old,Large,2,: ,12859.0,1,0,0,0
4.0,3.0,17,19,0.0,0.5384615384615384,2.0,3300.0,17.443855,78.250431,28.0,0,1,0,1,0,0,0,0,0,Villa,Semi_Furnished,East,Resale_Old,XL,2,: ,8000.0,1,0,0,0
3.0,31.0,19,22,13.0,0.3225806451612903,1.0,1400.0,17.465823,78.407845,28.0,1,0,0,1,0,0,1,0,0,Apartment,Semi_Furnished,North,Resale_Very_Old,Medium,1,: ,8928.0,0,0,0,0
3.0,31.0,21,24,13.0,0.2580645161290322,3.0,2230.0,17.465823,78.407845,28.0,1,0,0,1,0,0,1,0,0,Apartment,Semi_Furnished,East,Resale_Very_Old,Large,3+,: ,8520.0,0,0,0,0
2.0,31.0,17,20,13.0,0.4838709677419355,1.0,1250.0,17.4480919,78.3787508,28.0,1,0,0,1,0,0,1,0,0,Apartment,Semi_Furnished,East,Resale_Very_Old,Medium,1,: ,8800.0,0,0,0,0
3.0,4.0,9,10,49.0,1.0,2.0,1710.0,17.444695,78.444759,28.0,1,0,0,1,0,0,1,1,0,Apartment,Semi_Furnished,Unknown,5_10_yrs,Medium,2,: ,7602.0,0,0,0,0
2.0,20.0,24,25,15.0,0.3,1.0,1320.0,17.464041,78.337481,30.0,1,0,0,1,0,1,1,0,0,Apartment,Semi_Furnished,East,Under_Construction,Medium,1,Kondapur,11742.0,0,0,0,0
2.0,20.0,23,25,15.0,0.35,1.0,1295.0,17.464041,78.337481,30.0,1,0,0,1,0,1,1,0,0,Apartment,Semi_Furnished,East,Under_Construction,Medium,1,Kondapur,11737.0,0,0,0,0
3.0,20.0,21,23,15.0,0.15,1.0,1505.0,17.464041,78.337481,30.0,1,0,0,1,0,1,1,0,0,Apartment,Semi_Furnished,East,Under_Construction,Medium,1,Kondapur,11627.0,0,0,0,0
3.0,31.0,6,7,13.0,0.5161290322580645,1.0,1550.0,17.465823,78.407845,30.0,1,0,0,1,0,0,1,0,0,Apartment,Unfurnished,East,Resale_Very_Old,Medium,1,: ,9677.0,0,0,0,0
4.0,21.0,12,12,11.0,0.4761904761904761,2.0,3165.0,17.466613,78.336231,30.0,0,1,1,1,0,0,1,0,0,Apartment,Semi_Furnished,Unknown,Resale_Old,XL,2,Kondapur,11500.0,0,0,0,0
2.0,1.0,11,11,1.0,0.5384615384615384,1.0,1200.0,17.5227762257577,78.6210684465697,30.0,1,0,0,1,0,0,0,0,0,Builder_Floor,Semi_Furnished,East,Resale_Very_Old,Small,1,Chiryala Village,5250.0,1,0,0,0
4.0,3.0,3,4,48.0,0.5384615384615384,3.0,2700.0,17.46432,78.37295,21.0,1,0,0,1,0,0,1,0,0,Villa,Furnished,East,5_10_yrs,XL,3+,: ,19487.0,1,0,0,0
3.0,4.0,10,11,50.0,0.25,1.0,1500.0,17.464978,78.35392,30.0,1,0,0,1,0,0,1,0,0,Apartment,Furnished,South,0_5_yrs,Medium,1,: ,6000.0,0,0,0,0
3.0,20.0,25,28,50.0,0.05,2.0,1800.0,17.463262,78.311576,30.0,1,0,0,1,0,1,1,0,0,Apartment,Semi_Furnished,NE,5_10_yrs,Medium,2,: ,10000.0,0,0,0,0
4.0,3.0,17,18,17.0,0.5384615384615384,4.0,3015.0,17.4664197,78.285342,30.0,1,0,0,1,0,0,0,0,0,Villa,Semi_Furnished,North,0_5_yrs,XL,3+,: ,202985.0,1,0,0,0
3.0,10.0,18,20,4.0,0.8,1.0,1885.0,17.453031,78.367548,30.0,1,0,1,1,0,0,1,0,0,Apartment,Semi_Furnished,East,Under_Construction,Large,1,Kondapur,10000.0,0,0,0,0
3.0,10.0,14,16,4.0,0.8,1.0,1890.0,17.453031,78.367548,30.0,1,0,1,1,0,0,1,0,0,Apartment,Semi_Furnished,West,Under_Construction,Large,1,Kondapur,10052.0,0,0,0,0
3.0,5.0,8,8,46.0,0.8,2.0,1615.0,17.50372,78.55658,30.0,1,0,1,1,0,0,1,0,0,Apartment,Semi_Furnished,East,Resale_Very_Old,Medium,2,: ,4600.0,0,0,0,0
2.0,24.0,8,11,13.0,0.125,1.0,1275.0,17.47078,78.30668,30.0,1,0,1,1,0,0,1,0,0,Apartment,Furnished,East,Resale_Very_Old,Medium,1,: ,10588.0,0,0,0,0
3.0,19.0,8,11,50.0,0.4736842105263157,2.0,1920.0,17.485091,78.3671565,30.0,1,0,0,1,0,0,1,0,0,Apartment,Furnished,East,0_5_yrs,Large,2,: ,9210.0,0,0,0,0
2.0,6.0,5,5,48.0,0.3333333333333333,2.0,1155.0,17.5316,78.26729,30.0,0,1,0,1,0,0,1,0,0,Apartment,Unfurnished,East,Resale_Old,Small,2,: ,4502.0,0,0,0,0
3.0,21.0,11,11,11.0,0.5714285714285714,2.0,2390.0,17.466613,78.336231,30.0,1,0,1,1,0,0,1,0,0,Apartment,Semi_Furnished,Unknown,Resale_Very_Old,Large,2,Kondapur,11506.0,0,0,0,0
2.0,5.0,20,22,31.0,0.2,1.0,1265.0,17.542881,78.481447,30.0,1,0,0,1,0,0,1,0,0,Apartment,Semi_Furnished,East,Under_Construction,Medium,1,Kompally,6245.0,0,0,0,0
3.0,21.0,22,25,11.0,0.6666666666666666,2.0,2385.0,17.466613,78.336231,30.0,0,1,1,1,0,0,1,0,0,Apartment,Semi_Furnished,West,Resale_Old,Large,2,Kondapur,11530.0,0,0,0,0
3.0,5.0,4,4,38.0,0.8,1.0,3400.0,17.453897,78.39297,30.0,1,0,0,1,0,0,1,0,0,Apartment,Semi_Furnished,East,Resale_Very_Old,XL,1,: ,11000.0,0,0,0,0
3.0,5.0,9,9,45.0,0.6,1.0,2360.0,17.4325235,78.4070152,30.0,1,0,0,1,0,0,1,0,0,Apartment,Furnished,NE,Under_Construction,Large,1,: ,13500.0,0,0,0,0
3.0,10.0,15,16,50.0,0.2,2.0,1760.0,17.49833,78.45806,30.0,0,1,1,1,0,0,1,0,0,Apartment,Semi_Furnished,East,Resale_Old,Medium,2,: ,5700.0,0,0,0,0
3.0,5.0,5,6,1.0,0.6,2.0,1507.0,17.442196,78.280067,30.0,0,1,0,1,0,0,1,0,0,Apartment,Semi_Furnished,East,Resale_Old,Medium,2,: ,5800.0,0,0,0,0
2.0,1.0,1,1,48.0,0.5384615384615384,1.0,1350.0,17.43993,78.49827,30.0,1,0,0,1,0,0,0,0,0,Villa,Semi_Furnished,East,Resale_Very_Old,Medium,1,: ,5185.0,1,0,0,0
3.0,5.0,2,3,47.0,1.0,2.0,1547.0,17.4601901,78.3024698,30.0,1,0,0,1,0,1,1,1,0,Apartment,Semi_Furnished,NE,Resale_Very_Old,Medium,2,: ,6076.0,0,0,0,0
3.0,24.0,4,4,48.0,0.6666666666666666,3.0,1760.0,17.42278,78.34724,30.0,1,0,0,1,0,0,1,0,0,Apartment,Semi_Furnished,West,Resale_Very_Old,Medium,3+,: ,11079.0,0,0,0,0
3.0,24.0,4,4,48.0,0.2083333333333333,2.0,1790.0,17.42278,78.34724,30.0,1,0,0,1,0,0,1,0,0,Apartment,Semi_Furnished,Unknown,Resale_Very_Old,Medium,2,: ,9776.0,0,0,0,0
2.0,9.0,18,20,26.0,0.5555555555555556,2.0,1250.0,17.40223,78.3444,30.0,1,0,0,1,0,0,1,0,0,Apartment,Semi_Furnished,East,Resale_Very_Old,Medium,2,: ,7520.0,0,0,0,0
2.0,5.0,3,4,50.0,0.6,2.0,1150.0,17.47078,78.30668,30.0,0,1,0,1,0,0,1,0,0,Apartment,Semi_Furnished,East,Resale_Old,Small,2,: ,6000.0,0,0,0,0
3.0,4.0,4,4,50.0,1.0,2.0,1690.0,17.47078,78.30668,30.0,0,1,0,1,0,0,1,1,0,Apartment,Semi_Furnished,East,Resale_Old,Medium,2,: ,5976.0,0,0,0,0
2.0,5.0,3,4,17.0,0.6,2.0,1280.0,17.4664197,78.285342,30.0,0,1,0,1,0,0,1,0,0,Apartment,Semi_Furnished,East,Resale_Old,Medium,2,: ,5859.0,0,0,0,0
3.0,5.0,2,3,50.0,0.6,2.0,1400.0,17.47078,78.30668,30.0,1,0,0,1,0,0,1,0,0,Apartment,Semi_Furnished,East,Resale_Very_Old,Medium,2,: ,6000.0,0,0,0,0
2.0,1.0,1,1,11.0,0.5384615384615384,1.0,1350.0,17.4626216,78.6313624,30.0,1,0,0,1,0,0,0,0,0,Villa,Semi_Furnished,North,Resale_Very_Old,Medium,1,: ,6074.0,1,0,0,0
3.0,22.0,25,27,9.0,0.1363636363636363,1.0,1535.0,17.478221,78.312255,60.0,1,0,1,1,0,0,1,0,0,Apartment,Semi_Furnished,West,Resale_Very_Old,Medium,1,: ,9446.0,0,0,0,0
2.0,5.0,3,4,1.0,0.6,2.0,1200.0,17.442196,78.280067,30.0,0,1,0,1,0,0,1,0,0,Apartment,Semi_Furnished,East,Resale_Old,Small,2,Osman Nagar,5833.0,0,0,0,0
3.0,1.0,18,19,0.0,0.5384615384615384,2.0,2332.0,78.48667,17.38504,5.0,1,0,0,1,0,0,1,0,0,Apartment,Semi_Furnished,East,Resale_Very_Old,Large,2,"Ramgopalpet, secundrabad",7500.0,1,0,0,0
3.0,5.0,28,30,0.0,0.4,2.0,1780.0,78.48667,17.38504,5.0,1,0,0,1,0,0,1,0,0,Apartment,Semi_Furnished,West,Resale_Very_Old,Medium,2,Kompally,5000.0,0,0,0,0
3.0,5.0,11,12,37.0,0.4,2.0,1971.0,17.538237,78.480804,5.0,0,1,0,1,0,0,1,0,0,Apartment,Semi_Furnished,East,Resale_Old,Large,2,Kompally,5500.0,0,0,0,0
3.0,10.0,26,27,0.0,0.2,1.0,2195.0,78.48667,17.38504,5.0,0,1,0,1,0,0,1,0,0,Apartment,Semi_Furnished,East,Resale_Old,Large,1,Kompally,7000.0,0,0,0,0
2.0,10.0,22,22,50.0,0.7,2.0,1570.0,17.4011618,78.37569,5.0,0,1,0,1,0,0,1,0,0,Apartment,Furnished,North,Resale_Old,Medium,2,: ,5509.0,0,0,0,0
3.0,10.0,19,19,50.0,0.9,2.0,1730.0,17.4011618,78.37569,5.0,0,1,0,1,0,0,1,0,0,Apartment,Furnished,North,Resale_Old,Medium,2,: ,5500.0,0,0,0,0
4.0,1.0,19,21,4.0,0.5384615384615384,4.0,3767.0,17.523851,78.254744,5.0,0,1,1,1,0,0,1,0,0,Villa,Furnished,North,Resale_Old,XL,3+,Kollur,12900.0,1,0,0,0
3.0,1.0,17,19,1.0,0.5384615384615384,2.0,3600.0,17.434335,78.286311,5.0,1,0,0,1,0,0,1,0,0,Villa,Furnished,West,Resale_Very_Old,XL,2,Tellapur,14000.0,1,0,0,0
2.0,13.0,20,21,0.0,0.2307692307692307,1.0,1170.0,78.48667,17.38504,5.0,0,1,0,1,0,0,1,0,0,Apartment,Semi_Furnished,East,Resale_Old,Small,1,: ,6099.0,0,0,0,0
2.0,23.0,20,22,0.0,0.1304347826086956,2.0,1295.0,17.443855,78.250431,5.0,0,1,0,1,0,0,1,0,0,Apartment,Semi_Furnished,East,Resale_Old,Medium,2,Kollur,5695.0,0,0,0,0
3.0,10.0,13,13,0.0,0.5384615384615384,3.0,1700.0,78.48667,17.38504,7.0,0,1,0,1,0,0,1,0,0,Apartment,Furnished,NE,Resale_Old,Medium,3+,Sriram Nagar,5599.0,1,0,0,0
2.0,10.0,13,13,0.0,0.5384615384615384,2.0,1300.0,78.48667,17.38504,7.0,0,1,0,1,0,0,1,0,0,Apartment,Furnished,NE,Resale_Old,Medium,2,Sriram Nagar,5599.0,1,0,0,0
2.0,5.0,16,16,0.0,0.5384615384615384,2.0,1100.0,78.48667,17.38504,21.0,1,0,0,1,0,0,1,0,0,Apartment,Furnished,East,Resale_Very_Old,Small,2,Suchitra,5499.0,1,0,0,0
3.0,5.0,17,17,0.0,0.5384615384615384,2.0,1435.0,78.48667,17.38504,21.0,1,0,0,1,0,0,1,0,0,Apartment,Furnished,East,Resale_Very_Old,Medium,2,Suchitra,5499.0,1,0,0,0
2.0,5.0,17,17,0.0,0.5384615384615384,2.0,1296.0,78.48667,17.38504,21.0,0,1,0,1,0,0,1,0,0,Apartment,Furnished,East,Resale_Old,Medium,2,Bolarum-Alwal,4899.0,1,0,0,0
2.0,5.0,13,13,0.0,1.0,2.0,1230.0,78.48667,17.38504,30.0,1,0,0,1,0,0,1,1,0,Apartment,Furnished,NE,Resale_Very_Old,Medium,2,: ,6250.0,0,0,0,0
3.0,5.0,13,13,0.0,1.0,3.0,1650.0,78.48667,17.38504,30.0,1,0,0,1,0,0,1,1,0,Apartment,Furnished,NE,Resale_Very_Old,Medium,3+,: ,6250.0,0,0,0,0
3.0,10.0,15,15,0.0,1.0,3.0,2260.0,78.48667,17.38504,30.0,0,1,0,1,0,0,1,1,0,Apartment,Furnished,NE,Resale_Old,Large,3+,"Jubilee Hills Extension, shaiket",9500.0,0,0,0,0
3.0,40.0,17,17,0.0,1.0,3.0,1900.0,78.48667,17.38504,30.0,0,1,0,1,0,0,1,1,0,Apartment,Furnished,NE,Resale_Old,Large,3+,Kokapet,9500.0,0,0,0,0
3.0,23.0,16,16,0.0,0.5384615384615384,3.0,2230.0,78.48667,17.38504,30.0,0,1,0,1,0,0,1,0,0,Apartment,Furnished,NW,Resale_Old,Large,3+,Bandlaguda Jagir,7200.0,1,0,0,0
2.0,5.0,16,16,5.0,1.0,2.0,1345.0,17.505924075676,78.36191868992,30.0,1,0,1,1,0,0,1,1,0,Apartment,Furnished,NE,Resale_Very_Old,Medium,2,Miyapur,7000.0,0,0,0,0
3.0,5.0,16,16,5.0,1.0,3.0,2200.0,17.505924075676,78.36191868992,30.0,1,0,1,1,0,0,1,1,0,Apartment,Furnished,NE,Resale_Very_Old,Large,3+,Miyapur,7000.0,0,0,0,0
3.0,7.0,15,15,0.0,1.0,3.0,1770.0,78.48667,17.38504,30.0,0,1,0,1,0,0,1,1,0,Apartment,Furnished,NE,Resale_Old,Medium,3+,"chengicherla, Uppal",5599.0,0,0,0,0
2.0,7.0,17,17,50.0,1.0,2.0,1349.0,17.4018092,78.5601892,30.0,0,1,0,1,0,0,1,1,0,Apartment,Furnished,NE,Resale_Old,Medium,2,Uppal,5599.0,0,0,0,0
3.0,5.0,20,20,0.0,1.0,2.0,1850.0,78.48667,17.38504,30.0,1,0,0,1,0,0,1,1,0,Apartment,Furnished,East,Resale_Very_Old,Large,2,"ZEE family daba, Kompally",5200.0,0,0,0,0
5.0,3.0,19,20,33.0,0.5384615384615384,3.0,9000.0,17.411744,78.341175,14.0,1,0,0,1,0,0,0,0,0,Villa,Semi_Furnished,East,Resale_Very_Old,XXL,3+,: ,100000.0,1,0,0,0
5.0,3.0,19,19,47.0,0.5384615384615384,3.0,9000.0,17.4359437,78.3416731,14.0,1,0,0,1,0,0,0,0,0,Villa,Semi_Furnished,East,Resale_Very_Old,XXL,3+,: ,100000.0,1,0,0,0
5.0,3.0,19,19,50.0,0.5384615384615384,3.0,9000.0,17.4295317,78.41266,14.0,1,0,0,1,0,0,0,0,0,Villa,Semi_Furnished,East,Resale_Very_Old,XXL,3+,: ,100000.0,1,0,0,0
5.0,3.0,19,19,46.0,0.5384615384615384,3.0,9000.0,17.4164707,78.4382469,14.0,1,0,0,1,0,0,0,0,0,Villa,Semi_Furnished,East,Resale_Very_Old,XXL,3+,: ,100000.0,1,0,0,0
5.0,3.0,18,18,49.0,0.5384615384615384,3.0,9000.0,17.4609913,78.3532083,14.0,1,0,0,1,0,0,0,0,0,Villa,Semi_Furnished,East,Resale_Very_Old,XXL,3+,: ,100000.0,1,0,0,0
5.0,3.0,18,18,25.0,0.5384615384615384,3.0,9000.0,17.3923634,78.3621784,14.0,1,0,0,1,0,0,0,0,0,Villa,Semi_Furnished,East,Resale_Very_Old,XXL,3+,: ,100000.0,1,0,0,0
5.0,3.0,18,18,26.0,0.5384615384615384,3.0,9000.0,17.40223,78.3444,14.0,1,0,0,1,0,0,0,0,0,Villa,Semi_Furnished,East,Resale_Very_Old,XXL,3+,: ,100000.0,1,0,0,0
5.0,3.0,18,18,26.0,0.5384615384615384,3.0,9000.0,17.40223,78.3444,14.0,1,0,0,1,0,0,0,0,0,Villa,Semi_Furnished,East,Resale_Very_Old,XXL,3+,: ,100000.0,1,0,0,0
5.0,3.0,18,18,25.0,0.5384615384615384,3.0,9000.0,17.3923634,78.3621784,14.0,1,0,0,1,0,0,0,0,0,Villa,Semi_Furnished,East,Resale_Very_Old,XXL,3+,: ,100000.0,1,0,0,0
5.0,3.0,0,0,48.0,0.5384615384615384,4.0,10000.0,17.42278,78.34724,14.0,1,0,0,1,0,0,0,0,0,Villa,Unfurnished,Unknown,Resale_Very_Old,XXL,3+,: ,10000.0,1,0,0,0
8.0,3.0,0,0,39.0,0.5384615384615384,4.0,20000.0,17.4480919,78.3787508,14.0,1,0,0,1,0,0,0,0,0,Villa,Unfurnished,Unknown,Resale_Very_Old,XXL,3+,: ,10000.0,1,0,0,0
8.0,5.0,0,0,48.0,0.5384615384615384,4.0,20000.0,17.4411482,78.3910691,14.0,1,0,0,1,0,0,0,0,0,Villa,Unfurnished,Unknown,Resale_Very_Old,XXL,3+,: ,10000.0,1,0,0,1
5.0,3.0,0,0,48.0,0.5384615384615384,4.0,10000.0,17.42278,78.34724,21.0,1,0,0,1,0,0,0,0,0,Villa,Unfurnished,NE,Resale_Very_Old,XXL,3+,: ,10000.0,1,0,0,0
5.0,3.0,0,0,0.0,0.5384615384615384,4.0,7500.0,17.2494091,78.4183466,21.0,1,0,0,1,0,0,0,0,0,Villa,Unfurnished,Unknown,Resale_Very_Old,XXL,3+,: ,6666.0,1,0,0,0
6.0,3.0,0,0,0.0,0.5384615384615384,4.0,10000.0,17.2494091,78.4183466,21.0,1,0,0,1,0,0,0,0,0,Villa,Unfurnished,Unknown,Resale_Very_Old,XXL,3+,: ,10000.0,1,0,0,0
5.0,3.0,0,0,6.0,0.5384615384615384,4.0,5000.0,17.349758,78.360196,21.0,1,0,0,1,0,0,0,0,0,Villa,Unfurnished,Unknown,Resale_Very_Old,XL,3+,: ,10000.0,1,0,0,0
6.0,3.0,0,0,6.0,0.5384615384615384,4.0,7500.0,17.349758,78.360196,21.0,1,0,0,1,0,0,0,0,0,Villa,Unfurnished,Unknown,Resale_Very_Old,XXL,3+,: ,13333.0,1,0,0,0
6.0,3.0,0,0,17.0,0.5384615384615384,4.0,6000.0,17.4664197,78.285342,21.0,1,0,0,1,0,0,0,0,0,Villa,Unfurnished,Unknown,Resale_Very_Old,XXL,3+,: ,16666.0,1,0,0,0
5.0,3.0,0,0,17.0,0.5384615384615384,4.0,6000.0,17.4664197,78.285342,21.0,1,0,0,1,0,0,0,0,0,Villa,Unfurnished,Unknown,Resale_Very_Old,XXL,3+,: ,8333.0,1,0,0,0
5.0,3.0,0,0,0.0,0.5384615384615384,4.0,5000.0,17.443855,78.250431,21.0,1,0,0,1,0,0,0,0,0,Villa,Unfurnished,Unknown,Resale_Very_Old,XL,3+,: ,10000.0,1,0,0,0
6.0,3.0,0,0,0.0,0.5384615384615384,4.0,7500.0,17.443354,78.182044,21.0,1,0,0,1,0,0,0,0,0,Villa,Unfurnished,Unknown,Resale_Very_Old,XXL,3+,: ,13333.0,1,0,0,0
6.0,3.0,0,0,0.0,0.5384615384615384,4.0,7500.0,17.443354,78.182044,21.0,1,0,0,1,0,0,0,0,0,Villa,Unfurnished,Unknown,Resale_Very_Old,XXL,3+,: ,6666.0,1,0,0,0
5.0,3.0,0,0,0.0,0.5384615384615384,4.0,5000.0,17.443354,78.182044,21.0,1,0,0,1,0,0,0,0,0,Villa,Unfurnished,Unknown,Resale_Very_Old,XL,3+,: ,10000.0,1,0,0,0
6.0,3.0,0,0,0.0,0.5384615384615384,4.0,7500.0,17.42169,78.21842,21.0,1,0,0,1,0,0,0,0,0,Villa,Unfurnished,Unknown,Resale_Very_Old,XXL,3+,: ,13333.0,1,0,0,0
5.0,3.0,0,0,0.0,0.5384615384615384,4.0,5000.0,17.42169,78.21842,21.0,1,0,0,1,0,0,0,0,0,Villa,Unfurnished,Unknown,Resale_Very_Old,XL,3+,: ,10000.0,1,0,0,0
5.0,3.0,0,0,13.0,0.5384615384615384,4.0,7500.0,17.6197,78.082693,21.0,1,0,0,1,0,0,0,0,0,Villa,Unfurnished,Unknown,Resale_Very_Old,XXL,3+,: ,9333.0,1,0,0,0
5.0,3.0,0,0,13.0,0.5384615384615384,4.0,7500.0,17.6197,78.082693,21.0,1,0,0,1,0,0,0,0,0,Villa,Semi_Furnished,Unknown,Resale_Very_Old,XXL,3+,: ,6666.0,1,0,0,0
6.0,3.0,0,0,46.0,0.5384615384615384,4.0,7500.0,17.5330867548758,78.2682745858627,21.0,1,0,0,1,0,0,0,0,0,Villa,Semi_Furnished,Unknown,Resale_Very_Old,XXL,3+,: ,13333.0,1,0,0,0
5.0,3.0,0,0,46.0,0.5384615384615384,4.0,5000.0,17.5330867548758,78.2682745858627,21.0,1,0,0,1,0,0,0,0,0,Villa,Unfurnished,Unknown,Resale_Very_Old,XL,3+,: ,10000.0,1,0,0,0
6.0,3.0,0,0,50.0,0.5384615384615384,4.0,7500.0,17.509181,78.3521088,21.0,1,0,0,1,0,0,0,0,0,Villa,Unfurnished,Unknown,Resale_Very_Old,XXL,3+,: ,13333.0,1,0,0,0
5.0,3.0,0,0,50.0,0.5384615384615384,4.0,5000.0,17.509181,78.3521088,21.0,1,0,0,1,0,0,0,0,0,Villa,Semi_Furnished,Unknown,Resale_Very_Old,XL,3+,: ,10000.0,1,0,0,0
5.0,3.0,0,0,47.0,0.5384615384615384,4.0,7500.0,17.49479,78.39964,21.0,1,0,0,1,0,0,0,0,0,Villa,Unfurnished,Unknown,Resale_Very_Old,XXL,3+,: ,13333.0,1,0,0,0
5.0,3.0,0,0,47.0,0.5384615384615384,4.0,5000.0,17.49479,78.39964,21.0,1,0,0,1,0,0,0,0,0,Villa,Unfurnished,Unknown,Resale_Very_Old,XL,3+,: ,10000.0,1,0,0,0
6.0,3.0,0,0,46.0,0.5384615384615384,4.0,7500.0,17.4164707,78.4382469,21.0,1,0,0,1,0,0,0,0,0,Villa,Unfurnished,Unknown,Resale_Very_Old,XXL,3+,: ,13333.0,1,0,0,0
5.0,3.0,0,0,46.0,0.5384615384615384,4.0,5000.0,17.4164707,78.4382469,21.0,1,0,0,1,0,0,0,0,0,Villa,Unfurnished,Unknown,Resale_Very_Old,XL,3+,: ,10000.0,1,0,0,0
6.0,3.0,0,0,50.0,0.5384615384615384,4.0,7000.0,17.4295317,78.41266,21.0,1,0,0,1,0,0,0,0,0,Villa,Unfurnished,Unknown,Resale_Very_Old,XXL,3+,: ,14285.0,1,0,0,0
6.0,3.0,0,0,48.0,0.5384615384615384,4.0,7500.0,17.4411482,78.3910691,21.0,1,0,0,1,0,0,0,0,0,Villa,Unfurnished,Unknown,Resale_Very_Old,XXL,3+,: ,13333.0,1,0,0,0
5.0,3.0,0,0,48.0,0.5384615384615384,4.0,5000.0,17.4411482,78.3910691,21.0,1,0,0,1,0,0,0,0,0,Villa,Unfurnished,Unknown,Resale_Very_Old,XL,3+,: ,10000.0,1,0,0,0
6.0,3.0,0,0,49.0,0.5384615384615384,4.0,7500.0,17.4609913,78.3532083,21.0,1,0,0,1,0,0,0,0,0,Villa,Unfurnished,Unknown,Resale_Very_Old,XXL,3+,: ,13333.0,1,0,0,0
5.0,3.0,0,0,49.0,0.5384615384615384,4.0,5000.0,17.4609913,78.3532083,21.0,1,0,0,1,0,0,0,0,0,Villa,Unfurnished,Unknown,Resale_Very_Old,XL,3+,: ,10000.0,1,0,0,0
5.0,3.0,0,0,4.0,0.5384615384615384,4.0,7500.0,17.385392,78.33106,21.0,1,0,0,1,0,0,0,0,0,Villa,Unfurnished,Unknown,Resale_Very_Old,XXL,3+,: ,13333.0,1,0,0,0
5.0,3.0,0,0,4.0,0.5384615384615384,4.0,5000.0,17.385392,78.33106,21.0,1,0,0,1,0,0,0,0,0,Villa,Unfurnished,Unknown,Resale_Very_Old,XL,3+,: ,10000.0,1,0,0,0
5.0,3.0,0,0,26.0,0.5384615384615384,4.0,7500.0,17.40223,78.3444,21.0,1,0,0,1,0,0,0,0,0,Villa,Semi_Furnished,Unknown,Resale_Very_Old,XXL,3+,: ,13333.0,1,0,0,0
5.0,3.0,0,0,26.0,0.5384615384615384,4.0,5000.0,17.40223,78.3444,21.0,1,0,0,1,0,0,0,0,0,Villa,Unfurnished,Unknown,Resale_Very_Old,XL,3+,: ,10000.0,1,0,0,0
5.0,3.0,0,0,25.0,0.5384615384615384,4.0,7500.0,17.3923634,78.3621784,21.0,1,0,0,1,0,0,0,0,0,Villa,Unfurnished,Unknown,Resale_Very_Old,XXL,3+,: ,13333.0,1,0,0,0
5.0,3.0,0,0,25.0,0.5384615384615384,4.0,6000.0,17.3923634,78.3621784,21.0,1,0,0,1,0,0,0,0,0,Villa,Unfurnished,Unknown,Resale_Very_Old,XXL,3+,: ,12500.0,1,0,0,0
5.0,3.0,0,0,25.0,0.5384615384615384,4.0,5000.0,17.3923634,78.3621784,21.0,1,0,0,1,0,0,0,0,0,Villa,Unfurnished,Unknown,Resale_Very_Old,XL,3+,: ,10000.0,1,0,0,0
5.0,3.0,0,0,48.0,0.5384615384615384,4.0,7000.0,17.42278,78.34724,21.0,1,0,0,1,0,0,0,0,0,Villa,Unfurnished,Unknown,Resale_Very_Old,XXL,3+,: ,14285.0,1,0,0,0
5.0,3.0,0,0,48.0,0.5384615384615384,4.0,6000.0,17.42278,78.34724,21.0,1,0,0,1,0,0,0,0,0,Villa,Semi_Furnished,Unknown,Resale_Very_Old,XXL,3+,: ,12500.0,1,0,0,0
5.0,3.0,0,0,48.0,0.5384615384615384,4.0,5000.0,17.42278,78.34724,21.0,1,0,0,1,0,0,0,0,0,Villa,Unfurnished,Unknown,Resale_Very_Old,XL,3+,: ,10000.0,1,0,0,0
5.0,3.0,0,0,47.0,0.5384615384615384,4.0,5000.0,17.4359437,78.3416731,21.0,1,0,0,1,0,0,0,0,0,Villa,Unfurnished,Unknown,Resale_Very_Old,XL,3+,: ,15000.0,1,0,0,0
5.0,3.0,0,0,47.0,0.5384615384615384,4.0,6000.0,17.4359437,78.3416731,21.0,1,0,0,1,0,0,0,0,0,Villa,Unfurnished,Unknown,Resale_Very_Old,XXL,3+,: ,16666.0,1,0,0,0
5.0,3.0,0,0,47.0,0.5384615384615384,4.0,5000.0,17.4359437,78.3416731,21.0,1,0,0,1,0,0,0,0,0,Villa,Unfurnished,Unknown,Resale_Very_Old,XL,3+,: ,10000.0,1,0,0,0
5.0,3.0,0,0,0.0,0.5384615384615384,4.0,5000.0,17.443354,78.182044,21.0,1,0,0,1,0,0,0,0,0,Villa,Unfurnished,Unknown,Resale_Very_Old,XL,3+,: ,10000.0,1,0,0,0
5.0,3.0,0,0,0.0,0.5384615384615384,4.0,5000.0,17.42169,78.21842,21.0,1,0,0,1,0,0,0,0,0,Villa,Unfurnished,Unknown,Resale_Very_Old,XL,3+,: ,10000.0,1,0,0,0
5.0,3.0,0,0,46.0,0.5384615384615384,4.0,5000.0,17.5330867548758,78.2682745858627,21.0,1,0,0,1,0,0,0,0,0,Villa,Unfurnished,Unknown,Resale_Very_Old,XL,3+,: ,10000.0,1,0,0,0
6.0,3.0,0,0,0.0,0.5384615384615384,4.0,7500.0,17.443855,78.250431,21.0,1,0,0,1,0,0,0,0,0,Villa,Unfurnished,Unknown,Resale_Very_Old,XXL,3+,: ,13333.0,1,0,0,0
5.0,3.0,0,0,0.0,0.5384615384615384,4.0,5000.0,17.443855,78.250431,21.0,1,0,0,1,0,0,0,0,0,Villa,Semi_Furnished,Unknown,Resale_Very_Old,XL,3+,: ,10000.0,1,0,0,0
6.0,3.0,0,0,17.0,0.5384615384615384,4.0,7500.0,17.4664197,78.285342,21.0,1,0,0,1,0,0,0,0,0,Villa,Unfurnished,Unknown,Resale_Very_Old,XXL,3+,: ,13333.0,1,0,0,0
5.0,3.0,0,0,17.0,0.5384615384615384,4.0,5000.0,17.4664197,78.285342,21.0,1,0,0,1,0,0,0,0,0,Villa,Unfurnished,Unknown,Resale_Very_Old,XL,3+,: ,10000.0,1,0,0,0
6.0,3.0,0,0,48.0,0.5384615384615384,4.0,7500.0,17.4411482,78.3910691,21.0,1,0,0,1,0,0,0,0,0,Villa,Unfurnished,Unknown,Resale_Very_Old,XXL,3+,: ,13333.0,1,0,0,0
5.0,3.0,0,0,48.0,0.5384615384615384,4.0,5000.0,17.4411482,78.3910691,21.0,1,0,0,1,0,0,0,0,0,Villa,Semi_Furnished,Unknown,Resale_Very_Old,XL,3+,: ,10000.0,1,0,0,0
6.0,3.0,0,0,4.0,0.5384615384615384,4.0,7500.0,17.385392,78.33106,21.0,1,0,0,1,0,0,0,0,0,Villa,Unfurnished,Unknown,Resale_Very_Old,XXL,3+,: ,13333.0,1,0,0,0
5.0,3.0,0,0,4.0,0.5384615384615384,4.0,5000.0,17.385392,78.33106,21.0,1,0,0,1,0,0,0,0,0,Villa,Unfurnished,Unknown,Resale_Very_Old,XL,3+,: ,10000.0,1,0,0,0
6.0,3.0,0,0,26.0,0.5384615384615384,4.0,7000.0,17.40223,78.3444,21.0,1,0,0,1,0,0,0,0,0,Villa,Unfurnished,Unknown,Resale_Very_Old,XXL,3+,: ,14285.0,1,0,0,0
5.0,3.0,0,0,26.0,0.5384615384615384,4.0,5000.0,17.40223,78.3444,21.0,1,0,0,1,0,0,0,0,0,Villa,Unfurnished,Unknown,Resale_Very_Old,XL,3+,: ,10000.0,1,0,0,0
6.0,3.0,0,0,25.0,0.5384615384615384,4.0,7500.0,17.3923634,78.3621784,21.0,1,0,0,1,0,0,0,0,0,Villa,Unfurnished,Unknown,Resale_Very_Old,XXL,3+,: ,13333.0,1,0,0,0
5.0,3.0,0,0,25.0,0.5384615384615384,4.0,6000.0,17.3923634,78.3621784,21.0,1,0,0,1,0,0,0,0,0,Villa,Unfurnished,Unknown,Resale_Very_Old,XXL,3+,: ,12500.0,1,0,0,0
5.0,3.0,0,0,25.0,0.5384615384615384,4.0,5000.0,17.3923634,78.3621784,21.0,1,0,0,1,0,0,0,0,0,Villa,Unfurnished,Unknown,Resale_Very_Old,XL,3+,: ,10000.0,1,0,0,0
6.0,3.0,0,0,48.0,0.5384615384615384,4.0,7500.0,17.42278,78.34724,21.0,1,0,0,1,0,0,0,0,0,Villa,Unfurnished,Unknown,Resale_Very_Old,XXL,3+,: ,13333.0,1,0,0,0
5.0,3.0,0,0,48.0,0.5384615384615384,4.0,6000.0,17.42278,78.34724,21.0,1,0,0,1,0,0,0,0,0,Villa,Unfurnished,Unknown,Resale_Very_Old,XXL,3+,: ,12500.0,1,0,0,0
5.0,3.0,0,0,48.0,0.5384615384615384,4.0,5000.0,17.42278,78.34724,21.0,1,0,0,1,0,0,0,0,0,Villa,Unfurnished,Unknown,Resale_Very_Old,XL,3+,: ,10000.0,1,0,0,0
6.0,3.0,0,0,47.0,0.5384615384615384,4.0,7500.0,17.4359437,78.3416731,21.0,1,0,0,1,0,0,0,0,0,Villa,Unfurnished,Unknown,Resale_Very_Old,XXL,3+,: ,13333.0,1,0,0,0
5.0,3.0,0,0,47.0,0.5384615384615384,4.0,6000.0,17.4359437,78.3416731,21.0,1,0,0,1,0,0,0,0,0,Villa,Unfurnished,Unknown,Resale_Very_Old,XXL,3+,: ,12500.0,1,0,0,0
5.0,3.0,0,0,47.0,0.5384615384615384,4.0,5000.0,17.4359437,78.3416731,21.0,1,0,0,1,0,0,0,0,0,Villa,Unfurnished,Unknown,Resale_Very_Old,XL,3+,: ,10000.0,1,0,0,0
5.0,3.0,0,0,50.0,0.5384615384615384,4.0,5000.0,17.4011618,78.37569,21.0,1,0,0,1,0,0,0,0,0,Villa,Unfurnished,Unknown,Resale_Very_Old,XL,3+,: ,10000.0,1,0,0,0
5.0,3.0,0,0,49.0,0.5384615384615384,4.0,5000.0,17.4609913,78.3532083,21.0,1,0,0,1,0,0,0,0,0,Villa,Unfurnished,Unknown,Resale_Very_Old,XL,3+,: ,20000.0,1,0,0,0
5.0,3.0,0,0,49.0,0.5384615384615384,4.0,4000.0,17.4609913,78.3532083,21.0,1,0,0,1,0,0,0,0,0,Villa,Unfurnished,Unknown,Resale_Very_Old,XL,3+,: ,12500.0,1,0,0,0
5.0,3.0,0,0,50.0,0.5384615384615384,4.0,5000.0,17.43604,78.5746,21.0,1,0,0,1,0,0,0,0,0,Villa,Unfurnished,Unknown,Resale_Very_Old,XL,3+,: ,20000.0,1,0,0,0
4.0,3.0,0,0,50.0,0.5384615384615384,4.0,4000.0,17.4295317,78.41266,21.0,1,0,0,1,0,0,0,0,0,Villa,Unfurnished,Unknown,Resale_Very_Old,XL,3+,: ,12500.0,1,0,0,0
5.0,3.0,0,0,50.0,0.5384615384615384,4.0,5000.0,17.4295317,78.41266,21.0,1,0,0,1,0,0,0,0,0,Villa,Unfurnished,Unknown,Resale_Very_Old,XL,3+,: ,20000.0,1,0,0,0
4.0,3.0,0,0,46.0,0.5384615384615384,4.0,5000.0,17.4164707,78.4382469,21.0,1,0,0,1,0,0,0,0,0,Villa,Unfurnished,Unknown,Resale_Very_Old,XL,3+,: ,20000.0,1,0,0,0
4.0,3.0,0,0,46.0,0.5384615384615384,4.0,3500.0,17.4164707,78.4382469,21.0,1,0,0,1,0,0,0,0,0,Villa,Semi_Furnished,Unknown,Resale_Very_Old,XL,3+,: ,14285.0,1,0,0,0
2.0,5.0,5,5,15.0,0.6,1.0,1198.0,17.558278,78.359921,30.0,0,1,1,1,0,0,1,0,0,Apartment,Unfurnished,East,Resale_Old,Small,1,: ,5008.0,0,0,0,0
2.0,5.0,0,0,48.0,1.0,1.0,1050.0,17.5316,78.26729,30.0,1,0,0,1,0,0,1,1,0,Apartment,Semi_Furnished,Unknown,Under_Construction,Small,1,: ,4380.0,0,0,0,0
4.0,2.0,7,9,50.0,0.5384615384615384,1.0,1080.0,17.536121,78.289779,7.0,1,0,0,1,0,0,1,0,0,Villa,Semi_Furnished,NE,Resale_Very_Old,Small,1,: ,11195.0,1,0,0,0
4.0,2.0,27,27,26.0,0.5384615384615384,2.0,10000.0,17.40223,78.3444,21.0,1,0,0,1,0,0,1,0,0,Villa,Semi_Furnished,East,Under_Construction,XXL,2,: ,30000.0,1,0,0,0
4.0,18.0,28,28,0.0,0.5,1.0,9599.0,78.48667,17.38504,30.0,0,1,0,1,0,0,1,0,0,Apartment,Semi_Furnished,East,Resale_Old,XXL,1,: ,10000.0,0,0,0,0
2.0,5.0,6,8,8.0,0.4,1.0,1130.0,17.487030029296875,78.36041259765625,2.0,1,0,1,1,0,1,1,0,0,Apartment,Semi_Furnished,East,Resale_Very_Old,Small,1,: ,6305.0,0,0,0,0
2.0,5.0,5,8,8.0,0.6,1.0,1130.0,17.487030029296875,78.36041259765625,2.0,1,0,1,1,0,0,1,0,0,Apartment,Semi_Furnished,East,Resale_Very_Old,Small,1,: ,6290.0,0,0,0,0
2.0,11.0,8,10,8.0,0.5454545454545454,1.0,1014.0,17.4480919,78.3787508,5.0,1,0,1,1,0,1,1,0,0,Apartment,Semi_Furnished,East,Under_Construction,Small,1,: ,9184.0,0,0,0,0
2.0,11.0,8,10,8.0,0.5454545454545454,1.0,1100.0,17.4480919,78.3787508,5.0,1,0,1,1,0,1,1,0,0,Apartment,Semi_Furnished,East,Under_Construction,Small,1,: ,9090.0,0,0,0,0
2.0,5.0,7,9,8.0,0.4,1.0,1200.0,17.485091,78.3671565,5.0,1,0,1,1,0,1,1,0,0,Apartment,Semi_Furnished,East,Under_Construction,Small,1,: ,6800.0,0,0,0,0
2.0,5.0,5,6,8.0,0.4,1.0,872.0,17.485091,78.3671565,5.0,1,0,1,1,0,1,1,0,0,Apartment,Semi_Furnished,East,Under_Construction,Small,1,: ,6799.0,0,0,0,0
3.0,11.0,6,6,8.0,0.5454545454545454,2.0,1750.0,17.4480919,78.3787508,5.0,1,0,1,1,0,1,1,0,0,Apartment,Semi_Furnished,East,Under_Construction,Medium,2,: ,5714.0,0,0,0,0
2.0,5.0,6,9,8.0,0.4,1.0,1039.0,17.485091,78.3671565,5.0,1,0,1,1,0,1,1,0,0,Apartment,Semi_Furnished,East,Under_Construction,Small,1,: ,6800.0,0,0,0,0
2.0,5.0,4,4,8.0,0.6,1.0,1127.0,17.485091,78.3671565,5.0,1,0,1,1,0,1,1,0,0,Apartment,Semi_Furnished,East,Under_Construction,Small,1,: ,6198.0,0,0,0,0
2.0,5.0,6,9,8.0,0.4,1.0,1238.0,17.485091,78.3671565,5.0,1,0,1,1,0,1,1,0,0,Apartment,Semi_Furnished,East,Under_Construction,Medium,1,: ,6840.0,0,0,0,0
3.0,48.0,0,0,50.0,0.1875,2.0,1530.0,17.509181,78.3521088,5.0,0,1,0,1,0,0,1,0,0,Apartment,Semi_Furnished,Unknown,Resale_Old,Medium,2,: ,6500.0,0,0,0,0
3.0,47.0,8,10,50.0,0.1063829787234042,2.0,1333.0,17.509181,78.3521088,5.0,0,1,0,1,0,0,1,0,0,Apartment,Semi_Furnished,West,Resale_Old,Medium,2,: ,6499.0,0,0,0,0
3.0,10.0,7,7,50.0,0.4,1.0,1819.0,17.500647,78.42034,7.0,1,0,0,1,0,1,1,0,0,Apartment,Semi_Furnished,West,Under_Construction,Large,1,: ,6800.0,0,0,0,0
2.0,10.0,8,8,50.0,0.3,1.0,1287.0,17.485091,78.3671565,7.0,1,0,0,1,0,0,1,0,0,Apartment,Semi_Furnished,East,Resale_Very_Old,Medium,1,: ,6768.0,0,0,0,0
3.0,14.0,5,7,50.0,0.2142857142857142,1.0,1428.0,17.500679,78.42037,7.0,1,0,0,1,0,1,1,0,0,Apartment,Semi_Furnished,West,Under_Construction,Medium,1,: ,5419.0,0,0,0,0
3.0,14.0,5,7,50.0,0.2857142857142857,1.0,1273.0,17.500679,78.42037,7.0,1,0,0,1,0,1,1,0,0,Apartment,Semi_Furnished,West,Under_Construction,Medium,1,: ,5470.0,0,0,0,0
2.0,5.0,6,7,50.0,0.4,1.0,1100.0,17.475576,78.33514,21.0,1,0,0,1,0,1,1,0,0,Apartment,Semi_Furnished,East,Under_Construction,Small,1,: ,5500.0,0,0,0,0
3.0,5.0,4,7,50.0,0.6,2.0,1555.0,17.475576,78.33514,21.0,1,0,0,1,0,1,1,0,0,Apartment,Semi_Furnished,East,Under_Construction,Medium,2,: ,6085.0,0,0,0,0
3.0,10.0,31,33,50.0,0.2,2.0,1300.0,17.5203424,78.3970205,28.0,0,1,0,1,0,0,1,0,0,Apartment,Semi_Furnished,East,Resale_Old,Medium,2,: ,5600.0,0,0,0,0
2.0,5.0,6,7,49.0,0.4,1.0,1265.0,17.475363,78.427216,30.0,1,0,0,1,0,1,1,0,0,Apartment,Semi_Furnished,West,Under_Construction,Medium,1,: ,6174.0,0,0,0,0
3.0,6.0,6,8,50.0,0.5,1.0,1420.0,17.468342,78.426704,30.0,1,0,0,1,0,1,1,0,0,Apartment,Semi_Furnished,West,Under_Construction,Medium,1,: ,5822.0,0,0,0,0
2.0,5.0,5,8,50.0,0.6,1.0,1065.0,17.468342,78.426704,30.0,1,0,0,1,0,1,1,0,0,Apartment,Semi_Furnished,East,Under_Construction,Small,1,: ,6263.0,0,0,0,0
3.0,6.0,6,8,5.0,0.6666666666666666,1.0,1420.0,17.49182,78.32617,30.0,1,0,1,1,0,1,1,0,0,Apartment,Semi_Furnished,East,Under_Construction,Medium,1,: ,5822.0,0,0,0,0
3.0,5.0,3,6,50.0,0.4,1.0,1500.0,17.46845,78.4267,30.0,1,0,0,1,0,1,1,0,0,Apartment,Semi_Furnished,East,Under_Construction,Medium,1,: ,5500.0,0,0,0,0
3.0,5.0,6,7,50.0,0.6,1.0,1575.0,17.468544,78.426414,30.0,1,0,0,1,0,1,1,0,0,Apartment,Semi_Furnished,East,Under_Construction,Medium,1,: ,6080.0,0,0,0,0
2.0,6.0,6,8,5.0,0.3333333333333333,1.0,1200.0,17.49182,78.32617,30.0,1,0,1,1,0,1,1,0,0,Apartment,Semi_Furnished,East,Under_Construction,Small,1,: ,5900.0,0,0,0,0
2.0,5.0,7,9,12.0,0.6,1.0,1205.0,17.4664197,78.285342,30.0,1,0,1,1,0,1,1,0,0,Apartment,Semi_Furnished,East,Under_Construction,Medium,1,: ,6441.0,0,0,0,0
3.0,10.0,31,33,49.0,0.6,2.0,2000.0,17.38504,78.48667,30.0,0,1,0,1,0,0,1,0,0,Apartment,Semi_Furnished,East,Resale_Old,Large,2,: ,5600.0,0,0,0,0
2.0,5.0,6,8,12.0,0.2,1.0,1121.0,17.4664197,78.285342,30.0,1,0,1,1,0,1,1,0,0,Apartment,Semi_Furnished,East,Under_Construction,Small,1,: ,5902.0,0,0,0,0
2.0,5.0,6,8,12.0,0.6,1.0,1305.0,17.4664197,78.285342,30.0,1,0,1,1,0,1,1,0,0,Apartment,Unfurnished,East,Under_Construction,Medium,1,: ,6386.0,0,0,0,0
2.0,5.0,7,9,12.0,0.6,1.0,1121.0,17.4664197,78.285342,30.0,1,0,1,1,0,1,1,0,0,Apartment,Semi_Furnished,East,Under_Construction,Small,1,: ,6481.0,0,0,0,0
2.0,5.0,6,8,50.0,0.4,1.0,1110.0,17.500656,78.420364,30.0,1,0,0,1,0,1,1,0,0,Apartment,Semi_Furnished,East,Under_Construction,Small,1,: ,6237.0,0,0,0,0
2.0,5.0,4,7,50.0,0.6,1.0,1190.0,17.500671,78.42038,30.0,1,0,0,1,0,1,1,0,0,Apartment,Semi_Furnished,North,Under_Construction,Small,1,: ,6200.0,0,0,0,0
2.0,5.0,3,6,50.0,0.6,1.0,1275.0,17.500671,78.42038,30.0,1,0,0,1,0,1,1,0,0,Apartment,Semi_Furnished,West,Under_Construction,Medium,1,: ,6202.0,0,0,0,0
2.0,5.0,5,8,50.0,0.4,1.0,1155.0,17.500671,78.42038,30.0,1,0,0,1,0,1,1,0,0,Apartment,Semi_Furnished,East,Under_Construction,Small,1,: ,6200.0,0,0,0,0
3.0,5.0,6,9,49.0,0.6,1.0,1575.0,17.504227,78.331726,30.0,1,0,0,1,0,1,1,0,0,Apartment,Semi_Furnished,West,Under_Construction,Medium,1,: ,5238.0,0,0,0,0
2.0,5.0,5,6,49.0,0.4,1.0,1100.0,17.504227,78.331726,30.0,1,0,0,1,0,1,1,0,0,Apartment,Semi_Furnished,East,Under_Construction,Small,1,: ,5100.0,0,0,0,0
2.0,5.0,0,0,49.0,0.6,1.0,1125.0,17.504227,78.331726,30.0,1,0,0,1,0,1,1,0,0,Apartment,Semi_Furnished,East,Under_Construction,Small,1,: ,5099.0,0,0,0,0
3.0,5.0,5,8,49.0,0.6,1.0,1525.0,17.504227,78.331726,30.0,1,0,0,1,0,1,1,0,0,Apartment,Semi_Furnished,West,Under_Construction,Medium,1,: ,5278.0,0,0,0,0
2.0,5.0,4,7,49.0,0.4,1.0,1050.0,17.504227,78.331726,30.0,1,0,0,1,0,1,1,0,0,Apartment,Semi_Furnished,East,Under_Construction,Small,1,: ,5100.0,0,0,0,0
2.0,12.0,4,6,50.0,0.5833333333333334,1.0,1495.0,17.509181,78.3521088,30.0,0,1,0,1,0,0,1,0,0,Apartment,Semi_Furnished,East,Resale_Old,Medium,1,: ,6003.0,0,0,0,0
2.0,13.0,4,6,50.0,0.3846153846153846,1.0,1210.0,17.509181,78.3521088,30.0,0,1,0,1,0,0,1,0,0,Apartment,Semi_Furnished,East,Resale_Old,Medium,1,: ,6000.0,0,0,0,0
2.0,12.0,5,6,14.0,0.5833333333333334,1.0,1456.0,17.499527,78.4767399,30.0,0,1,1,1,0,0,1,0,0,Apartment,Semi_Furnished,East,Resale_Old,Medium,1,: ,5846.0,0,0,0,0
3.0,12.0,3,3,14.0,0.3333333333333333,2.0,1850.0,17.499527,78.4767399,30.0,0,1,1,1,0,0,1,0,0,Apartment,Semi_Furnished,Unknown,Resale_Old,Large,2,: ,5663.0,0,0,0,0
3.0,3.0,31,33,1.0,0.3333333333333333,2.0,1965.0,17.555324,78.308221,30.0,0,1,0,1,0,0,1,0,0,Apartment,Semi_Furnished,East,Resale_Old,Large,2,: ,5600.0,0,0,0,0
3.0,10.0,30,32,49.0,1.0,2.0,1260.0,17.38504,78.48667,30.0,0,1,0,1,0,0,1,1,0,Apartment,Semi_Furnished,East,Resale_Old,Medium,2,: ,5600.0,0,0,0,0
3.0,2.0,27,29,0.0,0.5384615384615384,1.0,3591.0,17.443855,78.250431,30.0,0,1,0,1,0,0,1,0,0,Villa,Semi_Furnished,North,Resale_Old,XL,1,: ,5999.0,1,0,0,0
3.0,2.0,27,29,46.0,0.5384615384615384,1.0,1975.0,17.5330867548758,78.2682745858627,30.0,0,1,0,1,0,0,1,0,0,Villa,Semi_Furnished,East,Resale_Old,Large,1,: ,5205.0,1,0,0,0
2.0,5.0,18,19,50.0,0.8,1.0,1200.0,17.495289,78.418967,30.0,1,0,0,1,0,0,1,0,0,Apartment,Semi_Furnished,West,Under_Construction,Small,1,: ,7916.0,0,0,0,0
3.0,19.0,18,19,9.0,0.7894736842105263,2.0,2160.0,17.467762,78.408146,30.0,1,0,1,1,0,0,1,0,0,Apartment,Furnished,East,Under_Construction,Large,2,: ,9490.0,0,0,0,0
3.0,4.0,2,2,46.0,0.25,1.0,1850.0,17.4843253,78.5558902,30.0,1,0,0,1,0,1,1,0,0,Apartment,Semi_Furnished,West,Resale_Very_Old,Large,1,: ,6216.0,0,0,0,0
3.0,36.0,7,8,13.0,0.6944444444444444,1.0,2595.0,17.4300212,78.376509,2.0,1,0,0,1,0,1,1,0,0,Apartment,Furnished,Unknown,Under_Construction,XL,1,: ,19267.0,0,0,0,0
2.0,25.0,23,23,43.0,0.76,1.0,1253.0,17.516785,78.295298,3.0,1,0,1,1,0,0,1,0,0,Apartment,Semi_Furnished,Unknown,Resale_Very_Old,Medium,1,: ,9000.0,0,0,0,0
2.0,31.0,10,11,12.0,0.4516129032258064,1.0,1314.0,17.398775,78.355493,3.0,1,0,0,1,0,0,1,0,0,Apartment,Furnished,Unknown,Under_Construction,Medium,1,: ,11415.0,0,0,0,0
3.0,18.0,8,8,12.0,0.4444444444444444,1.0,2510.0,17.466742,78.337059,3.0,1,0,1,1,0,0,1,0,0,Apartment,Semi_Furnished,Unknown,Resale_Very_Old,XL,1,: ,10517.0,0,0,0,0
2.0,30.0,8,8,12.0,0.4,1.0,1315.0,17.45227,78.299843,3.0,1,0,1,1,0,0,1,0,0,Apartment,Semi_Furnished,Unknown,Resale_Very_Old,Medium,1,: ,8365.0,0,0,0,0
3.0,31.0,7,7,13.0,0.9032258064516128,1.0,1900.0,17.465823,78.407845,7.0,1,0,0,1,0,0,1,0,0,Apartment,Semi_Furnished,Unknown,Resale_Very_Old,Large,1,: ,9736.0,0,0,0,0
3.0,31.0,6,6,13.0,0.6451612903225806,1.0,1600.0,17.465823,78.407845,7.0,1,0,0,1,0,0,1,0,0,Apartment,Semi_Furnished,Unknown,Resale_Very_Old,Medium,1,: ,9062.0,0,0,0,0
3.0,35.0,18,19,8.0,0.5384615384615384,1.0,1899.0,17.475742,78.391786,7.0,1,0,0,1,0,0,1,0,0,Villa,Furnished,Unknown,0_5_yrs,Large,1,: ,9478.0,1,0,0,0
3.0,30.0,22,23,44.0,0.2,1.0,1901.0,17.4400802,78.3489168,7.0,1,0,0,1,0,0,1,0,0,Apartment,Semi_Furnished,Unknown,0_5_yrs,Large,1,: ,9205.0,0,0,0,0
3.0,20.0,9,10,45.0,0.65,1.0,1915.0,17.444797,78.366116,7.0,1,0,0,1,0,0,1,0,0,Apartment,Furnished,Unknown,0_5_yrs,Large,1,: ,10182.0,0,0,0,0
4.0,42.0,10,10,12.0,0.8809523809523809,2.0,3988.0,17.466346,78.378971,7.0,0,1,1,1,0,0,1,0,0,Apartment,Semi_Furnished,Unknown,Resale_Old,XL,2,: ,17001.0,0,0,0,0
2.0,12.0,9,9,10.0,0.0833333333333333,1.0,1460.0,17.382212,78.360496,7.0,1,0,1,1,0,0,1,0,0,Apartment,Semi_Furnished,Unknown,Resale_Very_Old,Medium,1,: ,7397.0,0,0,0,0
3.0,18.0,10,10,10.0,0.5555555555555556,1.0,1875.0,17.387587,78.348054,7.0,1,0,1,1,0,0,1,0,0,Apartment,Semi_Furnished,Unknown,Resale_Very_Old,Large,1,: ,9066.0,0,0,0,0
3.0,32.0,10,11,13.0,0.40625,1.0,1957.0,17.391372,78.339424,7.0,1,0,1,1,0,0,1,0,0,Apartment,Semi_Furnished,Unknown,Resale_Very_Old,Large,1,: ,10730.0,0,0,0,0
2.0,22.0,8,9,9.0,0.3181818181818182,1.0,1335.0,17.478221,78.312255,7.0,1,0,1,1,0,0,1,0,0,Apartment,Semi_Furnished,Unknown,Resale_Very_Old,Medium,1,: ,8614.0,0,0,0,0
3.0,15.0,11,12,50.0,0.5384615384615384,2.0,1740.0,17.469685,78.311676,7.0,1,0,0,1,0,0,1,0,0,Apartment,Furnished,Unknown,Under_Construction,Medium,2,: ,7758.0,1,0,0,0
3.0,5.0,8,8,12.0,0.4,2.0,1200.0,17.5455508,78.3726676,14.0,1,0,1,1,0,1,1,0,0,Apartment,Semi_Furnished,East,Resale_Very_Old,Small,2,: ,6250.0,0,0,0,0
4.0,34.0,12,12,10.0,0.4411764705882353,3.0,2729.0,17.41341,78.339447,3.0,1,0,1,1,0,0,1,0,0,Apartment,Semi_Furnished,East,Resale_Very_Old,XL,3+,: ,11500.0,0,0,0,0
2.0,34.0,12,12,10.0,0.7352941176470589,2.0,1283.0,17.41341,78.339447,3.0,1,0,1,1,0,0,1,0,0,Apartment,Semi_Furnished,East,Resale_Very_Old,Medium,2,: ,11500.0,0,0,0,0
3.0,5.0,8,10,12.0,0.2,1.0,1485.0,17.5455914,78.3729128,30.0,1,0,1,1,0,0,1,0,0,Apartment,Semi_Furnished,West,Under_Construction,Medium,1,: ,5095.0,0,0,0,0
2.0,5.0,1,2,12.0,1.0,1.0,1160.0,17.5457896,78.3726037,60.0,1,0,1,1,0,0,1,1,0,Apartment,Semi_Furnished,West,Under_Construction,Small,1,: ,5431.0,0,0,0,0
2.0,5.0,7,7,11.0,0.8,1.0,1150.0,17.5460354,78.3734824,60.0,1,0,1,1,0,0,1,0,0,Apartment,Semi_Furnished,West,Under_Construction,Small,1,: ,5478.0,0,0,0,0
2.0,5.0,7,9,11.0,0.6,1.0,1160.0,17.5456427,78.3730232,60.0,1,0,1,1,0,0,1,0,0,Apartment,Semi_Furnished,East,Under_Construction,Small,1,: ,5517.0,0,0,0,0
3.0,5.0,7,7,11.0,0.4,1.0,1500.0,17.5462541,78.3725461,60.0,1,0,1,1,0,0,1,0,0,Apartment,Semi_Furnished,West,Under_Construction,Medium,1,: ,5466.0,0,0,0,0
2.0,5.0,7,7,12.0,0.4,1.0,1150.0,17.5455914,78.3729128,60.0,1,0,1,1,0,0,1,0,0,Apartment,Semi_Furnished,East,Under_Construction,Small,1,: ,5565.0,0,0,0,0
3.0,8.0,32,33,18.0,0.875,2.0,1660.0,17.349152,78.391046,,1,0,0,1,0,1,1,0,0,Apartment,Furnished,West,Under_Construction,Medium,2,Appa Junction ,8132.0,0,0,0,0
2.0,20.0,15,18,4.0,0.2,1.0,1134.0,17.357201,78.371351,2.0,1,0,1,1,0,0,1,0,0,Apartment,Furnished,East,0_5_yrs,Small,1,Appa Junction ,6613.0,0,0,0,0
4.0,3.0,27,28,11.0,0.5384615384615384,2.0,5500.0,17.395888,78.3322,7.0,1,0,0,1,0,1,1,0,0,Villa,Semi_Furnished,West,Under_Construction,XXL,2,Kokapet,19090.0,1,0,0,0
3.0,22.0,32,32,9.0,0.5454545454545454,2.0,2070.0,17.478221,78.312255,7.0,1,0,1,1,0,0,1,0,0,Apartment,Semi_Furnished,East,Resale_Very_Old,Large,2,Nallagandla,10144.0,0,0,0,0
4.0,3.0,27,27,15.0,0.5384615384615384,2.0,3223.0,17.465956,78.261911,14.0,1,0,1,1,0,0,1,0,0,Villa,Semi_Furnished,West,Resale_Very_Old,XL,2,Tellapur,17064.0,1,0,0,0
3.0,19.0,32,33,50.0,0.3684210526315789,1.0,1970.0,17.465885,78.311337,14.0,1,0,0,1,0,1,1,0,0,Apartment,Semi_Furnished,East,Under_Construction,Large,1,Nallagandla,12690.0,0,0,0,0
3.0,5.0,1,4,46.0,0.8,2.0,2750.0,17.4219344,78.4444485,14.0,1,0,0,1,0,1,1,0,0,Apartment,Furnished,West,Under_Construction,XL,2,: ,9454.0,0,0,0,0
4.0,3.0,27,27,15.0,0.5384615384615384,2.0,4467.0,17.4844239,78.3390345,21.0,1,0,1,1,0,1,1,0,0,Villa,Semi_Furnished,East,Resale_Very_Old,XL,2,Kondapur,20000.0,1,0,0,0
4.0,3.0,27,27,15.0,0.5384615384615384,2.0,4150.0,17.4648522,78.2616527,30.0,1,0,1,1,0,1,1,0,0,Villa,Semi_Furnished,East,Resale_Very_Old,XL,2,Tellapur,15662.0,1,0,0,0
4.0,3.0,27,27,3.0,0.5384615384615384,3.0,3667.0,17.43716,78.286303,30.0,1,0,1,1,0,0,1,0,0,Villa,Semi_Furnished,East,Resale_Very_Old,XL,3+,Osman Nagar,17998.0,1,0,0,0
3.0,2.0,17,19,17.0,0.5384615384615384,2.0,3200.0,17.4664197,78.285342,21.0,0,1,0,1,0,0,0,0,0,Villa,Semi_Furnished,NE,Resale_Old,XL,2,: ,8000.0,1,0,0,0
1.0,2.0,9,9,0.0,0.5384615384615384,1.0,5445.0,78.48667,17.38504,30.0,0,1,0,1,0,0,0,0,0,Farmhouse,Furnished,East,Resale_Old,XXL,1,: ,4132.0,1,0,0,0
3.0,2.0,11,13,0.0,0.5384615384615384,2.0,3200.0,17.443855,78.250431,30.0,0,1,0,1,0,0,0,0,0,Villa,Semi_Furnished,NE,Resale_Old,XL,2,: ,8000.0,1,0,0,0
3.0,2.0,13,15,0.0,0.5384615384615384,2.0,2500.0,17.443855,78.250431,30.0,0,1,0,1,0,0,0,0,0,Villa,Semi_Furnished,NE,Resale_Old,Large,2,: ,8000.0,1,0,0,0
3.0,9.0,17,17,0.0,0.5555555555555556,2.0,1720.0,17.443855,78.250431,30.0,0,1,0,1,0,0,1,0,0,Apartment,Semi_Furnished,East,Resale_Old,Medium,2,: ,5523.0,0,0,0,0
2.0,5.0,0,0,6.0,0.6,1.0,1069.0,17.529701,78.333031,2.0,1,0,0,1,0,0,1,0,0,Apartment,Furnished,Unknown,Resale_Very_Old,Small,1,: ,6080.0,0,0,0,0
2.0,5.0,0,0,6.0,0.2,1.0,1050.0,17.529701,78.333031,2.0,1,0,0,1,0,0,1,0,0,Apartment,Furnished,Unknown,Resale_Very_Old,Small,1,: ,6188.0,0,0,0,0
2.0,5.0,0,0,34.0,0.8,1.0,1069.0,17.5238479933976,78.3227692229911,2.0,1,0,0,1,0,0,1,0,0,Apartment,Furnished,Unknown,Resale_Very_Old,Small,1,: ,6075.0,0,0,0,0
2.0,5.0,0,0,34.0,0.6,1.0,1069.0,17.5238479933976,78.3227692229911,2.0,1,0,0,1,0,0,1,0,0,Apartment,Unfurnished,Unknown,Resale_Very_Old,Small,1,: ,6080.0,0,0,0,0
3.0,6.0,0,1,50.0,0.5,2.0,3000.0,17.4295317,78.41266,2.0,0,1,0,1,0,0,1,0,0,Apartment,Semi_Furnished,Unknown,Resale_Old,XL,2,: ,13333.0,0,0,0,0
3.0,6.0,4,5,50.0,0.5,2.0,3000.0,17.4295317,78.41266,2.0,0,1,0,1,0,0,1,0,0,Apartment,Semi_Furnished,Unknown,Resale_Old,XL,2,: ,13333.0,0,0,0,0
2.0,5.0,4,4,34.0,0.6,1.0,1065.0,17.5238479933976,78.3227692229911,2.0,1,0,0,1,0,0,1,0,0,Apartment,Furnished,Unknown,Resale_Very_Old,Small,1,: ,6103.0,0,0,0,0
2.0,5.0,4,4,34.0,0.4,1.0,1065.0,17.5238479933976,78.3227692229911,2.0,1,0,0,1,0,0,1,0,0,Apartment,Furnished,Unknown,Resale_Very_Old,Small,1,: ,6103.0,0,0,0,0
4.0,3.0,7,9,47.0,0.5384615384615384,2.0,1737.0,17.46843,78.40761,,1,0,0,1,0,0,1,0,0,Villa,Furnished,NE,0_5_yrs,Medium,2,Kukatpally,176165.0,1,0,0,0
2.0,5.0,8,8,34.0,0.2,2.0,1100.0,17.5238479933976,78.3227692229911,30.0,0,1,1,1,0,0,1,0,0,Apartment,Semi_Furnished,East,Resale_Old,Small,2,: ,5300.0,0,0,0,0
2.0,4.0,4,4,34.0,0.5,1.0,1150.0,17.5238479933976,78.3227692229911,30.0,0,1,1,1,0,0,1,0,0,Apartment,Semi_Furnished,East,Resale_Old,Small,1,: ,5478.0,0,0,0,0
4.0,2.0,5,7,6.0,0.5384615384615384,2.0,1530.0,17.5564,78.36389,14.0,1,0,0,1,0,0,1,0,0,Villa,Furnished,East,Resale_Very_Old,Medium,2,: ,83529.0,1,0,0,0
3.0,5.0,7,7,50.0,1.0,1.0,1665.0,17.4897803,78.3575296,14.0,1,0,0,1,0,0,1,1,0,Apartment,Semi_Furnished,West,Resale_Very_Old,Medium,1,: ,6006.0,0,0,0,0
3.0,5.0,7,7,11.0,1.0,2.0,1665.0,17.509181,78.3521088,14.0,1,0,1,1,0,0,1,1,0,Apartment,Semi_Furnished,West,Resale_Very_Old,Medium,2,: ,6606.0,0,0,0,0
2.0,8.0,7,9,50.0,1.0,1.0,1310.0,17.485091,78.3671565,21.0,0,1,0,1,0,0,1,1,0,Apartment,Semi_Furnished,East,Resale_Old,Medium,1,: ,6299.0,0,0,0,0
2.0,5.0,7,9,44.0,1.0,2.0,1215.0,17.435053,78.366264,28.0,1,0,0,1,0,1,1,1,0,Apartment,Semi_Furnished,East,Under_Construction,Medium,2,: ,4000.0,0,0,0,0
3.0,5.0,7,9,44.0,1.0,2.0,1350.0,17.435053,78.366264,28.0,1,0,0,1,0,1,1,1,0,Apartment,Semi_Furnished,East,Under_Construction,Medium,2,: ,5200.0,0,0,0,0
2.0,5.0,7,9,50.0,1.0,2.0,950.0,17.527554,78.42414,28.0,1,0,0,1,0,1,1,1,0,Apartment,Semi_Furnished,East,Under_Construction,Small,2,: ,5200.0,0,0,0,0
2.0,5.0,7,9,13.0,1.0,2.0,1205.0,17.466402,78.28256,30.0,1,0,0,1,0,1,1,1,0,Apartment,Semi_Furnished,East,Under_Construction,Medium,2,: ,5900.0,0,0,0,0
2.0,5.0,7,9,13.0,1.0,2.0,1125.0,17.466402,78.28256,30.0,1,0,0,1,0,1,1,1,0,Apartment,Semi_Furnished,East,Under_Construction,Small,2,: ,5900.0,0,0,0,0
2.0,5.0,7,9,50.0,1.0,2.0,1212.0,17.500656,78.420364,30.0,1,0,0,1,0,1,1,1,0,Apartment,Semi_Furnished,East,Under_Construction,Medium,2,: ,5900.0,0,0,0,0
2.0,5.0,7,9,50.0,1.0,1.0,1155.0,17.500656,78.420364,30.0,1,0,0,1,0,1,1,1,0,Apartment,Semi_Furnished,East,Under_Construction,Small,1,: ,6200.0,0,0,0,0
3.0,5.0,7,9,50.0,1.0,2.0,1415.0,17.500656,78.420364,30.0,1,0,0,1,0,1,1,1,0,Apartment,Semi_Furnished,East,Under_Construction,Medium,2,: ,6200.0,0,0,0,0
2.0,5.0,6,7,50.0,1.0,1.0,1190.0,17.500656,78.420364,30.0,1,0,0,1,0,1,1,1,0,Apartment,Semi_Furnished,North,Under_Construction,Small,1,: ,6200.0,0,0,0,0
3.0,4.0,5,7,49.0,1.0,2.0,1295.0,17.497484,78.408134,30.0,1,0,0,1,0,1,1,1,0,Apartment,Semi_Furnished,West,Under_Construction,Medium,2,: ,5868.0,0,0,0,0
3.0,5.0,5,5,49.0,1.0,2.0,1450.0,17.504227,78.331726,30.0,1,0,0,1,0,1,1,1,0,Apartment,Semi_Furnished,West,Under_Construction,Medium,2,: ,5100.0,0,0,0,0
2.0,5.0,6,6,49.0,1.0,2.0,1050.0,17.504227,78.331726,30.0,1,0,0,1,0,1,1,1,0,Apartment,Semi_Furnished,East,Under_Construction,Small,2,: ,5100.0,0,0,0,0
2.0,5.0,6,6,49.0,1.0,2.0,1100.0,17.504227,78.331726,30.0,1,0,0,1,0,1,1,1,0,Apartment,Semi_Furnished,East,Under_Construction,Small,2,: ,5100.0,0,0,0,0
3.0,2.0,26,28,0.0,0.5384615384615384,2.0,4342.0,17.443855,78.250431,30.0,0,1,0,1,0,0,1,0,0,Villa,Semi_Furnished,East,Resale_Old,XL,2,: ,9900.0,1,0,0,0
3.0,2.0,26,28,0.0,0.5384615384615384,2.0,4342.0,17.443855,78.250431,30.0,0,1,0,1,0,0,1,0,0,Villa,Semi_Furnished,East,Resale_Old,XL,2,: ,7500.0,1,0,0,0
3.0,2.0,24,26,0.0,0.5384615384615384,2.0,3739.0,17.443855,78.250431,30.0,0,1,0,1,0,0,1,0,0,Villa,Semi_Furnished,East,Resale_Old,XL,2,: ,9900.0,1,0,0,0
3.0,2.0,22,24,0.0,0.5384615384615384,2.0,3739.0,17.443855,78.250431,30.0,0,1,0,1,0,0,1,0,0,Villa,Semi_Furnished,East,Resale_Old,XL,2,: ,7500.0,1,0,0,0
3.0,15.0,7,9,17.0,1.0,2.0,1804.0,17.311940823733476,78.47302608769566,30.0,0,1,0,1,0,0,1,1,0,Apartment,Semi_Furnished,East,Resale_Old,Large,2,: ,6100.0,0,0,0,0
2.0,15.0,7,9,17.0,1.0,2.0,1193.0,17.311940823733476,78.47302608769566,30.0,0,1,0,1,0,0,1,1,0,Apartment,Semi_Furnished,East,Resale_Old,Small,2,: ,6100.0,0,0,0,0
3.0,17.0,8,10,50.0,1.0,2.0,1455.0,17.509181,78.3521088,30.0,0,1,0,1,0,0,1,1,0,Apartment,Semi_Furnished,East,Resale_Old,Medium,2,: ,6399.0,0,0,0,0
2.0,17.0,8,10,50.0,1.0,2.0,1240.0,17.509181,78.3521088,30.0,0,1,0,1,0,0,1,1,0,Apartment,Semi_Furnished,East,Resale_Old,Medium,2,: ,6399.0,0,0,0,0
2.0,17.0,8,10,50.0,1.0,2.0,1215.0,17.509181,78.3521088,30.0,0,1,0,1,0,0,1,1,0,Apartment,Semi_Furnished,East,Resale_Old,Medium,2,: ,6399.0,0,0,0,0
3.0,15.0,4,4,15.0,0.0666666666666666,2.0,1360.0,17.4609913,78.3532083,30.0,1,0,0,1,0,0,1,0,0,Apartment,Semi_Furnished,East,Under_Construction,Medium,2,: ,11617.0,0,0,0,0
3.0,14.0,8,10,50.0,1.0,2.0,1175.0,17.509181,78.3521088,30.0,0,1,0,1,0,0,1,1,0,Apartment,Semi_Furnished,East,Resale_Old,Small,2,: ,6299.0,0,0,0,0
2.0,5.0,5,7,10.0,1.0,1.0,1050.0,17.5468498,78.3650231,7.0,0,1,0,1,0,0,1,1,0,Apartment,Semi_Furnished,North,Resale_Old,Small,1,: ,4700.0,0,0,0,0
2.0,5.0,5,7,10.0,1.0,2.0,1100.0,17.5468498,78.3650231,7.0,0,1,0,1,0,0,1,1,0,Apartment,Semi_Furnished,East,Resale_Old,Small,2,: ,4900.0,0,0,0,0
2.0,2.0,7,9,2.0,0.5384615384615384,2.0,2050.0,17.58074372545,78.207685730403,30.0,0,1,0,1,0,0,0,0,0,Villa,Semi_Furnished,East,Resale_Old,Large,2,: ,5000.0,1,0,0,0
2.0,2.0,8,10,2.0,0.5384615384615384,2.0,2050.0,17.58074372545,78.207685730403,30.0,0,1,0,1,0,0,0,0,0,Villa,Semi_Furnished,East,Resale_Old,Large,2,: ,4500.0,1,0,0,0
4.0,35.0,7,9,10.0,0.2,2.0,4155.0,17.4066129,78.3941767,7.0,0,1,1,1,0,0,1,0,0,Apartment,Semi_Furnished,West,Resale_Old,XL,2,: ,19256.0,0,0,0,0
2.0,1.0,0,1,1.0,0.5384615384615384,1.0,1620.0,17.442196,78.280067,120.0,1,0,0,1,0,0,0,0,0,Villa,Semi_Furnished,West,Under_Construction,Medium,1,: ,91666.0,1,0,0,0
4.0,1.0,1,1,36.0,0.5384615384615384,2.0,1350.0,17.397512,78.61494,30.0,1,0,0,1,0,1,0,0,0,Villa,Semi_Furnished,East,Under_Construction,Medium,2,: ,80000.0,1,0,0,0
3.0,22.0,13,13,0.0,0.5454545454545454,1.0,2061.0,78.48667,17.38504,30.0,0,1,0,1,0,0,1,0,0,Apartment,Semi_Furnished,Unknown,Resale_Old,Large,1,: ,6200.0,0,0,0,0
3.0,10.0,8,10,12.0,0.6,2.0,2235.0,17.4609913,78.3532083,7.0,1,0,1,1,0,0,1,0,0,Apartment,Semi_Furnished,West,Resale_Very_Old,Large,2,: ,7900.0,0,0,0,0
2.0,5.0,3,5,49.0,0.4,0.0,1050.0,17.4609913,78.3532083,7.0,1,0,0,1,0,0,1,0,0,Apartment,Semi_Furnished,East,Resale_Very_Old,Small,Unknown,: ,6700.0,0,0,0,0
3.0,8.0,7,7,0.0,0.625,2.0,1885.0,17.443855,78.250431,7.0,0,1,0,1,0,0,1,0,0,Apartment,Semi_Furnished,East,Resale_Old,Large,2,: ,5299.0,0,0,0,0
3.0,5.0,3,4,49.0,0.4,2.0,1615.0,17.4609913,78.3532083,7.0,1,0,0,1,0,0,1,0,0,Apartment,Semi_Furnished,North,Resale_Very_Old,Medium,2,: ,6699.0,0,0,0,0
3.0,5.0,8,10,50.0,0.8,2.0,2509.0,17.4011618,78.37569,7.0,1,0,0,1,0,0,1,0,0,Apartment,Furnished,West,Resale_Very_Old,XL,2,: ,8700.0,0,0,0,0
3.0,5.0,4,8,50.0,0.8,2.0,1250.0,17.4011618,78.37569,14.0,1,0,0,1,0,0,1,0,0,Apartment,Furnished,West,Under_Construction,Medium,2,: ,6000.0,0,0,0,0
2.0,5.0,6,7,50.0,1.0,2.0,1280.0,17.4011618,78.37569,14.0,1,0,0,1,0,0,1,1,0,Apartment,Furnished,East,Under_Construction,Medium,2,: ,7000.0,0,0,0,0
3.0,5.0,6,9,50.0,0.2,3.0,1485.0,17.4011618,78.37569,14.0,1,0,0,1,0,0,1,0,0,Apartment,Furnished,West,0_5_yrs,Medium,3+,: ,5750.0,0,0,0,0
3.0,20.0,21,24,49.0,0.3,2.0,2198.0,17.412891,78.399847,14.0,1,0,0,1,0,1,1,0,0,Apartment,Furnished,East,0_5_yrs,Large,2,: ,11000.0,0,0,0,0
3.0,4.0,5,9,50.0,0.25,1.0,3315.0,17.4295317,78.41266,14.0,1,0,0,1,0,0,1,0,0,Apartment,Furnished,North,0_5_yrs,XL,1,: ,12500.0,0,0,0,0
3.0,5.0,8,10,47.0,0.2,2.0,1730.0,17.4359437,78.3416731,14.0,1,0,0,1,0,0,1,0,0,Apartment,Furnished,West,0_5_yrs,Medium,2,: ,8600.0,0,0,0,0
3.0,5.0,5,6,49.0,0.2,2.0,2323.0,17.423529,78.45261,14.0,1,0,1,1,0,1,1,0,0,Apartment,Semi_Furnished,South,Under_Construction,Large,2,: ,9500.0,0,0,0,0
3.0,5.0,5,6,49.0,0.2,2.0,2255.0,17.423489,78.45231,14.0,1,0,1,1,0,1,1,0,0,Apartment,Semi_Furnished,North,Under_Construction,Large,2,: ,10997.0,0,0,0,0
4.0,3.0,10,10,0.0,0.5384615384615384,4.0,1800.0,17.233562897673416,78.54189608906688,14.0,0,1,0,1,0,0,0,0,0,Villa,Semi_Furnished,East,Resale_Old,Medium,3+,: ,38500.0,1,0,0,0
2.0,5.0,4,7,49.0,0.4,1.0,1132.0,17.4609913,78.3532083,14.0,1,0,0,1,0,0,1,0,0,Apartment,Semi_Furnished,East,Resale_Very_Old,Small,1,: ,6700.0,0,0,0,0
3.0,5.0,5,6,49.0,0.4,2.0,1540.0,17.4609913,78.3532083,14.0,1,0,0,1,0,0,1,0,0,Apartment,Semi_Furnished,North,Resale_Very_Old,Medium,2,: ,6700.0,0,0,0,0
3.0,16.0,7,8,48.0,0.375,3.0,2158.0,17.46432,78.37295,21.0,1,0,0,1,0,0,1,0,0,Apartment,Semi_Furnished,East,Under_Construction,Large,3+,: ,10611.0,0,0,0,0
3.0,2.0,8,10,1.0,0.5384615384615384,2.0,183.0,17.492871,78.239079,21.0,1,0,0,1,0,0,1,0,0,Villa,Semi_Furnished,East,Resale_Very_Old,Micro,2,: ,125683.0,1,0,0,0
2.0,5.0,7,7,50.0,0.2,1.0,1345.0,17.3130765,78.5632461,28.0,1,0,0,1,0,0,1,0,0,Apartment,Furnished,West,Resale_Very_Old,Medium,1,: ,7000.0,0,0,0,0
3.0,5.0,7,7,48.0,0.2,1.0,1515.0,17.3561,78.5333,28.0,1,0,0,1,0,0,1,0,0,Apartment,Furnished,East,Resale_Very_Old,Medium,1,: ,7000.0,0,0,0,0
3.0,5.0,8,8,50.0,0.2,1.0,1515.0,17.4018092,78.5601892,28.0,1,0,0,1,0,0,1,0,0,Apartment,Furnished,East,Resale_Very_Old,Medium,1,: ,7000.0,0,0,0,0
2.0,5.0,5,5,49.0,0.4,1.0,1345.0,17.3638489,78.5348507,28.0,1,0,0,1,0,0,1,0,0,Apartment,Furnished,West,Resale_Very_Old,Medium,1,: ,7000.0,0,0,0,0
2.0,5.0,7,7,50.0,0.4,1.0,1345.0,17.3253751,78.574602,28.0,1,0,0,1,0,0,1,0,0,Apartment,Furnished,West,Resale_Very_Old,Medium,1,: ,7000.0,0,0,0,0
3.0,5.0,9,9,49.0,0.2,1.0,1515.0,17.3464806,78.5509583,28.0,1,0,0,1,0,0,1,0,0,Apartment,Furnished,East,Resale_Very_Old,Medium,1,: ,7000.0,0,0,0,0
2.0,5.0,7,7,49.0,0.2,1.0,1345.0,17.3446823,78.5522626,28.0,1,0,1,1,0,0,1,0,0,Apartment,Furnished,West,Resale_Very_Old,Medium,1,: ,7000.0,0,0,0,0
3.0,12.0,9,10,1.0,0.5,2.0,1700.0,17.442196,78.280067,30.0,0,1,0,1,0,0,1,0,0,Apartment,Semi_Furnished,East,Resale_Old,Medium,2,: ,4705.0,0,0,0,0
3.0,5.0,11,12,46.0,0.2,1.0,1608.0,17.5052305,78.5561374,30.0,1,0,0,1,0,0,1,0,0,Apartment,Semi_Furnished,East,Resale_Very_Old,Medium,1,: ,4700.0,0,0,0,0
2.0,5.0,8,8,46.0,0.6,2.0,1200.0,17.5052148,78.5561571,30.0,1,0,0,1,0,0,1,0,0,Apartment,Semi_Furnished,NE,Resale_Very_Old,Small,2,: ,4916.0,0,0,0,0
3.0,5.0,8,8,50.0,0.6,2.0,1400.0,17.492542,78.44098,30.0,1,0,0,1,0,0,1,0,0,Apartment,Semi_Furnished,West,Resale_Very_Old,Medium,2,: ,5357.0,0,0,0,0
2.0,6.0,10,10,50.0,0.3333333333333333,1.0,1226.0,17.492542,78.44098,30.0,1,0,0,1,0,0,1,0,0,Apartment,Semi_Furnished,East,Resale_Very_Old,Medium,1,: ,5000.0,0,0,0,0
2.0,5.0,5,5,49.0,0.6,1.0,1170.0,17.4609913,78.3532083,30.0,1,0,0,1,0,0,1,0,0,Apartment,Semi_Furnished,East,Resale_Very_Old,Small,1,: ,6410.0,0,0,0,0
2.0,13.0,7,7,15.0,0.4615384615384615,2.0,1330.0,17.4478104,78.5263305,30.0,1,0,1,1,0,0,1,0,0,Apartment,Furnished,East,Resale_Very_Old,Medium,2,: ,8911.0,0,0,0,0
3.0,3.0,8,9,17.0,0.5384615384615384,3.0,2986.0,17.4664197,78.285342,30.0,1,0,1,1,0,0,1,0,0,Villa,Furnished,East,Resale_Very_Old,XL,3+,: ,14065.0,1,0,0,0
5.0,2.0,8,8,17.0,0.5384615384615384,4.0,7000.0,17.4664197,78.285342,30.0,1,0,1,1,0,0,1,0,0,Villa,Furnished,West,Resale_Very_Old,XXL,3+,: ,22857.0,1,0,0,0
3.0,5.0,11,11,49.0,0.4,2.0,1850.0,17.4609913,78.3532083,30.0,1,0,0,1,0,0,1,0,0,Apartment,Semi_Furnished,North,Resale_Very_Old,Large,2,: ,7027.0,0,0,0,0
3.0,5.0,12,12,49.0,0.6,2.0,1670.0,17.4609913,78.3532083,60.0,1,0,0,1,0,0,1,0,0,Apartment,Semi_Furnished,East,Resale_Very_Old,Medium,2,: ,6886.0,0,0,0,0
2.0,35.0,20,22,30.0,0.2857142857142857,1.0,1283.0,17.413533637872785,78.33906915038824,4.0,1,0,0,1,0,1,1,0,0,Apartment,Semi_Furnished,East,Under_Construction,Medium,1,: ,15542.0,0,0,0,0
4.0,35.0,8,10,50.0,0.3428571428571428,2.0,4070.0,17.46793,78.34858,7.0,1,0,0,1,0,1,1,0,0,Apartment,Semi_Furnished,East,Under_Construction,XL,2,: ,11000.0,0,0,0,0
4.0,35.0,30,32,50.0,0.5714285714285714,2.0,4060.0,17.46793,78.34858,7.0,1,0,0,1,0,1,1,0,0,Apartment,Semi_Furnished,East,Under_Construction,XL,2,: ,11054.0,0,0,0,0
3.0,36.0,28,31,13.0,0.8888888888888888,2.0,2595.0,17.430915,78.37728,14.0,1,0,0,1,0,1,1,0,0,Apartment,Furnished,East,Under_Construction,XL,2,: ,24347.0,0,0,0,0
4.0,34.0,31,33,10.0,0.5588235294117647,2.0,2729.0,17.4359437,78.3416731,21.0,1,0,1,1,0,1,1,0,0,Apartment,Semi_Furnished,East,Under_Construction,XL,2,: ,14358.0,0,0,0,0
4.0,35.0,29,31,10.0,0.4857142857142857,3.0,2848.0,17.41341,78.339447,21.0,1,0,1,1,0,1,1,0,0,Apartment,Semi_Furnished,East,Under_Construction,XL,3+,: ,10003.0,0,0,0,0
3.0,31.0,31,33,15.0,0.967741935483871,1.0,1600.0,17.427164,78.44375,30.0,1,0,0,1,0,0,1,0,0,Apartment,Semi_Furnished,East,Under_Construction,Medium,1,: ,12812.0,0,0,0,0
2.0,31.0,30,33,12.0,0.1612903225806451,1.0,1314.0,17.399452,78.36364,60.0,1,0,0,1,0,0,1,0,0,Apartment,Furnished,East,Under_Construction,Medium,1,: ,10806.0,0,0,0,0
2.0,4.0,5,5,50.0,0.5,1.0,900.0,17.5090182,78.3001801,,1,0,0,1,0,0,1,0,0,Apartment,Semi_Furnished,Unknown,Resale_Very_Old,Small,1,: ,4000.0,0,0,0,0
2.0,4.0,6,8,50.0,0.5,1.0,1150.0,17.5090182,78.3001801,,1,0,0,1,0,0,1,0,0,Apartment,Semi_Furnished,East,Resale_Very_Old,Small,1,: ,3913.0,0,0,0,0
3.0,12.0,26,26,50.0,0.5,3.0,1685.0,17.4011618,78.37569,6.0,0,1,0,1,0,0,1,0,0,Apartment,Semi_Furnished,East,Resale_Old,Medium,3+,: ,8000.0,0,0,0,0
4.0,40.0,27,27,25.0,0.925,3.0,4200.0,17.3923634,78.3621784,7.0,0,1,0,1,0,0,1,0,0,Apartment,Semi_Furnished,West,Resale_Old,XL,3+,: ,6309.0,0,0,0,0
4.0,40.0,28,28,25.0,0.45,3.0,3600.0,17.3923634,78.3621784,7.0,0,1,0,1,0,0,1,0,0,Apartment,Semi_Furnished,West,Resale_Old,XL,3+,: ,6388.0,0,0,0,0
3.0,43.0,24,24,50.0,0.4883720930232558,3.0,2020.0,17.4011618,78.37569,30.0,0,1,0,1,0,0,1,0,0,Apartment,Semi_Furnished,East,Resale_Old,Large,3+,: ,7250.0,0,0,0,0
3.0,43.0,19,19,47.0,0.4651162790697674,3.0,2020.0,17.4359437,78.3416731,30.0,0,1,0,1,0,0,1,0,0,Apartment,Semi_Furnished,West,Resale_Old,Large,3+,: ,7250.0,0,0,0,0
3.0,43.0,25,25,50.0,0.3255813953488372,3.0,1695.0,17.3973794,78.3856447,30.0,0,1,0,1,0,0,1,0,0,Apartment,Semi_Furnished,West,Resale_Old,Medium,3+,: ,6950.0,0,0,0,0
3.0,43.0,21,21,50.0,0.1627906976744186,3.0,1660.0,17.3973794,78.3856447,30.0,0,1,0,1,0,0,1,0,0,Apartment,Semi_Furnished,West,Resale_Old,Medium,3+,: ,6950.0,0,0,0,0
3.0,12.0,22,22,6.0,0.6666666666666666,3.0,1840.0,17.529701,78.333031,30.0,0,1,0,1,0,0,1,0,0,Apartment,Semi_Furnished,East,Resale_Old,Large,3+,: ,5850.0,0,0,0,0
6.0,3.0,3,5,35.0,0.5384615384615384,4.0,2403.0,17.5256027,78.3055263,30.0,1,0,0,1,0,1,1,0,0,Villa,Semi_Furnished,East,Resale_Very_Old,Large,3+,: ,131086.0,1,0,0,0
3.0,16.0,23,23,0.0,0.5625,3.0,1440.0,17.443855,78.250431,30.0,0,1,0,1,0,0,1,0,0,Apartment,Semi_Furnished,East,Resale_Old,Medium,3+,: ,4999.0,0,0,0,0
5.0,3.0,4,6,34.0,0.5384615384615384,3.0,2097.0,17.5254143,78.3063147,30.0,1,0,0,1,0,1,1,0,0,Villa,Semi_Furnished,East,Resale_Very_Old,Large,3+,: ,128755.0,1,0,0,0
3.0,15.0,8,8,49.0,0.6666666666666666,3.0,2245.0,17.38504,78.48667,,0,1,0,1,0,0,1,0,0,Apartment,Unfurnished,East,Resale_Old,Large,3+,: ,4000.0,0,0,0,0
2.0,15.0,7,8,11.0,0.2666666666666666,1.0,1210.0,17.4219,78.63155,,0,1,0,1,0,0,1,0,0,Apartment,Semi_Furnished,East,Resale_Old,Medium,1,: ,3966.0,0,0,0,0
2.0,15.0,6,6,11.0,0.2666666666666666,2.0,1210.0,17.4219,78.63155,,0,1,0,1,0,0,1,0,0,Apartment,Semi_Furnished,East,Resale_Old,Medium,2,: ,4000.0,0,0,0,0
3.0,6.0,5,6,15.0,0.5,2.0,1545.0,17.4876857,78.5483395,,1,0,1,1,0,0,1,0,0,Apartment,Semi_Furnished,East,Resale_Very_Old,Medium,2,: ,5499.0,0,0,0,0
2.0,6.0,5,6,15.0,0.1666666666666666,1.0,1207.0,17.4876857,78.5483395,,1,0,1,1,0,0,1,0,0,Apartment,Semi_Furnished,East,Resale_Very_Old,Medium,1,: ,5499.0,0,0,0,0
3.0,6.0,7,7,15.0,0.6666666666666666,2.0,1583.0,17.4876857,78.5483395,,1,0,1,1,0,0,1,0,0,Apartment,Unfurnished,West,Resale_Very_Old,Medium,2,: ,5500.0,0,0,0,0
2.0,6.0,7,7,15.0,0.3333333333333333,2.0,1256.0,17.4876857,78.5483395,,1,0,1,1,0,0,1,0,0,Apartment,Unfurnished,East,Resale_Very_Old,Medium,2,: ,5500.0,0,0,0,0
2.0,7.0,21,21,2.0,0.4285714285714285,1.0,1245.0,17.557546,78.557555,30.0,0,1,0,1,0,0,1,0,0,Apartment,Semi_Furnished,East,Resale_Old,Medium,1,: ,4199.0,0,0,0,0
2.0,7.0,24,24,50.0,0.1428571428571428,1.0,1337.0,17.4930942,78.5036065,30.0,0,1,0,1,0,0,1,0,0,Apartment,Semi_Furnished,East,Resale_Old,Medium,1,: ,4113.0,0,0,0,0
3.0,12.0,23,23,50.0,0.75,1.0,1717.0,17.526544,78.265008,14.0,0,1,0,1,0,0,1,0,0,Apartment,Semi_Furnished,East,Resale_Old,Medium,1,: ,4764.0,0,0,0,0
3.0,7.0,15,17,0.0,0.5714285714285714,1.0,1335.0,78.48667,17.38504,7.0,0,1,0,1,0,0,1,0,0,Apartment,Unfurnished,East,Resale_Old,Medium,1,: ,7490.0,0,0,0,0
3.0,5.0,14,16,26.0,0.6,1.0,1675.0,17.40223,78.3444,7.0,0,1,0,1,0,0,1,0,0,Apartment,Semi_Furnished,East,Resale_Old,Medium,1,: ,6925.0,0,0,0,0
3.0,10.0,8,8,50.0,0.1,1.0,1430.0,17.47078,78.30668,21.0,1,0,0,1,0,0,1,0,0,Apartment,Furnished,West,0_5_yrs,Medium,1,: ,8741.0,0,0,0,0
4.0,45.0,18,20,47.0,0.6666666666666666,2.0,5430.0,17.4359437,78.3416731,21.0,0,1,0,1,0,0,1,0,0,Apartment,Semi_Furnished,East,Resale_Old,XXL,2,: ,12488.0,0,0,0,0
4.0,3.0,13,14,3.0,0.5384615384615384,4.0,5400.0,17.20869,78.47603,21.0,0,1,0,1,0,0,1,0,0,Villa,Semi_Furnished,East,Resale_Old,XXL,3+,: ,10000.0,1,0,0,0
3.0,40.0,16,17,1.0,0.5,1.0,1670.0,17.366347,78.348441,21.0,0,1,0,1,0,0,1,0,0,Apartment,Semi_Furnished,East,Resale_Old,Medium,1,: ,8999.0,0,0,0,0
4.0,3.0,12,12,3.0,0.5384615384615384,4.0,5400.0,17.20869,78.47603,28.0,0,1,0,1,0,0,1,0,0,Villa,Semi_Furnished,East,Resale_Old,XXL,3+,: ,10185.0,1,0,0,0
2.0,35.0,30,33,10.0,0.0285714285714285,1.0,1283.0,17.4359437,78.3416731,2.0,1,0,1,1,0,0,1,0,0,Apartment,Furnished,East,Under_Construction,Medium,1,: ,11457.0,0,0,0,0
4.0,35.0,8,10,10.0,0.5714285714285714,3.0,2848.0,17.413693912867863,78.33948254585266,3.0,1,0,1,1,0,1,1,0,0,Apartment,Semi_Furnished,East,0_5_yrs,XL,3+,: ,10884.0,0,0,0,0
3.0,12.0,8,8,15.0,0.4166666666666667,1.0,1517.0,17.39261766469185,78.3229111880064,3.0,1,0,1,1,0,1,1,0,0,Apartment,Semi_Furnished,East,Under_Construction,Medium,1,: ,8584.0,0,0,0,0
3.0,12.0,7,8,15.0,0.5,1.0,1516.0,17.393171811912758,78.32292560487986,3.0,1,0,1,1,0,1,1,0,0,Apartment,Semi_Furnished,Unknown,Under_Construction,Medium,1,: ,8576.0,0,0,0,0
3.0,31.0,31,34,15.0,0.4838709677419355,1.0,1600.0,17.42278,78.34724,4.0,1,0,0,1,0,0,1,0,0,Apartment,Furnished,North,0_5_yrs,Medium,1,: ,11250.0,0,0,0,0
2.0,35.0,31,33,4.0,0.9142857142857144,1.0,1283.0,17.261827,78.54463,7.0,1,0,0,1,0,1,1,0,0,Apartment,Semi_Furnished,East,Under_Construction,Medium,1,: ,11000.0,0,0,0,0
3.0,35.0,30,32,4.0,0.6571428571428571,1.0,1742.0,17.261827,78.54463,7.0,1,0,0,1,0,1,1,0,0,Apartment,Semi_Furnished,East,Under_Construction,Medium,1,: ,11000.0,0,0,0,0
3.0,12.0,7,7,15.0,0.3333333333333333,1.0,1518.0,17.40223,78.3444,7.0,1,0,1,1,0,1,1,0,0,Apartment,Semi_Furnished,North,Under_Construction,Medium,1,: ,8563.0,0,0,0,0
2.0,12.0,6,7,15.0,0.3333333333333333,1.0,1515.0,17.469858,78.35783,7.0,1,0,1,1,0,1,1,0,0,Apartment,Semi_Furnished,West,Under_Construction,Medium,1,: ,8646.0,0,0,0,0
3.0,12.0,7,8,15.0,0.5833333333333334,1.0,1515.0,17.40223,78.3444,7.0,1,0,1,1,0,1,1,0,0,Apartment,Semi_Furnished,NW,Under_Construction,Medium,1,: ,8581.0,0,0,0,0
4.0,35.0,8,10,4.0,0.1714285714285714,2.0,4070.0,17.26192,78.54463,7.0,1,0,0,1,0,1,1,0,0,Apartment,Semi_Furnished,North,Under_Construction,XL,2,: ,11000.0,0,0,0,0
4.0,35.0,3,5,4.0,0.4,3.0,2713.0,17.26192,78.54463,7.0,1,0,0,1,0,1,1,0,0,Apartment,Semi_Furnished,East,Under_Construction,XL,3+,: ,11000.0,0,0,0,0
4.0,35.0,31,33,49.0,0.2857142857142857,3.0,2848.0,17.467455,78.34756,7.0,1,0,0,1,0,1,1,0,0,Apartment,Semi_Furnished,East,Under_Construction,XL,3+,: ,11000.0,0,0,0,0
3.0,31.0,8,11,15.0,0.967741935483871,1.0,1745.0,17.42278,78.34724,14.0,1,0,0,1,0,1,1,0,0,Apartment,Furnished,East,Under_Construction,Medium,1,: ,10888.0,0,0,0,0
2.0,14.0,28,28,37.0,0.2142857142857142,2.0,1320.0,17.538237,78.480804,2.0,0,1,0,1,0,0,1,0,0,Apartment,Semi_Furnished,East,Resale_Old,Medium,2,: ,4195.0,0,0,0,0
2.0,10.0,8,8,50.0,0.9,2.0,2760.0,17.4011618,78.37569,30.0,0,1,0,1,0,0,1,0,0,Apartment,Semi_Furnished,East,Resale_Old,XL,2,: ,6700.0,0,0,0,0
2.0,10.0,8,8,49.0,0.8,2.0,1290.0,17.38504,78.48667,30.0,0,1,0,1,0,0,1,0,0,Apartment,Semi_Furnished,Unknown,Resale_Old,Medium,2,: ,6472.0,0,0,0,0
3.0,10.0,8,8,15.0,0.7,2.0,1960.0,17.3923634,78.3621784,30.0,1,0,1,1,0,0,1,0,0,Apartment,Semi_Furnished,East,Resale_Very_Old,Large,2,: ,6632.0,0,0,0,0
2.0,10.0,8,8,50.0,0.9,1.0,1250.0,17.5203424,78.3970205,30.0,1,0,0,1,0,0,1,0,0,Apartment,Semi_Furnished,East,Resale_Very_Old,Medium,1,: ,5500.0,0,0,0,0
2.0,5.0,8,8,10.0,1.0,1.0,1290.0,17.5468498,78.3650231,30.0,0,1,1,1,0,0,1,1,0,Apartment,Semi_Furnished,East,Resale_Old,Medium,1,: ,3992.0,0,0,0,0
3.0,3.0,8,9,8.0,0.5384615384615384,1.0,2895.0,17.443855,78.250431,30.0,0,1,1,1,0,0,1,0,0,Villa,Semi_Furnished,East,Resale_Old,XL,1,: ,7979.0,1,0,0,0
3.0,15.0,8,8,0.0,0.8,2.0,1200.0,17.443855,78.250431,30.0,0,1,0,1,0,0,1,0,0,Apartment,Semi_Furnished,East,Resale_Old,Small,2,: ,3875.0,0,0,0,0
3.0,43.0,8,8,50.0,0.5116279069767442,2.0,2020.0,17.4011618,78.37569,30.0,0,1,0,1,0,0,1,0,0,Apartment,Semi_Furnished,East,Resale_Old,Large,2,: ,4356.0,0,0,0,0
2.0,43.0,8,8,50.0,0.4651162790697674,2.0,1695.0,17.4011618,78.37569,30.0,0,1,0,1,0,0,1,0,0,Apartment,Semi_Furnished,East,Resale_Old,Medium,2,: ,5500.0,0,0,0,0
3.0,43.0,8,8,50.0,0.4651162790697674,2.0,2020.0,17.3973794,78.3856447,30.0,0,1,0,1,0,0,1,0,0,Apartment,Semi_Furnished,West,Resale_Old,Large,2,: ,5500.0,0,0,0,0
3.0,15.0,8,8,0.0,0.8,2.0,1800.0,17.443855,78.250431,30.0,0,1,0,1,0,0,1,0,0,Apartment,Semi_Furnished,East,Resale_Old,Medium,2,: ,3888.0,0,0,0,0
3.0,12.0,8,8,15.0,0.8333333333333334,2.0,1525.0,17.4609913,78.3532083,30.0,0,1,1,1,0,0,1,0,0,Apartment,Semi_Furnished,East,Resale_Old,Medium,2,: ,8000.0,0,0,0,0
3.0,10.0,8,8,15.0,0.9,2.0,2140.0,17.40223,78.3444,30.0,0,1,1,1,0,0,1,0,0,Apartment,Semi_Furnished,North,Resale_Old,Large,2,: ,6588.0,0,0,0,0
3.0,10.0,8,8,15.0,0.7,2.0,2010.0,17.40223,78.3444,30.0,1,0,1,1,0,0,1,0,0,Apartment,Semi_Furnished,East,Resale_Very_Old,Large,2,: ,6567.0,0,0,0,0
3.0,10.0,8,8,50.0,0.9,1.0,2010.0,17.4011618,78.37569,30.0,0,1,0,1,0,0,1,0,0,Apartment,Semi_Furnished,East,Resale_Old,Large,1,: ,7263.0,0,0,0,0
2.0,10.0,7,7,46.0,0.9,1.0,1570.0,17.4151333,78.3631194,30.0,0,1,0,1,0,0,1,0,0,Apartment,Semi_Furnished,North,Resale_Old,Medium,1,: ,7229.0,0,0,0,0
2.0,10.0,8,8,48.0,0.7,1.0,1570.0,17.41214,78.36431,30.0,0,1,0,1,0,0,1,0,0,Apartment,Semi_Furnished,North,Resale_Old,Medium,1,: ,7133.0,0,0,0,0
2.0,9.0,8,8,4.0,0.6666666666666666,1.0,1290.0,17.47078,78.30668,30.0,0,1,1,1,0,0,1,0,0,Apartment,Semi_Furnished,East,Resale_Old,Medium,1,: ,6472.0,0,0,0,0
3.0,13.0,8,8,47.0,0.7692307692307693,2.0,1971.0,17.4359437,78.3416731,30.0,0,1,0,1,0,0,1,0,0,Apartment,Semi_Furnished,East,Resale_Old,Large,2,: ,5783.0,0,0,0,0
2.0,13.0,8,8,47.0,0.8461538461538461,1.0,1258.0,17.4359437,78.3416731,30.0,0,1,0,1,0,0,1,0,0,Apartment,Semi_Furnished,East,Resale_Old,Medium,1,: ,5799.0,0,0,0,0
3.0,9.0,8,8,4.0,0.7777777777777778,2.0,1890.0,17.4359437,78.3416731,30.0,0,1,1,1,0,0,1,0,0,Apartment,Semi_Furnished,East,Resale_Old,Large,2,: ,6455.0,0,0,0,0
3.0,13.0,8,8,50.0,0.8461538461538461,1.0,1471.0,17.47078,78.30668,30.0,0,1,0,1,0,0,1,0,0,Apartment,Semi_Furnished,East,Resale_Old,Medium,1,: ,5799.0,0,0,0,0
2.0,13.0,8,8,47.0,0.7692307692307693,1.0,1258.0,17.4359437,78.3416731,30.0,0,1,0,1,0,0,1,0,0,Apartment,Semi_Furnished,North,Resale_Old,Medium,1,: ,5763.0,0,0,0,0
3.0,5.0,8,8,6.0,0.8,1.0,1400.0,17.5564,78.36389,30.0,0,1,1,1,0,0,1,0,0,Apartment,Semi_Furnished,East,Resale_Old,Medium,1,: ,4000.0,0,0,0,0
3.0,43.0,8,8,46.0,0.4186046511627907,2.0,2020.0,17.4151333,78.3631194,30.0,0,1,0,1,0,0,1,0,0,Apartment,Semi_Furnished,East,Resale_Old,Large,2,: ,5445.0,0,0,0,0
3.0,43.0,8,8,50.0,0.9302325581395348,2.0,2020.0,17.3973794,78.3856447,30.0,0,1,0,1,0,0,1,0,0,Apartment,Semi_Furnished,East,Resale_Old,Large,2,: ,5445.0,0,0,0,0
2.0,9.0,8,8,4.0,1.0,1.0,1290.0,17.4359437,78.3416731,30.0,0,1,1,1,0,0,1,1,0,Apartment,Semi_Furnished,East,Resale_Old,Medium,1,: ,6472.0,0,0,0,0
3.0,16.0,8,8,17.0,0.6875,1.0,1471.0,17.4664197,78.285342,30.0,0,1,0,1,0,0,1,0,0,Apartment,Semi_Furnished,East,Resale_Old,Medium,1,: ,5799.0,0,0,0,0
3.0,2.0,7,7,46.0,0.5384615384615384,1.0,150.0,17.5330867548758,78.2682745858627,30.0,0,1,0,1,0,0,1,0,0,Villa,Semi_Furnished,East,Resale_Old,Micro,1,: ,57000.0,1,0,0,0
3.0,10.0,8,8,50.0,0.4,2.0,1705.0,17.4011618,78.37569,30.0,0,1,0,1,0,0,1,0,0,Apartment,Semi_Furnished,West,Resale_Old,Medium,Unknown,: ,6639.0,0,1,1,0
3.0,10.0,8,8,26.0,0.7,2.0,2000.0,17.40223,78.3444,30.0,1,0,0,1,0,0,1,0,0,Apartment,Semi_Furnished,West,Resale_Very_Old,Large,2,: ,6600.0,0,0,0,0
2.0,16.0,8,8,17.0,0.375,1.0,1250.0,17.4664197,78.285342,30.0,0,1,0,1,0,0,1,0,0,Apartment,Semi_Furnished,East,Resale_Old,Medium,1,: ,5760.0,0,0,0,0
3.0,10.0,8,8,46.0,0.7,2.0,1730.0,17.4151333,78.3631194,30.0,0,1,0,1,0,0,1,0,0,Apartment,Semi_Furnished,West,Resale_Old,Medium,2,: ,7225.0,0,0,0,0
3.0,9.0,8,8,4.0,0.5555555555555556,2.0,1790.0,17.4359437,78.3416731,30.0,0,1,1,1,0,0,1,0,0,Apartment,Semi_Furnished,East,Resale_Old,Medium,2,: ,6424.0,0,0,0,0
2.0,9.0,8,8,4.0,0.8888888888888888,1.0,1290.0,17.4359437,78.3416731,30.0,0,1,1,1,0,0,1,0,0,Apartment,Semi_Furnished,West,Resale_Old,Medium,1,: ,6500.0,0,0,0,0
3.0,10.0,8,8,26.0,0.7,2.0,1960.0,17.40223,78.3444,30.0,0,1,0,1,0,0,1,0,0,Apartment,Semi_Furnished,East,Resale_Old,Large,2,: ,6600.0,0,0,0,0
3.0,2.0,0,0,0.0,0.5384615384615384,1.0,2100.0,17.443855,78.250431,30.0,0,1,0,1,0,0,0,0,0,Villa,Semi_Furnished,Unknown,Resale_Old,Large,1,: ,4485.0,1,0,0,0
3.0,10.0,8,8,50.0,0.7,2.0,1730.0,17.4011618,78.37569,30.0,0,1,0,1,0,0,1,0,0,Apartment,Semi_Furnished,NW,Resale_Old,Medium,2,: ,5400.0,0,0,0,0
3.0,14.0,20,20,37.0,0.3571428571428571,2.0,1555.0,17.538237,78.480804,30.0,0,1,0,1,0,0,1,0,0,Apartment,Semi_Furnished,East,Resale_Old,Medium,2,: ,4199.0,0,0,0,0
2.0,12.0,13,15,46.0,0.75,1.0,1337.0,17.5330867548758,78.2682745858627,,0,1,0,1,0,0,1,0,0,Apartment,Semi_Furnished,NE,Resale_Old,Medium,1,Patancheruvu,4200.0,0,0,0,0
3.0,12.0,12,14,1.0,0.6666666666666666,1.0,1798.0,17.492871,78.239079,,0,1,0,1,0,0,1,0,0,Apartment,Semi_Furnished,NE,Resale_Old,Medium,1,Pati,4200.0,0,0,0,0
4.0,2.0,16,18,0.0,0.5384615384615384,2.0,4215.0,17.443855,78.250431,3.0,0,1,0,1,0,0,1,0,0,Villa,Semi_Furnished,NE,Resale_Old,XL,2,Kollur,6899.0,1,0,0,0
2.0,18.0,16,18,17.0,0.3333333333333333,1.0,1448.0,17.4664197,78.285342,5.0,0,1,0,1,0,0,1,0,0,Apartment,Semi_Furnished,NE,Resale_Old,Medium,1,Tellapur,3200.0,0,0,0,0
3.0,18.0,13,15,0.0,0.3333333333333333,2.0,2321.0,17.443855,78.250431,7.0,0,1,0,1,0,0,1,0,0,Apartment,Semi_Furnished,NE,Resale_Old,Large,2,Kollur,4200.0,0,0,0,0
3.0,12.0,17,19,0.0,0.4166666666666667,1.0,1345.0,17.443855,78.250431,14.0,0,1,0,1,0,0,1,0,0,Apartment,Semi_Furnished,NE,Resale_Old,Medium,1,Kollur,3499.0,0,0,0,0
2.0,12.0,15,17,0.0,0.3333333333333333,1.0,1323.0,17.443855,78.250431,14.0,0,1,0,1,0,0,1,0,0,Apartment,Semi_Furnished,NE,Resale_Old,Medium,1,Kollur,4899.0,0,0,0,0
2.0,12.0,16,18,0.0,0.3333333333333333,1.0,1323.0,17.443855,78.250431,14.0,0,1,0,1,0,0,1,0,0,Apartment,Semi_Furnished,NE,Resale_Old,Medium,1,Kollur,4199.0,0,0,0,0
2.0,12.0,16,18,0.0,0.3333333333333333,1.0,1323.0,17.443855,78.250431,14.0,0,1,0,1,0,0,1,0,0,Apartment,Semi_Furnished,NE,Resale_Old,Medium,1,Kollur,3500.0,0,0,0,0
4.0,2.0,16,19,0.0,0.5384615384615384,3.0,3940.0,17.443855,78.250431,14.0,0,1,0,1,0,0,1,0,0,Villa,Semi_Furnished,NE,Resale_Old,XL,3+,Kollur,6900.0,1,0,0,0
3.0,1.0,15,17,6.0,0.5384615384615384,2.0,2100.0,17.542319,78.226934,14.0,0,1,0,1,0,0,1,0,0,Villa,Semi_Furnished,NE,Resale_Old,Large,2,Muthangi,6800.0,1,0,0,0
3.0,1.0,17,19,46.0,0.5384615384615384,2.0,2100.0,17.5330867548758,78.2682745858627,14.0,0,1,0,1,0,0,1,0,0,Villa,Semi_Furnished,NE,Resale_Old,Large,2,Patancheruvu,4800.0,1,0,0,0
2.0,12.0,13,15,0.0,0.4166666666666667,1.0,1384.0,17.443855,78.250431,14.0,0,1,0,1,0,0,1,0,0,Apartment,Semi_Furnished,NE,Resale_Old,Medium,1,Kollur,4200.0,0,0,0,0
2.0,12.0,14,17,0.0,0.4166666666666667,1.0,1384.0,17.443855,78.250431,14.0,0,1,0,1,0,0,1,0,0,Apartment,Semi_Furnished,NE,Resale_Old,Medium,1,Kollur,3500.0,0,0,0,0
3.0,12.0,22,24,46.0,0.6666666666666666,1.0,1798.0,17.5330867548758,78.2682745858627,14.0,0,1,0,1,0,0,1,0,0,Apartment,Semi_Furnished,NE,Resale_Old,Medium,1,Patancheruvu,4900.0,0,0,0,0
3.0,56.0,6,6,26.0,1.0,2.0,2888.0,17.40223,78.3444,30.0,0,1,0,1,0,0,1,1,0,Apartment,Semi_Furnished,Unknown,Resale_Old,XL,2,: ,9750.0,0,0,0,0
4.0,46.0,11,13,26.0,1.0,2.0,3888.0,17.40223,78.3444,30.0,0,1,0,1,0,0,1,1,0,Apartment,Semi_Furnished,East,Resale_Old,XL,2,: ,9750.0,0,0,0,0
3.0,36.0,17,17,13.0,1.0,1.0,2124.0,17.402291123438,78.338167423361,30.0,0,1,1,1,0,0,1,1,0,Apartment,Semi_Furnished,East,Resale_Old,Large,1,: ,8600.0,0,0,0,0
3.0,5.0,6,6,50.0,0.8,2.0,2300.0,17.388365,78.56378,30.0,1,0,0,1,0,1,1,0,0,Apartment,Semi_Furnished,East,Under_Construction,Large,2,: ,5789.0,0,0,0,0
3.0,36.0,15,15,13.0,0.8888888888888888,1.0,2595.0,17.430915,78.37728,2.0,1,0,0,1,0,0,1,0,0,Apartment,Semi_Furnished,West,Under_Construction,XL,1,: ,21579.0,0,0,0,0
3.0,50.0,16,17,13.0,0.36,1.0,1824.0,17.48141,78.41979,2.0,0,1,1,1,0,0,1,0,0,Apartment,Semi_Furnished,East,Resale_Old,Large,1,: ,7515.0,0,0,0,0
3.0,50.0,14,15,13.0,0.48,1.0,2540.0,17.48141,78.41979,2.0,0,1,1,1,0,0,1,0,0,Apartment,Semi_Furnished,East,Resale_Old,XL,1,: ,7515.0,0,0,0,0
3.0,20.0,19,19,36.0,0.65,3.0,1890.0,17.40281,78.350792,2.0,1,0,0,1,0,0,1,0,0,Apartment,Semi_Furnished,North,Under_Construction,Large,3+,: ,12063.0,0,0,0,0
4.0,18.0,17,17,10.0,0.5555555555555556,2.0,2630.0,17.387587,78.348054,2.0,1,0,1,1,0,0,1,0,0,Apartment,Semi_Furnished,East,Resale_Very_Old,XL,2,: ,9315.0,0,0,0,0
3.0,20.0,16,17,45.0,0.65,1.0,2040.0,17.444797,78.366116,7.0,1,0,0,1,0,1,1,0,0,Apartment,Semi_Furnished,West,5_10_yrs,Large,1,: ,9803.0,0,0,0,0
3.0,26.0,18,18,11.0,0.1923076923076923,2.0,1740.0,17.469415,78.311077,14.0,0,1,1,1,0,0,1,0,0,Apartment,Semi_Furnished,East,Resale_Old,Medium,2,: ,10344.0,0,0,0,0
3.0,1.0,15,17,0.0,0.5384615384615384,1.0,150.0,78.48667,17.38504,21.0,0,1,0,1,0,0,0,0,0,Villa,Semi_Furnished,East,Resale_Old,Micro,1,: ,5263.0,1,0,0,0
3.0,1.0,16,18,0.0,0.5384615384615384,1.0,150.0,17.2494091,78.4183466,21.0,0,1,0,1,0,0,1,0,0,Villa,Semi_Furnished,East,Resale_Old,Micro,1,: ,5263.0,1,0,0,0
3.0,42.0,12,12,49.0,0.5238095238095238,1.0,1839.0,17.516728,78.341893,21.0,0,1,0,1,0,0,1,0,0,Apartment,Semi_Furnished,East,Resale_Old,Large,1,: ,6499.0,0,0,0,0
3.0,42.0,14,14,49.0,0.1904761904761904,1.0,1509.0,17.516728,78.341893,21.0,0,1,0,1,0,0,1,0,0,Apartment,Semi_Furnished,East,Resale_Old,Medium,1,: ,6499.0,0,0,0,0
3.0,40.0,13,13,49.0,0.35,1.0,1333.0,17.516728,78.341893,21.0,0,1,0,1,0,0,1,0,0,Apartment,Semi_Furnished,East,Resale_Old,Medium,1,: ,6499.0,0,0,0,0
3.0,2.0,27,30,0.0,0.5384615384615384,2.0,1800.0,17.467181,78.205133,28.0,0,1,0,1,0,0,0,0,0,Villa,Semi_Furnished,East,Resale_Old,Medium,2,: ,7000.0,1,0,0,0
3.0,2.0,20,23,0.0,0.5384615384615384,2.0,1800.0,17.516623,78.226869,28.0,0,1,0,1,0,0,0,0,0,Villa,Semi_Furnished,East,Resale_Old,Medium,2,: ,7000.0,1,0,0,0
3.0,2.0,20,23,1.0,0.5384615384615384,2.0,1800.0,17.41821,78.29459,28.0,0,1,0,1,0,0,0,0,0,Villa,Semi_Furnished,East,Resale_Old,Medium,2,: ,7000.0,1,0,0,0
3.0,2.0,20,23,1.0,0.5384615384615384,2.0,1800.0,17.492871,78.239079,28.0,0,1,0,1,0,0,0,0,0,Villa,Semi_Furnished,East,Resale_Old,Medium,2,: ,7000.0,1,0,0,0
3.0,2.0,26,29,1.0,0.5384615384615384,2.0,1800.0,17.477415,78.227409,28.0,0,1,0,1,0,0,1,0,0,Villa,Semi_Furnished,East,Resale_Old,Medium,2,: ,89500.0,1,0,0,0
4.0,22.0,18,19,9.0,0.2727272727272727,3.0,4701.0,17.450024,78.361293,30.0,1,0,1,1,0,0,1,0,0,Apartment,Semi_Furnished,East,0_5_yrs,XL,3+,: ,16000.0,0,0,0,0
3.0,14.0,15,18,43.0,0.1428571428571428,1.0,2320.0,17.421388,78.340833,30.0,1,0,0,1,0,1,1,0,0,Apartment,Furnished,East,0_5_yrs,Large,1,: ,9482.0,0,0,0,0
3.0,33.0,13,14,12.0,0.7575757575757576,1.0,1617.0,17.53969,78.3581,30.0,0,1,1,1,0,0,1,0,0,Apartment,Semi_Furnished,West,Resale_Old,Medium,1,: ,6750.0,0,0,0,0
2.0,33.0,13,14,15.0,0.6060606060606061,1.0,1099.0,17.53969,78.3581,30.0,0,1,1,1,0,0,1,0,0,Apartment,Semi_Furnished,West,Resale_Old,Small,1,: ,6750.0,0,0,0,0
3.0,20.0,14,15,36.0,0.65,1.0,2165.0,17.40281,78.350792,30.0,1,0,0,1,0,1,1,0,0,Apartment,Semi_Furnished,East,Under_Construction,Large,1,: ,10161.0,0,0,0,0
3.0,40.0,13,14,15.0,0.9,1.0,1539.0,17.396115,78.357941,30.0,0,1,1,1,0,0,1,0,0,Apartment,Semi_Furnished,West,Resale_Old,Medium,1,: ,78555.0,0,0,0,0
3.0,30.0,17,17,12.0,0.1666666666666666,1.0,1785.0,17.45227,78.299843,30.0,1,0,1,1,0,1,1,0,0,Apartment,Semi_Furnished,East,Under_Construction,Medium,1,: ,8683.0,0,0,0,0
2.0,1.0,4,4,29.0,0.5384615384615384,1.0,1800.0,17.496115351725,78.2805645404651,21.0,1,0,0,1,0,0,0,0,0,Villa,Furnished,North,0_5_yrs,Medium,1,: ,85000.0,1,0,0,0
4.0,8.0,4,5,48.0,0.875,3.0,2750.0,17.42278,78.34724,30.0,1,0,0,1,0,0,1,0,0,Apartment,Furnished,NE,Under_Construction,XL,3+,: ,10909.0,0,0,0,0
3.0,20.0,8,8,36.0,0.65,2.0,2165.0,17.40281,78.350792,30.0,1,0,0,1,0,0,1,0,0,Apartment,Furnished,West,Under_Construction,Large,2,: ,10623.0,0,0,0,0
4.0,2.0,8,9,0.0,0.5384615384615384,3.0,2300.0,17.444407,78.186035,30.0,1,0,0,1,0,0,1,0,0,Villa,Furnished,West,Under_Construction,Large,3+,: ,13043.0,1,0,0,0
3.0,5.0,4,5,44.0,0.6,2.0,1820.0,17.44008,78.348915,60.0,1,0,1,1,0,0,1,0,0,Apartment,Furnished,West,Under_Construction,Large,2,: ,10439.0,0,0,0,0
3.0,10.0,6,7,40.0,0.3,2.0,2430.0,17.4350753,78.3707122,60.0,1,0,0,1,0,0,1,0,0,Apartment,Furnished,West,0_5_yrs,Large,2,: ,10699.0,0,0,0,0
5.0,3.0,2,3,31.0,0.5384615384615384,4.0,4500.0,17.542116,78.49383,30.0,1,0,0,1,0,1,0,0,0,Villa,Unfurnished,East,0_5_yrs,XL,3+,: ,13333.0,1,0,0,0
4.0,4.0,1,2,46.0,0.75,3.0,3200.0,17.442331,78.468837,30.0,1,0,0,1,0,0,1,0,0,Apartment,Semi_Furnished,East,0_5_yrs,XL,3+,: ,5625.0,0,0,0,0
3.0,2.0,18,19,50.0,0.5384615384615384,1.0,150.0,17.37128,78.49869,2.0,0,1,0,1,0,0,1,0,0,Villa,Semi_Furnished,West,Resale_Old,Micro,1,: ,88750.0,1,0,0,0
3.0,13.0,14,16,25.0,0.2307692307692307,3.0,2255.0,17.3923634,78.3621784,2.0,0,1,0,1,0,0,1,0,0,Apartment,Unfurnished,East,Resale_Old,Large,3+,: ,7099.0,0,0,0,0
3.0,30.0,20,22,26.0,0.1,3.0,2540.0,17.40223,78.3444,2.0,0,1,0,1,0,0,1,0,0,Apartment,Unfurnished,East,Resale_Old,XL,3+,: ,8499.0,0,0,0,0
3.0,30.0,26,28,26.0,0.1,2.0,1765.0,17.40223,78.3444,2.0,0,1,0,1,0,0,1,0,0,Apartment,Semi_Furnished,East,Resale_Old,Medium,2,: ,8499.0,0,0,0,0
3.0,5.0,20,22,50.0,0.2,2.0,1399.0,17.4011618,78.37569,2.0,0,1,0,1,0,0,1,0,0,Apartment,Unfurnished,East,Resale_Old,Medium,2,: ,5800.0,0,0,0,0
3.0,5.0,2,2,24.0,1.0,2.0,1405.0,17.389205,78.364207,7.0,1,0,0,1,0,1,1,1,0,Apartment,Semi_Furnished,East,Resale_Very_Old,Medium,2,: ,6115.0,0,0,0,0
3.0,2.0,17,18,3.0,0.5384615384615384,2.0,1800.0,17.20869,78.47603,30.0,0,1,0,1,0,0,0,0,0,Villa,Semi_Furnished,East,Resale_Old,Medium,2,: ,8500.0,1,0,0,0
2.0,5.0,8,8,50.0,0.6,2.0,1336.0,17.4011618,78.37569,30.0,0,1,0,1,0,0,1,0,0,Apartment,Semi_Furnished,East,Resale_Old,Medium,2,: ,6437.0,0,0,0,0
2.0,5.0,8,8,50.0,1.0,1.0,1240.0,17.4011618,78.37569,30.0,0,1,0,1,0,0,1,1,0,Apartment,Semi_Furnished,West,Resale_Old,Medium,1,: ,5800.0,0,0,0,0
3.0,5.0,6,6,50.0,0.6,2.0,1750.0,17.4011618,78.37569,30.0,1,0,0,1,0,0,1,0,0,Apartment,Semi_Furnished,West,Resale_Very_Old,Medium,2,: ,5800.0,0,0,0,0
3.0,15.0,8,8,50.0,0.4666666666666667,2.0,2175.0,17.47078,78.30668,30.0,1,0,1,1,0,0,1,0,0,Apartment,Semi_Furnished,East,Resale_Very_Old,Large,2,: ,6988.0,0,0,0,0
2.0,7.0,9,10,6.0,0.4285714285714285,1.0,1400.0,17.391805,78.372447,30.0,0,1,1,1,0,0,1,0,0,Apartment,Semi_Furnished,Unknown,Resale_Old,Medium,1,: ,5928.0,0,0,0,0
3.0,5.0,6,8,49.0,0.4,2.0,2250.0,17.4609913,78.3532083,30.0,1,0,0,1,0,1,1,0,0,Apartment,Furnished,SE,5_10_yrs,Large,2,: ,5777.0,0,0,0,0
2.0,5.0,7,7,50.0,0.6,2.0,1200.0,17.3980066,78.3730027,2.0,1,0,0,1,0,1,1,0,0,Apartment,Semi_Furnished,East,Under_Construction,Small,2,Puppalaguda,6666.0,0,0,0,0
2.0,2.0,9,9,47.0,1.0,2.0,1200.0,17.48718,78.5786,7.0,1,0,0,1,0,0,1,1,0,Apartment,Semi_Furnished,East,0_5_yrs,Small,2,: ,4166.0,0,0,0,0
3.0,14.0,15,18,47.0,0.5384615384615384,1.0,1665.0,17.504129,78.32318,14.0,1,0,0,1,0,0,1,0,0,Apartment,Semi_Furnished,West,Resale_Very_Old,Medium,1,Bandam Kommu,8734.0,1,0,0,0
6.0,3.0,7,9,50.0,0.5384615384615384,2.0,1197.0,17.4011618,78.37569,14.0,1,0,0,1,0,0,0,0,0,Villa,Furnished,East,Under_Construction,Small,2,: ,150375.0,1,0,0,0
4.0,2.0,14,14,6.0,0.5384615384615384,3.0,2765.0,17.5564,78.36389,14.0,0,1,0,1,0,0,0,0,0,Villa,Semi_Furnished,East,Resale_Old,XL,3+,: ,5063.0,1,0,0,0
3.0,5.0,0,0,49.0,0.6,2.0,1850.0,17.407219,78.390645,21.0,1,0,0,1,0,0,1,0,0,Apartment,Unfurnished,Unknown,Resale_Very_Old,Large,2,: ,5945.0,0,0,0,0
5.0,3.0,4,5,50.0,0.5384615384615384,3.0,900.0,17.468429,78.354317,21.0,1,0,0,1,0,0,0,0,0,Villa,Furnished,East,Under_Construction,Small,3+,: ,190000.0,1,0,0,0
3.0,2.0,0,1,47.0,0.5384615384615384,1.0,4050.0,17.486413,78.541439,30.0,1,0,0,1,0,0,0,0,0,Villa,Furnished,East,5_10_yrs,XL,1,: ,120000.0,1,0,0,0
3.0,11.0,8,8,50.0,0.4545454545454545,2.0,2205.0,17.5203424,78.3970205,30.0,0,1,0,1,0,0,1,0,0,Apartment,Semi_Furnished,East,Resale_Old,Large,2,: ,6175.0,0,0,0,0
3.0,5.0,7,8,6.0,0.2,2.0,1920.0,17.5564,78.36389,30.0,0,1,1,1,0,0,1,0,0,Apartment,Semi_Furnished,East,Resale_Old,Large,Unknown,: ,4700.0,0,1,1,0
3.0,5.0,8,8,50.0,0.2,2.0,1575.0,17.4062155,78.3763486,30.0,1,0,0,1,0,0,1,0,0,Apartment,Semi_Furnished,West,Resale_Very_Old,Medium,2,Manikonda,4999.0,0,0,0,0
4.0,2.0,8,8,19.0,0.5384615384615384,3.0,4528.0,17.33746,78.38138,30.0,1,0,0,1,0,0,1,0,0,Villa,Semi_Furnished,Unknown,Resale_Very_Old,XL,3+,: ,15000.0,1,0,0,0
3.0,15.0,8,8,50.0,0.5333333333333333,2.0,2080.0,17.485091,78.3671565,30.0,1,0,0,1,0,0,1,0,0,Apartment,Furnished,West,5_10_yrs,Large,2,: ,6250.0,0,0,0,0
7.0,3.0,1,2,50.0,0.5384615384615384,2.0,1350.0,17.4393467,78.5711667,30.0,1,0,0,1,0,0,0,0,0,Villa,Furnished,West,0_5_yrs,Medium,2,Mallapur,12592.0,1,0,0,0
3.0,5.0,0,0,45.0,0.8,1.0,1408.0,17.445121,78.39967,30.0,1,0,0,1,0,0,1,0,0,Apartment,Furnished,West,0_5_yrs,Medium,1,: ,9002.0,0,0,0,0
3.0,6.0,14,15,47.0,0.8333333333333334,2.0,1350.0,17.49182,78.32617,30.0,1,0,0,1,0,0,1,0,0,Apartment,Semi_Furnished,West,0_5_yrs,Medium,2,: ,5851.0,0,0,0,0
4.0,3.0,6,6,50.0,0.5384615384615384,2.0,3466.0,17.507765,78.4604,30.0,1,0,0,1,0,1,0,0,0,Villa,Semi_Furnished,West,Under_Construction,XL,2,: ,10000.0,1,0,0,0
4.0,3.0,6,6,50.0,0.5384615384615384,2.0,3466.0,17.507765,78.4604,30.0,1,0,0,1,0,1,0,0,0,Villa,Semi_Furnished,East,Under_Construction,XL,2,: ,10000.0,1,0,0,0
2.0,5.0,5,6,50.0,0.6,2.0,1250.0,17.4220263,78.5027788,30.0,1,0,0,1,0,1,1,0,0,Apartment,Furnished,West,Resale_Very_Old,Medium,2,: ,7200.0,0,0,0,0
3.0,5.0,5,6,50.0,0.8,1.0,1400.0,17.4273243,78.5056013,30.0,1,0,0,1,0,1,1,0,0,Apartment,Furnished,East,5_10_yrs,Medium,1,: ,6785.0,0,0,0,0
2.0,15.0,12,13,46.0,0.1333333333333333,2.0,1395.0,17.4204458,78.3528953,7.0,1,0,1,1,0,1,1,0,0,Apartment,Semi_Furnished,East,0_5_yrs,Medium,2,: ,8960.0,0,0,0,0
3.0,2.0,2,4,0.0,0.5384615384615384,1.0,2700.0,17.4376657,78.1925359,7.0,1,0,0,1,0,1,1,0,0,Villa,Semi_Furnished,East,Resale_Very_Old,XL,1,: ,123333.0,1,0,0,0
2.0,9.0,19,20,13.0,0.3333333333333333,1.0,1261.0,17.4546625,78.2917542,7.0,1,0,0,1,0,1,1,0,0,Apartment,Semi_Furnished,East,Resale_Very_Old,Medium,1,: ,9119.0,0,0,0,0
3.0,2.0,8,11,0.0,0.5384615384615384,1.0,2700.0,17.4437669,78.1862569,21.0,1,0,0,1,0,1,1,0,0,Villa,Furnished,West,Under_Construction,XL,1,: ,116666.0,1,0,0,0
5.0,3.0,8,10,1.0,0.5384615384615384,1.0,340.0,17.4498617,78.2800017,21.0,1,0,1,1,0,1,1,0,0,Villa,Semi_Furnished,West,Resale_Very_Old,Micro,1,: ,191176.0,1,0,0,0
4.0,2.0,8,10,1.0,0.5384615384615384,1.0,2412.0,17.4497676,78.2802565,21.0,1,0,1,1,0,1,1,0,0,Villa,Semi_Furnished,West,Resale_Very_Old,Large,1,: ,194029.0,1,0,0,0
4.0,3.0,4,6,12.0,0.5384615384615384,1.0,2115.0,17.4362634,78.2837639,30.0,1,0,1,1,0,1,1,0,0,Villa,Semi_Furnished,East,Resale_Very_Old,Large,1,: ,191489.0,1,0,0,0
4.0,3.0,4,6,12.0,0.5384615384615384,1.0,2700.0,17.442196,78.280067,30.0,1,0,1,1,0,0,1,0,0,Villa,Semi_Furnished,East,Resale_Very_Old,XL,1,: ,193333.0,1,0,0,0
4.0,3.0,15,16,15.0,0.5384615384615384,1.0,2448.0,17.4664197,78.285342,30.0,1,0,1,1,0,0,1,0,0,Villa,Semi_Furnished,East,Resale_Very_Old,Large,1,: ,198529.0,1,0,0,0
4.0,3.0,8,10,15.0,0.5384615384615384,1.0,3150.0,17.4664197,78.285342,30.0,1,0,1,1,0,0,1,0,0,Villa,Semi_Furnished,West,Resale_Very_Old,XL,1,: ,182857.0,1,0,0,0
3.0,18.0,8,11,14.0,0.3333333333333333,2.0,3325.0,17.3950751,78.3390518,30.0,1,0,0,1,0,1,1,0,0,Apartment,Semi_Furnished,East,Under_Construction,XL,2,: ,13984.0,0,0,0,0
3.0,32.0,8,10,13.0,0.875,1.0,2235.0,17.4011626,78.344256,30.0,1,0,1,1,0,1,1,0,0,Apartment,Semi_Furnished,East,Resale_Very_Old,Large,1,: ,10514.0,0,0,0,0
2.0,5.0,13,13,50.0,0.4,1.0,1000.0,17.519728,78.44351,30.0,1,0,0,1,0,0,1,0,0,Apartment,Semi_Furnished,East,Under_Construction,Small,1,Sri Balaji Layout,5198.0,0,0,0,0
1.0,1.0,8,8,49.0,0.5384615384615384,1.0,21779.0,17.38504,78.48667,2.0,0,1,0,1,0,0,1,0,0,Farmhouse,Semi_Furnished,East,Resale_Old,XXL,1,: ,100000.0,1,0,0,0
2.0,1.0,2,3,50.0,0.5384615384615384,1.0,1499.0,17.536121,78.289779,2.0,1,0,0,1,0,0,0,0,0,Villa,Furnished,North,Under_Construction,Medium,1,: ,72028.0,1,0,0,0
2.0,1.0,2,3,50.0,0.5384615384615384,1.0,1494.0,17.536121,78.289779,2.0,1,0,0,1,0,0,0,0,0,Villa,Furnished,North,Under_Construction,Medium,1,: ,72289.0,1,0,0,0
1.0,1.0,7,7,49.0,0.5384615384615384,1.0,21779.0,17.38504,78.48667,5.0,0,1,0,1,0,0,0,0,0,Farmhouse,Semi_Furnished,East,Resale_Old,XXL,1,: ,100000.0,1,0,0,0
1.0,1.0,8,8,49.0,0.5384615384615384,1.0,21779.0,17.38504,78.48667,5.0,0,1,0,1,0,0,1,0,0,Farmhouse,Semi_Furnished,East,Resale_Old,XXL,1,: ,100000.0,1,0,0,0
3.0,2.0,5,5,1.0,0.5384615384615384,2.0,2400.0,17.509668,78.196121,5.0,1,0,0,1,0,0,0,0,0,Villa,Semi_Furnished,East,Resale_Very_Old,Large,2,: ,5625.0,1,0,0,0
1.0,5.0,8,8,49.0,0.5384615384615384,1.0,21779.0,17.38504,78.48667,7.0,0,1,0,1,0,0,0,0,0,Farmhouse,Semi_Furnished,East,Resale_Old,XXL,1,: ,90000.0,1,0,0,1
3.0,2.0,4,4,1.0,0.5384615384615384,1.0,2692.0,17.509668,78.196121,7.0,0,1,0,1,0,0,0,0,0,Villa,Semi_Furnished,West,Resale_Old,XL,1,: ,4829.0,1,0,0,0
3.0,2.0,6,6,0.0,0.5384615384615384,2.0,2808.0,17.443855,78.250431,14.0,0,1,0,1,0,0,0,0,0,Villa,Semi_Furnished,NE,Resale_Old,XL,2,: ,7122.0,1,0,0,0
3.0,2.0,4,5,0.0,0.5384615384615384,2.0,1494.0,17.443855,78.250431,21.0,0,1,0,1,0,0,0,0,0,Villa,Semi_Furnished,North,Resale_Old,Medium,2,: ,120481.0,1,0,0,0
3.0,5.0,5,5,50.0,0.2,1.0,1500.0,17.5203424,78.3970205,28.0,0,1,0,1,0,0,1,0,0,Apartment,Semi_Furnished,West,Resale_Old,Medium,1,: ,5400.0,0,0,0,0
3.0,5.0,5,5,50.0,0.6,1.0,1335.0,17.5203424,78.3970205,28.0,0,1,0,1,0,0,1,0,0,Apartment,Semi_Furnished,West,Resale_Old,Medium,1,: ,5400.0,0,0,0,0
2.0,5.0,3,3,50.0,0.4,1.0,1140.0,17.5203424,78.3970205,28.0,0,1,0,1,0,0,1,0,0,Apartment,Semi_Furnished,East,Resale_Old,Small,1,: ,5400.0,0,0,0,0
3.0,5.0,4,4,49.0,0.8,1.0,1585.0,17.4609913,78.3532083,30.0,0,1,0,1,0,0,1,0,0,Apartment,Semi_Furnished,North,Resale_Old,Medium,1,: ,7500.0,0,0,0,0
3.0,5.0,3,3,49.0,0.2,1.0,1605.0,17.4609913,78.3532083,30.0,0,1,0,1,0,0,1,0,0,Apartment,Semi_Furnished,East,Resale_Old,Medium,1,: ,7500.0,0,0,0,0
3.0,5.0,3,3,49.0,0.2,1.0,1475.0,17.4609913,78.3532083,30.0,0,1,0,1,0,0,1,0,0,Apartment,Semi_Furnished,East,Resale_Old,Medium,1,: ,7500.0,0,0,0,0
3.0,5.0,1,1,49.0,0.2,1.0,1675.0,17.4609913,78.3532083,30.0,0,1,0,1,0,0,1,0,0,Apartment,Semi_Furnished,East,Resale_Old,Medium,1,: ,7186.0,0,0,0,0
8.0,4.0,7,8,1.0,0.5384615384615384,4.0,1602.0,17.481297,78.23589,30.0,1,0,0,1,0,1,0,0,0,Villa,Semi_Furnished,East,Under_Construction,Medium,3+,: ,92696.0,1,0,0,0
2.0,1.0,6,7,50.0,0.5384615384615384,2.0,1125.0,17.5090182,78.3001801,30.0,1,0,0,1,0,0,0,0,0,Villa,Semi_Furnished,West,Resale_Very_Old,Small,2,: ,84000.0,1,0,0,0
6.0,3.0,8,8,34.0,0.5384615384615384,3.0,1638.0,17.5238479933976,78.3227692229911,30.0,1,0,0,1,0,0,0,0,0,Villa,Semi_Furnished,West,Resale_Very_Old,Medium,3+,: ,94505.0,1,0,0,0
3.0,2.0,6,6,50.0,0.5384615384615384,2.0,1260.0,17.5090182,78.3001801,30.0,1,0,0,1,0,0,0,0,0,Villa,Semi_Furnished,Unknown,Resale_Very_Old,Medium,2,: ,107142.0,1,0,0,0
3.0,20.0,21,24,50.0,0.75,1.0,1800.0,17.463262,78.311576,30.0,1,0,0,1,0,0,1,0,0,Apartment,Furnished,West,5_10_yrs,Medium,1,Nallagandla,10000.0,0,0,0,0
4.0,18.0,20,21,43.0,0.8333333333333334,1.0,3750.0,17.444443,78.367262,,1,0,0,1,0,0,1,0,0,Apartment,Furnished,South,0_5_yrs,XL,1,Hi Tech City,12000.0,0,0,0,0
5.0,3.0,18,19,49.0,0.5384615384615384,2.0,3258.0,17.41163,78.402176,30.0,1,0,0,1,0,1,1,0,0,Villa,Furnished,West,0_5_yrs,XL,2,Ambedkar Nagar,204582.0,1,0,0,0
3.0,18.0,25,26,47.0,0.1666666666666666,1.0,2295.0,17.463222,78.373772,30.0,1,0,0,1,0,1,1,0,0,Apartment,Furnished,East,0_5_yrs,Large,1,Shilpa Hills,10413.0,0,0,0,0
3.0,8.0,12,14,49.0,0.75,1.0,2160.0,17.4558758,78.4480617,30.0,1,0,0,1,0,1,1,0,0,Apartment,Furnished,East,0_5_yrs,Large,1,: ,9027.0,0,0,0,0
2.0,8.0,16,17,49.0,0.875,1.0,1377.0,17.456025,78.448549,30.0,1,0,0,1,0,1,1,0,0,Apartment,Furnished,East,0_5_yrs,Medium,1,Allauddin Basthi,8714.0,0,0,0,0
4.0,39.0,26,28,4.0,0.0256410256410256,1.0,4761.0,17.474334,78.393433,30.0,1,0,0,1,0,1,1,0,0,Apartment,Furnished,NE,0_5_yrs,XL,1,5th Phase KPHB,11552.0,0,0,0,0
4.0,36.0,21,21,13.0,0.6944444444444444,2.0,4070.0,17.430915,78.37728,60.0,1,0,0,1,0,0,1,0,0,Apartment,Semi_Furnished,East,Resale_Very_Old,XL,2,Hi Tech City,20393.0,0,0,0,0
3.0,1.0,0,1,50.0,0.5384615384615384,3.0,1818.0,17.330448,78.549628,,1,0,0,1,0,0,0,0,0,Villa,Unfurnished,Unknown,5_10_yrs,Large,3+,: ,84158.0,1,0,0,0
5.0,1.0,14,15,0.0,0.5384615384615384,3.0,4800.0,17.432124,78.211344,3.0,1,0,0,1,0,0,1,0,0,Villa,Furnished,East,Under_Construction,XL,3+,Mokila,17893.0,1,0,0,0
6.0,3.0,5,5,50.0,0.5384615384615384,3.0,4300.0,17.450483,78.424416,4.0,1,0,0,1,0,1,1,0,0,Villa,Furnished,East,0_5_yrs,XL,3+,Gachibowli,12934.0,1,0,0,0
4.0,3.0,16,16,50.0,1.0,2.0,4000.0,17.450436,78.424385,4.0,1,0,0,1,0,1,1,1,0,Apartment,Furnished,NE,0_5_yrs,XL,2,Banjara hills,10282.0,0,0,0,0
2.0,5.0,8,9,44.0,0.4,2.0,1070.0,17.5372251,78.2609347,5.0,1,0,0,1,0,1,1,0,0,Apartment,Semi_Furnished,West,Resale_Very_Old,Small,2,Patancheru,4112.0,0,0,0,0
2.0,5.0,9,10,44.0,0.2,2.0,1070.0,17.5372558,78.2610517,5.0,1,0,0,1,0,1,1,0,0,Apartment,Semi_Furnished,West,Resale_Very_Old,Small,2,Patancheru,4112.0,0,0,0,0
2.0,5.0,8,9,45.0,0.8,2.0,1070.0,17.5377161,78.2606407,6.0,1,0,0,1,0,0,1,0,0,Apartment,Semi_Furnished,East,Resale_Very_Old,Small,2,Patancheru,4112.0,0,0,0,0
2.0,5.0,8,8,48.0,0.6,2.0,1220.0,17.5316,78.26729,7.0,1,0,0,1,0,0,1,0,0,Apartment,Semi_Furnished,East,Resale_Very_Old,Medium,2,Patancheru,3770.0,0,0,0,0
2.0,5.0,8,8,48.0,0.4,2.0,1220.0,17.5316,78.26729,7.0,1,0,0,1,0,0,1,0,0,Apartment,Semi_Furnished,East,Resale_Very_Old,Medium,2,Patancheru,3770.0,0,0,0,0
2.0,5.0,8,8,48.0,0.4,2.0,1220.0,17.5316,78.26729,7.0,1,0,0,1,0,0,1,0,0,Apartment,Semi_Furnished,West,Resale_Very_Old,Medium,2,Patancheru,3770.0,0,0,0,0
4.0,8.0,17,17,15.0,0.625,2.0,4288.0,17.406293,78.437333,7.0,1,0,0,1,0,1,1,0,0,Apartment,Semi_Furnished,East,Under_Construction,XL,2,Banjara hills,13000.0,0,0,0,0
2.0,5.0,8,8,48.0,0.2,2.0,1220.0,17.5316,78.26729,7.0,1,0,0,1,0,0,1,0,0,Apartment,Semi_Furnished,East,Resale_Very_Old,Medium,2,Patancheru,3770.0,0,0,0,0
3.0,8.0,19,19,15.0,0.125,2.0,3125.0,17.406293,78.437333,7.0,1,0,0,1,0,1,1,0,0,Apartment,Semi_Furnished,East,Under_Construction,XL,2,Banjara hills,10451.0,0,0,0,0
3.0,8.0,17,17,15.0,0.125,2.0,2423.0,17.406293,78.437333,7.0,1,0,0,1,0,1,1,0,0,Apartment,Semi_Furnished,SE,Under_Construction,Large,2,Banjara hills,10583.0,0,0,0,0
4.0,2.0,0,1,4.0,0.5384615384615384,2.0,1503.0,17.261839,78.54463,7.0,1,0,0,1,0,1,0,0,0,Villa,Unfurnished,East,Under_Construction,Medium,2,: ,83832.0,1,0,0,0
2.0,2.0,11,11,45.0,1.0,1.0,1070.0,17.5375313,78.2605564,7.0,1,0,0,1,0,1,1,1,0,Apartment,Semi_Furnished,East,Resale_Very_Old,Small,1,Patancheru,4112.0,0,0,0,0
2.0,3.0,12,12,44.0,1.0,1.0,1070.0,17.5372879,78.2611537,7.0,1,0,0,1,0,1,1,1,0,Apartment,Semi_Furnished,East,Resale_Very_Old,Small,1,Patancheru,4112.0,0,0,0,0
2.0,5.0,11,11,45.0,0.8,1.0,1070.0,17.5376659,78.2606141,7.0,1,0,0,1,0,1,1,0,0,Apartment,Semi_Furnished,East,Resale_Very_Old,Small,1,Patancheru,4112.0,0,0,0,0
3.0,14.0,6,7,50.0,0.4285714285714285,2.0,1490.0,17.485091,78.3671565,7.0,1,0,0,1,0,0,1,0,0,Apartment,Semi_Furnished,West,Under_Construction,Medium,2,: ,9932.0,0,0,0,0
1.0,5.0,19,19,50.0,0.6,1.0,520.0,17.483421,78.32509,14.0,1,0,0,1,0,1,1,0,0,Apartment,Furnished,North,0_5_yrs,Micro,1,Chandanagar,3846.0,0,0,0,0
2.0,5.0,11,11,44.0,0.6,2.0,1220.0,17.53432,78.25666,14.0,1,0,0,1,0,1,1,0,0,Apartment,Semi_Furnished,East,Under_Construction,Medium,2,Patancheruvu,3852.0,0,0,0,0
2.0,5.0,8,8,44.0,0.4,2.0,1220.0,17.53432,78.25666,14.0,1,0,0,1,0,1,1,0,0,Apartment,Semi_Furnished,East,Under_Construction,Medium,2,Patancheru,3770.0,0,0,0,0
2.0,5.0,12,12,44.0,0.6,2.0,1220.0,17.53432,78.25666,14.0,1,0,0,1,0,1,1,0,0,Apartment,Semi_Furnished,West,Under_Construction,Medium,2,Patancheru,3836.0,0,0,0,0
2.0,5.0,10,10,44.0,0.8,2.0,1220.0,17.53432,78.25666,14.0,1,0,0,1,0,1,1,0,0,Apartment,Semi_Furnished,West,Under_Construction,Medium,2,Patancheru,3770.0,0,0,0,0
2.0,5.0,12,12,44.0,0.8,2.0,1220.0,17.53432,78.25666,14.0,1,0,0,1,0,1,1,0,0,Apartment,Semi_Furnished,North,Under_Construction,Medium,2,Patancheru,3811.0,0,0,0,0
2.0,12.0,8,11,6.0,0.4166666666666667,1.0,1434.0,17.443855,78.250431,14.0,0,1,0,1,0,0,1,0,0,Apartment,Semi_Furnished,East,Resale_Old,Medium,1,Kollur,3347.0,0,0,0,0
4.0,3.0,8,11,0.0,0.5384615384615384,3.0,3800.0,17.443855,78.250431,14.0,0,1,0,1,0,0,1,0,0,Villa,Semi_Furnished,East,Resale_Old,XL,3+,: ,6578.0,1,0,0,0
3.0,1.0,6,6,50.0,0.5384615384615384,1.0,1730.0,17.450485,78.424385,21.0,1,0,0,1,0,1,1,0,0,Villa,Furnished,East,5_10_yrs,Medium,1,BHEL,18470.0,1,0,0,0
3.0,2.0,8,10,2.0,0.5384615384615384,3.0,300.0,17.19515,78.65624,28.0,1,0,0,1,0,1,1,0,0,Villa,Semi_Furnished,East,Under_Construction,Micro,3+,: ,53333.0,1,0,0,0
2.0,5.0,3,3,44.0,0.4,1.0,1220.0,17.5345251,78.2566553,30.0,1,0,0,1,0,1,1,0,0,Apartment,Semi_Furnished,East,Resale_Very_Old,Medium,1,Patancheru,3700.0,0,0,0,0
3.0,8.0,24,24,46.0,0.75,1.0,2476.0,17.4164707,78.4382469,30.0,1,0,0,1,0,0,1,0,0,Apartment,Semi_Furnished,West,Resale_Very_Old,Large,1,Banjara hills,13700.0,0,0,0,0
2.0,5.0,4,4,44.0,0.4,1.0,1152.0,17.5345272,78.2569975,30.0,1,0,0,1,0,1,1,0,0,Apartment,Semi_Furnished,East,Resale_Very_Old,Small,1,Patancheru,3993.0,0,0,0,0
2.0,5.0,3,3,44.0,0.6,1.0,1220.0,17.5345255,78.2566423,30.0,1,0,0,1,0,1,1,0,0,Apartment,Semi_Furnished,East,Resale_Very_Old,Medium,1,Patancheru,3770.0,0,0,0,0
3.0,1.0,18,19,0.0,0.5384615384615384,3.0,2550.0,17.437795,78.187659,30.0,1,0,1,1,0,1,1,0,0,Villa,Furnished,NE,Under_Construction,XL,3+,Mokila,13640.0,1,0,0,0
3.0,1.0,17,17,0.0,0.5384615384615384,3.0,2550.0,17.435282,78.18645,30.0,1,0,1,1,0,1,1,0,0,Villa,Semi_Furnished,East,Under_Construction,XL,3+,Mokila,15760.0,1,0,0,0
4.0,1.0,22,22,0.0,0.5384615384615384,1.0,4779.0,17.425736,78.210733,30.0,1,0,0,1,0,0,1,0,0,Villa,Semi_Furnished,East,Resale_Very_Old,XL,1,Mokila,122830.0,1,0,0,0
4.0,2.0,5,5,0.0,0.5384615384615384,2.0,2925.0,17.443354,78.182044,,1,0,1,1,0,0,1,0,0,Villa,Semi_Furnished,NE,Under_Construction,XL,2,: ,100000.0,1,0,0,0
3.0,5.0,18,18,0.0,0.8,3.0,1940.0,78.49827,17.43993,,0,1,0,1,0,0,1,0,0,Apartment,Semi_Furnished,NW,Resale_Old,Large,3+,QUTUBULLAPUR KOMPALLY,6000.0,0,0,0,0
5.0,3.0,25,28,17.0,0.5384615384615384,3.0,4260.0,17.4664197,78.285342,2.0,1,0,0,1,0,0,1,0,0,Villa,Furnished,East,Under_Construction,XL,3+,: ,22300.0,1,0,0,0
3.0,5.0,6,6,49.0,0.2,3.0,2378.0,17.4046741,78.5107083,3.0,0,1,1,1,0,0,1,0,0,Apartment,Semi_Furnished,NW,Resale_Old,Large,3+,: ,9251.0,0,0,0,0
3.0,5.0,7,7,49.0,0.2,3.0,2378.0,17.4046741,78.5107083,3.0,0,1,0,1,0,0,1,0,0,Apartment,Semi_Furnished,NW,Resale_Old,Large,3+,: ,9671.0,0,0,0,0
2.0,32.0,8,8,0.0,0.1875,1.0,1375.0,17.443855,78.250431,3.0,0,1,0,1,0,0,1,0,0,Apartment,Semi_Furnished,East,Resale_Old,Medium,1,: ,4999.0,0,0,0,0
3.0,35.0,5,7,12.0,0.6857142857142857,1.0,2355.0,17.4609913,78.3532083,4.0,1,0,1,1,0,0,1,0,0,Apartment,Semi_Furnished,East,Resale_Very_Old,Large,1,: ,9341.0,0,0,0,0
2.0,35.0,5,7,12.0,0.4285714285714285,2.0,1440.0,17.4609913,78.3532083,4.0,1,0,1,1,0,0,1,0,0,Apartment,Semi_Furnished,West,Resale_Very_Old,Medium,2,: ,9375.0,0,0,0,0
3.0,9.0,15,17,3.0,0.3333333333333333,2.0,2083.0,17.4563368,78.2967816,5.0,1,0,1,1,0,0,1,0,0,Apartment,Semi_Furnished,West,Under_Construction,Large,2,: ,7921.0,0,0,0,0
3.0,14.0,22,22,12.0,0.3571428571428571,2.0,1950.0,17.39992,78.36983,5.0,0,1,1,1,0,0,1,0,0,Apartment,Semi_Furnished,West,Resale_Old,Large,2,: ,7100.0,0,0,0,0
3.0,14.0,22,22,12.0,0.3571428571428571,2.0,1795.0,17.39992,78.36983,5.0,0,1,1,1,0,0,1,0,0,Apartment,Semi_Furnished,East,Resale_Old,Medium,2,: ,7100.0,0,0,0,0
3.0,46.0,21,21,0.0,0.2391304347826087,2.0,1917.0,78.48667,17.38504,5.0,0,1,0,1,0,0,1,0,0,Apartment,Semi_Furnished,West,Resale_Old,Large,2,: ,6000.0,0,0,0,0
3.0,32.0,8,8,7.0,0.09375,2.0,1740.0,17.49479,78.39964,5.0,1,0,0,1,0,1,1,0,0,Apartment,Semi_Furnished,East,Under_Construction,Medium,2,: ,10632.0,0,0,0,0
3.0,8.0,8,8,49.0,0.25,2.0,2455.0,17.4609913,78.3532083,5.0,1,0,1,1,0,1,1,0,0,Apartment,Semi_Furnished,West,Under_Construction,Large,2,: ,8961.0,0,0,0,0
3.0,31.0,8,8,13.0,0.8387096774193549,1.0,1550.0,17.4480919,78.3787508,5.0,1,0,0,1,0,1,1,0,0,Apartment,Semi_Furnished,East,Under_Construction,Medium,1,: ,9741.0,0,0,0,0
2.0,31.0,7,7,13.0,0.4193548387096774,1.0,1210.0,17.4480919,78.3787508,5.0,1,0,0,1,0,1,1,0,0,Apartment,Semi_Furnished,West,Under_Construction,Medium,1,: ,9338.0,0,0,0,0
3.0,25.0,8,8,13.0,0.76,1.0,1875.0,17.47078,78.30668,5.0,1,0,1,1,0,1,1,0,0,Apartment,Semi_Furnished,East,Under_Construction,Large,1,: ,10666.0,0,0,0,0
4.0,25.0,8,8,13.0,0.16,1.0,2660.0,17.47078,78.30668,5.0,1,0,1,1,0,1,1,0,0,Apartment,Semi_Furnished,East,Under_Construction,XL,1,: ,10714.0,0,0,0,0
2.0,25.0,8,8,13.0,0.36,2.0,1375.0,17.47078,78.30668,5.0,1,0,1,1,0,1,1,0,0,Apartment,Unfurnished,East,Under_Construction,Medium,2,: ,10231.0,0,0,0,0
3.0,25.0,8,8,13.0,0.12,1.0,1510.0,17.47078,78.30668,5.0,1,0,1,1,0,1,1,0,0,Apartment,Semi_Furnished,West,Under_Construction,Medium,1,: ,10463.0,0,0,0,0
2.0,25.0,8,8,13.0,0.44,1.0,1275.0,17.47078,78.30668,5.0,1,0,1,1,0,1,1,0,0,Apartment,Unfurnished,East,Under_Construction,Medium,1,: ,10499.0,0,0,0,0
3.0,19.0,22,22,1.0,0.631578947368421,2.0,1981.0,17.442196,78.280067,7.0,0,1,0,1,0,0,1,0,0,Apartment,Semi_Furnished,East,Resale_Old,Large,2,: ,5800.0,0,0,0,0
3.0,19.0,22,22,1.0,0.5789473684210527,2.0,1616.0,17.442196,78.280067,7.0,0,1,0,1,0,0,1,0,0,Apartment,Semi_Furnished,West,Resale_Old,Medium,2,: ,5800.0,0,0,0,0
2.0,19.0,22,22,1.0,0.5789473684210527,2.0,1345.0,17.442196,78.280067,7.0,0,1,0,1,0,0,1,0,0,Apartment,Semi_Furnished,East,Resale_Old,Medium,2,: ,5800.0,0,0,0,0
3.0,19.0,22,22,1.0,0.4210526315789473,2.0,1740.0,17.442196,78.280067,7.0,0,1,0,1,0,0,1,0,0,Apartment,Semi_Furnished,East,Resale_Old,Medium,2,: ,5800.0,0,0,0,0
3.0,19.0,21,21,1.0,0.5263157894736842,2.0,1533.0,17.442196,78.280067,7.0,0,1,0,1,0,0,1,0,0,Apartment,Semi_Furnished,West,Resale_Old,Medium,2,: ,5799.0,0,0,0,0
2.0,19.0,20,20,1.0,0.5263157894736842,2.0,1262.0,17.442196,78.280067,7.0,0,1,0,1,0,0,1,0,0,Apartment,Semi_Furnished,East,Resale_Old,Medium,2,: ,5800.0,0,0,0,0
3.0,5.0,5,6,50.0,0.6,2.0,1400.0,17.401445,78.37764,7.0,1,0,0,1,0,1,1,0,0,Apartment,Semi_Furnished,West,Under_Construction,Medium,2,: ,6071.0,0,0,0,0
3.0,12.0,8,8,50.0,0.75,2.0,1719.0,17.469858,78.35783,7.0,1,0,0,1,0,1,1,0,0,Apartment,Semi_Furnished,East,Under_Construction,Medium,2,: ,7998.0,0,0,0,0
2.0,12.0,7,7,50.0,0.9166666666666666,1.0,1155.0,17.469858,78.35783,7.0,1,0,0,1,0,1,1,0,0,Apartment,Semi_Furnished,West,Under_Construction,Small,1,: ,7999.0,0,0,0,0
3.0,12.0,8,8,50.0,0.6666666666666666,2.0,1676.0,17.469858,78.35783,7.0,1,0,0,1,0,1,1,0,0,Apartment,Semi_Furnished,East,Under_Construction,Medium,2,: ,7999.0,0,0,0,0
2.0,12.0,7,7,50.0,0.5,1.0,1300.0,17.469858,78.35783,7.0,1,0,0,1,0,1,1,0,0,Apartment,Semi_Furnished,East,Under_Construction,Medium,1,: ,7999.0,0,0,0,0
3.0,4.0,3,3,49.0,0.25,2.0,1170.0,17.490589,78.342543,7.0,1,0,0,1,0,0,1,0,0,Apartment,Semi_Furnished,North,Resale_Very_Old,Small,2,: ,7435.0,0,0,0,0
2.0,22.0,7,7,13.0,0.2727272727272727,1.0,1282.0,17.4359437,78.3416731,7.0,1,0,1,1,0,1,1,0,0,Apartment,Semi_Furnished,East,Under_Construction,Medium,1,: ,7644.0,0,0,0,0
2.0,22.0,5,7,13.0,0.7727272727272727,1.0,1290.0,17.4359437,78.3416731,7.0,1,0,1,1,0,1,1,0,0,Apartment,Semi_Furnished,East,Under_Construction,Medium,1,Gachibowli,7674.0,0,0,0,0
3.0,5.0,8,8,45.0,0.4,1.0,1615.0,17.446787,78.398544,7.0,1,0,0,1,0,1,1,0,0,Apartment,Semi_Furnished,West,Under_Construction,Medium,1,: ,8000.0,0,0,0,0
3.0,30.0,17,18,0.0,0.1666666666666666,1.0,1785.0,78.48667,17.38504,7.0,1,0,0,1,0,0,1,0,0,Apartment,Semi_Furnished,West,Resale_Very_Old,Medium,1,: ,8963.0,0,0,0,0
3.0,14.0,5,8,47.0,0.1428571428571428,1.0,1384.0,17.4359437,78.3416731,7.0,1,0,0,1,0,0,1,0,0,Apartment,Furnished,West,Under_Construction,Medium,1,Gachibowli,9031.0,0,0,0,0
4.0,5.0,19,19,0.0,0.4,3.0,2115.0,78.48667,17.38504,7.0,0,1,0,1,0,0,1,0,0,Apartment,Semi_Furnished,NW,Resale_Old,Large,3+,"QUTUBULLAPUR, JAGADGIRI GUTTA - SUCHITRA CIRCLE",6000.0,0,0,0,0
3.0,5.0,20,20,0.0,0.8,3.0,1910.0,78.48667,17.38504,7.0,0,1,0,1,0,0,1,0,0,Apartment,Semi_Furnished,NE,Resale_Old,Large,3+,"QUTUBULLAPUR, KPHB SUCHITRA ROAD",6000.0,0,0,0,0
3.0,5.0,19,20,0.0,0.6,2.0,1795.0,78.48667,17.38504,7.0,0,1,0,1,0,0,1,0,0,Apartment,Semi_Furnished,East,Resale_Old,Medium,2,"QUTUBULLAPUR, JEEDIMETLA",6100.0,0,0,0,0
3.0,20.0,16,17,45.0,0.65,3.0,1915.0,17.444797,78.366116,7.0,1,0,0,1,0,0,1,0,0,Apartment,Semi_Furnished,East,0_5_yrs,Large,3+,: ,10182.0,0,0,0,0
3.0,5.0,3,3,47.0,1.0,2.0,1500.0,17.49182,78.32617,7.0,1,0,0,1,0,0,1,1,0,Apartment,Semi_Furnished,East,Resale_Very_Old,Medium,2,: ,5600.0,0,0,0,0
3.0,25.0,18,20,13.0,0.72,1.0,1510.0,17.466409,78.311677,7.0,1,0,1,1,0,0,1,0,0,Apartment,Semi_Furnished,East,Resale_Very_Old,Medium,1,: ,12052.0,0,0,0,0
2.0,9.0,8,11,3.0,0.2222222222222222,1.0,1260.0,17.4664197,78.285342,14.0,1,0,1,1,0,0,1,0,0,Apartment,Semi_Furnished,NE,Resale_Very_Old,Medium,1,: ,5714.0,0,0,0,0
4.0,3.0,1,1,0.0,0.5384615384615384,2.0,4398.0,17.442305,78.26832,14.0,1,0,0,1,0,1,0,0,0,Villa,Semi_Furnished,East,Under_Construction,XL,2,: ,12982.0,1,0,0,0
4.0,3.0,1,1,0.0,0.5384615384615384,2.0,2321.0,17.442081,78.26848,14.0,1,0,0,1,0,1,0,0,0,Villa,Semi_Furnished,East,Under_Construction,Large,2,: ,14300.0,1,0,0,0
4.0,3.0,1,1,0.0,0.5384615384615384,2.0,4398.0,17.442081,78.26848,14.0,1,0,0,1,0,1,0,0,0,Villa,Semi_Furnished,NW,Under_Construction,XL,2,: ,12482.0,1,0,0,0
4.0,3.0,1,1,0.0,0.5384615384615384,2.0,2321.0,17.442305,78.26832,14.0,1,0,0,1,0,1,0,0,0,Villa,Semi_Furnished,West,Under_Construction,Large,2,: ,12000.0,1,0,0,0
4.0,3.0,1,1,0.0,0.5384615384615384,2.0,4398.0,17.442438,78.268456,14.0,1,0,0,1,0,1,0,0,0,Villa,Semi_Furnished,East,Under_Construction,XL,2,: ,11999.0,1,0,0,0
4.0,3.0,1,1,0.0,0.5384615384615384,2.0,2321.0,17.442438,78.268456,14.0,1,0,0,1,0,1,0,0,0,Villa,Semi_Furnished,East,Under_Construction,Large,2,: ,11998.0,1,0,0,0
5.0,2.0,7,9,0.0,0.5384615384615384,2.0,4250.0,17.443354,78.182044,14.0,0,1,0,1,0,0,1,0,0,Villa,Semi_Furnished,East,Resale_Old,XL,2,: ,10050.0,1,0,0,0
3.0,36.0,8,11,13.0,0.5555555555555556,2.0,3430.0,17.4480919,78.3787508,14.0,1,0,0,1,0,0,1,0,0,Apartment,Semi_Furnished,West,Resale_Very_Old,XL,2,: ,25000.0,0,0,0,0
5.0,2.0,7,7,49.0,0.5384615384615384,2.0,3300.0,17.38504,78.48667,14.0,0,1,0,1,0,0,1,0,0,Villa,Semi_Furnished,East,Resale_Old,XL,2,: ,8499.0,1,0,0,0
3.0,35.0,8,11,10.0,0.2571428571428571,2.0,4070.0,17.4359437,78.3416731,14.0,1,0,1,1,0,0,1,0,0,Apartment,Semi_Furnished,North,Under_Construction,XL,2,: ,10319.0,0,0,0,0
3.0,36.0,8,11,13.0,0.2777777777777778,2.0,3430.0,17.4480919,78.3787508,14.0,1,0,0,1,0,1,1,0,0,Apartment,Furnished,West,Under_Construction,XL,2,: ,23032.0,0,0,0,0
3.0,5.0,19,19,50.0,0.2,2.0,1665.0,17.49833,78.45806,14.0,0,1,0,1,0,0,1,0,0,Apartment,Semi_Furnished,North,Resale_Old,Medium,2,Qutbullapur,6000.0,0,0,0,0
3.0,14.0,8,8,12.0,0.4285714285714285,1.0,1620.0,17.3973794,78.3856447,21.0,1,0,1,1,0,1,1,0,0,Apartment,Semi_Furnished,East,Under_Construction,Medium,1,: ,7216.0,0,0,0,0
2.0,14.0,8,8,12.0,0.5,1.0,1370.0,17.3973794,78.3856447,21.0,1,0,1,1,0,1,1,0,0,Apartment,Semi_Furnished,East,Under_Construction,Medium,1,: ,7000.0,0,0,0,0
2.0,14.0,8,8,12.0,0.4285714285714285,1.0,1460.0,17.431576,78.39428,21.0,1,0,1,1,0,1,1,0,0,Apartment,Semi_Furnished,East,Under_Construction,Medium,1,: ,7000.0,0,0,0,0
3.0,14.0,8,8,12.0,0.5714285714285714,1.0,2170.0,17.431576,78.39428,21.0,1,0,1,1,0,1,1,0,0,Apartment,Semi_Furnished,East,Under_Construction,Large,1,: ,7000.0,0,0,0,0
3.0,14.0,8,8,12.0,0.3571428571428571,1.0,2100.0,17.3973794,78.3856447,21.0,1,0,1,1,0,1,1,0,0,Apartment,Semi_Furnished,East,Under_Construction,Large,1,: ,7000.0,0,0,0,0
2.0,9.0,8,8,12.0,0.5555555555555556,1.0,1255.0,17.431576,78.39428,21.0,1,0,1,1,0,1,1,0,0,Apartment,Semi_Furnished,East,Under_Construction,Medium,1,: ,7000.0,0,0,0,0
3.0,9.0,8,8,12.0,0.5555555555555556,1.0,1528.0,17.431576,78.39428,21.0,1,0,1,1,0,1,1,0,0,Apartment,Semi_Furnished,East,Under_Construction,Medium,1,: ,7000.0,0,0,0,0
3.0,5.0,2,3,43.0,0.4,1.0,1950.0,17.4446837,78.4015034,21.0,1,0,0,1,0,1,1,0,0,Apartment,Furnished,East,Resale_Very_Old,Large,1,Madhapur,10000.0,0,0,0,0
4.0,3.0,17,18,15.0,0.5384615384615384,1.0,2448.0,17.465956,78.261911,21.0,1,0,1,1,0,0,1,0,0,Villa,Semi_Furnished,West,Resale_Very_Old,Large,1,: ,194852.0,1,0,0,0
3.0,25.0,18,19,13.0,0.12,2.0,1960.0,17.466409,78.311677,21.0,1,0,1,1,0,0,1,0,0,Apartment,Semi_Furnished,West,Under_Construction,Large,2,: ,11734.0,0,0,0,0
3.0,39.0,14,15,0.0,0.4358974358974359,1.0,1636.0,78.48667,17.38504,21.0,0,1,0,1,0,0,1,0,0,Apartment,Semi_Furnished,West,Resale_Old,Medium,1,: ,10696.0,0,0,0,0
3.0,18.0,17,19,43.0,0.2777777777777778,1.0,3180.0,17.444443,78.367262,21.0,1,0,0,1,0,0,1,0,0,Apartment,Furnished,West,0_5_yrs,XL,1,: ,17610.0,0,0,0,0
4.0,2.0,18,19,50.0,0.5384615384615384,2.0,3600.0,17.489713,78.363397,21.0,1,0,0,1,0,0,1,0,0,Villa,Semi_Furnished,West,0_5_yrs,XL,2,: ,187500.0,1,0,0,0
3.0,31.0,17,19,12.0,0.3225806451612903,1.0,1834.0,17.398775,78.355493,21.0,1,0,0,1,0,0,1,0,0,Apartment,Furnished,West,Under_Construction,Large,1,: ,13086.0,0,0,0,0
3.0,15.0,21,23,44.0,0.3333333333333333,2.0,2346.0,17.4400802,78.3489168,21.0,1,0,0,1,0,0,1,0,0,Apartment,Furnished,West,Under_Construction,Large,2,: ,10656.0,0,0,0,0
3.0,20.0,18,20,45.0,0.65,1.0,1915.0,17.444797,78.366116,21.0,1,0,0,1,0,0,1,0,0,Apartment,Semi_Furnished,East,0_5_yrs,Large,1,: ,10966.0,0,0,0,0
4.0,5.0,19,19,37.0,0.6,2.0,2115.0,17.538237,78.480804,21.0,0,1,0,1,0,0,1,0,0,Apartment,Semi_Furnished,NW,Resale_Old,Large,2,: ,6000.0,0,0,0,0
4.0,5.0,4,4,50.0,0.6,2.0,2115.0,17.506667,78.458742,21.0,0,1,0,1,0,0,1,0,0,Apartment,Semi_Furnished,Unknown,Resale_Old,Large,2,: ,6000.0,0,0,0,0
3.0,5.0,0,0,50.0,0.8,2.0,1665.0,17.506667,78.458742,21.0,0,1,0,1,0,0,1,0,0,Apartment,Semi_Furnished,Unknown,Resale_Old,Medium,2,: ,6000.0,0,0,0,0
3.0,3.0,8,10,15.0,0.5384615384615384,3.0,3223.0,17.4664197,78.285342,21.0,1,0,1,1,0,0,1,0,0,Villa,Semi_Furnished,East,Resale_Very_Old,XL,3+,: ,17064.0,1,0,0,0
3.0,35.0,8,10,10.0,0.6285714285714286,2.0,4069.0,17.4159934,78.3419095,28.0,1,0,1,1,0,1,1,0,0,Apartment,Semi_Furnished,East,Under_Construction,XL,2,: ,10700.0,0,0,0,0
4.0,3.0,7,8,50.0,0.5384615384615384,4.0,1827.0,17.394985,78.532609,28.0,1,0,0,1,0,0,0,0,0,Villa,Semi_Furnished,West,Resale_Very_Old,Large,3+,: ,187192.0,1,0,0,0
3.0,19.0,19,21,15.0,0.8421052631578947,2.0,2170.0,17.388245,78.341234,30.0,1,0,0,1,0,0,1,0,0,Apartment,Furnished,West,Under_Construction,Large,2,: ,11981.0,0,0,0,0
4.0,3.0,8,9,0.0,0.5384615384615384,1.0,4779.0,17.443354,78.182044,30.0,1,0,0,1,0,0,1,0,0,Villa,Semi_Furnished,East,Under_Construction,XL,1,: ,109227.0,1,0,0,0
3.0,30.0,15,16,8.0,0.3,1.0,1860.0,17.482796,78.32642,30.0,1,0,0,1,0,1,1,0,0,Apartment,Semi_Furnished,NE,Under_Construction,Large,1,: ,13978.0,0,0,0,0
4.0,31.0,17,18,13.0,0.967741935483871,1.0,3360.0,17.465823,78.407845,30.0,1,0,0,1,0,1,1,0,0,Apartment,Semi_Furnished,East,Under_Construction,XL,1,: ,10416.0,0,0,0,0
2.0,9.0,17,18,50.0,0.6666666666666666,1.0,1275.0,17.473732,78.3586,30.0,1,0,0,1,0,1,1,0,0,Apartment,Semi_Furnished,East,Under_Construction,Medium,1,: ,10588.0,0,0,0,0
3.0,19.0,8,10,4.0,0.3157894736842105,1.0,2230.0,17.4609913,78.3532083,30.0,1,0,1,1,0,0,1,0,0,Apartment,Semi_Furnished,East,Resale_Very_Old,Large,1,: ,13500.0,0,0,0,0
3.0,9.0,20,22,49.0,0.4444444444444444,1.0,2485.0,17.465761,78.371569,30.0,1,0,0,1,0,0,1,0,0,Apartment,Furnished,West,0_5_yrs,Large,1,: ,10462.0,0,0,0,0
3.0,20.0,19,21,45.0,0.65,1.0,1915.0,17.444797,78.366116,30.0,1,0,0,1,0,0,1,0,0,Apartment,Semi_Furnished,West,0_5_yrs,Large,1,: ,10704.0,0,0,0,0
3.0,20.0,16,18,45.0,0.5,4.0,2040.0,17.444797,78.366116,30.0,1,0,0,1,0,0,1,0,0,Apartment,Furnished,West,0_5_yrs,Large,3+,: ,10049.0,0,0,0,0
3.0,35.0,16,17,10.0,0.7428571428571429,1.0,1993.0,17.41341,78.339447,30.0,1,0,1,1,0,0,1,0,0,Apartment,Semi_Furnished,East,Resale_Very_Old,Large,1,: ,11038.0,0,0,0,0
2.0,9.0,18,19,50.0,0.6666666666666666,1.0,1275.0,17.473732,78.3586,30.0,1,0,0,1,0,0,1,0,0,Apartment,Semi_Furnished,West,Under_Construction,Medium,1,: ,10352.0,0,0,0,0
4.0,34.0,21,22,50.0,0.8823529411764706,3.0,3620.0,17.3973794,78.3856447,30.0,0,1,0,1,0,0,1,0,0,Apartment,Semi_Furnished,East,Resale_Old,XL,3+,: ,8500.0,0,0,0,0
3.0,32.0,18,19,0.0,0.71875,1.0,2235.0,78.48667,17.38504,30.0,0,1,0,1,0,0,1,0,0,Apartment,Semi_Furnished,East,Resale_Old,Large,1,: ,11096.0,0,0,0,0
4.0,34.0,21,22,50.0,0.2941176470588235,3.0,4710.0,17.3973794,78.3856447,30.0,0,1,0,1,0,0,1,0,0,Apartment,Semi_Furnished,East,Resale_Old,XL,3+,: ,8500.0,0,0,0,0
4.0,2.0,15,15,12.0,0.5384615384615384,2.0,2115.0,17.437953,78.283138,30.0,1,0,1,1,0,0,1,0,0,Villa,Semi_Furnished,East,Resale_Very_Old,Large,2,: ,187234.0,1,0,0,0
3.0,2.0,24,24,17.0,0.5384615384615384,2.0,3996.0,17.454578,78.305819,30.0,1,0,0,1,0,0,1,0,0,Villa,Furnished,East,0_5_yrs,XL,2,: ,207207.0,1,0,0,0
2.0,10.0,20,21,49.0,0.9,1.0,1284.0,17.4609913,78.3532083,30.0,0,1,0,1,0,0,1,0,0,Apartment,Semi_Furnished,East,Resale_Old,Medium,1,: ,8566.0,0,0,0,0
3.0,12.0,19,21,0.0,0.3333333333333333,1.0,1495.0,78.48667,17.38504,30.0,1,0,0,1,0,0,1,0,0,Apartment,Semi_Furnished,East,Under_Construction,Medium,1,: ,10033.0,0,0,0,0
3.0,22.0,8,8,0.0,0.9090909090909092,2.0,1535.0,78.48667,17.38504,30.0,0,1,0,1,0,0,1,0,0,Apartment,Semi_Furnished,Unknown,Resale_Old,Medium,2,: ,9511.0,0,0,0,0
3.0,22.0,9,9,9.0,0.9545454545454546,2.0,2070.0,17.478221,78.312255,30.0,0,1,1,1,0,0,1,0,0,Apartment,Semi_Furnished,Unknown,Resale_Old,Large,2,: ,9420.0,0,0,0,0
3.0,18.0,18,19,47.0,0.1666666666666666,1.0,2295.0,17.463222,78.373772,30.0,1,0,0,1,0,0,1,0,0,Apartment,Furnished,East,Under_Construction,Large,1,: ,10893.0,0,0,0,0
3.0,32.0,18,19,0.0,0.40625,1.0,1957.0,78.48667,17.38504,30.0,0,1,0,1,0,0,1,0,0,Apartment,Semi_Furnished,East,Resale_Old,Large,1,: ,11752.0,0,0,0,0
3.0,12.0,17,18,15.0,0.8333333333333334,1.0,1495.0,17.453593,78.299753,30.0,1,0,0,1,0,0,1,0,0,Apartment,Furnished,East,Under_Construction,Medium,1,: ,10033.0,0,0,0,0
3.0,40.0,16,16,0.0,0.875,2.0,2020.0,78.48667,17.38504,30.0,0,1,0,1,0,0,1,0,0,Apartment,Semi_Furnished,West,Resale_Old,Large,2,: ,10396.0,0,0,0,0
4.0,3.0,14,15,0.0,0.5384615384615384,2.0,3600.0,17.447875,78.277918,30.0,1,0,0,1,0,0,1,0,0,Villa,Semi_Furnished,East,Under_Construction,XL,2,: ,200000.0,1,0,0,0
4.0,3.0,16,18,14.0,0.5384615384615384,2.0,350.0,17.455728,78.294946,30.0,1,0,0,1,0,0,1,0,0,Villa,Furnished,East,Under_Construction,Micro,2,: ,160000.0,1,0,0,0
3.0,15.0,16,17,10.0,0.9333333333333332,1.0,2175.0,17.450719,78.301264,30.0,1,0,1,1,0,0,1,0,0,Apartment,Semi_Furnished,West,Resale_Very_Old,Large,1,: ,8275.0,0,0,0,0
3.0,31.0,20,21,39.0,0.5806451612903226,1.0,2270.0,17.4476331353165,78.374496642335,30.0,0,1,0,1,0,0,1,0,0,Apartment,Semi_Furnished,West,Resale_Old,Large,1,: ,9251.0,0,0,0,0
3.0,31.0,24,25,39.0,0.5806451612903226,1.0,2400.0,17.4476331353165,78.374496642335,30.0,0,1,0,1,0,0,1,0,0,Apartment,Semi_Furnished,East,Resale_Old,Large,1,: ,8333.0,0,0,0,0
2.0,13.0,18,19,50.0,0.3846153846153846,1.0,1300.0,17.48331,78.32076,30.0,0,1,0,1,0,0,1,0,0,Apartment,Semi_Furnished,East,Resale_Old,Medium,1,: ,6538.0,0,0,0,0
4.0,3.0,16,17,12.0,0.5384615384615384,2.0,2178.0,17.437953,78.283138,30.0,1,0,1,1,0,0,1,0,0,Villa,Semi_Furnished,East,Resale_Very_Old,Large,2,: ,185950.0,1,0,0,0
3.0,25.0,19,20,12.0,0.44,1.0,1620.0,17.45753,78.36247,30.0,0,1,1,1,0,0,1,0,0,Apartment,Semi_Furnished,West,Resale_Old,Medium,1,: ,11111.0,0,0,0,0
3.0,20.0,21,23,15.0,0.3,1.0,1900.0,17.464041,78.337481,30.0,1,0,0,1,0,0,1,0,0,Apartment,Semi_Furnished,West,Under_Construction,Large,1,: ,15000.0,0,0,0,0
2.0,12.0,16,17,0.0,0.4166666666666667,1.0,1105.0,17.443855,78.250431,30.0,0,1,0,1,0,0,1,0,0,Apartment,Semi_Furnished,East,Resale_Old,Small,1,: ,5067.0,0,0,0,0
2.0,9.0,17,18,0.0,0.5555555555555556,1.0,1295.0,17.443855,78.250431,30.0,0,1,0,1,0,0,1,0,0,Apartment,Semi_Furnished,East,Resale_Old,Medium,1,: ,5019.0,0,0,0,0
2.0,30.0,19,20,0.0,0.5,1.0,1315.0,78.48667,17.38504,30.0,0,1,0,1,0,0,1,0,0,Apartment,Semi_Furnished,East,Resale_Old,Medium,1,: ,8745.0,0,0,0,0
2.0,18.0,15,15,12.0,0.5555555555555556,1.0,1325.0,17.466742,78.337059,30.0,1,0,1,1,0,0,1,0,0,Apartment,Semi_Furnished,East,Resale_Very_Old,Medium,1,: ,10490.0,0,0,0,0
4.0,3.0,14,14,12.0,0.5384615384615384,2.0,269.0,17.437953,78.283138,30.0,1,0,1,1,0,0,1,0,0,Villa,Semi_Furnished,East,Resale_Very_Old,Micro,2,: ,163568.0,1,0,0,0
3.0,31.0,18,20,15.0,0.3225806451612903,1.0,1600.0,17.422584,78.350841,30.0,1,0,0,1,0,0,1,0,0,Apartment,Furnished,North,Resale_Very_Old,Medium,1,: ,11625.0,0,0,0,0
3.0,31.0,19,21,15.0,0.8387096774193549,1.0,1600.0,17.422584,78.350841,30.0,1,0,0,1,0,0,1,0,0,Apartment,Semi_Furnished,North,Resale_Very_Old,Medium,1,: ,12812.0,0,0,0,0
3.0,25.0,18,19,0.0,0.24,1.0,2290.0,78.48667,17.38504,30.0,0,1,0,1,0,0,1,0,0,Apartment,Semi_Furnished,East,Resale_Old,Large,1,: ,11353.0,0,0,0,0
3.0,25.0,18,19,0.0,0.52,1.0,1620.0,78.48667,17.38504,30.0,0,1,0,1,0,0,1,0,0,Apartment,Semi_Furnished,West,Resale_Old,Medium,1,: ,12037.0,0,0,0,0
2.0,31.0,18,19,12.0,0.6774193548387096,1.0,1314.0,17.398775,78.355493,30.0,1,0,0,1,0,0,1,0,0,Apartment,Furnished,East,Resale_Very_Old,Medium,1,: ,11111.0,0,0,0,0
3.0,1.0,13,14,50.0,0.5384615384615384,2.0,2646.0,17.47777,78.31405,30.0,1,0,0,1,0,0,0,0,0,Villa,Semi_Furnished,South,5_10_yrs,XL,2,: ,136054.0,1,0,0,0
3.0,19.0,17,19,15.0,1.0,1.0,1496.0,17.464041,78.337481,30.0,1,0,0,1,0,0,1,1,0,Apartment,Furnished,West,Under_Construction,Medium,1,: ,12032.0,0,0,0,0
3.0,36.0,21,22,50.0,0.8055555555555556,3.0,2960.0,17.3973794,78.3856447,30.0,0,1,0,1,0,0,1,0,0,Apartment,Semi_Furnished,East,Resale_Old,XL,3+,: ,8513.0,0,0,0,0
3.0,36.0,16,17,50.0,0.5555555555555556,3.0,2420.0,17.3973794,78.3856447,30.0,0,1,0,1,0,0,1,0,0,Apartment,Semi_Furnished,East,Resale_Old,Large,3+,: ,8512.0,0,0,0,0
4.0,45.0,21,22,50.0,0.8888888888888888,4.0,6723.0,17.3973794,78.3856447,30.0,0,1,0,1,0,0,1,0,0,Apartment,Semi_Furnished,East,Resale_Old,XXL,3+,: ,10501.0,0,0,0,0
3.0,36.0,21,22,50.0,0.8333333333333334,3.0,2185.0,17.3973794,78.3856447,30.0,0,1,0,1,0,0,1,0,0,Apartment,Semi_Furnished,North,Resale_Old,Large,3+,: ,8512.0,0,0,0,0
2.0,6.0,15,16,36.0,0.1666666666666666,1.0,1052.0,17.458176,78.382869,30.0,1,0,0,1,0,0,1,0,0,Apartment,Furnished,North,Under_Construction,Small,1,: ,11882.0,0,0,0,0
3.0,7.0,18,20,50.0,0.5714285714285714,1.0,2815.0,17.467071,78.370218,30.0,1,0,0,1,0,0,1,0,0,Apartment,Semi_Furnished,East,Under_Construction,XL,1,: ,10657.0,0,0,0,0
3.0,36.0,16,17,13.0,0.8333333333333334,1.0,2595.0,17.430915,78.37728,30.0,1,0,0,1,0,0,1,0,0,Apartment,Semi_Furnished,West,Under_Construction,XL,1,: ,22157.0,0,0,0,0
2.0,31.0,18,19,12.0,0.6774193548387096,1.0,1314.0,17.398775,78.355493,30.0,1,0,0,1,0,0,1,0,0,Apartment,Furnished,West,Under_Construction,Medium,1,: ,12176.0,0,0,0,0
3.0,32.0,28,30,7.0,0.25,1.0,1592.0,17.47699,78.39062,30.0,1,0,0,1,0,0,1,0,0,Apartment,Furnished,West,Under_Construction,Medium,1,: ,11306.0,0,0,0,0
3.0,22.0,14,15,0.0,0.5454545454545454,3.0,2597.0,78.48667,17.38504,30.0,0,1,0,1,0,0,1,0,0,Apartment,Semi_Furnished,West,Resale_Old,XL,3+,: ,7508.0,0,0,0,0
3.0,21.0,19,20,0.0,0.5714285714285714,3.0,2465.0,78.48667,17.38504,30.0,1,0,0,1,0,0,1,0,0,Apartment,Semi_Furnished,East,Resale_Very_Old,Large,3+,: ,12657.0,0,0,0,0
2.0,15.0,17,18,0.0,0.8,1.0,1297.0,78.48667,17.38504,30.0,1,0,0,1,0,0,1,0,0,Apartment,Semi_Furnished,West,Resale_Very_Old,Medium,1,: ,11179.0,0,0,0,0
3.0,5.0,17,19,49.0,1.0,1.0,2075.0,17.469667,78.343681,30.0,1,0,0,1,0,0,1,1,0,Apartment,Furnished,East,Under_Construction,Large,1,: ,8433.0,0,0,0,0
2.0,31.0,8,10,13.0,0.4193548387096774,1.0,1210.0,17.4480919,78.3787508,30.0,1,0,0,1,0,0,1,0,0,Apartment,Semi_Furnished,North,Resale_Very_Old,Medium,1,: ,9256.0,0,0,0,0
3.0,31.0,8,10,13.0,0.8387096774193549,1.0,1550.0,17.4480919,78.3787508,30.0,1,0,0,1,0,0,1,0,0,Apartment,Semi_Furnished,NE,Resale_Very_Old,Medium,1,: ,9677.0,0,0,0,0
3.0,36.0,8,10,13.0,0.6666666666666666,2.0,3430.0,17.4480919,78.3787508,30.0,1,0,0,1,0,0,1,0,0,Apartment,Semi_Furnished,West,Resale_Very_Old,XL,2,: ,20077.0,0,0,0,0
4.0,18.0,8,11,39.0,0.8333333333333334,2.0,3750.0,17.4480919,78.3787508,30.0,1,0,0,1,0,0,1,0,0,Apartment,Furnished,SE,0_5_yrs,XL,2,: ,12000.0,0,0,0,0
4.0,25.0,8,10,13.0,0.16,1.0,2660.0,17.47078,78.30668,30.0,1,0,1,1,0,0,1,0,0,Apartment,Semi_Furnished,West,Resale_Very_Old,XL,1,: ,10526.0,0,0,0,0
2.0,14.0,8,11,50.0,0.6428571428571429,1.0,1346.0,17.485091,78.3671565,30.0,0,1,1,1,0,0,1,0,0,Apartment,Semi_Furnished,West,Resale_Old,Medium,1,: ,9658.0,0,0,0,0
3.0,9.0,5,8,49.0,0.8888888888888888,1.0,2485.0,17.465883,78.371926,30.0,1,0,0,1,0,0,1,0,0,Apartment,Semi_Furnished,West,0_5_yrs,Large,1,: ,9198.0,0,0,0,0
3.0,20.0,8,8,48.0,0.55,3.0,1890.0,17.42278,78.34724,30.0,1,0,0,1,0,0,1,0,0,Apartment,Furnished,North,Under_Construction,Large,3+,: ,11957.0,0,0,0,0
3.0,31.0,8,10,12.0,0.6451612903225806,1.0,1834.0,17.500689,78.42035,30.0,1,0,0,1,0,1,1,0,0,Apartment,Semi_Furnished,East,Under_Construction,Large,1,: ,11723.0,0,0,0,0
4.0,2.0,7,10,49.0,0.5384615384615384,2.0,4300.0,17.38504,78.48667,30.0,1,0,0,1,0,0,1,0,0,Villa,Furnished,East,Under_Construction,XL,2,: ,15534.0,1,0,0,0
4.0,2.0,7,7,0.0,0.5384615384615384,2.0,2700.0,17.447039,78.17897,30.0,1,0,1,1,0,1,1,0,0,Villa,Semi_Furnished,West,Under_Construction,XL,2,: ,96666.0,1,0,0,0
4.0,2.0,7,7,0.0,0.5384615384615384,2.0,2700.0,17.447039,78.17897,30.0,1,0,1,1,0,1,1,0,0,Villa,Semi_Furnished,East,Under_Construction,XL,2,: ,106666.0,1,0,0,0
4.0,3.0,1,1,0.0,0.5384615384615384,2.0,3325.0,17.445192,78.146736,30.0,1,0,0,1,0,1,0,0,0,Villa,Semi_Furnished,East,Under_Construction,XL,2,: ,8060.0,1,0,0,0
4.0,3.0,1,1,0.0,0.5384615384615384,2.0,3325.0,17.445192,78.146736,30.0,1,0,0,1,0,1,0,0,0,Villa,Semi_Furnished,West,Under_Construction,XL,2,: ,8045.0,1,0,0,0
4.0,3.0,3,3,0.0,0.5384615384615384,2.0,3325.0,17.445587,78.146774,30.0,1,0,0,1,0,1,0,0,0,Villa,Semi_Furnished,East,Under_Construction,XL,2,: ,8015.0,1,0,0,0
4.0,3.0,1,1,0.0,0.5384615384615384,2.0,3325.0,17.445587,78.146774,30.0,1,0,0,1,0,1,0,0,0,Villa,Semi_Furnished,East,Under_Construction,XL,2,: ,8330.0,1,0,0,0
4.0,3.0,1,1,1.0,0.5384615384615384,2.0,3325.0,17.44723,78.281006,30.0,1,0,0,1,0,1,0,0,0,Villa,Semi_Furnished,West,Under_Construction,XL,2,: ,8000.0,1,0,0,0
4.0,3.0,1,1,0.0,0.5384615384615384,2.0,3325.0,17.445475,78.14703,30.0,1,0,0,1,0,1,0,0,0,Villa,Semi_Furnished,East,Under_Construction,XL,2,: ,8075.0,1,0,0,0
4.0,3.0,6,6,1.0,0.5384615384615384,2.0,3400.0,17.44723,78.281006,30.0,1,0,0,1,0,1,1,0,0,Villa,Semi_Furnished,West,Under_Construction,XL,2,: ,11823.0,1,0,0,0
4.0,3.0,5,5,17.0,0.5384615384615384,2.0,3400.0,17.4664197,78.285342,30.0,1,0,0,1,0,1,1,0,0,Villa,Unfurnished,West,Under_Construction,XL,2,: ,11764.0,1,0,0,0
4.0,3.0,5,5,17.0,0.5384615384615384,2.0,3400.0,17.4664197,78.285342,30.0,1,0,0,1,0,1,1,0,0,Villa,Semi_Furnished,East,Under_Construction,XL,2,: ,12000.0,1,0,0,0
2.0,2.0,0,0,50.0,0.5384615384615384,2.0,1998.0,17.495438,78.2960172,30.0,1,0,0,1,0,0,0,0,0,Villa,Semi_Furnished,NW,5_10_yrs,Large,2,: ,117117.0,1,0,0,0
3.0,14.0,8,10,12.0,0.0714285714285714,1.0,2100.0,17.3973794,78.3856447,30.0,0,1,1,1,0,0,1,0,0,Apartment,Semi_Furnished,East,Resale_Old,Large,1,: ,7400.0,0,0,0,0
3.0,19.0,20,20,14.0,0.7368421052631579,3.0,1960.0,17.463175,78.28648,30.0,1,0,0,1,0,1,1,0,0,Apartment,Semi_Furnished,East,Under_Construction,Large,3+,: ,7806.0,0,0,0,0
2.0,1.0,4,4,50.0,0.5384615384615384,2.0,900.0,17.3941246,78.5170995,30.0,1,0,0,1,0,0,0,0,0,Villa,Semi_Furnished,NE,5_10_yrs,Small,2,: ,150000.0,1,0,0,0
3.0,31.0,8,10,12.0,0.8064516129032258,1.0,1834.0,17.3973794,78.3856447,30.0,1,0,0,1,0,0,1,0,0,Apartment,Furnished,Unknown,Resale_Very_Old,Large,1,Puppalaguda,12431.0,0,0,0,0
4.0,2.0,8,10,14.0,0.5384615384615384,2.0,3500.0,17.463173,78.28648,30.0,1,0,0,1,0,0,1,0,0,Villa,Semi_Furnished,West,Under_Construction,XL,2,: ,12000.0,1,0,0,0
4.0,2.0,8,10,14.0,0.5384615384615384,2.0,2800.0,17.463173,78.28648,30.0,1,0,0,1,0,0,1,0,0,Villa,Semi_Furnished,West,Under_Construction,XL,2,: ,12000.0,1,0,0,0
3.0,5.0,6,6,29.0,0.6,2.0,1740.0,17.417875,78.33617,30.0,1,0,0,1,0,1,1,0,0,Apartment,Furnished,East,Under_Construction,Medium,2,Huda Layout,5459.0,0,0,0,0
4.0,2.0,3,3,8.0,0.5384615384615384,2.0,3755.0,17.446318,78.150024,30.0,1,0,1,1,0,1,1,0,0,Villa,Semi_Furnished,West,Under_Construction,XL,2,: ,9587.0,1,0,0,0
4.0,2.0,3,3,8.0,0.5384615384615384,2.0,3755.0,17.443354,78.182044,30.0,1,0,1,1,0,1,1,0,0,Villa,Semi_Furnished,East,Under_Construction,XL,2,: ,9640.0,1,0,0,0
4.0,2.0,3,3,8.0,0.5384615384615384,2.0,3770.0,17.443354,78.182044,30.0,1,0,1,1,0,1,1,0,0,Villa,Unfurnished,West,Under_Construction,XL,2,: ,9496.0,1,0,0,0
4.0,2.0,3,3,8.0,0.5384615384615384,2.0,3788.0,17.443354,78.182044,30.0,1,0,1,1,0,1,1,0,0,Villa,Unfurnished,East,Under_Construction,XL,2,: ,9398.0,1,0,0,0
2.0,1.0,1,1,7.0,0.5384615384615384,1.0,1125.0,17.395199,78.64021,30.0,1,0,0,1,0,1,0,0,0,Villa,Semi_Furnished,East,Under_Construction,Small,1,: ,71200.0,1,0,0,0
2.0,12.0,8,11,8.0,0.25,1.0,1100.0,17.443855,78.250431,30.0,0,1,0,1,0,0,1,0,0,Apartment,Semi_Furnished,East,Resale_Old,Small,1,: ,3500.0,0,0,0,0
3.0,12.0,8,11,8.0,0.0833333333333333,1.0,1401.0,17.443855,78.250431,30.0,0,1,0,1,0,0,1,0,0,Apartment,Semi_Furnished,East,Resale_Old,Medium,1,: ,3500.0,0,0,0,0
3.0,35.0,8,11,10.0,0.1142857142857142,1.0,1492.0,17.416338,78.3410646,30.0,1,0,1,1,0,0,1,0,0,Apartment,Furnished,West,Under_Construction,Medium,1,: ,11528.0,0,0,0,0
4.0,2.0,8,10,49.0,0.5384615384615384,2.0,3332.0,17.38504,78.48667,60.0,0,1,0,1,0,0,1,0,0,Villa,Semi_Furnished,East,Resale_Old,XL,2,: ,7999.0,1,0,0,0
4.0,3.0,6,6,17.0,0.5384615384615384,2.0,225.0,17.4664197,78.285342,6.0,1,0,0,1,0,0,1,0,0,Villa,Semi_Furnished,East,Under_Construction,Micro,2,: ,177777.0,1,0,0,0
6.0,3.0,6,7,47.0,0.5384615384615384,3.0,4438.0,17.4359437,78.3416731,6.0,1,0,0,1,0,0,1,0,0,Villa,Furnished,North,0_5_yrs,XL,3+,: ,30419.0,1,0,0,0
3.0,31.0,8,11,13.0,0.5161290322580645,1.0,1450.0,17.4480919,78.3787508,30.0,1,0,0,1,0,0,1,0,0,Apartment,Semi_Furnished,East,Resale_Very_Old,Medium,1,: ,11379.0,0,0,0,0
3.0,5.0,25,28,47.0,0.2,3.0,1510.0,17.4359437,78.3416731,0.0,1,0,0,1,0,0,1,0,0,Apartment,Furnished,East,Under_Construction,Medium,3+,: ,8741.0,0,0,0,0
4.0,2.0,27,29,50.0,0.5384615384615384,3.0,200.0,17.4011618,78.37569,2.0,1,0,0,1,0,0,1,0,0,Villa,Semi_Furnished,East,Resale_Very_Old,Micro,3+,Manikonda,29000.0,1,0,0,0
2.0,10.0,31,33,50.0,1.0,2.0,1570.0,17.4011618,78.37569,2.0,0,1,0,1,0,0,1,1,0,Apartment,Semi_Furnished,East,Resale_Old,Medium,2,Manikonda,6999.0,0,0,0,0
3.0,5.0,23,25,50.0,0.8,3.0,1525.0,17.4011618,78.37569,2.0,0,1,0,1,0,0,1,0,0,Apartment,Semi_Furnished,East,Resale_Old,Medium,3+,Manikonda,5000.0,0,0,0,0
4.0,1.0,24,25,3.0,0.5384615384615384,3.0,1998.0,17.210329,78.500098,14.0,1,0,0,1,0,0,0,0,0,Villa,Semi_Furnished,East,Resale_Very_Old,Large,3+,: ,162162.0,1,0,0,0
3.0,2.0,20,20,0.0,0.5384615384615384,2.0,4254.0,17.443354,78.182044,21.0,0,1,0,1,0,0,0,0,0,Villa,Semi_Furnished,East,Resale_Old,XL,2,: ,7799.0,1,0,0,0
3.0,2.0,20,20,0.0,0.5384615384615384,2.0,4254.0,17.443354,78.182044,21.0,0,1,0,1,0,0,0,0,0,Villa,Semi_Furnished,East,Resale_Old,XL,2,: ,7799.0,1,0,0,0
3.0,2.0,20,20,0.0,0.5384615384615384,2.0,4254.0,17.443354,78.182044,21.0,0,1,0,1,0,0,0,0,0,Villa,Semi_Furnished,East,Resale_Old,XL,2,: ,7799.0,1,0,0,0
3.0,2.0,20,20,50.0,0.5384615384615384,2.0,4254.0,17.3973794,78.3856447,21.0,0,1,0,1,0,0,0,0,0,Villa,Semi_Furnished,East,Resale_Old,XL,2,: ,7799.0,1,0,0,0
3.0,2.0,20,20,50.0,0.5384615384615384,2.0,4254.0,17.3973794,78.3856447,21.0,0,1,0,1,0,0,0,0,0,Villa,Semi_Furnished,East,Resale_Old,XL,2,: ,7799.0,1,0,0,0
3.0,2.0,20,20,48.0,0.5384615384615384,2.0,4254.0,17.42278,78.34724,21.0,0,1,0,1,0,0,0,0,0,Villa,Semi_Furnished,East,Resale_Old,XL,2,: ,7799.0,1,0,0,0
3.0,2.0,20,20,15.0,0.5384615384615384,2.0,4254.0,17.4563368,78.2967816,21.0,0,1,0,1,0,0,0,0,0,Villa,Semi_Furnished,East,Resale_Old,XL,2,: ,7799.0,1,0,0,0
3.0,2.0,20,20,17.0,0.5384615384615384,2.0,4254.0,17.4664197,78.285342,21.0,0,1,0,1,0,0,0,0,0,Villa,Semi_Furnished,East,Resale_Old,XL,2,: ,7798.0,1,0,0,0
3.0,2.0,20,20,17.0,0.5384615384615384,2.0,4254.0,17.4664197,78.285342,21.0,0,1,0,1,0,0,0,0,0,Villa,Semi_Furnished,East,Resale_Old,XL,2,: ,7799.0,1,0,0,0
3.0,2.0,20,20,47.0,0.5384615384615384,2.0,4254.0,17.4359437,78.3416731,21.0,0,1,0,1,0,0,0,0,0,Villa,Semi_Furnished,East,Resale_Old,XL,2,: ,7798.0,1,0,0,0
3.0,2.0,20,20,47.0,0.5384615384615384,2.0,4254.0,17.4359437,78.3416731,21.0,0,1,0,1,0,0,0,0,0,Villa,Semi_Furnished,East,Resale_Old,XL,2,: ,7798.0,1,0,0,0
3.0,2.0,20,20,47.0,0.5384615384615384,2.0,4254.0,17.4359437,78.3416731,21.0,0,1,0,1,0,0,0,0,0,Villa,Semi_Furnished,East,Resale_Old,XL,2,: ,7798.0,1,0,0,0
3.0,2.0,20,20,47.0,0.5384615384615384,2.0,4254.0,17.4359437,78.3416731,21.0,0,1,0,1,0,0,0,0,0,Villa,Semi_Furnished,East,Resale_Old,XL,2,: ,7798.0,1,0,0,0
3.0,2.0,20,20,0.0,0.5384615384615384,2.0,4254.0,17.443354,78.182044,21.0,0,1,0,1,0,0,0,0,0,Villa,Semi_Furnished,East,Resale_Old,XL,2,: ,7798.0,1,0,0,0
3.0,2.0,20,20,0.0,0.5384615384615384,2.0,4254.0,17.443354,78.182044,21.0,0,1,0,1,0,0,0,0,0,Villa,Semi_Furnished,East,Resale_Old,XL,2,: ,7798.0,1,0,0,0
3.0,2.0,20,20,0.0,0.5384615384615384,2.0,4254.0,17.443354,78.182044,21.0,0,1,0,1,0,0,0,0,0,Villa,Semi_Furnished,East,Resale_Old,XL,2,: ,7798.0,1,0,0,0
3.0,2.0,20,20,0.0,0.5384615384615384,2.0,4254.0,17.443354,78.182044,21.0,0,1,0,1,0,0,0,0,0,Villa,Semi_Furnished,East,Resale_Old,XL,2,: ,7798.0,1,0,0,0
3.0,2.0,20,20,0.0,0.5384615384615384,2.0,4254.0,17.443354,78.182044,21.0,0,1,0,1,0,0,0,0,0,Villa,Semi_Furnished,East,Resale_Old,XL,2,: ,7798.0,1,0,0,0
3.0,2.0,20,20,0.0,0.5384615384615384,2.0,4254.0,17.443354,78.182044,21.0,0,1,0,1,0,0,0,0,0,Villa,Semi_Furnished,East,Resale_Old,XL,2,: ,7799.0,1,0,0,0
2.0,14.0,8,11,11.0,0.5,2.0,1245.0,17.485091,78.3671565,6.0,0,1,1,1,0,0,1,0,0,Apartment,Semi_Furnished,East,Resale_Old,Medium,2,: ,7228.0,0,0,0,0
2.0,1.0,3,3,6.0,0.5384615384615384,2.0,1350.0,17.542319,78.226934,14.0,0,1,0,1,0,0,1,0,0,Builder_Floor,Semi_Furnished,NE,Resale_Old,Medium,2,: ,5185.0,1,0,0,0
3.0,15.0,6,7,9.0,0.4666666666666667,4.0,2802.0,17.4664197,78.285342,21.0,1,0,0,1,0,0,1,0,0,Apartment,Semi_Furnished,East,Under_Construction,XL,3+,: ,5498.0,0,0,0,0
2.0,10.0,14,14,15.0,0.1,2.0,1107.0,17.325907,78.424158,30.0,1,0,0,1,0,0,1,0,0,Apartment,Semi_Furnished,Unknown,Resale_Very_Old,Small,2,: ,7949.0,0,0,0,0
2.0,5.0,5,5,0.0,0.6,1.0,1050.0,78.48667,17.38504,30.0,1,0,0,1,0,0,1,0,0,Apartment,Semi_Furnished,North,Under_Construction,Small,1,: ,7142.0,0,0,0,0
2.0,5.0,8,10,6.0,0.4,2.0,1295.0,17.5564,78.36389,30.0,0,1,1,1,0,0,1,0,0,Apartment,Semi_Furnished,East,Resale_Old,Medium,2,: ,4700.0,0,0,0,0
2.0,5.0,8,10,6.0,1.0,1.0,1200.0,17.5564,78.36389,30.0,0,1,0,1,0,0,1,1,0,Apartment,Semi_Furnished,North,Resale_Old,Small,1,: ,5416.0,0,0,0,0
2.0,5.0,7,7,50.0,0.2,2.0,1202.0,17.488379,78.327,7.0,1,0,0,1,0,0,1,0,0,Apartment,Semi_Furnished,East,Resale_Very_Old,Medium,2,Chandanagar,4416.0,0,0,0,0
3.0,5.0,7,7,9.0,0.2,2.0,1360.0,17.54865,78.3856,7.0,1,0,0,1,0,0,1,0,0,Apartment,Semi_Furnished,East,Resale_Very_Old,Medium,2,Bachupally,4074.0,0,0,0,0
2.0,5.0,7,7,47.0,0.2,2.0,1157.0,17.5007411,78.3958548,7.0,1,0,0,1,0,0,1,0,0,Apartment,Semi_Furnished,East,Resale_Very_Old,Small,2,Addagutta,4521.0,0,0,0,0
2.0,5.0,7,7,50.0,0.2,2.0,1157.0,17.5203424,78.3970205,7.0,1,0,0,1,0,0,1,0,0,Apartment,Semi_Furnished,East,Resale_Very_Old,Small,2,Pragathi Nagar,4521.0,0,0,0,0
2.0,5.0,7,7,47.0,0.2,2.0,1157.0,17.5337007,78.401286,7.0,1,0,0,1,0,0,1,0,0,Apartment,Semi_Furnished,East,Resale_Very_Old,Small,2,Gajulramaram,4434.0,0,0,0,0
2.0,5.0,7,7,47.0,0.2,2.0,1157.0,17.5337007,78.401286,7.0,1,0,0,1,0,0,1,0,0,Apartment,Semi_Furnished,East,Resale_Very_Old,Small,2,Gajulramaram,4521.0,0,0,0,0
2.0,5.0,7,7,47.0,0.2,2.0,1207.0,17.49479,78.39964,7.0,1,0,0,1,0,0,1,0,0,Apartment,Semi_Furnished,East,Resale_Very_Old,Medium,2,Kukatpally,4333.0,0,0,0,0
2.0,5.0,7,7,47.0,0.2,2.0,1207.0,17.49479,78.39964,7.0,1,0,0,1,0,0,1,0,0,Apartment,Semi_Furnished,East,Resale_Very_Old,Medium,2,Kukatpally,4416.0,0,0,0,0
2.0,5.0,7,7,50.0,0.2,2.0,1207.0,17.4833526,78.3870668,7.0,1,0,0,1,0,0,1,0,0,Apartment,Semi_Furnished,East,Resale_Very_Old,Medium,2,KPHB,4416.0,0,0,0,0
2.0,5.0,7,7,50.0,0.2,2.0,1207.0,17.4833526,78.3870668,7.0,1,0,0,1,0,0,1,0,0,Apartment,Semi_Furnished,East,Resale_Very_Old,Medium,2,KPHB,4500.0,0,0,0,0
2.0,5.0,4,5,13.0,0.2,2.0,1137.0,17.292131,78.52624,7.0,1,0,0,1,0,0,1,0,0,Apartment,Semi_Furnished,West,Under_Construction,Small,2,KUKATAPALLY,4573.0,0,0,0,0
2.0,5.0,5,5,40.0,0.4,2.0,1053.0,17.521349,78.30607,7.0,1,0,0,1,0,0,1,0,0,Apartment,Semi_Furnished,East,Under_Construction,Small,2,Aminpur,4748.0,0,0,0,0
2.0,5.0,4,5,32.0,0.2,2.0,1156.0,17.527477,78.308815,7.0,1,0,0,1,0,0,1,0,0,Apartment,Semi_Furnished,East,Under_Construction,Small,2,Beeramguda,3979.0,0,0,0,0
2.0,5.0,6,6,18.0,0.2,2.0,1200.0,17.5459996775916,78.39104600250721,7.0,1,0,0,1,0,0,1,0,0,Apartment,Semi_Furnished,East,Under_Construction,Small,2,Bachupally,3916.0,0,0,0,0
2.0,5.0,5,5,13.0,0.2,2.0,1137.0,17.29206,78.52628,7.0,1,0,0,1,0,0,1,0,0,Apartment,Semi_Furnished,East,Under_Construction,Small,2,KUKATAPALLY,4661.0,0,0,0,0
2.0,5.0,6,6,47.0,0.2,2.0,1102.0,17.489697,78.32271,7.0,1,0,0,1,0,0,1,0,0,Apartment,Semi_Furnished,East,Under_Construction,Small,2,Chandanagar,4718.0,0,0,0,0
2.0,5.0,4,4,47.0,0.2,2.0,1343.0,17.489697,78.32271,7.0,1,0,0,1,0,0,1,0,0,Apartment,Semi_Furnished,East,Under_Construction,Medium,2,Aminpur,4690.0,0,0,0,0
2.0,5.0,3,3,13.0,0.2,2.0,1157.0,17.292048,78.52628,7.0,1,0,0,1,0,0,1,0,0,Apartment,Semi_Furnished,East,Under_Construction,Small,2,KPHB,4580.0,0,0,0,0
2.0,5.0,3,3,50.0,0.2,2.0,1157.0,17.515236,78.42038,7.0,1,0,0,1,0,0,1,0,0,Apartment,Semi_Furnished,East,Under_Construction,Small,2,Gajulramaram,4580.0,0,0,0,0
2.0,5.0,4,5,13.0,0.2,2.0,1156.0,17.292118,78.52625,7.0,1,0,0,1,0,0,1,0,0,Apartment,Semi_Furnished,East,Under_Construction,Small,2,KUKATAPALLY,4584.0,0,0,0,0
3.0,5.0,6,6,13.0,0.2,2.0,1437.0,17.292131,78.52624,7.0,1,0,0,1,0,0,1,0,0,Apartment,Semi_Furnished,West,Under_Construction,Medium,2,Chandanagar,5017.0,0,0,0,0
2.0,5.0,3,3,50.0,0.2,2.0,1153.0,17.515236,78.42038,7.0,1,0,0,1,0,0,1,0,0,Apartment,Semi_Furnished,East,Under_Construction,Small,2,Gajulramaram,4509.0,0,0,0,0
2.0,5.0,5,6,49.0,0.2,2.0,1152.0,17.503677,78.416,7.0,1,0,0,1,0,0,1,0,0,Apartment,Semi_Furnished,East,Under_Construction,Small,2,Aminpur,4687.0,0,0,0,0
2.0,5.0,4,5,32.0,0.2,2.0,1056.0,17.527477,78.308815,7.0,1,0,0,1,0,0,1,0,0,Apartment,Semi_Furnished,East,Under_Construction,Small,2,Beeramguda,4261.0,0,0,0,0
2.0,5.0,6,6,28.0,0.2,2.0,1105.0,17.530041954127157,78.30981429666281,7.0,1,0,0,1,0,0,1,0,0,Apartment,Semi_Furnished,East,Under_Construction,Small,2,Beeramguda,3981.0,0,0,0,0
2.0,5.0,6,6,44.0,0.2,2.0,1055.0,17.517812162625887,78.30416053533554,7.0,1,0,0,1,0,0,1,0,0,Apartment,Semi_Furnished,East,Under_Construction,Small,2,Beeramguda,4265.0,0,0,0,0
2.0,5.0,6,6,19.0,0.2,2.0,1202.0,17.544842761099115,78.3855189755559,7.0,1,0,0,1,0,0,1,0,0,Apartment,Semi_Furnished,East,Under_Construction,Medium,2,Bachupally,3993.0,0,0,0,0
2.0,5.0,6,6,47.0,0.2,2.0,1105.0,17.532810903354342,78.39660689234734,7.0,1,0,0,1,0,0,1,0,0,Apartment,Semi_Furnished,East,Under_Construction,Small,2,Gajulramaram,4705.0,0,0,0,0
2.0,5.0,5,5,13.0,0.2,2.0,1152.0,17.292053,78.52628,7.0,1,0,0,1,0,0,1,0,0,Apartment,Semi_Furnished,West,Under_Construction,Small,2,KUKATAPALLY,4774.0,0,0,0,0
2.0,5.0,4,5,13.0,0.2,2.0,1156.0,17.292053,78.52628,7.0,1,0,0,1,0,0,1,0,0,Apartment,Semi_Furnished,West,Under_Construction,Small,2,Beeramguda,3892.0,0,0,0,0
2.0,5.0,3,3,13.0,0.2,2.0,1137.0,17.292053,78.52628,7.0,1,0,0,1,0,0,1,0,0,Apartment,Semi_Furnished,West,Under_Construction,Small,2,Gajulramaram,4573.0,0,0,0,0
2.0,5.0,4,5,40.0,0.2,2.0,1155.0,17.521349,78.30607,7.0,1,0,0,1,0,0,1,0,0,Apartment,Semi_Furnished,West,Under_Construction,Small,2,KPHB,4588.0,0,0,0,0
2.0,5.0,4,5,13.0,0.2,2.0,1178.0,17.292053,78.52628,7.0,1,0,0,1,0,0,1,0,0,Apartment,Semi_Furnished,West,Under_Construction,Small,2,Bachupally,4074.0,0,0,0,0
2.0,5.0,4,4,47.0,0.4,2.0,1350.0,17.489697,78.32271,7.0,1,0,0,1,0,0,1,0,0,Apartment,Semi_Furnished,East,Under_Construction,Medium,2,Aminpur,4666.0,0,0,0,0
2.0,5.0,4,5,32.0,0.2,2.0,1127.0,17.527477,78.308815,7.0,1,0,0,1,0,0,1,0,0,Apartment,Semi_Furnished,East,Under_Construction,Small,2,Gajulramaram,4658.0,0,0,0,0
2.0,5.0,4,4,32.0,0.4,2.0,1153.0,17.527477,78.308815,7.0,1,0,0,1,0,0,1,0,0,Apartment,Semi_Furnished,East,Under_Construction,Small,2,Chandanagar,4748.0,0,0,0,0
2.0,5.0,4,5,13.0,0.2,2.0,1155.0,17.292053,78.52628,7.0,1,0,0,1,0,0,1,0,0,Apartment,Semi_Furnished,West,Under_Construction,Small,2,Gajulramaram,4502.0,0,0,0,0
3.0,5.0,4,4,13.0,0.4,2.0,1437.0,17.292053,78.52628,7.0,1,0,0,1,0,0,1,0,0,Apartment,Semi_Furnished,East,Under_Construction,Medium,2,Chandanagar,4697.0,0,0,0,0
2.0,5.0,6,6,47.0,0.2,2.0,1153.0,17.532810903354342,78.39660689234734,7.0,1,0,0,1,0,0,1,0,0,Apartment,Semi_Furnished,East,Under_Construction,Small,2,KPHB,4509.0,0,0,0,0
2.0,5.0,6,6,47.0,0.2,2.0,1153.0,17.532810903354342,78.39660689234734,7.0,1,0,0,1,0,0,1,0,0,Apartment,Semi_Furnished,East,Under_Construction,Small,2,Chandanagar,4509.0,0,0,0,0
2.0,5.0,7,7,48.0,0.2,2.0,1190.0,17.501258812970175,78.40502802282572,30.0,1,0,0,1,0,0,1,0,0,Apartment,Semi_Furnished,East,Under_Construction,Small,2,Gajulramaram,4537.0,0,0,0,0
2.0,5.0,8,8,43.0,0.2,2.0,1090.0,17.518670947765116,78.30384504050016,30.0,1,0,0,1,0,0,1,0,0,Apartment,Semi_Furnished,East,Under_Construction,Small,2,Beeramguda,4128.0,0,0,0,0
2.0,5.0,8,8,49.0,0.2,2.0,1099.0,17.493614238079616,78.32779482007027,30.0,1,0,0,1,0,0,1,0,0,Apartment,Semi_Furnished,East,Under_Construction,Small,2,Beeramguda,4094.0,0,0,0,0
3.0,5.0,8,8,49.0,0.2,2.0,1510.0,17.50620601524729,78.33034861832857,30.0,1,0,0,1,0,0,1,0,0,Apartment,Semi_Furnished,East,Under_Construction,Medium,2,Chandanagar,4503.0,0,0,0,0
3.0,5.0,8,8,50.0,0.2,2.0,1510.0,17.51734568008974,78.31574197858572,30.0,1,0,0,1,0,0,1,0,0,Apartment,Semi_Furnished,East,Under_Construction,Medium,2,Aminpur,4503.0,0,0,0,0
2.0,5.0,7,7,8.0,0.2,2.0,1168.0,17.53775117156079,78.33891458809376,30.0,1,0,0,1,0,0,1,0,0,Apartment,Semi_Furnished,East,Under_Construction,Small,2,Aminpur,4537.0,0,0,0,0
2.0,5.0,7,7,8.0,0.2,2.0,1105.0,17.53775117156079,78.33891458809376,30.0,1,0,0,1,0,0,1,0,0,Apartment,Semi_Furnished,East,Under_Construction,Small,2,Aminpur,4705.0,0,0,0,0
2.0,5.0,5,5,50.0,0.4,2.0,1125.0,17.49036438896237,78.36227461695671,30.0,1,0,0,1,0,0,1,0,0,Apartment,Semi_Furnished,East,Under_Construction,Small,2,Chandanagar,4622.0,0,0,0,0
2.0,5.0,6,6,50.0,0.2,2.0,1180.0,17.49036438896237,78.36227461695671,30.0,1,0,0,1,0,0,1,0,0,Apartment,Semi_Furnished,East,Under_Construction,Small,2,Chandanagar,4568.0,0,0,0,0
2.0,5.0,7,7,50.0,0.2,2.0,1190.0,17.49036438896237,78.36227461695671,30.0,1,0,0,1,0,0,1,0,0,Apartment,Semi_Furnished,East,Under_Construction,Small,2,Gajulramaram,4621.0,0,0,0,0
2.0,5.0,7,7,47.0,0.2,2.0,1190.0,17.532810903354342,78.39660689234734,30.0,1,0,0,1,0,0,1,0,0,Apartment,Semi_Furnished,East,Under_Construction,Small,2,Bachupally,4033.0,0,0,0,0
3.0,5.0,8,8,49.0,0.2,2.0,1595.0,17.5201639,78.3224154,30.0,1,0,0,1,0,0,1,0,0,Apartment,Semi_Furnished,East,Under_Construction,Medium,2,Chandanagar,4388.0,0,0,0,0
2.0,5.0,7,7,28.0,0.2,2.0,1180.0,17.530041954127157,78.30981429666281,30.0,1,0,0,1,0,0,1,0,0,Apartment,Semi_Furnished,East,Under_Construction,Small,2,Bachupally,4067.0,0,0,0,0
2.0,5.0,8,8,49.0,0.2,2.0,1060.0,17.5201639,78.3224154,30.0,1,0,0,1,0,0,1,0,0,Apartment,Semi_Furnished,East,Under_Construction,Small,2,Beeramguda,4245.0,0,0,0,0
2.0,5.0,7,7,49.0,0.2,2.0,1190.0,17.488481221432767,78.39845057576895,30.0,1,0,0,1,0,0,1,0,0,Apartment,Semi_Furnished,East,Under_Construction,Small,2,KPHB,4537.0,0,0,0,0
3.0,31.0,6,6,15.0,0.1935483870967742,3.0,1925.0,17.422584,78.350841,14.0,1,0,0,1,0,0,1,0,0,Apartment,Furnished,East,Under_Construction,Large,3+,: ,11948.0,0,0,0,0
2.0,24.0,4,4,46.0,0.2083333333333333,1.0,1380.0,17.414254,78.354416,30.0,1,0,0,1,0,0,1,0,0,Apartment,Semi_Furnished,East,Resale_Very_Old,Medium,1,: ,9601.0,0,0,0,0
3.0,15.0,4,4,12.0,0.9333333333333332,2.0,1895.0,17.407369,78.388221,30.0,1,0,1,1,0,0,1,0,0,Apartment,Semi_Furnished,East,Resale_Very_Old,Large,2,: ,8550.0,0,0,0,0
3.0,15.0,5,5,12.0,0.9333333333333332,2.0,2260.0,17.407369,78.388221,30.0,1,0,1,1,0,0,1,0,0,Apartment,Semi_Furnished,East,Resale_Very_Old,Large,2,: ,8550.0,0,0,0,0
3.0,15.0,5,5,12.0,0.9333333333333332,2.0,1910.0,17.407369,78.388221,30.0,1,0,1,1,0,0,1,0,0,Apartment,Semi_Furnished,East,Resale_Very_Old,Large,2,: ,8550.0,0,0,0,0
4.0,18.0,5,5,43.0,0.8333333333333334,4.0,3750.0,17.444443,78.367262,30.0,1,0,0,1,0,0,1,0,0,Apartment,Furnished,South,0_5_yrs,XL,3+,: ,12000.0,0,0,0,0
4.0,5.0,3,4,50.0,0.4,1.0,1800.0,17.4018092,78.5601892,30.0,1,0,0,1,0,0,1,0,0,Apartment,Furnished,East,Resale_Very_Old,Medium,1,: ,6000.0,0,0,0,0
3.0,2.0,8,8,2.0,0.5384615384615384,2.0,2980.0,17.19515,78.65624,14.0,0,1,0,1,0,0,0,0,0,Villa,Semi_Furnished,Unknown,Resale_Old,XL,2,: ,4739.0,1,0,0,0
3.0,35.0,21,23,43.0,0.5142857142857142,1.0,1840.0,17.516785,78.295298,21.0,1,0,1,1,0,0,1,0,0,Apartment,Semi_Furnished,East,Resale_Very_Old,Large,1,RC Puram,12681.0,0,0,0,0
4.0,2.0,22,23,24.0,0.5384615384615384,2.0,4770.0,17.35459,78.400939,30.0,1,0,0,1,0,0,1,0,0,Villa,Furnished,Unknown,0_5_yrs,XL,2,Velly View Enclave,12578.0,1,0,0,0
4.0,2.0,20,22,4.0,0.5384615384615384,2.0,1980.0,17.523851,78.254744,30.0,0,1,1,1,0,0,1,0,0,Villa,Semi_Furnished,East,Resale_Old,Large,2,Kollur,14349.0,1,0,0,0
3.0,27.0,15,15,12.0,0.1851851851851851,2.0,2440.0,17.4692958,78.333071,30.0,1,0,1,1,0,0,1,0,0,Apartment,Semi_Furnished,East,Resale_Very_Old,Large,2,: ,14051.0,0,0,0,0
3.0,20.0,15,16,12.0,0.75,1.0,2545.0,17.4692958,78.333071,30.0,1,0,1,1,0,0,1,0,0,Apartment,Semi_Furnished,West,Resale_Very_Old,XL,1,: ,13678.0,0,0,0,0
3.0,20.0,26,27,12.0,0.6,1.0,2410.0,17.4692958,78.333071,30.0,1,0,1,1,0,0,1,0,0,Apartment,Semi_Furnished,East,Resale_Very_Old,Large,1,: ,14933.0,0,0,0,0
2.0,1.0,3,3,3.0,0.5384615384615384,1.0,1125.0,17.575068,78.253963,,1,0,0,1,0,0,0,0,0,Villa,Semi_Furnished,East,Resale_Very_Old,Small,1,: ,59200.0,1,0,0,0
6.0,2.0,0,0,50.0,0.5384615384615384,2.0,1215.0,17.4816014,78.4832055,5.0,1,0,0,1,0,1,0,0,0,Villa,Furnished,South,0_5_yrs,Medium,2,: ,125925.0,1,0,0,0
3.0,5.0,0,0,49.0,0.4,1.0,1700.0,17.38504,78.48667,7.0,1,0,0,1,0,0,1,0,0,Apartment,Semi_Furnished,East,Under_Construction,Medium,1,: ,9117.0,0,0,0,0
3.0,1.0,0,0,49.0,0.5384615384615384,2.0,1215.0,17.38504,78.48667,7.0,1,0,0,1,0,0,0,0,0,Villa,Semi_Furnished,East,0_5_yrs,Medium,2,: ,114814.0,1,0,0,0
4.0,2.0,0,0,49.0,0.5,2.0,945.0,17.38504,78.48667,7.0,1,0,0,1,0,0,0,0,0,Builder_Floor,Semi_Furnished,East,Under_Construction,Small,2,: ,119047.0,0,0,0,0
10.0,3.0,0,0,47.0,0.6666666666666666,4.0,2700.0,17.48718,78.5786,7.0,1,0,0,1,0,0,0,0,0,Builder_Floor,Furnished,East,Under_Construction,XL,3+,: ,161666.0,0,0,0,0
3.0,5.0,0,0,49.0,0.6,2.0,1500.0,17.4667989,78.5398204,7.0,1,0,0,1,0,0,1,0,0,Apartment,Semi_Furnished,Unknown,Under_Construction,Medium,2,: ,6000.0,0,0,0,0
5.0,2.0,0,0,49.0,0.5384615384615384,2.0,1188.0,17.4667989,78.5398204,7.0,1,0,0,1,0,0,0,0,0,Villa,Unfurnished,NW,Resale_Very_Old,Small,2,: ,109848.0,1,0,0,0
5.0,1.0,0,0,49.0,0.5384615384615384,2.0,900.0,17.38504,78.48667,7.0,1,0,0,1,0,0,0,0,0,Villa,Semi_Furnished,West,0_5_yrs,Small,2,: ,85000.0,1,0,0,0
4.0,2.0,0,0,50.0,0.5384615384615384,2.0,1800.0,17.48531,78.4933,7.0,1,0,0,1,0,0,0,0,0,Villa,Semi_Furnished,West,0_5_yrs,Medium,2,: ,115000.0,1,0,0,0
2.0,1.0,3,3,3.0,0.5384615384615384,1.0,900.0,17.575068,78.253963,7.0,1,0,0,1,0,0,0,0,0,Villa,Furnished,North,Resale_Very_Old,Small,1,: ,64000.0,1,0,0,0
4.0,2.0,3,3,6.0,0.5384615384615384,2.0,1359.0,17.529701,78.333031,7.0,1,0,0,1,0,0,0,0,0,Villa,Semi_Furnished,East,Resale_Very_Old,Medium,2,: ,109271.0,1,0,0,0
4.0,2.0,3,3,50.0,0.5384615384615384,2.0,1350.0,17.5090182,78.3001801,7.0,1,0,0,1,0,0,0,0,0,Villa,Furnished,East,Resale_Very_Old,Medium,2,: ,94666.0,1,0,0,0
2.0,2.0,3,3,50.0,0.5384615384615384,2.0,1350.0,17.5090182,78.3001801,7.0,1,0,0,1,0,0,0,0,0,Villa,Semi_Furnished,West,Resale_Very_Old,Medium,2,: ,70666.0,1,0,0,0
2.0,1.0,3,3,7.0,0.5384615384615384,1.0,1440.0,17.543634,78.293712,7.0,1,0,0,1,0,0,0,0,0,Villa,Furnished,West,Resale_Very_Old,Medium,1,: ,66875.0,1,0,0,0
4.0,2.0,3,3,50.0,0.5384615384615384,2.0,1215.0,17.536121,78.289779,7.0,1,0,0,1,0,0,0,0,0,Villa,Furnished,East,Resale_Very_Old,Medium,2,: ,83703.0,1,0,0,0
3.0,2.0,3,3,50.0,0.5384615384615384,2.0,999.0,17.536121,78.289779,7.0,1,0,0,1,0,0,0,0,0,Villa,Semi_Furnished,East,Resale_Very_Old,Small,2,: ,89189.0,1,0,0,0
4.0,2.0,3,3,50.0,0.5384615384615384,2.0,1260.0,17.536121,78.289779,7.0,1,0,0,1,0,0,0,0,0,Villa,Semi_Furnished,West,Resale_Very_Old,Medium,2,: ,87142.0,1,0,0,0
2.0,1.0,3,3,50.0,0.5384615384615384,1.0,1350.0,17.5090182,78.3001801,7.0,1,0,0,1,0,0,0,0,0,Villa,Semi_Furnished,East,Resale_Very_Old,Medium,1,: ,64666.0,1,0,0,0
4.0,2.0,3,3,50.0,0.5384615384615384,2.0,1350.0,17.5090182,78.3001801,7.0,1,0,0,1,0,0,0,0,0,Villa,Semi_Furnished,NW,Resale_Very_Old,Medium,2,: ,106666.0,1,0,0,0
4.0,2.0,3,4,50.0,0.5384615384615384,3.0,1399.0,17.536121,78.289779,7.0,1,0,0,1,0,0,0,0,0,Villa,Furnished,West,Resale_Very_Old,Medium,3+,: ,80385.0,1,0,0,0
4.0,2.0,3,3,7.0,0.5384615384615384,2.0,1381.0,17.543634,78.293712,7.0,1,0,0,1,0,0,0,0,0,Villa,Semi_Furnished,East,Resale_Very_Old,Medium,2,: ,78175.0,1,0,0,0
3.0,2.0,0,0,50.0,0.5384615384615384,3.0,138.0,17.49125,78.50325,7.0,1,0,0,1,0,0,0,0,0,Villa,Furnished,West,0_5_yrs,Micro,3+,: ,79710.0,1,0,0,0
4.0,1.0,0,0,49.0,0.5384615384615384,2.0,2394.0,17.38504,78.48667,7.0,1,0,0,1,0,0,0,0,0,Villa,Furnished,Unknown,0_5_yrs,Large,2,: ,63909.0,1,0,0,0
3.0,2.0,3,3,50.0,0.5384615384615384,2.0,1044.0,17.536121,78.289779,14.0,1,0,0,1,0,0,0,0,0,Villa,Semi_Furnished,East,Resale_Very_Old,Small,2,: ,73275.0,1,0,0,0
2.0,1.0,3,3,50.0,0.5384615384615384,1.0,1350.0,17.5090182,78.3001801,14.0,1,0,0,1,0,0,0,0,0,Villa,Furnished,West,Under_Construction,Medium,1,: ,74666.0,1,0,0,0
8.0,3.0,0,0,50.0,0.5384615384615384,2.0,8000.0,17.48531,78.4933,30.0,1,0,0,1,0,0,0,0,0,Villa,Furnished,North,0_5_yrs,XXL,2,: ,3750.0,1,0,0,0
4.0,2.0,0,0,48.0,0.5384615384615384,2.0,157.0,17.439932,78.498276,30.0,1,0,0,1,0,1,0,0,0,Villa,Unfurnished,NE,0_5_yrs,Micro,2,: ,95541.0,1,0,0,0
1.0,3.0,0,0,49.0,0.6666666666666666,1.0,600.0,17.4838,78.478233,30.0,1,0,0,1,0,1,1,0,0,Apartment,Furnished,NE,5_10_yrs,Micro,1,: ,3666.0,0,0,0,0
4.0,1.0,0,0,0.0,0.5384615384615384,2.0,1800.0,17.42164,78.180916,30.0,1,0,0,1,0,1,0,0,0,Villa,Unfurnished,NE,0_5_yrs,Medium,2,: ,3888.0,1,0,0,0
2.0,5.0,0,0,49.0,0.4,1.0,90.0,17.4838,78.478233,30.0,1,0,0,1,0,1,1,0,0,Apartment,Semi_Furnished,NE,0_5_yrs,Micro,1,: ,36666.0,0,0,0,0
4.0,2.0,0,0,0.0,0.5384615384615384,2.0,2000.0,17.42164,78.180916,30.0,1,0,0,1,0,1,0,0,0,Villa,Semi_Furnished,NE,Under_Construction,Large,2,: ,5500.0,1,0,0,0
4.0,2.0,0,0,50.0,0.5384615384615384,2.0,7000.0,17.48531,78.4933,30.0,1,0,0,1,0,0,0,0,0,Villa,Semi_Furnished,Unknown,Resale_Very_Old,XXL,2,: ,4428.0,1,0,0,0
3.0,1.0,0,0,14.0,0.5384615384615384,2.0,135.0,17.463179,78.28648,30.0,1,0,0,1,0,1,0,0,0,Villa,Unfurnished,East,0_5_yrs,Micro,2,: ,148148.0,1,0,0,0
2.0,0.0,0,0,50.0,0.5384615384615384,1.0,175.0,17.450481,78.42444,30.0,1,0,0,1,0,1,0,0,0,Villa,Semi_Furnished,NE,5_10_yrs,Micro,1,: ,74285.0,1,0,0,0
2.0,0.0,0,0,50.0,0.5384615384615384,1.0,900.0,17.450481,78.42444,30.0,1,0,0,1,0,1,0,0,0,Builder_Floor,Unfurnished,East,0_5_yrs,Small,1,: ,12222.0,1,0,0,0
3.0,0.0,0,0,39.0,0.5384615384615384,2.0,1500.0,17.44985,78.39151,30.0,1,0,0,1,0,1,0,0,0,Builder_Floor,Unfurnished,SE,0_5_yrs,Medium,2,: ,12333.0,1,0,0,0
2.0,5.0,2,2,49.0,0.4,2.0,1200.0,17.499527,78.4767399,30.0,1,0,0,1,0,0,1,0,0,Apartment,Semi_Furnished,Unknown,Resale_Very_Old,Small,2,: ,5666.0,0,0,0,0
5.0,1.0,0,0,3.0,1.0,3.0,1200.0,17.557123,78.343555,30.0,1,0,0,1,0,0,0,1,0,Builder_Floor,Unfurnished,Unknown,Resale_Very_Old,Small,3+,: ,15000.0,0,0,0,0
2.0,1.0,3,3,50.0,0.5384615384615384,1.0,1350.0,17.5090182,78.3001801,4.0,1,0,0,1,0,0,0,0,0,Villa,Semi_Furnished,East,0_5_yrs,Medium,1,: ,73333.0,1,0,0,0
2.0,1.0,3,3,50.0,0.5384615384615384,1.0,1350.0,17.5090182,78.3001801,14.0,1,0,0,1,0,0,0,0,0,Villa,Semi_Furnished,East,Under_Construction,Medium,1,: ,71333.0,1,0,0,0
2.0,5.0,4,4,50.0,0.2,1.0,1080.0,17.5090182,78.3001801,14.0,1,0,0,1,0,0,1,0,0,Apartment,Furnished,East,Resale_Very_Old,Small,1,: ,4444.0,0,0,0,0
4.0,2.0,3,3,50.0,0.5384615384615384,2.0,1350.0,17.5090182,78.3001801,14.0,1,0,0,1,0,0,0,0,0,Villa,Semi_Furnished,East,Under_Construction,Medium,2,: ,80000.0,1,0,0,0
2.0,1.0,3,3,50.0,0.5384615384615384,1.0,1125.0,17.5090182,78.3001801,14.0,1,0,0,1,0,0,0,0,0,Villa,Semi_Furnished,West,Resale_Very_Old,Small,1,: ,77600.0,1,0,0,0
4.0,2.0,3,3,7.0,0.5384615384615384,2.0,1381.0,17.543634,78.293712,14.0,1,0,0,1,0,0,0,0,0,Villa,Semi_Furnished,East,Resale_Very_Old,Medium,2,: ,75570.0,1,0,0,0
4.0,2.0,3,3,50.0,0.5384615384615384,2.0,1350.0,17.5090182,78.3001801,14.0,1,0,0,1,0,0,0,0,0,Villa,Semi_Furnished,East,Resale_Very_Old,Medium,2,: ,92666.0,1,0,0,0
3.0,2.0,3,3,50.0,0.5384615384615384,2.0,1440.0,17.5090182,78.3001801,14.0,1,0,0,1,0,0,0,0,0,Villa,Semi_Furnished,NW,Under_Construction,Medium,2,: ,90625.0,1,0,0,0
4.0,2.0,3,3,50.0,0.5384615384615384,2.0,1215.0,17.5090182,78.3001801,14.0,1,0,0,1,0,0,0,0,0,Villa,Semi_Furnished,East,Resale_Very_Old,Medium,2,: ,85185.0,1,0,0,0
4.0,2.0,3,3,50.0,0.5384615384615384,2.0,1350.0,17.5090182,78.3001801,14.0,1,0,0,1,0,0,0,0,0,Villa,Semi_Furnished,East,Resale_Very_Old,Medium,2,: ,76666.0,1,0,0,0
4.0,2.0,22,24,19.0,0.5384615384615384,2.0,4528.0,17.33746,78.38138,7.0,1,0,0,1,0,0,0,0,0,Villa,Semi_Furnished,East,Resale_Very_Old,XL,2,: ,16000.0,1,0,0,0
3.0,15.0,8,8,47.0,0.9333333333333332,1.0,1600.0,17.49479,78.39964,21.0,1,0,0,1,0,1,1,0,0,Apartment,Furnished,East,Under_Construction,Medium,1,: ,8125.0,0,0,0,0
2.0,5.0,2,2,50.0,0.2,1.0,950.0,17.514215,78.3982,21.0,1,0,0,1,0,1,1,0,0,Apartment,Furnished,Unknown,Under_Construction,Small,1,: ,5263.0,0,0,0,0
2.0,5.0,0,0,50.0,0.6,1.0,1050.0,17.399403,78.36901,30.0,1,0,0,1,0,1,1,0,0,Apartment,Semi_Furnished,East,Under_Construction,Small,1,: ,6307.0,0,0,0,0
3.0,5.0,7,9,47.0,0.2,2.0,1491.0,17.493235,78.318054,30.0,0,1,0,1,0,0,1,0,0,Apartment,Semi_Furnished,East,Resale_Old,Medium,2,: ,6300.0,0,0,0,0
2.0,4.0,5,7,50.0,0.5,1.0,900.0,17.5090182,78.3001801,,1,0,0,1,0,0,1,0,0,Apartment,Semi_Furnished,East,Resale_Very_Old,Small,1,: ,4055.0,0,0,0,0
2.0,5.0,3,3,10.0,0.6,1.0,1055.0,17.44007494380667,78.64775831900772,4.0,0,1,0,1,0,0,1,0,0,Apartment,Semi_Furnished,East,Resale_Old,Small,1,Pocharam,3600.0,0,0,0,0
2.0,35.0,8,10,10.0,0.6,1.0,1283.0,17.4148247,78.339464,5.0,1,0,1,1,0,1,1,0,0,Apartment,Semi_Furnished,East,Under_Construction,Medium,1,: ,10911.0,0,0,0,0
2.0,35.0,8,10,10.0,0.4857142857142857,1.0,1283.0,17.4149017,78.3396527,5.0,1,0,1,1,0,0,1,0,0,Apartment,Semi_Furnished,East,Under_Construction,Medium,1,: ,11691.0,0,0,0,0
4.0,2.0,11,11,11.0,0.5384615384615384,2.0,2088.0,17.4219,78.63155,6.0,0,1,0,1,0,0,0,0,0,Villa,Semi_Furnished,West,Resale_Old,Large,2,Narapally,90517.0,1,0,0,0
3.0,13.0,4,6,47.0,0.5384615384615384,1.0,1670.0,17.5043271,78.3265082,7.0,1,0,0,1,0,1,1,0,0,Apartment,Semi_Furnished,West,Resale_Very_Old,Medium,1,Bandam Kommu,7724.0,1,0,0,0
3.0,36.0,9,9,13.0,0.2777777777777778,2.0,3430.0,17.430915,78.37728,7.0,1,0,0,1,0,0,1,0,0,Apartment,Semi_Furnished,Unknown,Under_Construction,XL,2,: ,23323.0,0,0,0,0
3.0,19.0,19,22,9.0,0.7894736842105263,2.0,1580.0,17.467762,78.408146,28.0,1,0,1,1,0,0,1,0,0,Apartment,Furnished,East,Under_Construction,Medium,2,: ,10759.0,0,0,0,0
3.0,5.0,9,10,50.0,0.8,1.0,1795.0,17.39718420583,78.3765384351226,30.0,1,0,0,1,0,0,1,0,0,Apartment,Furnished,East,0_5_yrs,Medium,1,: ,6406.0,0,0,0,0
3.0,5.0,4,7,50.0,1.0,1.0,1500.0,17.500793,78.42038,30.0,1,0,0,1,0,1,1,1,0,Apartment,Semi_Furnished,North,Under_Construction,Medium,1,: ,6583.0,0,0,0,0
2.0,5.0,3,6,50.0,1.0,1.0,1200.0,17.500793,78.42038,30.0,1,0,0,1,0,1,1,1,0,Apartment,Semi_Furnished,West,Under_Construction,Small,1,: ,6538.0,0,0,0,0
3.0,5.0,4,7,50.0,0.2,1.0,1500.0,17.500793,78.42038,30.0,1,0,0,1,0,1,1,0,0,Apartment,Semi_Furnished,North,Under_Construction,Medium,1,: ,6541.0,0,0,0,0
2.0,5.0,3,6,50.0,0.2,1.0,1200.0,17.500793,78.42038,30.0,1,0,0,1,0,1,1,0,0,Apartment,Semi_Furnished,North,Under_Construction,Small,1,: ,6500.0,0,0,0,0
3.0,5.0,4,7,50.0,0.8,1.0,1500.0,17.500696,78.42036,30.0,1,0,0,1,0,1,1,0,0,Apartment,Semi_Furnished,SW,Under_Construction,Medium,1,: ,6583.0,0,0,0,0
2.0,5.0,3,6,50.0,0.8,1.0,1200.0,17.500696,78.42036,30.0,1,0,0,1,0,1,1,0,0,Apartment,Semi_Furnished,West,Under_Construction,Small,1,: ,6554.0,0,0,0,0
3.0,1.0,3,5,6.0,0.5384615384615384,2.0,1260.0,17.542319,78.226934,30.0,0,1,0,1,0,0,1,0,0,Villa,Semi_Furnished,West,Resale_Old,Medium,2,: ,7857.0,1,0,0,0
2.0,35.0,8,11,12.0,0.3714285714285714,2.0,1535.0,17.4609913,78.3532083,30.0,1,0,1,1,0,0,1,0,0,Apartment,Semi_Furnished,NE,Resale_Very_Old,Medium,2,: ,8794.0,0,0,0,0
4.0,3.0,13,14,12.0,0.5384615384615384,2.0,3470.0,17.442196,78.280067,30.0,1,0,1,1,0,0,1,0,0,Villa,Semi_Furnished,East,Resale_Very_Old,XL,2,: ,12680.0,1,0,0,0
2.0,5.0,17,18,11.0,0.6,1.0,1230.0,17.4219,78.63155,30.0,0,1,0,1,0,0,1,0,0,Apartment,Semi_Furnished,East,Resale_Old,Medium,1,Narapally,4878.0,0,0,0,0
4.0,5.0,4,5,49.0,0.4,4.0,4036.0,17.365671,78.435166,30.0,1,0,0,1,0,0,1,0,0,Apartment,Semi_Furnished,NE,Resale_Very_Old,XL,3+,: ,6500.0,0,0,0,0
3.0,2.0,21,21,0.0,0.5384615384615384,2.0,2000.0,17.443855,78.250431,30.0,0,1,0,1,0,0,0,0,0,Villa,Unfurnished,East,Resale_Old,Large,2,: ,8000.0,1,0,0,0
3.0,1.0,3,3,11.0,0.5384615384615384,1.0,200.0,17.234817,78.642111,6.0,1,0,1,1,0,0,1,0,0,Villa,Semi_Furnished,East,Resale_Very_Old,Micro,1,: ,37500.0,1,0,0,0
3.0,2.0,3,3,48.0,0.5384615384615384,1.0,200.0,17.427197,78.44375,30.0,1,0,1,1,0,1,1,0,0,Villa,Semi_Furnished,East,Under_Construction,Micro,1,: ,36000.0,1,0,0,0
3.0,2.0,3,3,11.0,0.5384615384615384,1.0,200.0,17.427197,78.44375,30.0,1,0,1,1,0,1,1,0,0,Villa,Semi_Furnished,East,Under_Construction,Micro,1,: ,35000.0,1,0,0,0
3.0,2.0,4,4,11.0,0.5384615384615384,1.0,200.0,17.427197,78.44375,30.0,1,0,1,1,0,1,1,0,0,Villa,Semi_Furnished,East,Under_Construction,Micro,1,: ,34000.0,1,0,0,0
3.0,2.0,3,3,48.0,0.5384615384615384,1.0,200.0,17.427197,78.44375,30.0,1,0,1,1,0,1,1,0,0,Villa,Semi_Furnished,East,Under_Construction,Micro,1,: ,32500.0,1,0,0,0
2.0,1.0,1,1,7.0,0.5384615384615384,2.0,1080.0,17.395199,78.64021,30.0,1,0,0,1,0,1,0,0,0,Villa,Semi_Furnished,East,Under_Construction,Small,2,: ,73333.0,1,0,0,0
3.0,36.0,19,21,13.0,0.8888888888888888,2.0,3430.0,17.4321057,78.3781081,2.0,1,0,0,1,0,1,1,0,0,Apartment,Semi_Furnished,Unknown,Resale_Very_Old,XL,2,: ,20000.0,0,0,0,0
3.0,5.0,18,20,47.0,0.4,2.0,1500.0,17.49182,78.32617,5.0,0,1,0,1,0,0,1,0,0,Apartment,Semi_Furnished,East,Resale_Old,Medium,2,Chandanagar,5466.0,0,0,0,0
2.0,5.0,20,20,47.0,0.4,2.0,1150.0,17.49182,78.32617,5.0,0,1,0,1,0,0,1,0,0,Apartment,Semi_Furnished,East,Resale_Old,Small,2,Chandanagar,5478.0,0,0,0,0
3.0,5.0,11,11,47.0,0.2,3.0,1500.0,17.49182,78.32617,7.0,0,1,0,1,0,0,1,0,0,Apartment,Semi_Furnished,East,Resale_Old,Medium,3+,Chandanagar,5466.0,0,0,0,0
2.0,5.0,11,11,6.0,0.4,2.0,1150.0,17.529701,78.333031,7.0,0,1,0,1,0,0,1,0,0,Apartment,Semi_Furnished,West,Resale_Old,Small,2,Aminpur,5478.0,0,0,0,0
2.0,5.0,10,10,47.0,0.8,2.0,1100.0,17.49182,78.32617,7.0,0,1,0,1,0,0,1,0,0,Apartment,Semi_Furnished,East,Resale_Old,Small,2,Chandanagar,5454.0,0,0,0,0
4.0,3.0,19,22,4.0,0.5384615384615384,2.0,5000.0,17.385392,78.33106,7.0,1,0,0,1,0,0,1,0,0,Villa,Furnished,Unknown,Under_Construction,XL,2,: ,27000.0,1,0,0,0
4.0,3.0,21,24,4.0,0.5384615384615384,2.0,3503.0,17.385392,78.33106,7.0,1,0,0,1,0,0,1,0,0,Villa,Furnished,Unknown,Resale_Very_Old,XL,2,: ,26405.0,1,0,0,0
3.0,20.0,13,15,0.0,0.6,2.0,3461.0,78.48667,17.38504,7.0,1,0,0,1,0,0,1,0,0,Apartment,Semi_Furnished,Unknown,Resale_Very_Old,XL,2,: ,13897.0,0,0,0,0
3.0,14.0,19,21,50.0,0.4285714285714285,1.0,2200.0,17.4011618,78.37569,7.0,1,0,0,1,0,0,1,0,0,Apartment,Furnished,Unknown,Resale_Very_Old,Large,1,: ,12000.0,0,0,0,0
3.0,5.0,21,23,47.0,0.6,2.0,1600.0,17.49182,78.32617,21.0,1,0,0,1,0,0,1,0,0,Apartment,Semi_Furnished,East,Resale_Very_Old,Medium,2,Chandanagar,5500.0,0,0,0,0
2.0,5.0,20,22,47.0,0.6,2.0,1150.0,17.49182,78.32617,30.0,1,0,0,1,0,0,1,0,0,Apartment,Semi_Furnished,East,Resale_Very_Old,Small,2,Chandanagar,5300.0,0,0,0,0
2.0,5.0,19,21,34.0,0.4,1.0,1100.0,17.5238479933976,78.3227692229911,30.0,0,1,0,1,0,0,1,0,0,Apartment,Semi_Furnished,East,Resale_Old,Small,1,Ameenpur Village,5300.0,0,0,0,0
2.0,5.0,13,15,34.0,0.8,1.0,1070.0,17.52388,78.32246,30.0,1,0,1,1,0,0,1,0,0,Apartment,Semi_Furnished,North,Resale_Very_Old,Small,1,Aminpur,4800.0,0,0,0,0
3.0,32.0,20,21,13.0,0.40625,1.0,1957.0,17.391372,78.339424,30.0,0,1,1,1,0,0,1,0,0,Apartment,Semi_Furnished,West,Resale_Old,Large,1,: ,11500.0,0,0,0,0
3.0,5.0,18,20,46.0,0.6,1.0,2935.0,17.4203107,78.4403866,30.0,1,0,0,1,0,1,1,0,0,Apartment,Semi_Furnished,Unknown,Resale_Very_Old,XL,1,: ,17035.0,0,0,0,0
3.0,43.0,8,8,50.0,0.8372093023255814,2.0,1600.0,17.4011618,78.37569,30.0,0,1,0,1,0,0,1,0,0,Apartment,Semi_Furnished,East,Resale_Old,Medium,2,: ,5500.0,0,0,0,0
3.0,42.0,4,5,4.0,0.2142857142857142,1.0,1800.0,17.509181,78.3521088,30.0,0,1,1,1,0,0,1,0,0,Apartment,Semi_Furnished,NE,Resale_Old,Medium,1,: ,6499.0,0,0,0,0
10.0,6.0,6,7,49.0,0.5384615384615384,2.0,1800.0,17.4609913,78.3532083,30.0,1,0,0,1,0,0,0,0,0,Villa,Semi_Furnished,West,Under_Construction,Medium,2,: ,7058.0,1,0,0,0
3.0,15.0,8,8,8.0,0.0666666666666666,1.0,2360.0,17.435795,78.3012,0.0,1,0,1,1,0,1,1,0,0,Apartment,Unfurnished,NE,Under_Construction,Large,1,: ,10381.0,0,0,0,0
2.0,25.0,8,8,14.0,0.8,1.0,1025.0,17.4230897,78.3406988,,1,0,0,1,0,1,1,0,0,Apartment,Furnished,NE,0_5_yrs,Small,1,: ,9756.0,0,0,0,0
3.0,8.0,8,8,45.0,0.875,2.0,2042.0,17.4612488,78.3439446,,1,0,0,1,0,1,1,0,0,Apartment,Semi_Furnished,NE,Under_Construction,Large,2,: ,9794.0,0,0,0,0
3.0,22.0,8,8,13.0,0.6818181818181818,1.0,1886.0,17.4072477,78.3384088,,1,0,1,1,0,1,1,0,0,Apartment,Semi_Furnished,West,Under_Construction,Large,1,: ,7688.0,0,0,0,0
3.0,14.0,8,8,43.0,0.7857142857142857,1.0,2440.0,17.421388,78.340833,2.0,1,0,0,1,0,1,1,0,0,Apartment,Furnished,NE,0_5_yrs,Large,1,: ,10245.0,0,0,0,0
3.0,31.0,8,8,15.0,0.1935483870967742,3.0,1925.0,17.4226823,78.3511028,7.0,1,0,0,1,0,1,1,0,0,Apartment,Furnished,NE,Under_Construction,Large,3+,: ,12467.0,0,0,0,0
2.0,22.0,8,8,13.0,0.7727272727272727,1.0,1290.0,17.4069767,78.3386323,14.0,1,0,1,1,0,1,1,0,0,Apartment,Semi_Furnished,West,Under_Construction,Medium,1,: ,7751.0,0,0,0,0
3.0,19.0,8,8,15.0,0.7894736842105263,2.0,2600.0,17.388441,78.3420472,14.0,1,0,0,1,0,1,1,0,0,Apartment,Furnished,East,Under_Construction,XL,2,: ,11115.0,0,0,0,0
3.0,14.0,7,8,3.0,0.5714285714285714,1.0,1687.0,17.415875,78.3696133,14.0,1,0,0,1,0,1,1,0,0,Apartment,Semi_Furnished,East,Under_Construction,Medium,1,: ,9780.0,0,0,0,0
2.0,31.0,8,8,12.0,0.3548387096774194,1.0,1314.0,17.3992545,78.3543961,14.0,1,0,0,1,0,1,1,0,0,Apartment,Furnished,West,Under_Construction,Medium,1,: ,11796.0,0,0,0,0
3.0,22.0,8,8,13.0,0.5,1.0,1886.0,17.4076028,78.3380416,14.0,1,0,1,1,0,1,1,0,0,Apartment,Semi_Furnished,West,Under_Construction,Large,1,: ,8218.0,0,0,0,0
2.0,9.0,8,8,12.0,0.7777777777777778,1.0,1250.0,17.3826267,78.3459238,14.0,1,0,1,1,0,1,1,0,0,Apartment,Semi_Furnished,West,Under_Construction,Medium,1,: ,8000.0,0,0,0,0
3.0,19.0,8,8,15.0,0.8421052631578947,2.0,2600.0,17.40223,78.3444,21.0,1,0,0,1,0,1,1,0,0,Apartment,Furnished,East,Under_Construction,XL,2,: ,11153.0,0,0,0,0
3.0,35.0,8,8,10.0,0.5428571428571428,1.0,1993.0,17.4359437,78.3416731,21.0,1,0,1,1,0,1,1,0,0,Apartment,Furnished,East,Under_Construction,Large,1,: ,10386.0,0,0,0,0
4.0,3.0,20,23,0.0,0.5384615384615384,4.0,2403.0,17.429012,78.196189,30.0,1,0,0,1,0,0,1,0,0,Villa,Furnished,East,Resale_Very_Old,Large,3+,Mokila,12500.0,1,0,0,0
3.0,30.0,8,8,8.0,0.3,1.0,1860.0,17.446655,78.35012,30.0,1,0,0,1,0,1,1,0,0,Apartment,Semi_Furnished,NE,Under_Construction,Large,1,: ,14838.0,0,0,0,0
3.0,20.0,8,8,36.0,0.65,4.0,2165.0,17.4027626,78.3504047,30.0,1,0,0,1,0,1,1,0,0,Apartment,Furnished,West,Under_Construction,Large,3+,: ,10623.0,0,0,0,0
2.0,5.0,8,8,50.0,0.5384615384615384,2.0,1300.0,17.4011618,78.37569,30.0,1,0,1,1,0,1,1,0,0,Apartment,Furnished,East,Under_Construction,Medium,2,: ,7307.0,1,0,0,0
4.0,2.0,8,10,44.0,0.5384615384615384,2.0,1485.0,17.518688,78.300995,,1,0,0,1,0,0,0,0,0,Villa,Semi_Furnished,West,Resale_Very_Old,Medium,2,: ,65928.0,1,0,0,0
3.0,1.0,11,13,8.0,0.5384615384615384,1.0,1890.0,17.558119,78.278593,,1,0,0,1,0,0,0,0,0,Villa,Furnished,East,Resale_Very_Old,Large,1,: ,81071.0,1,0,0,0
3.0,1.0,14,16,50.0,0.5384615384615384,2.0,1485.0,17.5090182,78.3001801,,1,0,0,1,0,0,0,0,0,Villa,Furnished,West,Resale_Very_Old,Medium,2,: ,103424.0,1,0,0,0
2.0,2.0,2,2,50.0,0.5384615384615384,1.0,1440.0,17.531212,78.28312,2.0,1,0,0,1,0,0,0,0,0,Villa,Semi_Furnished,East,Resale_Very_Old,Medium,1,: ,61250.0,1,0,0,0
4.0,2.0,8,10,44.0,0.5384615384615384,2.0,1350.0,17.518688,78.300995,2.0,1,0,0,1,0,0,0,0,0,Villa,Semi_Furnished,West,Resale_Very_Old,Medium,2,: ,65487.0,1,0,0,0
2.0,5.0,4,4,0.0,0.8,1.0,950.0,78.48667,17.38504,3.0,1,0,0,1,0,0,1,0,0,Apartment,Semi_Furnished,East,Resale_Very_Old,Small,1,: ,4526.0,0,0,0,0
4.0,2.0,7,7,50.0,0.5384615384615384,3.0,1890.0,17.5090182,78.3001801,4.0,1,0,0,1,0,0,0,0,0,Villa,Semi_Furnished,Unknown,Resale_Very_Old,Large,3+,: ,95238.0,1,0,0,0
2.0,5.0,0,0,7.0,0.5384615384615384,1.0,1575.0,17.543634,78.293712,4.0,1,0,0,1,0,0,0,0,0,Villa,Furnished,Unknown,Resale_Very_Old,Medium,1,: ,54028.0,1,0,0,1
4.0,1.0,11,13,49.0,0.5384615384615384,2.0,1458.0,17.5015947,78.4928162,5.0,1,0,0,1,0,1,0,0,0,Villa,Semi_Furnished,East,Resale_Very_Old,Medium,2,: ,12002.0,1,0,0,0
3.0,14.0,22,24,5.0,0.4285714285714285,2.0,1700.0,17.640228766466283,78.4828090954698,5.0,0,1,0,1,0,0,1,0,0,Apartment,Semi_Furnished,East,Resale_Old,Medium,2,: ,4999.0,0,0,0,0
2.0,14.0,20,22,37.0,0.2142857142857142,1.0,1200.0,17.538237,78.480804,5.0,0,1,0,1,0,0,1,0,0,Apartment,Semi_Furnished,East,Resale_Old,Small,1,: ,5000.0,0,0,0,0
3.0,50.0,28,30,13.0,0.12,2.0,1824.0,17.48141,78.41979,5.0,0,1,1,1,0,0,1,0,0,Apartment,Semi_Furnished,East,Resale_Old,Large,2,: ,5999.0,0,0,0,0
2.0,50.0,31,33,13.0,0.1,2.0,1333.0,17.48141,78.41979,6.0,0,1,1,1,0,0,1,0,0,Apartment,Semi_Furnished,East,Resale_Old,Medium,2,: ,5999.0,0,0,0,0
4.0,2.0,8,10,49.0,0.5384615384615384,2.0,1620.0,17.38504,78.48667,7.0,1,0,0,1,0,0,0,0,0,Villa,Semi_Furnished,West,Resale_Very_Old,Medium,2,: ,75300.0,1,0,0,0
2.0,5.0,3,3,7.0,0.4,1.0,1155.0,17.543634,78.293712,7.0,1,0,0,1,0,0,1,0,0,Apartment,Furnished,East,Resale_Very_Old,Small,1,: ,4334.0,0,0,0,0
2.0,14.0,19,21,8.0,0.2857142857142857,2.0,12916.0,17.587951,78.443155,7.0,0,1,1,1,0,0,1,0,0,Apartment,Semi_Furnished,East,Resale_Old,XXL,2,: ,4998.0,0,0,0,0
2.0,5.0,7,7,50.0,0.6,2.0,1295.0,17.536121,78.289779,7.0,1,0,0,1,0,0,1,0,0,Apartment,Furnished,East,Resale_Very_Old,Medium,2,: ,3182.0,0,0,0,0
3.0,1.0,5,7,7.0,0.5384615384615384,2.0,1485.0,17.543634,78.293712,7.0,1,0,0,1,0,0,0,0,0,Villa,Furnished,East,Resale_Very_Old,Medium,2,: ,87575.0,1,0,0,0
3.0,47.0,26,28,50.0,0.1702127659574468,2.0,1916.0,17.480976,78.365858,7.0,0,1,0,1,0,0,1,0,0,Apartment,Semi_Furnished,West,Resale_Old,Large,2,: ,5999.0,0,0,0,0
3.0,5.0,4,4,4.0,0.5384615384615384,2.0,1350.0,17.541164,78.30037,7.0,1,0,0,1,0,0,0,0,0,Villa,Furnished,West,Resale_Very_Old,Medium,2,: ,66234.0,1,0,0,1
3.0,2.0,1,1,6.0,0.5384615384615384,1.0,1350.0,17.529701,78.333031,7.0,0,1,0,1,0,0,0,0,0,Villa,Furnished,NW,Resale_Old,Medium,1,: ,65333.0,1,0,0,0
4.0,2.0,20,22,50.0,0.5384615384615384,2.0,1800.0,17.5090182,78.3001801,7.0,1,0,0,1,0,0,0,0,0,Villa,Semi_Furnished,East,Resale_Very_Old,Medium,2,: ,110500.0,1,0,0,0
2.0,5.0,2,2,6.0,0.5384615384615384,1.0,1320.0,17.542319,78.226934,7.0,1,0,0,1,0,0,0,0,0,Villa,Furnished,SW,Resale_Very_Old,Medium,1,: ,4462.0,1,0,0,1
4.0,14.0,30,32,48.0,0.2857142857142857,4.0,3150.0,17.458430621858,78.364243246073,7.0,1,0,0,1,0,0,1,0,0,Apartment,Semi_Furnished,East,Resale_Very_Old,XL,3+,: ,10000.0,0,0,0,0
2.0,23.0,25,27,11.0,0.2608695652173913,2.0,1101.0,17.529715,78.259844,14.0,0,1,1,1,0,0,1,0,0,Apartment,Semi_Furnished,East,Resale_Old,Small,2,: ,5500.0,0,0,0,0
4.0,2.0,0,0,6.0,0.5384615384615384,1.0,1350.0,17.546556,78.29298,14.0,1,0,0,1,0,0,0,0,0,Villa,Semi_Furnished,East,Resale_Very_Old,Medium,1,: ,91333.0,1,0,0,0
2.0,1.0,0,0,6.0,0.5384615384615384,0.0,1080.0,17.548606,78.210422,14.0,0,1,0,1,0,0,0,0,0,Villa,Semi_Furnished,East,Resale_Old,Small,Unknown,: ,50833.0,1,0,0,0
2.0,5.0,10,12,6.0,0.5384615384615384,1.0,940.0,17.542319,78.226934,14.0,1,0,0,1,0,0,1,0,0,Apartment,Furnished,West,Resale_Very_Old,Small,1,: ,4042.0,1,0,0,0
2.0,1.0,0,0,50.0,0.5384615384615384,1.0,1080.0,17.450594,78.42439,14.0,1,0,0,1,0,0,0,0,0,Villa,Semi_Furnished,Unknown,Resale_Very_Old,Small,1,: ,48333.0,1,0,0,0
2.0,1.0,2,2,6.0,0.5384615384615384,1.0,1260.0,17.5568013,78.228295,14.0,1,0,0,1,0,1,0,0,0,Villa,Semi_Furnished,Unknown,Resale_Very_Old,Medium,1,: ,57142.0,1,0,0,0
2.0,14.0,17,19,8.0,0.7857142857142857,2.0,1175.0,17.587951,78.443155,14.0,0,1,1,1,0,0,1,0,0,Apartment,Semi_Furnished,East,Resale_Old,Small,2,: ,5000.0,0,0,0,0
2.0,5.0,0,0,50.0,0.8,1.0,985.0,17.450594,78.42439,14.0,1,0,0,1,0,0,1,0,0,Apartment,Semi_Furnished,Unknown,Resale_Very_Old,Small,1,: ,4162.0,0,0,0,0
2.0,1.0,0,0,13.0,0.5384615384615384,0.0,1125.0,17.556002,78.27862,14.0,1,0,0,1,0,0,0,0,0,Villa,Semi_Furnished,SW,Resale_Very_Old,Small,Unknown,: ,48000.0,1,0,0,0
3.0,1.0,8,8,43.0,0.5384615384615384,2.0,1349.0,17.518515,78.30385,14.0,1,0,0,1,0,0,0,0,0,Villa,Furnished,North,Resale_Very_Old,Medium,2,: ,6636.0,1,0,0,0
4.0,2.0,4,4,0.0,0.5384615384615384,1.0,175.0,17.558758,78.28533,14.0,1,0,0,1,0,0,0,0,0,Villa,Semi_Furnished,East,Resale_Very_Old,Micro,1,: ,77142.0,1,0,0,0
2.0,1.0,2,2,49.0,0.5384615384615384,1.0,1341.0,17.379839,78.576416,14.0,1,0,0,1,0,0,0,0,0,Villa,Semi_Furnished,East,Resale_Very_Old,Medium,1,: ,50335.0,1,0,0,0
3.0,5.0,8,10,7.0,0.5384615384615384,1.0,1450.0,17.543634,78.293712,14.0,1,0,0,1,0,0,0,0,0,Villa,Furnished,West,Resale_Very_Old,Medium,1,: ,6068.0,1,0,0,1
2.0,10.0,13,15,7.0,0.1,1.0,1100.0,17.543634,78.293712,14.0,1,0,0,1,0,0,1,0,0,Apartment,Furnished,East,Resale_Very_Old,Small,1,: ,4027.0,0,0,0,0
3.0,47.0,31,33,50.0,0.3829787234042553,2.0,2100.0,17.416278,78.579471,14.0,0,1,0,1,0,0,1,0,0,Apartment,Semi_Furnished,East,Resale_Old,Large,2,New Sai Nagar Colony,6000.0,0,0,0,0
4.0,14.0,14,16,48.0,0.2857142857142857,4.0,3122.0,17.458430621858,78.364243246073,14.0,1,0,0,1,0,0,1,0,0,Apartment,Semi_Furnished,West,Resale_Very_Old,XL,3+,: ,10000.0,0,0,0,0
3.0,47.0,17,17,44.0,0.3191489361702128,2.0,1916.0,17.441802,78.341577,14.0,0,1,0,1,0,0,1,0,0,Apartment,Semi_Furnished,West,Resale_Old,Large,2,: ,5999.0,0,0,0,0
3.0,17.0,8,8,4.0,0.7058823529411765,1.0,1575.0,17.48,78.39,21.0,0,1,1,1,0,0,1,0,0,Apartment,Semi_Furnished,East,Resale_Old,Medium,1,: ,6000.0,0,0,0,0
4.0,1.0,1,1,8.0,0.5384615384615384,2.0,990.0,17.558119,78.278593,21.0,1,0,0,1,0,0,0,0,0,Villa,Semi_Furnished,Unknown,Resale_Very_Old,Small,2,: ,100454.0,1,0,0,0
3.0,2.0,3,3,50.0,0.5384615384615384,2.0,1440.0,17.5337824,78.2843766,21.0,1,0,0,1,0,1,0,0,0,Villa,Semi_Furnished,Unknown,Resale_Very_Old,Medium,2,: ,109375.0,1,0,0,0
2.0,5.0,12,14,3.0,0.5384615384615384,1.0,900.0,17.575068,78.253963,21.0,1,0,0,1,0,0,1,0,0,Apartment,Furnished,West,Resale_Very_Old,Small,1,: ,3555.0,1,0,0,0
2.0,2.0,3,3,8.0,0.5384615384615384,1.0,1301.0,17.536009,78.3587,21.0,1,0,0,1,0,0,0,0,0,Villa,Semi_Furnished,NW,Resale_Very_Old,Medium,1,: ,5556.0,1,0,0,0
3.0,1.0,8,8,43.0,0.5384615384615384,2.0,1455.0,17.518515,78.30385,21.0,1,0,0,1,0,0,0,0,0,Villa,Semi_Furnished,West,Resale_Very_Old,Medium,2,: ,6180.0,1,0,0,0
3.0,1.0,15,17,1.0,0.5384615384615384,2.0,2120.0,17.29118,78.61292,21.0,0,1,0,1,0,0,0,0,0,Villa,Semi_Furnished,East,Resale_Old,Large,2,: ,7000.0,1,0,0,0
2.0,5.0,1,1,17.0,0.5384615384615384,1.0,1344.0,17.457998,78.29839,28.0,1,0,0,1,0,0,0,0,0,Villa,Semi_Furnished,SW,Resale_Very_Old,Medium,1,: ,6599.0,1,0,0,1
2.0,5.0,9,9,4.0,0.6,2.0,1075.0,17.541164,78.30037,28.0,1,0,0,1,0,0,0,0,0,Builder_Floor,Furnished,East,Resale_Very_Old,Small,2,: ,3522.0,0,0,0,0
2.0,1.0,0,0,47.0,0.5384615384615384,1.0,900.0,17.537672,78.28583,28.0,1,0,0,1,0,0,0,0,0,Villa,Semi_Furnished,Unknown,Resale_Very_Old,Small,1,: ,48000.0,1,0,0,0
4.0,2.0,0,0,50.0,0.5384615384615384,1.0,1017.0,17.5090182,78.3001801,28.0,1,0,0,1,0,0,0,0,0,Villa,Semi_Furnished,Unknown,Resale_Very_Old,Small,1,: ,101769.0,1,0,0,0
4.0,2.0,1,1,50.0,0.5384615384615384,1.0,140.0,17.5090182,78.3001801,28.0,1,0,0,1,0,0,0,0,0,Villa,Semi_Furnished,West,Resale_Very_Old,Micro,1,: ,89285.0,1,0,0,0
2.0,2.0,7,7,4.0,0.5384615384615384,1.0,1350.0,17.541164,78.30037,30.0,1,0,0,1,0,0,0,0,0,Villa,Furnished,East,Resale_Very_Old,Medium,1,: ,44000.0,1,0,0,0
4.0,2.0,1,1,6.0,0.5384615384615384,1.0,900.0,17.546556,78.29298,30.0,1,0,0,1,0,0,0,0,0,Villa,Semi_Furnished,SE,Resale_Very_Old,Small,1,: ,68000.0,1,0,0,0
3.0,17.0,9,11,4.0,0.7058823529411765,1.0,1645.0,17.48,78.39,30.0,0,1,1,1,0,0,1,0,0,Apartment,Semi_Furnished,East,Resale_Old,Medium,1,: ,6018.0,0,0,0,0
3.0,1.0,8,8,50.0,0.5384615384615384,2.0,2249.0,17.536121,78.289779,30.0,1,0,0,1,0,0,0,0,0,Villa,Semi_Furnished,East,Resale_Very_Old,Large,2,: ,4352.0,1,0,0,0
4.0,1.0,8,8,47.0,0.5384615384615384,2.0,1368.0,17.49182,78.32617,30.0,1,0,0,1,0,0,0,0,0,Villa,Semi_Furnished,East,Resale_Very_Old,Medium,2,: ,62632.0,1,0,0,0
2.0,1.0,3,3,3.0,0.5384615384615384,1.0,1350.0,17.575068,78.253963,30.0,0,1,0,1,0,0,0,0,0,Villa,Semi_Furnished,Unknown,Resale_Old,Medium,1,: ,50000.0,1,0,0,0
2.0,5.0,8,8,49.0,0.5384615384615384,1.0,1350.0,17.49332,78.41363,30.0,1,0,0,1,0,0,0,0,0,Villa,Semi_Furnished,West,Resale_Very_Old,Medium,1,: ,44370.0,1,0,0,1
2.0,5.0,0,0,6.0,0.5384615384615384,1.0,1080.0,17.542319,78.226934,30.0,1,0,0,1,0,0,0,0,0,Villa,Semi_Furnished,East,Resale_Very_Old,Small,1,: ,60000.0,1,0,0,1
2.0,5.0,2,2,17.0,0.5384615384615384,1.0,1593.0,17.457998,78.29839,30.0,1,0,0,1,0,0,0,0,0,Villa,Furnished,North,Resale_Very_Old,Medium,1,: ,38930.0,1,0,0,1
4.0,1.0,8,10,50.0,0.5384615384615384,2.0,1350.0,17.536121,78.289779,30.0,1,0,0,1,0,0,0,0,0,Villa,Furnished,East,Resale_Very_Old,Medium,2,: ,82270.0,1,0,0,0
2.0,5.0,6,6,43.0,0.5384615384615384,1.0,990.0,17.518469,78.30385,30.0,1,0,0,1,0,0,0,0,0,Villa,Furnished,SE,Resale_Very_Old,Small,1,: ,81818.0,1,0,0,1
2.0,1.0,0,0,6.0,0.5384615384615384,0.0,1125.0,17.548606,78.210422,30.0,0,1,0,1,0,0,0,0,0,Villa,Semi_Furnished,East,Resale_Old,Small,Unknown,: ,49600.0,1,0,0,0
2.0,5.0,8,8,50.0,0.6,2.0,1300.0,17.5090182,78.3001801,30.0,1,0,0,1,0,0,1,0,0,Apartment,Furnished,East,Resale_Very_Old,Medium,2,: ,3154.0,0,0,0,0
2.0,1.0,1,1,9.0,0.5384615384615384,1.0,1350.0,17.437532,78.5984,30.0,1,0,0,1,0,0,0,0,0,Villa,Semi_Furnished,East,Resale_Very_Old,Medium,1,: ,83333.0,1,0,0,0
3.0,47.0,18,20,50.0,0.0425531914893617,1.0,1900.0,17.467498,78.34991,30.0,0,1,0,1,0,0,1,0,0,Apartment,Semi_Furnished,East,Resale_Old,Large,1,: ,5800.0,0,0,0,0
2.0,1.0,2,2,50.0,0.5384615384615384,1.0,900.0,28.653386,77.228165,30.0,0,1,0,1,0,0,0,0,0,Villa,Semi_Furnished,West,Resale_Old,Small,1,: ,60000.0,1,0,0,0
2.0,1.0,3,3,49.0,0.5384615384615384,1.0,999.0,17.53286,78.27255,30.0,1,0,0,1,0,0,0,0,0,Villa,Semi_Furnished,West,Resale_Very_Old,Small,1,: ,63063.0,1,0,0,0
3.0,43.0,8,8,48.0,0.6046511627906976,2.0,2895.0,17.41214,78.36431,30.0,0,1,0,1,0,0,1,0,0,Apartment,Semi_Furnished,East,Resale_Old,XL,2,: ,5483.0,0,0,0,0
2.0,1.0,0,0,36.0,0.5384615384615384,1.0,1350.0,17.53113,78.297,30.0,1,0,0,1,0,0,0,0,0,Villa,Semi_Furnished,West,Resale_Very_Old,Medium,1,: ,49666.0,1,0,0,0
4.0,2.0,0,0,49.0,0.5384615384615384,1.0,1116.0,17.379839,78.576416,30.0,1,0,0,1,0,0,0,0,0,Villa,Semi_Furnished,West,Resale_Very_Old,Small,1,: ,76612.0,1,0,0,0
3.0,6.0,13,15,7.0,0.1666666666666666,2.0,1344.0,17.543634,78.293712,30.0,1,0,0,1,0,0,1,0,0,Apartment,Furnished,Unknown,Resale_Very_Old,Medium,2,: ,3661.0,0,0,0,0
2.0,5.0,8,8,38.0,0.5384615384615384,1.0,1350.0,17.545926,78.285736,30.0,1,0,0,1,0,0,0,0,0,Villa,Furnished,East,Resale_Very_Old,Medium,1,: ,43333.0,1,0,0,1
4.0,2.0,8,8,47.0,0.5384615384615384,2.0,1512.0,17.49182,78.32617,30.0,1,0,0,1,0,0,0,0,0,Villa,Furnished,East,Resale_Very_Old,Medium,2,: ,58214.0,1,0,0,0
3.0,1.0,8,8,50.0,0.5384615384615384,2.0,1494.0,17.5090182,78.30018010000003,30.0,1,0,0,1,0,0,0,0,0,Villa,Furnished,North,Resale_Very_Old,Medium,2,: ,54684.0,1,0,0,0
2.0,1.0,2,2,50.0,0.5384615384615384,1.0,1350.0,17.450594,78.42439,30.0,1,0,0,1,0,0,0,0,0,Villa,Semi_Furnished,East,Resale_Very_Old,Medium,1,: ,56666.0,1,0,0,0
4.0,2.0,0,0,49.0,0.5384615384615384,1.0,999.0,17.441887,78.429955,30.0,1,0,0,1,0,0,0,0,0,Villa,Semi_Furnished,East,Resale_Very_Old,Small,1,: ,85585.0,1,0,0,0
2.0,1.0,0,0,47.0,0.5384615384615384,1.0,1197.0,17.537672,78.28583,30.0,1,0,0,1,0,0,0,0,0,Villa,Semi_Furnished,East,Resale_Very_Old,Small,1,: ,48872.0,1,0,0,0
2.0,1.0,0,0,50.0,0.5384615384615384,1.0,1332.0,17.450594,78.42439,30.0,1,0,0,1,0,0,0,0,0,Villa,Semi_Furnished,East,Resale_Very_Old,Medium,1,: ,48648.0,1,0,0,0
2.0,5.0,0,0,6.0,0.8,1.0,1005.0,17.542319,78.226934,30.0,1,0,0,1,0,0,1,0,0,Apartment,Semi_Furnished,Unknown,Resale_Very_Old,Small,1,: ,3980.0,0,0,0,0
2.0,6.0,13,15,50.0,0.1666666666666666,1.0,1100.0,17.5090182,78.3001801,30.0,1,0,0,1,0,0,1,0,0,Apartment,Furnished,East,Resale_Very_Old,Small,1,: ,3868.0,0,0,0,0
4.0,2.0,4,4,6.0,0.5384615384615384,1.0,1197.0,17.546556,78.29298,30.0,1,0,0,1,0,0,0,0,0,Villa,Semi_Furnished,East,Resale_Very_Old,Small,1,: ,87218.0,1,0,0,0
2.0,1.0,2,2,50.0,0.5384615384615384,0.0,1350.0,17.450594,78.42439,30.0,1,0,0,1,0,0,0,0,0,Villa,Semi_Furnished,NE,Resale_Very_Old,Medium,Unknown,: ,52000.0,1,0,0,0
2.0,5.0,6,6,49.0,0.5384615384615384,1.0,1215.0,17.53286,78.27255,30.0,1,0,0,1,0,0,0,0,0,Villa,Furnished,East,Resale_Very_Old,Medium,1,: ,5362.0,1,0,0,1
4.0,2.0,8,8,47.0,0.5384615384615384,3.0,1530.0,17.49182,78.32617,30.0,1,0,0,1,0,0,0,0,0,Villa,Semi_Furnished,East,Resale_Very_Old,Medium,3+,: ,58764.0,1,0,0,0
2.0,5.0,1,1,6.0,0.4,1.0,1105.0,17.560525,78.215963,30.0,0,1,0,1,0,0,1,0,0,Apartment,Semi_Furnished,East,Resale_Old,Small,1,: ,3710.0,0,0,0,0
2.0,5.0,2,3,50.0,0.4,0.0,1150.0,17.5090182,78.3001801,30.0,1,0,0,1,0,0,1,0,0,Apartment,Furnished,North,Resale_Very_Old,Small,Unknown,: ,4695.0,0,0,0,0
2.0,5.0,12,12,50.0,0.5384615384615384,1.0,1050.0,17.5090182,78.3001801,30.0,1,0,0,1,0,0,1,0,0,Apartment,Furnished,West,Resale_Very_Old,Small,1,: ,4754.0,1,0,0,0
4.0,2.0,1,1,50.0,0.5384615384615384,1.0,1440.0,17.5090182,78.3001801,30.0,0,1,0,1,0,0,1,0,0,Villa,Semi_Furnished,East,Resale_Old,Medium,1,Beeramguda,100000.0,1,0,0,0
2.0,5.0,8,8,47.0,0.6,2.0,1150.0,17.49182,78.32617,30.0,1,0,0,1,0,0,1,0,0,Apartment,Unfurnished,East,Resale_Very_Old,Small,2,: ,3927.0,0,0,0,0
2.0,6.0,8,8,50.0,0.8333333333333334,1.0,1200.0,17.536121,78.289779,30.0,1,0,0,1,0,0,1,0,0,Apartment,Furnished,East,Resale_Very_Old,Small,1,: ,3342.0,0,0,0,0
2.0,1.0,0,0,50.0,0.5384615384615384,1.0,1440.0,17.450594,78.42439,30.0,1,0,0,1,0,0,0,0,0,Villa,Semi_Furnished,Unknown,Resale_Very_Old,Medium,1,: ,50000.0,1,0,0,0
4.0,2.0,1,1,49.0,0.5384615384615384,1.0,1503.0,17.441887,78.429955,30.0,1,0,0,1,0,0,0,0,0,Villa,Semi_Furnished,NE,Resale_Very_Old,Medium,1,: ,92814.0,1,0,0,0
2.0,5.0,12,12,50.0,0.4,1.0,1000.0,17.5090182,78.3001801,30.0,1,0,0,1,0,0,1,0,0,Apartment,Furnished,West,Resale_Very_Old,Small,1,: ,4999.0,0,0,0,0
2.0,5.0,13,15,50.0,0.4,1.0,900.0,17.5090182,78.3001801,30.0,1,0,0,1,0,0,1,0,0,Apartment,Furnished,East,Resale_Very_Old,Small,1,: ,5556.0,0,0,0,0
3.0,1.0,8,8,50.0,0.5384615384615384,2.0,1377.0,17.5090182,78.30018010000003,30.0,1,0,0,1,0,0,0,0,0,Villa,Furnished,North,Resale_Very_Old,Medium,2,: ,6561.0,1,0,0,0
4.0,2.0,2,2,49.0,0.5384615384615384,1.0,1350.0,17.441887,78.429955,30.0,1,0,0,1,0,0,0,0,0,Villa,Semi_Furnished,East,Resale_Very_Old,Medium,1,: ,92666.0,1,0,0,0
3.0,2.0,3,3,50.0,0.5384615384615384,2.0,1400.0,17.5090182,78.3001801,30.0,1,0,0,1,0,0,0,0,0,Villa,Furnished,West,Resale_Very_Old,Medium,2,: ,6486.0,1,0,0,0
4.0,1.0,6,8,50.0,0.5384615384615384,2.0,1458.0,17.4980973,78.5027043,30.0,1,0,0,1,0,0,1,0,0,Villa,Semi_Furnished,East,Resale_Very_Old,Medium,2,: ,12002.0,1,0,0,0
4.0,5.0,8,8,47.0,0.5384615384615384,2.0,1440.0,17.49182,78.32617,30.0,1,0,0,1,0,0,0,0,0,Villa,Semi_Furnished,East,Resale_Very_Old,Medium,2,: ,62425.0,1,0,0,1
3.0,1.0,7,9,8.0,0.5384615384615384,2.0,2200.0,17.558119,78.278593,30.0,1,0,0,1,0,0,0,0,0,Villa,Furnished,Unknown,Resale_Very_Old,Large,2,: ,5545.0,1,0,0,0
2.0,5.0,8,8,50.0,0.6,2.0,1250.0,17.536121,78.289779,30.0,1,0,0,1,0,0,1,0,0,Apartment,Furnished,East,Resale_Very_Old,Medium,2,: ,3164.0,0,0,0,0
2.0,5.0,7,9,35.0,0.5384615384615384,1.0,1305.0,17.528454,78.29922,30.0,1,0,0,1,0,0,0,0,0,Villa,Furnished,East,Resale_Very_Old,Medium,1,: ,59310.0,1,0,0,1
2.0,5.0,14,16,50.0,0.2,1.0,1050.0,17.5090182,78.3001801,30.0,1,0,0,1,0,0,1,0,0,Apartment,Furnished,East,Resale_Very_Old,Small,1,: ,4761.0,0,0,0,0
4.0,2.0,2,2,49.0,1.0,1.0,2000.0,17.441887,78.429955,30.0,1,0,0,1,0,0,0,1,0,Builder_Floor,Semi_Furnished,SE,Resale_Very_Old,Large,1,: ,4900.0,0,0,0,0
5.0,1.0,7,9,50.0,0.5384615384615384,2.0,1332.0,17.4980973,78.5027043,30.0,1,0,0,1,0,0,1,0,0,Villa,Semi_Furnished,East,Resale_Very_Old,Medium,2,: ,10135.0,1,0,0,0
2.0,5.0,6,6,43.0,0.5384615384615384,1.0,1100.0,17.518469,78.30385,30.0,1,0,0,1,0,0,0,0,0,Villa,Furnished,East,Resale_Very_Old,Small,1,: ,6018.0,1,0,0,1
2.0,1.0,3,3,50.0,0.5384615384615384,1.0,1350.0,17.536121,78.289779,30.0,0,1,0,1,0,0,0,0,0,Villa,Semi_Furnished,East,Resale_Old,Medium,1,: ,60000.0,1,0,0,0
3.0,1.0,7,7,50.0,0.5384615384615384,2.0,2300.0,17.536121,78.289779,30.0,1,0,0,1,0,0,0,0,0,Villa,Furnished,East,Resale_Very_Old,Large,2,: ,4353.0,1,0,0,0
3.0,14.0,23,25,48.0,0.2142857142857142,2.0,1609.0,17.458430621858,78.364243246073,30.0,1,0,0,1,0,0,1,0,0,Apartment,Semi_Furnished,West,Under_Construction,Medium,2,: ,8701.0,0,0,0,0
2.0,5.0,6,6,8.0,0.5384615384615384,1.0,1197.0,17.558119,78.278593,30.0,1,0,0,1,0,0,0,0,0,Villa,Furnished,North,Resale_Very_Old,Small,1,: ,56390.0,1,0,0,1
4.0,2.0,7,9,8.0,0.5384615384615384,2.0,2350.0,17.558119,78.278593,30.0,1,0,0,1,0,0,0,0,0,Villa,Furnished,West,Resale_Very_Old,Large,2,: ,5744.0,1,0,0,0
4.0,2.0,4,4,49.0,0.5384615384615384,1.0,1350.0,17.379839,78.576416,30.0,1,0,0,1,0,0,0,0,0,Villa,Semi_Furnished,West,Resale_Very_Old,Medium,1,: ,76666.0,1,0,0,0
4.0,2.0,1,1,13.0,0.5384615384615384,1.0,1116.0,17.556002,78.27862,60.0,1,0,0,1,0,0,0,0,0,Villa,Semi_Furnished,East,Resale_Very_Old,Small,1,: ,76612.0,1,0,0,0
2.0,1.0,0,0,49.0,0.5384615384615384,1.0,1125.0,17.53286,78.27255,60.0,1,0,0,1,0,0,0,0,0,Villa,Semi_Furnished,East,Resale_Very_Old,Small,1,: ,48000.0,1,0,0,0
2.0,5.0,8,10,7.0,0.5384615384615384,1.0,1250.0,17.543634,78.293712,60.0,1,0,0,1,0,0,0,0,0,Villa,Furnished,West,Resale_Very_Old,Medium,1,: ,5920.0,1,0,0,1
3.0,32.0,19,21,13.0,0.8125,2.0,2235.0,17.3927066,78.3382051,14.0,1,0,1,1,0,1,1,0,0,Apartment,Semi_Furnished,East,Resale_Very_Old,Large,2,: ,10738.0,0,0,0,0
3.0,32.0,20,22,13.0,0.875,2.0,1957.0,17.3914699,78.3378777,14.0,1,0,1,1,0,1,1,0,0,Apartment,Semi_Furnished,East,Resale_Very_Old,Large,2,: ,10730.0,0,0,0,0
3.0,2.0,9,10,30.0,0.5384615384615384,1.0,2200.0,17.48308,78.603777,7.0,1,0,0,1,0,0,0,0,0,Villa,Semi_Furnished,East,Resale_Very_Old,Large,1,: ,7272.0,1,0,0,0
3.0,15.0,11,11,50.0,0.0666666666666666,1.0,1758.0,17.5304208,78.4285813,7.0,1,0,0,1,0,1,1,0,0,Apartment,Semi_Furnished,Unknown,0_5_yrs,Medium,1,: ,4500.0,0,0,0,0
3.0,5.0,16,19,50.0,0.4,3.0,1972.0,17.50231,78.353671,14.0,1,0,0,1,0,0,1,0,0,Apartment,Furnished,West,0_5_yrs,Large,3+,Prasanth Nagar,5324.0,0,0,0,0
3.0,5.0,9,10,50.0,0.6,1.0,1662.0,17.50067,78.420334,21.0,1,0,0,1,0,1,1,0,0,Apartment,Furnished,East,Under_Construction,Medium,1,Kondapur,7521.0,0,0,0,0
3.0,9.0,15,15,46.0,0.3333333333333333,3.0,1800.0,17.438076,78.35422,21.0,1,0,0,1,0,1,1,0,0,Apartment,Semi_Furnished,East,0_5_yrs,Medium,3+,Indira Nagar,8888.0,0,0,0,0
4.0,15.0,21,21,40.0,0.2,3.0,4320.0,17.45275,78.369679,21.0,1,0,0,1,0,1,1,0,0,Apartment,Semi_Furnished,West,Under_Construction,XL,3+,Hi Tech City,12500.0,0,0,0,0
5.0,2.0,7,7,49.0,0.5384615384615384,3.0,4437.0,17.3868889,78.4342289,21.0,1,0,0,1,0,1,1,0,0,Villa,Furnished,East,5_10_yrs,XL,3+,Mehdipatnam,131845.0,1,0,0,0
4.0,1.0,2,2,50.0,0.5384615384615384,2.0,2880.0,17.495306,78.45874,21.0,1,0,0,1,0,0,0,0,0,Villa,Semi_Furnished,East,5_10_yrs,XL,2,: ,85000.0,1,0,0,0
4.0,17.0,25,28,40.0,0.4117647058823529,3.0,4320.0,17.45275,78.369679,30.0,1,0,0,1,0,0,1,0,0,Apartment,Semi_Furnished,West,Resale_Very_Old,XL,3+,Hi Tech City,12500.0,0,0,0,0
3.0,10.0,21,24,38.0,0.5384615384615384,2.0,2690.0,17.437012,78.371384,30.0,1,0,0,1,0,0,1,0,0,Apartment,Furnished,North,0_5_yrs,XL,2,Diamond Hills,9851.0,1,0,0,0
3.0,19.0,16,19,45.0,0.0526315789473684,2.0,2235.0,17.444797,78.366116,30.0,1,0,0,1,0,0,1,0,0,Apartment,Furnished,North,0_5_yrs,Large,2,P Janardhan Reddy Nagar,10101.0,0,0,0,0
3.0,19.0,22,24,45.0,0.5789473684210527,2.0,2041.0,17.444797,78.366116,30.0,1,0,0,1,0,0,1,0,0,Apartment,Furnished,West,0_5_yrs,Large,2,P Janardhan Reddy Nagar,9701.0,0,0,0,0
2.0,14.0,8,10,3.0,0.6428571428571429,1.0,1053.0,17.4150995,78.3715525,7.0,1,0,0,1,0,1,1,0,0,Apartment,Furnished,West,Under_Construction,Small,1,: ,9496.0,0,0,0,0
3.0,14.0,8,11,3.0,0.4285714285714285,1.0,1687.0,17.4154098,78.3698104,7.0,1,0,0,1,0,1,1,0,0,Apartment,Furnished,East,Under_Construction,Medium,1,: ,9484.0,0,0,0,0
3.0,5.0,5,5,50.0,0.8,1.0,1500.0,17.4786226,78.3487172,14.0,1,0,0,1,0,1,1,0,0,Apartment,Semi_Furnished,West,Resale_Very_Old,Medium,1,: ,7000.0,0,0,0,0
3.0,14.0,8,11,3.0,0.3571428571428571,1.0,1384.0,17.4154209,78.3707757,14.0,1,0,0,1,0,1,1,0,0,Apartment,Furnished,East,Under_Construction,Medium,1,: ,8309.0,0,0,0,0
3.0,5.0,24,26,50.0,0.2,2.0,1570.0,17.4478104,78.5263305,21.0,0,1,0,1,0,0,1,0,0,Apartment,Semi_Furnished,East,Resale_Old,Medium,2,: ,6000.0,0,0,0,0
2.0,14.0,7,10,3.0,0.6428571428571429,1.0,1053.0,17.4159692,78.3710842,30.0,1,0,0,1,0,1,1,0,0,Apartment,Furnished,East,Under_Construction,Small,1,: ,9116.0,0,0,0,0
2.0,14.0,8,10,3.0,0.5714285714285714,0.0,944.0,17.41214,78.36431,7.0,1,0,0,1,0,0,1,0,0,Apartment,Furnished,East,Under_Construction,Small,Unknown,: ,9533.0,0,0,0,0
3.0,3.0,26,29,6.0,0.5384615384615384,3.0,2400.0,17.5090182,78.3001801,2.0,0,1,1,1,0,0,1,0,0,Villa,Semi_Furnished,East,Resale_Old,Large,3+,Beeramguda,5500.0,1,0,0,0
3.0,1.0,23,25,46.0,0.5384615384615384,3.0,2100.0,17.5330867548758,78.2682745858627,2.0,0,1,0,1,0,0,0,0,0,Villa,Semi_Furnished,East,Resale_Old,Large,3+,Patancheruvu,4800.0,1,0,0,0
2.0,18.0,27,29,0.0,0.5555555555555556,1.0,1368.0,17.443855,78.250431,5.0,0,1,0,1,0,0,1,0,0,Apartment,Semi_Furnished,East,Resale_Old,Medium,1,Kollur,3500.0,0,0,0,0
4.0,2.0,24,26,0.0,0.5384615384615384,2.0,3874.0,17.443855,78.250431,5.0,0,1,0,1,0,0,1,0,0,Villa,Semi_Furnished,East,Resale_Old,XL,2,Kollur,7900.0,1,0,0,0
4.0,2.0,8,10,48.0,0.5384615384615384,2.0,3185.0,17.5316,78.26729,5.0,0,1,0,1,0,0,0,0,0,Villa,Semi_Furnished,East,Resale_Old,XL,2,Patancheru,6028.0,1,0,0,0
4.0,2.0,8,10,0.0,0.5384615384615384,2.0,2000.0,17.063734,78.488644,5.0,0,1,0,1,0,0,0,0,0,Villa,Semi_Furnished,East,Resale_Old,Large,2,: ,4850.0,1,0,0,0
4.0,2.0,8,10,6.0,0.5384615384615384,2.0,1950.0,17.548606,78.210422,5.0,0,1,0,1,0,0,0,0,0,Villa,Semi_Furnished,East,Resale_Old,Large,2,: ,4871.0,1,0,0,0
3.0,50.0,29,31,13.0,0.1,2.0,1333.0,17.4359437,78.3416731,7.0,0,1,1,1,0,0,1,0,0,Apartment,Semi_Furnished,East,Resale_Old,Medium,2,Gachibowli,6000.0,0,0,0,0
2.0,12.0,26,28,1.0,0.75,2.0,1337.0,17.492871,78.239079,14.0,0,1,0,1,0,0,1,0,0,Apartment,Semi_Furnished,East,Resale_Old,Medium,2,Pati,5499.0,0,0,0,0
3.0,18.0,27,29,0.0,0.5,2.0,1812.0,17.443855,78.250431,14.0,0,1,0,1,0,0,1,0,0,Apartment,Semi_Furnished,East,Resale_Old,Large,2,Kollur,3500.0,0,0,0,0
3.0,50.0,29,32,13.0,0.9,2.0,1605.0,17.4359437,78.3416731,14.0,0,1,1,1,0,0,1,0,0,Apartment,Semi_Furnished,East,Resale_Old,Medium,2,Gachibowli,6500.0,0,0,0,0
2.0,5.0,17,20,49.0,0.2,1.0,1210.0,17.4609913,78.3532083,21.0,1,0,0,1,0,0,1,0,0,Apartment,Furnished,West,Under_Construction,Medium,1,: ,7851.0,0,0,0,0
4.0,7.0,8,8,49.0,0.4285714285714285,3.0,3715.0,17.38504,78.48667,21.0,1,0,0,1,0,0,1,0,0,Apartment,Semi_Furnished,East,Resale_Very_Old,XL,3+,: ,12500.0,0,0,0,0
4.0,7.0,8,8,49.0,0.5714285714285714,3.0,4400.0,17.38504,78.48667,21.0,1,0,0,1,0,0,1,0,0,Apartment,Semi_Furnished,East,Resale_Very_Old,XL,3+,: ,12215.0,0,0,0,0
4.0,16.0,8,8,49.0,0.375,3.0,1820.0,17.38504,78.48667,30.0,0,1,0,1,0,0,1,0,0,Apartment,Semi_Furnished,East,Resale_Old,Large,3+,: ,7600.0,0,0,0,0
3.0,32.0,6,7,13.0,0.71875,2.0,2235.0,17.40223,78.3444,30.0,1,0,1,1,0,0,1,0,0,Apartment,Semi_Furnished,East,Resale_Very_Old,Large,2,Kokapet,10514.0,0,0,0,0
3.0,17.0,28,30,48.0,0.2352941176470588,2.0,2160.0,17.433847,78.332074,30.0,1,0,0,1,0,1,1,0,0,Apartment,Furnished,East,Under_Construction,Large,2,Gachibowli,11700.0,0,0,0,0
3.0,31.0,29,30,12.0,0.2903225806451613,1.0,1834.0,17.452513,78.29955,30.0,1,0,0,1,0,1,1,0,0,Apartment,Semi_Furnished,East,Under_Construction,Large,1,Puppalaguda,11500.0,0,0,0,0
3.0,21.0,29,31,11.0,0.4761904761904761,2.0,2550.0,17.4609913,78.3532083,30.0,1,0,1,1,0,0,1,0,0,Apartment,Semi_Furnished,East,Resale_Very_Old,XL,2,Kondapur,10588.0,0,0,0,0
2.0,25.0,30,33,12.0,0.2,2.0,1290.0,17.4609913,78.3532083,30.0,0,1,1,1,0,0,1,0,0,Apartment,Semi_Furnished,East,Resale_Old,Medium,2,Kondapur,11782.0,0,0,0,0
2.0,18.0,29,32,12.0,0.1666666666666666,2.0,1325.0,17.4609913,78.3532083,30.0,0,1,1,1,0,0,1,0,0,Apartment,Semi_Furnished,East,Resale_Old,Medium,2,Kondapur,9962.0,0,0,0,0
3.0,35.0,29,31,12.0,0.4571428571428571,2.0,2000.0,17.4609913,78.3532083,30.0,1,0,1,1,0,0,1,0,0,Apartment,Semi_Furnished,East,Resale_Very_Old,Large,2,Kondapur,10000.0,0,0,0,0
3.0,25.0,29,30,13.0,0.72,2.0,1960.0,17.47078,78.30668,30.0,1,0,1,1,0,0,1,0,0,Apartment,Semi_Furnished,East,Resale_Very_Old,Large,2,Nallagandla,10357.0,0,0,0,0
2.0,15.0,26,28,15.0,0.2,2.0,1297.0,17.4609913,78.3532083,30.0,1,0,1,1,0,0,1,0,0,Apartment,Furnished,West,Resale_Very_Old,Medium,2,Kondapur,11179.0,0,0,0,0
2.0,10.0,8,8,50.0,0.5,1.0,1330.0,17.506203,78.3616,30.0,1,0,0,1,0,0,1,0,0,Apartment,Semi_Furnished,East,Resale_Very_Old,Medium,1,: ,6203.0,0,0,0,0
3.0,15.0,7,11,47.0,0.7333333333333333,1.0,1905.0,17.4359437,78.3416731,3.0,1,0,0,1,0,0,1,0,0,Apartment,Furnished,NE,Under_Construction,Large,1,Gachibowli,10236.0,0,0,0,0
2.0,5.0,6,6,6.0,0.6,1.0,1150.0,17.542319,78.226934,3.0,1,0,0,1,0,0,1,0,0,Apartment,Semi_Furnished,East,Under_Construction,Small,1,: ,4000.0,0,0,0,0
3.0,1.0,8,8,10.0,0.5384615384615384,1.0,1500.0,17.4639176,78.6242289,7.0,0,1,0,1,0,0,0,0,0,Villa,Semi_Furnished,East,Resale_Old,Medium,1,: ,6666.0,1,0,0,0
2.0,22.0,8,11,13.0,0.3181818181818182,1.0,1342.0,17.4359437,78.3416731,7.0,0,1,1,1,0,0,1,0,0,Apartment,Semi_Furnished,East,Resale_Old,Medium,1,Gachibowli,6163.0,0,0,0,0
2.0,5.0,6,6,45.0,0.6,1.0,1000.0,17.446787,78.398544,7.0,1,0,0,1,0,1,1,0,0,Apartment,Semi_Furnished,East,Under_Construction,Small,1,: ,4200.0,0,0,0,0
2.0,22.0,8,10,13.0,0.2727272727272727,1.0,1398.0,17.4359437,78.3416731,7.0,1,0,1,1,0,0,1,0,0,Apartment,Semi_Furnished,East,Resale_Very_Old,Medium,1,: ,7010.0,0,0,0,0
3.0,14.0,8,10,47.0,0.1428571428571428,1.0,1384.0,17.4359437,78.3416731,7.0,1,0,0,1,0,0,1,0,0,Apartment,Furnished,West,Under_Construction,Medium,1,: ,9031.0,0,0,0,0
1.0,1.0,0,1,0.0,0.5384615384615384,0.0,312.0,17.2494091,78.4183466,21.0,1,0,0,1,0,0,0,0,0,Farmhouse,Semi_Furnished,East,Resale_Very_Old,Micro,Unknown,: ,8799.0,1,0,0,0
1.0,0.0,2,2,0.0,0.5384615384615384,0.0,1800.0,17.2494091,78.4183466,21.0,0,1,0,1,0,0,0,0,0,Farmhouse,Semi_Furnished,East,Resale_Old,Medium,Unknown,: ,14500.0,1,0,0,0
3.0,5.0,7,11,49.0,0.4,2.0,1950.0,17.38504,78.48667,21.0,1,0,0,1,0,0,1,0,0,Apartment,Furnished,East,Resale_Very_Old,Large,2,: ,10000.0,0,0,0,0
3.0,15.0,8,11,47.0,0.7333333333333333,1.0,1905.0,17.4359437,78.3416731,21.0,1,0,0,1,0,0,1,0,0,Apartment,Semi_Furnished,NE,Under_Construction,Large,1,: ,10078.0,0,0,0,0
2.0,31.0,8,11,12.0,0.2903225806451613,1.0,1314.0,17.399313,78.3538722,28.0,1,0,0,1,0,1,1,0,0,Apartment,Furnished,East,Under_Construction,Medium,1,: ,11567.0,0,0,0,0
2.0,1.0,1,1,0.0,0.5384615384615384,1.0,1350.0,17.2494091,78.4183466,30.0,0,1,0,1,0,0,0,0,0,Villa,Semi_Furnished,East,Resale_Old,Medium,1,: ,38666.0,1,0,0,0
2.0,1.0,3,3,6.0,0.5384615384615384,1.0,990.0,17.542319,78.226934,30.0,0,1,0,1,0,0,1,0,0,Villa,Semi_Furnished,East,Resale_Old,Small,1,: ,59090.0,1,0,0,0
3.0,5.0,4,7,44.0,0.6,1.0,1400.0,17.440084,78.348915,2.0,1,0,0,1,0,1,1,0,0,Apartment,Furnished,East,Under_Construction,Medium,1,Gayathri Nagar Colony,8214.0,0,0,0,0
3.0,34.0,7,9,13.0,0.9117647058823528,1.0,2049.0,17.3966194,78.3392511,3.0,1,0,1,1,0,1,1,0,0,Apartment,Semi_Furnished,East,Resale_Very_Old,Large,1,Kokapet,10004.0,0,0,0,0
3.0,34.0,7,9,13.0,0.1764705882352941,1.0,2049.0,17.3956879,78.3413741,3.0,1,0,1,1,0,1,1,0,0,Apartment,Semi_Furnished,East,Resale_Very_Old,Large,1,Kokapet,9272.0,0,0,0,0
3.0,34.0,31,33,13.0,0.3823529411764705,1.0,1390.0,17.40223,78.3444,7.0,0,1,1,1,0,0,1,0,0,Apartment,Semi_Furnished,West,Resale_Old,Medium,1,: ,10071.0,0,0,0,0
4.0,36.0,30,32,13.0,0.5277777777777778,2.0,4070.0,17.4480919,78.3787508,7.0,1,0,0,1,0,0,1,0,0,Apartment,Semi_Furnished,West,Resale_Very_Old,XL,2,: ,22000.0,0,0,0,0
3.0,36.0,30,32,13.0,0.4166666666666667,2.0,3430.0,17.4480919,78.3787508,7.0,1,0,0,1,0,0,1,0,0,Apartment,Semi_Furnished,West,Resale_Very_Old,XL,2,: ,21000.0,0,0,0,0
3.0,34.0,31,34,13.0,0.2647058823529412,1.0,1390.0,17.40223,78.3444,7.0,0,1,1,1,0,0,1,0,0,Apartment,Semi_Furnished,West,Resale_Old,Medium,1,: ,10143.0,0,0,0,0
3.0,35.0,8,10,10.0,0.7428571428571429,1.0,1993.0,17.4359437,78.3416731,7.0,1,0,1,1,0,0,1,0,0,Apartment,Semi_Furnished,East,Under_Construction,Large,1,Gachibowli,11289.0,0,0,0,0
10.0,3.0,3,4,50.0,0.5384615384615384,3.0,3600.0,17.3780046,78.4305287,7.0,1,0,0,1,0,0,0,0,0,Villa,Furnished,Unknown,0_5_yrs,XL,3+,: ,19444.0,1,0,0,0
3.0,36.0,31,34,13.0,0.5555555555555556,2.0,3430.0,17.4480919,78.3787508,7.0,1,0,0,1,0,0,1,0,0,Apartment,Semi_Furnished,West,Resale_Very_Old,XL,2,: ,24781.0,0,0,0,0
3.0,34.0,31,33,13.0,0.7352941176470589,1.0,1769.0,17.40223,78.3444,7.0,0,1,1,1,0,0,1,0,0,Apartment,Semi_Furnished,West,Resale_Old,Medium,1,: ,10740.0,0,0,0,0
2.0,35.0,31,34,10.0,0.2,1.0,1283.0,17.4359437,78.3416731,7.0,1,0,1,1,0,0,1,0,0,Apartment,Furnished,East,Resale_Very_Old,Medium,1,: ,11379.0,0,0,0,0
3.0,34.0,7,9,13.0,0.5882352941176471,1.0,2048.0,17.40223,78.3444,14.0,0,1,1,1,0,0,1,0,0,Apartment,Semi_Furnished,West,Resale_Old,Large,1,Kokapet,10498.0,0,0,0,0
2.0,35.0,31,34,10.0,0.1142857142857142,1.0,1492.0,17.4359437,78.3416731,14.0,1,0,1,1,0,0,1,0,0,Apartment,Furnished,West,Resale_Very_Old,Medium,1,: ,11930.0,0,0,0,0
3.0,34.0,31,33,13.0,0.5294117647058824,1.0,1390.0,17.40223,78.3444,21.0,0,1,1,1,0,0,1,0,0,Apartment,Semi_Furnished,West,Resale_Old,Medium,1,: ,10791.0,0,0,0,0
3.0,32.0,31,34,13.0,0.90625,1.0,2235.0,17.40223,78.3444,21.0,1,0,1,1,0,0,1,0,0,Apartment,Semi_Furnished,East,Resale_Very_Old,Large,1,: ,11633.0,0,0,0,0
4.0,42.0,31,33,12.0,0.3333333333333333,2.0,2928.0,17.4480919,78.3787508,28.0,0,1,1,1,0,0,1,0,0,Apartment,Semi_Furnished,West,Resale_Old,XL,2,: ,13000.0,0,0,0,0
3.0,35.0,31,34,10.0,0.1142857142857142,1.0,1742.0,17.4359437,78.3416731,30.0,1,0,1,1,0,0,1,0,0,Apartment,Semi_Furnished,West,Resale_Very_Old,Medium,1,: ,11481.0,0,0,0,0
2.0,35.0,31,33,10.0,0.2285714285714285,1.0,1492.0,17.4359437,78.3416731,30.0,1,0,1,1,0,0,1,0,0,Apartment,Semi_Furnished,West,Resale_Very_Old,Medium,1,: ,10500.0,0,0,0,0
2.0,35.0,30,32,10.0,0.2571428571428571,1.0,1283.0,17.4359437,78.3416731,30.0,1,0,1,1,0,0,1,0,0,Apartment,Semi_Furnished,East,Resale_Very_Old,Medium,1,: ,10500.0,0,0,0,0
3.0,36.0,30,33,13.0,0.0277777777777777,2.0,3430.0,17.4480919,78.3787508,30.0,1,0,0,1,0,0,1,0,0,Apartment,Semi_Furnished,West,Resale_Very_Old,XL,2,: ,17784.0,0,0,0,0
2.0,35.0,31,34,10.0,0.1142857142857142,1.0,1492.0,17.4359437,78.3416731,30.0,1,0,1,1,0,0,1,0,0,Apartment,Furnished,West,Resale_Very_Old,Medium,1,: ,12064.0,0,0,0,0
10.0,5.0,22,23,49.0,0.5384615384615384,4.0,10000.0,17.38504,78.48667,30.0,1,0,0,1,0,0,0,0,0,Villa,Furnished,NE,5_10_yrs,XXL,3+,: ,7500.0,1,0,0,0
3.0,14.0,31,34,48.0,0.5384615384615384,1.0,3370.0,17.4411482,78.3910691,30.0,1,0,0,1,0,0,1,0,0,Apartment,Furnished,East,Under_Construction,XL,1,: ,17210.0,1,0,0,0
4.0,5.0,2,3,45.0,0.8,2.0,2400.0,17.44057,78.365551,30.0,1,0,0,1,0,1,1,0,0,Apartment,Semi_Furnished,West,5_10_yrs,Large,2,: ,8125.0,0,0,0,0
3.0,7.0,7,7,49.0,0.5714285714285714,1.0,1248.0,17.4609913,78.3532083,30.0,1,0,0,1,0,1,1,0,0,Apartment,Furnished,West,Under_Construction,Medium,1,: ,7211.0,0,0,0,0
2.0,31.0,7,7,12.0,0.6774193548387096,1.0,1314.0,17.3973794,78.3856447,30.0,1,0,0,1,0,0,1,0,0,Apartment,Semi_Furnished,Unknown,Resale_Very_Old,Medium,1,: ,10958.0,0,0,0,0
3.0,31.0,7,7,12.0,0.967741935483871,1.0,1834.0,17.3973794,78.3856447,30.0,1,0,0,1,0,0,1,0,0,Apartment,Semi_Furnished,Unknown,Resale_Very_Old,Large,1,: ,11723.0,0,0,0,0
3.0,31.0,7,8,15.0,0.7741935483870968,1.0,1600.0,17.42278,78.34724,30.0,1,0,0,1,0,0,1,0,0,Apartment,Semi_Furnished,Unknown,Resale_Very_Old,Medium,1,: ,13125.0,0,0,0,0
4.0,2.0,15,18,50.0,0.5384615384615384,1.0,3276.0,17.4295317,78.41266,30.0,1,0,0,1,0,0,0,0,0,Villa,Furnished,North,0_5_yrs,XL,1,: ,31288.0,1,0,0,0
3.0,4.0,14,17,48.0,0.25,1.0,2380.0,17.470128,78.380278,30.0,1,0,0,1,0,0,0,0,0,Builder_Floor,Furnished,West,0_5_yrs,Large,1,: ,11500.0,0,0,0,0
4.0,4.0,14,17,48.0,0.75,2.0,4760.0,17.470128,78.380278,30.0,1,0,0,1,0,0,0,0,0,Builder_Floor,Furnished,West,0_5_yrs,XL,2,: ,11500.0,0,0,0,0
10.0,4.0,12,16,48.0,0.5384615384615384,4.0,12000.0,17.470128,78.380278,30.0,1,0,0,1,0,0,0,0,0,Builder_Floor,Furnished,North,0_5_yrs,XXL,3+,: ,13333.0,1,0,0,0
2.0,35.0,30,33,10.0,0.2571428571428571,1.0,1492.0,17.4359437,78.3416731,30.0,1,0,1,1,0,0,1,0,0,Apartment,Furnished,West,Resale_Very_Old,Medium,1,: ,13069.0,0,0,0,0
7.0,2.0,16,19,50.0,0.5384615384615384,4.0,12312.0,17.4295317,78.41266,30.0,1,0,0,1,0,0,0,0,0,Villa,Furnished,SW,5_10_yrs,XXL,3+,: ,42235.0,1,0,0,0
2.0,22.0,6,6,9.0,0.3636363636363636,1.0,1335.0,17.4783336,78.3130898,30.0,1,0,1,1,0,1,1,0,0,Apartment,Semi_Furnished,West,Resale_Very_Old,Medium,1,: ,8988.0,0,0,0,0
3.0,12.0,8,10,15.0,0.25,1.0,1845.0,17.4528877,78.3002781,30.0,1,0,0,1,0,0,1,0,0,Apartment,Furnished,West,Under_Construction,Large,1,: ,9214.0,0,0,0,0
4.0,2.0,12,14,0.0,0.5384615384615384,2.0,3150.0,17.4480281,78.2516547,30.0,1,0,0,1,0,1,0,0,0,Villa,Semi_Furnished,West,Resale_Very_Old,XL,2,: ,170000.0,1,0,0,0
3.0,2.0,7,8,0.0,0.5384615384615384,2.0,2300.0,17.44502,78.186844,30.0,1,0,0,1,0,1,0,0,0,Villa,Furnished,West,Under_Construction,Large,2,: ,11521.0,1,0,0,0
3.0,2.0,7,7,1.0,0.5384615384615384,2.0,2300.0,17.482689,78.21213,30.0,1,0,0,1,0,1,0,0,0,Villa,Unfurnished,East,Under_Construction,Large,2,: ,11086.0,1,0,0,0
3.0,2.0,6,6,1.0,0.5384615384615384,2.0,2300.0,17.482689,78.21213,30.0,1,0,0,1,0,1,0,0,0,Villa,Semi_Furnished,West,Under_Construction,Large,2,: ,10826.0,1,0,0,0
4.0,2.0,7,7,1.0,0.5384615384615384,2.0,2800.0,17.482689,78.21213,30.0,1,0,0,1,0,1,0,0,0,Villa,Semi_Furnished,East,Under_Construction,XL,2,: ,12321.0,1,0,0,0
4.0,3.0,7,7,0.0,0.5384615384615384,2.0,3480.0,17.443855,78.250431,30.0,1,0,1,1,0,1,1,0,0,Villa,Semi_Furnished,West,Under_Construction,XL,2,: ,8477.0,1,0,0,0
4.0,3.0,6,6,0.0,0.5384615384615384,2.0,22050.0,17.443855,78.250431,30.0,1,0,1,1,0,1,1,0,0,Villa,Semi_Furnished,West,Under_Construction,XXL,2,: ,8500.0,1,0,0,0
4.0,3.0,6,6,0.0,0.5384615384615384,2.0,3316.0,17.443855,78.250431,30.0,1,0,1,1,0,1,1,0,0,Villa,Semi_Furnished,East,Under_Construction,XL,2,: ,9000.0,1,0,0,0
4.0,35.0,26,29,10.0,0.1714285714285714,3.0,2848.0,17.4359437,78.3416731,30.0,1,0,1,1,0,0,1,0,0,Apartment,Semi_Furnished,NE,Resale_Very_Old,XL,3+,: ,10600.0,0,0,0,0
2.0,35.0,29,32,10.0,0.2571428571428571,1.0,1492.0,17.4359437,78.3416731,30.0,1,0,1,1,0,0,1,0,0,Apartment,Semi_Furnished,West,Resale_Very_Old,Medium,1,: ,13069.0,0,0,0,0
2.0,35.0,27,29,10.0,0.4285714285714285,1.0,1283.0,17.4359437,78.3416731,30.0,1,0,1,1,0,0,1,0,0,Apartment,Semi_Furnished,East,Resale_Very_Old,Medium,1,: ,10522.0,0,0,0,0
2.0,35.0,30,32,10.0,0.4285714285714285,1.0,1492.0,17.4359437,78.3416731,30.0,1,0,1,1,0,0,1,0,0,Apartment,Semi_Furnished,West,Resale_Very_Old,Medium,1,: ,11058.0,0,0,0,0
8.0,3.0,4,6,50.0,0.5384615384615384,3.0,1449.0,17.48331,78.32076,30.0,1,0,0,1,0,0,0,0,0,Villa,Semi_Furnished,East,Resale_Very_Old,Medium,3+,: ,183229.0,1,0,0,0
2.0,5.0,31,33,16.0,0.4,1.0,1150.0,17.351292,78.380595,30.0,1,0,0,1,0,0,1,0,0,Apartment,Semi_Furnished,West,Resale_Very_Old,Small,1,: ,7826.0,0,0,0,0
3.0,24.0,8,11,13.0,0.5,1.0,1875.0,17.4659998,78.3119873,30.0,1,0,1,1,0,1,1,0,0,Apartment,Semi_Furnished,West,Under_Construction,Large,1,: ,10666.0,0,0,0,0
3.0,5.0,6,8,49.0,1.0,2.0,1800.0,17.4609913,78.3532083,60.0,1,0,0,1,0,0,1,1,0,Apartment,Semi_Furnished,East,Resale_Very_Old,Medium,2,: ,8000.0,0,0,0,0
2.0,31.0,6,9,12.0,0.6774193548387096,1.0,1314.0,17.3973794,78.3856447,30.0,1,0,0,1,0,0,1,0,0,Apartment,Semi_Furnished,East,Under_Construction,Medium,1,: ,11035.0,0,0,0,0
2.0,25.0,8,11,13.0,0.56,1.0,1275.0,17.47078,78.30668,7.0,1,0,1,1,0,0,1,0,0,Apartment,Unfurnished,East,Resale_Very_Old,Medium,1,: ,9725.0,0,0,0,0
4.0,35.0,8,10,12.0,0.1142857142857142,2.0,2925.0,17.4609913,78.3532083,7.0,1,0,1,1,0,0,1,0,0,Apartment,Semi_Furnished,West,Resale_Very_Old,XL,2,: ,9401.0,0,0,0,0
2.0,10.0,8,11,50.0,0.1,1.0,1270.0,17.47078,78.30668,7.0,1,0,0,1,0,0,1,0,0,Apartment,Furnished,East,0_5_yrs,Medium,1,: ,7480.0,0,0,0,0
3.0,14.0,7,7,25.0,1.0,3.0,2485.0,17.3923634,78.3621784,7.0,1,0,1,1,0,0,1,1,0,Apartment,Semi_Furnished,West,Resale_Very_Old,Large,3+,: ,6639.0,0,0,0,0
2.0,25.0,8,11,13.0,0.36,1.0,1375.0,17.47078,78.30668,14.0,1,0,1,1,0,0,1,0,0,Apartment,Semi_Furnished,West,Resale_Very_Old,Medium,1,: ,9454.0,0,0,0,0
3.0,5.0,6,7,50.0,0.6,1.0,1450.0,17.47078,78.30668,14.0,1,0,0,1,0,0,1,0,0,Apartment,Semi_Furnished,West,0_5_yrs,Medium,1,: ,6206.0,0,0,0,0
3.0,22.0,8,10,9.0,0.6363636363636364,1.0,1750.0,17.47078,78.30668,30.0,1,0,1,1,0,0,1,0,0,Apartment,Semi_Furnished,East,Resale_Very_Old,Medium,1,: ,10628.0,0,0,0,0
3.0,24.0,19,19,9.0,0.8333333333333334,1.0,2000.0,17.467762,78.408146,30.0,1,0,1,1,0,0,1,0,0,Apartment,Semi_Furnished,West,Resale_Very_Old,Large,1,: ,10000.0,0,0,0,0
2.0,19.0,18,18,9.0,0.5263157894736842,1.0,1250.0,17.467762,78.408146,30.0,1,0,1,1,0,0,1,0,0,Apartment,Furnished,West,Under_Construction,Medium,1,: ,9680.0,0,0,0,0
3.0,9.0,21,22,0.0,0.8888888888888888,2.0,2170.0,78.48667,17.38504,30.0,1,0,0,1,0,0,1,0,0,Apartment,Semi_Furnished,East,Under_Construction,Large,2,: ,4999.0,0,0,0,0
2.0,12.0,8,10,26.0,0.6666666666666666,2.0,1270.0,17.40223,78.3444,30.0,1,0,0,1,0,0,1,0,0,Apartment,Semi_Furnished,East,Under_Construction,Medium,2,: ,10236.0,0,0,0,0
3.0,20.0,3,6,50.0,0.6,1.0,1800.0,17.47078,78.30668,3.0,1,0,0,1,0,1,1,0,0,Apartment,Semi_Furnished,East,0_5_yrs,Medium,1,: ,8333.0,0,0,0,0
3.0,25.0,4,6,13.0,0.48,1.0,1790.0,17.412388,78.347496,4.0,1,0,1,1,0,1,1,0,0,Apartment,Semi_Furnished,East,Under_Construction,Medium,1,: ,11061.0,0,0,0,0
3.0,25.0,8,11,13.0,0.44,1.0,1790.0,17.47078,78.30668,4.0,1,0,1,1,0,0,1,0,0,Apartment,Semi_Furnished,West,Under_Construction,Medium,1,: ,12569.0,0,0,0,0
3.0,5.0,21,21,0.0,0.6,2.0,1540.0,78.48667,17.38504,4.0,0,1,0,1,0,0,1,0,0,Apartment,Semi_Furnished,East,Resale_Old,Medium,2,: ,6695.0,0,0,0,0
3.0,30.0,3,3,12.0,0.9,1.0,1610.0,16.5609,77.85031,5.0,1,0,1,1,0,1,1,0,0,Apartment,Semi_Furnished,East,Under_Construction,Medium,1,: ,9006.0,0,0,0,0
3.0,30.0,3,5,12.0,0.3666666666666666,1.0,1965.0,16.5609,77.85031,5.0,1,0,1,1,0,1,1,0,0,Apartment,Semi_Furnished,East,Under_Construction,Large,1,: ,8854.0,0,0,0,0
2.0,30.0,3,5,12.0,0.4,1.0,1315.0,16.5609,77.85031,5.0,1,0,1,1,0,1,1,0,0,Apartment,Semi_Furnished,East,Under_Construction,Medium,1,: ,8745.0,0,0,0,0
2.0,30.0,3,5,12.0,0.5,1.0,1350.0,16.5609,77.85031,5.0,1,0,1,1,0,1,1,0,0,Apartment,Semi_Furnished,East,Under_Construction,Medium,1,: ,8518.0,0,0,0,0
4.0,2.0,8,10,17.0,0.5384615384615384,2.0,2700.0,17.4664197,78.285342,5.0,1,0,0,1,0,1,1,0,0,Villa,Semi_Furnished,West,Under_Construction,XL,2,: ,11481.0,1,0,0,0
3.0,1.0,1,1,50.0,0.5384615384615384,1.0,2000.0,17.5179636,78.3813785,7.0,1,0,0,1,0,0,1,0,0,Villa,Furnished,West,0_5_yrs,Large,1,Nizampet,10750.0,1,0,0,0
3.0,30.0,3,3,12.0,0.1333333333333333,1.0,1785.0,16.5609,77.85031,7.0,1,0,1,1,0,0,1,0,0,Apartment,Semi_Furnished,West,Resale_Very_Old,Medium,1,: ,9075.0,0,0,0,0
3.0,5.0,4,4,0.0,0.6,1.0,2055.0,78.48667,17.38504,7.0,1,0,0,1,0,0,1,0,0,Apartment,Semi_Furnished,East,Resale_Very_Old,Large,1,Gachibowli,7000.0,0,0,0,0
3.0,5.0,3,3,0.0,0.6,0.0,1900.0,78.48667,17.38504,7.0,1,0,0,1,0,0,1,0,0,Apartment,Semi_Furnished,North,Resale_Very_Old,Large,Unknown,Gachibowli,7000.0,0,0,0,0
3.0,2.0,7,7,1.0,0.5384615384615384,2.0,3399.0,17.434335,78.286311,7.0,1,0,0,1,0,0,1,0,0,Villa,Semi_Furnished,West,Under_Construction,XL,2,Gachibowli,11709.0,1,0,0,0
3.0,2.0,6,6,1.0,0.5384615384615384,2.0,2016.0,17.434335,78.286311,7.0,1,0,0,1,0,0,1,0,0,Villa,Semi_Furnished,West,Under_Construction,Large,2,"Tellapur, Gachibowli",177678.0,1,0,0,0
2.0,5.0,7,7,27.0,0.6,2.0,1250.0,17.485206408706663,78.60681438946276,7.0,0,1,0,1,0,0,1,0,0,Apartment,Semi_Furnished,Unknown,Resale_Old,Medium,2,: ,6250.0,0,0,0,0
3.0,14.0,10,10,0.0,0.5,2.0,2160.0,78.48667,17.38504,14.0,1,0,0,1,0,0,1,0,0,Apartment,Semi_Furnished,East,Resale_Very_Old,Large,2,Manikonda,8799.0,0,0,0,0
3.0,14.0,11,11,0.0,1.0,1.0,1945.0,78.48667,17.38504,14.0,1,0,0,1,0,0,1,1,0,Apartment,Semi_Furnished,West,Resale_Very_Old,Large,1,Manikonda,8799.0,0,0,0,0
3.0,14.0,10,10,0.0,1.0,1.0,2260.0,78.48667,17.38504,14.0,1,0,0,1,0,0,1,1,0,Apartment,Semi_Furnished,East,Resale_Very_Old,Large,1,Manikonda,8799.0,0,0,0,0
3.0,14.0,7,7,0.0,1.0,1.0,1895.0,78.48667,17.38504,14.0,1,0,0,1,0,0,1,1,0,Apartment,Semi_Furnished,North,Resale_Very_Old,Large,1,Manikonda,8799.0,0,0,0,0
3.0,14.0,10,10,0.0,0.5714285714285714,1.0,1910.0,78.48667,17.38504,14.0,1,0,0,1,0,0,1,0,0,Apartment,Semi_Furnished,East,Resale_Very_Old,Large,1,Manikonda,8799.0,0,0,0,0
3.0,14.0,11,11,0.0,0.5384615384615384,1.0,1850.0,78.48667,17.38504,14.0,1,0,0,1,0,0,1,0,0,Apartment,Semi_Furnished,West,Resale_Very_Old,Large,1,Manikonda,8000.0,1,0,0,0
3.0,14.0,11,11,0.0,0.5384615384615384,1.0,1725.0,78.48667,17.38504,14.0,1,0,0,1,0,0,1,0,0,Apartment,Semi_Furnished,East,Resale_Very_Old,Medium,1,Manikonda,8000.0,1,0,0,0
2.0,5.0,7,7,49.0,0.8,1.0,1150.0,17.515892,78.32081,21.0,1,0,0,1,0,1,1,0,0,Apartment,Semi_Furnished,East,Under_Construction,Small,1,: ,5648.0,0,0,0,0
2.0,5.0,7,7,49.0,0.8,1.0,1150.0,17.515892,78.32081,21.0,1,0,0,1,0,1,1,0,0,Apartment,Semi_Furnished,West,Under_Construction,Small,1,: ,5648.0,0,0,0,0
2.0,5.0,7,7,49.0,0.4,1.0,1150.0,17.515892,78.32081,21.0,1,0,0,1,0,1,1,0,0,Apartment,Semi_Furnished,West,Under_Construction,Small,1,: ,5649.0,0,0,0,0
2.0,5.0,7,7,49.0,0.8,1.0,1500.0,17.515892,78.32081,21.0,1,0,0,1,0,1,1,0,0,Apartment,Semi_Furnished,West,Under_Construction,Medium,1,: ,4330.0,0,0,0,0
3.0,5.0,5,5,50.0,1.0,2.0,1500.0,17.514215,78.3982,21.0,1,0,0,1,0,1,1,1,0,Apartment,Semi_Furnished,East,Under_Construction,Medium,2,: ,3568.0,0,0,0,0
2.0,5.0,7,7,50.0,0.6,1.0,1150.0,17.514215,78.3982,21.0,1,0,0,1,0,1,1,0,0,Apartment,Semi_Furnished,West,Under_Construction,Small,1,: ,5647.0,0,0,0,0
2.0,5.0,7,7,50.0,0.6,1.0,1150.0,17.514215,78.3982,21.0,1,0,0,1,0,1,1,0,0,Apartment,Semi_Furnished,West,Under_Construction,Small,1,: ,5648.0,0,0,0,0
3.0,5.0,6,6,49.0,0.8,2.0,1500.0,17.515892,78.32081,21.0,1,0,0,1,0,1,1,0,0,Apartment,Semi_Furnished,East,Under_Construction,Medium,2,: ,5567.0,0,0,0,0
2.0,5.0,7,7,49.0,0.8,1.0,1150.0,17.515892,78.32081,21.0,1,0,0,1,0,1,1,0,0,Apartment,Semi_Furnished,East,Under_Construction,Small,1,: ,5648.0,0,0,0,0
2.0,5.0,7,7,48.0,0.8,1.0,1150.0,17.515892,78.32097,21.0,1,0,0,1,0,1,1,0,0,Apartment,Semi_Furnished,West,Under_Construction,Small,1,: ,5648.0,0,0,0,0
2.0,5.0,6,6,50.0,0.4,1.0,1150.0,17.514215,78.3982,21.0,1,0,0,1,0,1,1,0,0,Apartment,Semi_Furnished,West,Under_Construction,Small,1,: ,5649.0,0,0,0,0
3.0,5.0,7,7,50.0,0.8,2.0,1500.0,17.514215,78.3982,21.0,1,0,0,1,0,1,1,0,0,Apartment,Semi_Furnished,East,Under_Construction,Medium,2,: ,5533.0,0,0,0,0
2.0,42.0,4,4,12.0,0.3571428571428571,2.0,1296.0,17.4480919,78.3787508,28.0,1,0,1,1,0,0,1,0,0,Apartment,Semi_Furnished,East,Resale_Very_Old,Medium,2,: ,13503.0,0,0,0,0
3.0,5.0,5,5,50.0,0.8,2.0,2300.0,17.390257,78.57213,30.0,1,0,0,1,0,1,1,0,0,Apartment,Unfurnished,East,Under_Construction,Large,2,: ,5789.0,0,0,0,0
3.0,5.0,1,2,17.0,0.5384615384615384,1.0,16300.0,17.4664197,78.285342,30.0,1,0,0,1,0,0,1,0,0,Villa,Semi_Furnished,East,Resale_Very_Old,XXL,1,: ,6500.0,1,0,0,0
2.0,14.0,10,10,11.0,0.5,1.0,1338.0,17.459904,78.306975,30.0,0,1,1,1,0,0,1,0,0,Apartment,Semi_Furnished,West,Resale_Old,Medium,1,Aditya Nagar,6900.0,0,0,0,0
2.0,14.0,9,9,11.0,0.1428571428571428,1.0,1391.0,17.459904,78.306975,30.0,0,1,1,1,0,0,1,0,0,Apartment,Unfurnished,West,Resale_Old,Medium,1,Gachibowli,6900.0,0,0,0,0
3.0,14.0,10,10,11.0,0.4285714285714285,2.0,1935.0,17.459904,78.306975,30.0,0,1,1,1,0,0,1,0,0,Apartment,Semi_Furnished,West,Resale_Old,Large,2,Aditya Nagar,6900.0,0,0,0,0
3.0,14.0,10,10,11.0,0.2142857142857142,2.0,1935.0,17.459904,78.306975,30.0,0,1,1,1,0,0,1,0,0,Apartment,Semi_Furnished,East,Resale_Old,Large,2,"aditya nagar , nallagandla",6900.0,0,0,0,0
3.0,14.0,11,11,11.0,1.0,2.0,2162.0,17.459904,78.306975,30.0,0,1,1,1,0,0,1,1,0,Apartment,Semi_Furnished,West,Resale_Old,Large,2,Nanakramguda,6900.0,0,0,0,0
3.0,14.0,11,11,11.0,0.6428571428571429,1.0,1754.0,17.459904,78.306975,30.0,0,1,1,1,0,0,1,0,0,Apartment,Semi_Furnished,West,Resale_Old,Medium,1,Gachibowli,6900.0,0,0,0,0
3.0,14.0,11,11,11.0,0.1428571428571428,1.0,1896.0,17.459904,78.306975,30.0,0,1,1,1,0,0,1,0,0,Apartment,Semi_Furnished,East,Resale_Old,Large,1,Nanakramguda,6900.0,0,0,0,0
3.0,14.0,11,11,11.0,0.5714285714285714,1.0,1452.0,17.459904,78.306975,30.0,0,1,1,1,0,0,1,0,0,Apartment,Semi_Furnished,East,Resale_Old,Medium,1,Gachibowli,6900.0,0,0,0,0
3.0,14.0,10,10,11.0,1.0,2.0,2162.0,17.459904,78.306975,30.0,0,1,1,1,0,0,1,1,0,Apartment,Semi_Furnished,West,Resale_Old,Large,2,Nanakramguda,6900.0,0,0,0,0
3.0,14.0,10,10,11.0,0.6428571428571429,1.0,1754.0,17.459904,78.306975,30.0,0,1,1,1,0,0,1,0,0,Apartment,Semi_Furnished,West,Resale_Old,Medium,1,Gachibowli,6900.0,0,0,0,0
3.0,14.0,8,8,11.0,0.0714285714285714,1.0,1896.0,17.459904,78.306975,30.0,0,1,1,1,0,0,1,0,0,Apartment,Unfurnished,East,Resale_Old,Large,1,Nanakramguda,6900.0,0,0,0,0
3.0,14.0,11,11,11.0,0.1428571428571428,1.0,1452.0,17.459904,78.306975,30.0,0,1,1,1,0,0,1,0,0,Apartment,Semi_Furnished,East,Resale_Old,Medium,1,Gachibowli,6900.0,0,0,0,0
2.0,5.0,2,2,0.0,1.0,2.0,1300.0,78.48667,17.38504,30.0,0,1,0,1,0,0,1,1,0,Apartment,Semi_Furnished,East,Resale_Old,Medium,2,Puppalaguda,6030.0,0,0,0,0
2.0,5.0,2,2,0.0,0.8,1.0,1250.0,78.48667,17.38504,30.0,0,1,0,1,0,0,1,0,0,Apartment,Semi_Furnished,East,Resale_Old,Medium,1,Puppalaguda,6040.0,0,0,0,0
2.0,5.0,1,1,0.0,0.8,2.0,1300.0,78.48667,17.38504,30.0,0,1,0,1,0,0,1,0,0,Apartment,Semi_Furnished,East,Resale_Old,Medium,2,Manikonda,5800.0,0,0,0,0
3.0,25.0,4,4,13.0,0.56,2.0,1865.0,17.47078,78.30668,30.0,1,0,1,1,0,0,1,0,0,Apartment,Semi_Furnished,Unknown,Resale_Very_Old,Large,2,: ,10616.0,0,0,0,0
3.0,25.0,8,10,13.0,0.16,1.0,1250.0,17.47078,78.30668,30.0,1,0,1,1,0,0,1,0,0,Apartment,Semi_Furnished,NE,Resale_Very_Old,Medium,1,: ,12319.0,0,0,0,0
3.0,9.0,16,16,46.0,0.5384615384615384,1.0,1836.0,17.414323,78.365354,30.0,1,0,1,1,0,0,1,0,0,Apartment,Furnished,East,Resale_Very_Old,Large,1,Chaitanya Enclave,9780.0,1,0,0,0
2.0,9.0,14,14,46.0,0.5384615384615384,1.0,1335.0,17.414323,78.365354,30.0,1,0,1,1,0,0,1,0,0,Apartment,Furnished,West,Resale_Very_Old,Medium,1,Chaitanya Enclave,9625.0,1,0,0,0
3.0,5.0,11,12,0.0,0.4,2.0,900.0,78.48667,17.38504,30.0,1,0,0,1,0,0,1,0,0,Apartment,Semi_Furnished,East,Resale_Very_Old,Small,2,: ,9420.0,0,0,0,0
3.0,24.0,6,6,0.0,0.4166666666666667,1.0,1855.0,78.48667,17.38504,30.0,1,0,0,1,0,0,1,0,0,Apartment,Semi_Furnished,North,Resale_Very_Old,Large,1,Gachibowli,11000.0,0,0,0,0
3.0,25.0,10,10,0.0,0.4,1.0,1840.0,78.48667,17.38504,30.0,1,0,0,1,0,0,1,0,0,Apartment,Semi_Furnished,East,Resale_Very_Old,Large,1,Gachibowli,11000.0,0,0,0,0
3.0,24.0,9,9,0.0,0.625,1.0,1620.0,78.48667,17.38504,30.0,1,0,0,1,0,0,1,0,0,Apartment,Semi_Furnished,West,Resale_Very_Old,Medium,1,Gachibowli,11000.0,0,0,0,0
3.0,1.0,13,15,1.0,0.5384615384615384,2.0,224.0,17.442196,78.280067,30.0,1,0,0,1,0,0,0,0,0,Villa,Furnished,East,Under_Construction,Micro,2,: ,205357.0,1,0,0,0
4.0,2.0,16,17,26.0,0.5384615384615384,2.0,2700.0,17.40223,78.3444,30.0,1,0,0,1,0,0,0,0,0,Villa,Semi_Furnished,West,Under_Construction,XL,2,: ,34074.0,1,0,0,0
4.0,2.0,14,15,26.0,0.5384615384615384,2.0,2700.0,17.40223,78.3444,30.0,1,0,0,1,0,0,0,0,0,Villa,Semi_Furnished,West,Under_Construction,XL,2,: ,33333.0,1,0,0,0
4.0,2.0,11,14,26.0,0.5384615384615384,2.0,290.0,17.40223,78.3444,30.0,1,0,0,1,0,0,0,0,0,Villa,Furnished,South,0_5_yrs,Micro,2,: ,198275.0,1,0,0,0
2.0,5.0,8,8,48.0,0.6,1.0,1100.0,17.515957,78.3209,60.0,1,0,0,1,0,0,1,0,0,Apartment,Semi_Furnished,West,Under_Construction,Small,1,: ,5299.0,0,0,0,0
2.0,5.0,8,8,48.0,0.4,1.0,1150.0,17.515957,78.3209,60.0,1,0,0,1,0,0,1,0,0,Apartment,Semi_Furnished,West,Under_Construction,Small,1,: ,5299.0,0,0,0,0
2.0,5.0,7,7,48.0,0.6,1.0,1150.0,17.515957,78.3209,60.0,1,0,0,1,0,0,1,0,0,Apartment,Unfurnished,East,Under_Construction,Small,1,: ,5298.0,0,0,0,0
2.0,5.0,7,7,48.0,0.8,1.0,1150.0,17.515957,78.3209,60.0,1,0,0,1,0,0,1,0,0,Apartment,Unfurnished,East,Under_Construction,Small,1,: ,5298.0,0,0,0,0
2.0,5.0,6,6,48.0,1.0,1.0,1100.0,17.515957,78.3209,60.0,1,0,0,1,0,0,1,1,0,Apartment,Semi_Furnished,West,Under_Construction,Small,1,: ,5298.0,0,0,0,0
3.0,18.0,3,5,12.0,0.5,2.0,1505.0,17.4609913,78.3532083,60.0,1,0,1,1,0,0,1,0,0,Apartment,Semi_Furnished,East,Resale_Very_Old,Medium,2,: ,10431.0,0,0,0,0
3.0,18.0,3,5,12.0,0.3888888888888889,3.0,1720.0,17.4609913,78.3532083,60.0,1,0,1,1,0,0,1,0,0,Apartment,Semi_Furnished,East,Resale_Very_Old,Medium,3+,: ,10465.0,0,0,0,0
3.0,26.0,14,14,11.0,0.5769230769230769,1.0,1212.0,17.469415,78.311077,30.0,0,1,1,1,0,0,1,0,0,Apartment,Semi_Furnished,Unknown,Resale_Old,Medium,1,Financial District,11743.0,0,0,0,0
2.0,5.0,15,16,0.0,0.4,2.0,800.0,78.48667,17.38504,30.0,0,1,0,1,0,0,1,0,0,Apartment,Semi_Furnished,East,Resale_Old,Micro,2,: ,7286.0,0,0,0,0
3.0,40.0,6,6,0.0,0.125,1.0,2425.0,78.48667,17.38504,14.0,0,1,0,1,0,0,1,0,0,Apartment,Semi_Furnished,East,Resale_Old,Large,1,: ,4000.0,0,0,0,0
3.0,2.0,5,5,0.0,0.5384615384615384,1.0,2070.0,78.48667,17.38504,14.0,0,1,0,1,0,0,0,0,0,Villa,Semi_Furnished,East,Resale_Old,Large,1,: ,5000.0,1,0,0,0
2.0,19.0,4,4,49.0,0.8421052631578947,2.0,1250.0,17.471315,78.418257,21.0,1,0,0,1,0,0,1,0,0,Apartment,Furnished,East,Under_Construction,Medium,2,: ,9600.0,0,0,0,0
3.0,2.0,5,5,0.0,0.5384615384615384,1.0,2769.0,78.48667,17.38504,21.0,0,1,0,1,0,0,0,0,0,Villa,Semi_Furnished,East,Resale_Old,XL,1,: ,5799.0,1,0,0,0
2.0,1.0,3,3,6.0,0.5384615384615384,1.0,1030.0,17.542319,78.226934,21.0,0,1,0,1,0,0,0,0,0,Villa,Semi_Furnished,Unknown,Resale_Old,Small,1,: ,8252.0,1,0,0,0
3.0,1.0,5,5,0.0,0.5384615384615384,1.0,2600.0,78.48667,17.38504,21.0,0,1,0,1,0,0,0,0,0,Villa,Semi_Furnished,East,Resale_Old,XL,1,: ,6538.0,1,0,0,0
3.0,1.0,8,8,0.0,0.5384615384615384,1.0,2400.0,78.48667,17.38504,21.0,0,1,0,1,0,0,0,0,0,Villa,Semi_Furnished,East,Resale_Old,Large,1,: ,5208.0,1,0,0,0
3.0,2.0,9,9,0.0,0.5384615384615384,1.0,3752.0,17.443855,78.250431,28.0,0,1,0,1,0,0,0,0,0,Villa,Semi_Furnished,East,Resale_Old,XL,1,: ,7500.0,1,0,0,0
3.0,2.0,4,4,0.0,0.5384615384615384,1.0,1800.0,78.48667,17.38504,30.0,1,0,0,1,0,0,0,0,0,Villa,Semi_Furnished,East,Under_Construction,Medium,1,: ,175000.0,1,0,0,0
3.0,2.0,7,7,0.0,0.5384615384615384,2.0,2900.0,78.48667,17.38504,30.0,0,1,0,1,0,0,0,0,0,Villa,Semi_Furnished,Unknown,Resale_Old,XL,2,: ,6999.0,1,0,0,0
2.0,15.0,8,8,0.0,0.3333333333333333,1.0,1432.0,17.434448,78.242669,30.0,0,1,0,1,0,0,1,0,0,Apartment,Semi_Furnished,Unknown,Resale_Old,Medium,1,: ,4993.0,0,0,0,0
2.0,14.0,10,10,8.0,0.3571428571428571,1.0,1204.0,17.549668,78.389932,30.0,0,1,0,1,0,0,1,0,0,Apartment,Semi_Furnished,East,Resale_Old,Medium,1,: ,5599.0,0,0,0,0
2.0,9.0,9,9,33.0,0.3333333333333333,1.0,1205.0,17.5412828002,78.396649754338,30.0,0,1,0,1,0,0,1,0,0,Apartment,Semi_Furnished,East,Resale_Old,Medium,1,: ,5700.0,0,0,0,0
2.0,10.0,7,7,48.0,0.3,1.0,1323.0,17.457979,78.3626643,30.0,0,1,1,1,0,0,1,0,0,Apartment,Semi_Furnished,East,Resale_Old,Medium,1,: ,9806.0,0,0,0,0
3.0,1.0,8,8,9.0,0.5384615384615384,1.0,1503.0,17.575957,78.471167,30.0,0,1,0,1,0,0,0,0,0,Villa,Semi_Furnished,Unknown,Resale_Old,Medium,1,: ,59281.0,1,0,0,0
3.0,5.0,5,6,50.0,0.6,2.0,1785.0,17.4011618,78.37569,30.0,1,0,0,1,0,0,1,0,0,Apartment,Furnished,NE,Under_Construction,Medium,2,: ,5602.0,0,0,0,0
2.0,31.0,8,11,12.0,0.3548387096774194,1.0,1314.0,17.3973794,78.3856447,30.0,1,0,0,1,0,0,1,0,0,Apartment,Furnished,East,Under_Construction,Medium,1,: ,10806.0,0,0,0,0
3.0,15.0,3,3,33.0,0.7333333333333333,1.0,2109.0,17.411744,78.341175,0.0,1,0,1,1,0,0,1,0,0,Apartment,Semi_Furnished,West,Under_Construction,Large,1,: ,8297.0,0,0,0,0
2.0,35.0,18,20,12.0,0.6,1.0,1450.0,17.261835,78.544624,,1,0,1,1,0,1,1,0,0,Apartment,Semi_Furnished,East,Under_Construction,Medium,1,: ,8482.0,0,0,0,0
3.0,2.0,8,10,8.0,0.5384615384615384,2.0,1854.0,17.443354,78.182044,,1,0,1,1,0,0,1,0,0,Villa,Semi_Furnished,East,Resale_Very_Old,Large,2,: ,119902.0,1,0,0,0
5.0,3.0,2,2,2.0,0.5384615384615384,3.0,1197.0,17.4788512,78.6332979,,1,0,0,1,0,1,0,0,0,Villa,Semi_Furnished,NE,Under_Construction,Small,3+,: ,101503.0,1,0,0,0
3.0,42.0,32,34,0.0,0.3571428571428571,2.0,1900.0,78.48667,17.38504,,0,1,0,1,0,0,1,0,0,Apartment,Semi_Furnished,East,Resale_Old,Large,2,: ,6800.0,0,0,0,0
2.0,42.0,26,28,10.0,0.238095238095238,1.0,1400.0,17.5468498,78.3650231,,0,1,0,1,0,0,1,0,0,Apartment,Semi_Furnished,East,Resale_Old,Medium,1,: ,6461.0,0,0,0,0
3.0,15.0,8,10,11.0,0.5333333333333333,1.0,2190.0,17.311940823733476,78.47302608769566,,0,1,1,1,0,0,1,0,0,Apartment,Semi_Furnished,East,Resale_Old,Large,1,: ,7077.0,0,0,0,0
3.0,30.0,8,10,8.0,0.1666666666666666,1.0,2125.0,17.3923634,78.3621784,,1,0,0,1,0,0,1,0,0,Apartment,Unfurnished,East,Resale_Very_Old,Large,1,: ,11764.0,0,0,0,0
2.0,5.0,3,5,0.0,0.8,1.0,1050.0,78.48667,17.38504,,1,0,0,1,0,0,1,0,0,Apartment,Semi_Furnished,East,Under_Construction,Small,1,: ,8571.0,0,0,0,0
3.0,2.0,19,19,8.0,0.5384615384615384,2.0,1602.0,17.428952,78.197469,,1,0,1,1,0,0,1,0,0,Villa,Semi_Furnished,East,Resale_Very_Old,Medium,2,Mokila,8499.0,1,0,0,0
5.0,3.0,2,2,50.0,0.5384615384615384,3.0,1575.0,17.4930942,78.5036065,,1,0,0,1,0,0,0,0,0,Villa,Semi_Furnished,North,Under_Construction,Medium,3+,: ,131428.0,1,0,0,0
5.0,3.0,1,1,50.0,0.5384615384615384,2.0,1197.0,17.5210704,78.5065384,,1,0,0,1,0,1,0,0,0,Villa,Semi_Furnished,West,Under_Construction,Small,2,: ,97744.0,1,0,0,0
7.0,3.0,2,2,50.0,0.5384615384615384,3.0,1620.0,17.5256317,78.5059571,,1,0,0,1,0,1,0,0,0,Villa,Semi_Furnished,East,Under_Construction,Medium,3+,: ,138888.0,1,0,0,0
3.0,5.0,7,9,49.0,0.8,2.0,1600.0,17.38504,78.48667,,1,0,0,1,0,0,1,0,0,Apartment,Semi_Furnished,East,Resale_Very_Old,Medium,2,: ,7187.0,0,0,0,0
2.0,18.0,8,8,49.0,0.2777777777777778,2.0,1400.0,17.38504,78.48667,,0,1,0,1,0,0,1,0,0,Apartment,Semi_Furnished,East,Resale_Old,Medium,2,: ,3214.0,0,0,0,0
3.0,2.0,1,1,50.0,0.5384615384615384,2.0,285599.0,17.5216506,78.5068696,,1,0,0,1,0,1,0,0,0,Villa,Semi_Furnished,West,Under_Construction,XXL,2,: ,88235.0,1,0,0,0
3.0,1.0,23,25,44.0,0.5384615384615384,2.0,3057.0,17.526094,78.256628,2.0,1,0,1,1,0,0,1,0,0,Villa,Semi_Furnished,East,Resale_Very_Old,XL,2,: ,6800.0,1,0,0,0
3.0,1.0,20,22,39.0,0.5384615384615384,2.0,2235.0,17.553842,78.273153,2.0,1,0,0,1,0,0,1,0,0,Villa,Semi_Furnished,East,Resale_Very_Old,Large,2,: ,6800.0,1,0,0,0
3.0,14.0,26,28,50.0,0.4285714285714285,2.0,2000.0,17.3973794,78.3856447,2.0,1,0,0,1,0,0,1,0,0,Apartment,Semi_Furnished,East,Resale_Very_Old,Large,2,: ,8806.0,0,0,0,0
4.0,3.0,15,18,26.0,0.5384615384615384,2.0,4200.0,17.40223,78.3444,2.0,1,0,0,1,0,1,1,0,0,Villa,Furnished,West,Under_Construction,XL,2,: ,34523.0,1,0,0,0
4.0,3.0,8,8,0.0,0.5384615384615384,3.0,3940.0,17.443855,78.250431,2.0,0,1,0,1,0,0,0,0,0,Villa,Semi_Furnished,East,Resale_Old,XL,3+,: ,6852.0,1,0,0,0
3.0,42.0,8,10,24.0,0.6428571428571429,1.0,2000.0,17.334703,78.406198,2.0,0,1,0,1,0,0,1,0,0,Apartment,Semi_Furnished,East,Resale_Old,Large,1,: ,6300.0,0,0,0,0
2.0,5.0,23,24,50.0,0.6,2.0,1100.0,17.51251,78.35223,2.0,1,0,0,1,0,0,1,0,0,Apartment,Semi_Furnished,East,Resale_Very_Old,Small,2,: ,6363.0,0,0,0,0
2.0,31.0,3,6,12.0,0.8709677419354839,1.0,1314.0,17.3973794,78.3856447,3.0,1,0,0,1,0,1,1,0,0,Apartment,Furnished,East,Under_Construction,Medium,1,: ,11719.0,0,0,0,0
3.0,31.0,18,19,12.0,0.1612903225806451,1.0,1834.0,17.3973794,78.3856447,3.0,1,0,0,1,0,1,1,0,0,Apartment,Semi_Furnished,East,Under_Construction,Large,1,: ,12758.0,0,0,0,0
4.0,3.0,8,11,17.0,0.5384615384615384,2.0,3416.0,17.4664197,78.285342,3.0,1,0,1,1,0,0,1,0,0,Villa,Semi_Furnished,East,Resale_Very_Old,XL,2,: ,13173.0,1,0,0,0
2.0,5.0,17,17,15.0,0.2,1.0,1265.0,17.5472247,78.4828185,3.0,1,0,1,1,0,1,1,0,0,Apartment,Semi_Furnished,East,Resale_Very_Old,Medium,1,: ,5500.0,0,0,0,0
4.0,2.0,8,8,49.0,0.5384615384615384,2.0,2100.0,17.38504,78.48667,3.0,0,1,0,1,0,0,1,0,0,Villa,Semi_Furnished,East,Resale_Old,Large,2,: ,4761.0,1,0,0,0
3.0,5.0,1,1,46.0,0.6,1.0,1325.0,17.3959393,78.431217,3.0,1,0,0,1,0,0,1,0,0,Apartment,Furnished,North,Under_Construction,Medium,1,: ,8679.0,0,0,0,0
3.0,5.0,11,11,25.0,0.6,2.0,1705.0,17.5516657,78.488298,4.0,1,0,0,1,0,1,1,0,0,Apartment,Semi_Furnished,East,Resale_Very_Old,Medium,2,: ,5000.0,0,0,0,0
4.0,3.0,8,10,48.0,0.5384615384615384,2.0,3750.0,17.5316,78.26729,5.0,0,1,0,1,0,0,0,0,0,Villa,Semi_Furnished,East,Resale_Old,XL,2,: ,5440.0,1,0,0,0
4.0,3.0,8,10,48.0,0.5384615384615384,2.0,3750.0,17.5316,78.26729,5.0,0,1,0,1,0,0,0,0,0,Villa,Semi_Furnished,East,Resale_Old,XL,2,: ,5733.0,1,0,0,0
4.0,3.0,7,9,48.0,0.5384615384615384,2.0,3750.0,17.5316,78.26729,5.0,0,1,0,1,0,0,0,0,0,Villa,Semi_Furnished,West,Resale_Old,XL,2,: ,5520.0,1,0,0,0
4.0,3.0,8,10,48.0,0.5384615384615384,2.0,3750.0,17.5316,78.26729,5.0,0,1,0,1,0,0,0,0,0,Villa,Semi_Furnished,West,Resale_Old,XL,2,: ,5466.0,1,0,0,0
4.0,3.0,8,8,1.0,0.5384615384615384,2.0,3750.0,17.492871,78.239079,5.0,0,1,0,1,0,0,0,0,0,Villa,Semi_Furnished,Unknown,Resale_Old,XL,2,: ,5466.0,1,0,0,0
4.0,3.0,8,9,1.0,0.5384615384615384,2.0,3750.0,17.492871,78.239079,5.0,0,1,0,1,0,0,0,0,0,Villa,Semi_Furnished,West,Resale_Old,XL,2,: ,5893.0,1,0,0,0
4.0,3.0,8,10,1.0,0.5384615384615384,2.0,3750.0,17.492871,78.239079,5.0,0,1,0,1,0,0,0,0,0,Villa,Semi_Furnished,West,Resale_Old,XL,2,: ,5760.0,1,0,0,0
4.0,3.0,8,10,24.0,0.5384615384615384,2.0,3750.0,17.510159,78.247179,5.0,0,1,0,1,0,0,0,0,0,Villa,Semi_Furnished,West,Resale_Old,XL,2,: ,5573.0,1,0,0,0
4.0,3.0,8,10,17.0,0.5384615384615384,2.0,3750.0,17.4664197,78.285342,5.0,0,1,0,1,0,0,0,0,0,Villa,Semi_Furnished,West,Resale_Old,XL,2,: ,7733.0,1,0,0,0
4.0,3.0,8,10,17.0,0.5384615384615384,2.0,3750.0,17.4664197,78.285342,5.0,0,1,0,1,0,0,0,0,0,Villa,Semi_Furnished,West,Resale_Old,XL,2,: ,7413.0,1,0,0,0
4.0,3.0,8,10,17.0,0.5384615384615384,2.0,3750.0,17.4664197,78.285342,5.0,0,1,0,1,0,0,0,0,0,Villa,Semi_Furnished,East,Resale_Old,XL,2,: ,6933.0,1,0,0,0
4.0,3.0,8,11,17.0,0.5384615384615384,2.0,3750.0,17.4664197,78.285342,5.0,0,1,0,1,0,0,0,0,0,Villa,Semi_Furnished,West,Resale_Old,XL,2,: ,6533.0,1,0,0,0
4.0,3.0,8,10,17.0,0.5384615384615384,2.0,3750.0,17.4664197,78.285342,5.0,0,1,0,1,0,0,0,0,0,Villa,Semi_Furnished,East,Resale_Old,XL,2,: ,6000.0,1,0,0,0
3.0,15.0,3,3,33.0,0.4666666666666667,2.0,1825.0,17.411744,78.341175,5.0,1,0,1,1,0,1,1,0,0,Apartment,Semi_Furnished,NE,Under_Construction,Large,2,: ,8500.0,0,0,0,0
4.0,3.0,8,10,0.0,0.5384615384615384,2.0,3750.0,17.443855,78.250431,5.0,0,1,0,1,0,0,0,0,0,Villa,Semi_Furnished,East,Resale_Old,XL,2,: ,6773.0,1,0,0,0
4.0,3.0,8,10,0.0,0.5384615384615384,2.0,3750.0,17.443855,78.250431,5.0,0,1,0,1,0,0,0,0,0,Villa,Semi_Furnished,West,Resale_Old,XL,2,: ,6533.0,1,0,0,0
4.0,3.0,8,10,0.0,0.5384615384615384,2.0,3750.0,17.443855,78.250431,5.0,0,1,0,1,0,0,0,0,0,Villa,Semi_Furnished,East,Resale_Old,XL,2,: ,6160.0,1,0,0,0
4.0,3.0,8,10,0.0,0.5384615384615384,2.0,3750.0,17.443855,78.250431,5.0,0,1,0,1,0,0,0,0,0,Villa,Semi_Furnished,West,Resale_Old,XL,2,: ,6000.0,1,0,0,0
4.0,2.0,8,8,8.0,0.5384615384615384,2.0,2384.0,17.443354,78.182044,5.0,1,0,1,1,0,0,1,0,0,Villa,Semi_Furnished,East,Resale_Very_Old,Large,2,: ,8892.0,1,0,0,0
4.0,2.0,8,8,8.0,0.5384615384615384,2.0,2780.0,17.443354,78.182044,5.0,1,0,1,1,0,0,1,0,0,Villa,Semi_Furnished,East,Resale_Very_Old,XL,2,: ,8884.0,1,0,0,0
2.0,6.0,19,20,50.0,0.5,2.0,1100.0,17.51251,78.35223,7.0,1,0,0,1,0,0,1,0,0,Apartment,Semi_Furnished,East,Resale_Very_Old,Small,2,: ,6018.0,0,0,0,0
3.0,12.0,8,8,15.0,0.25,1.0,1515.0,17.469858,78.35783,7.0,1,0,1,1,0,1,1,0,0,Apartment,Semi_Furnished,East,Under_Construction,Medium,1,: ,8550.0,0,0,0,0
2.0,12.0,8,8,15.0,0.3333333333333333,1.0,1330.0,17.469858,78.35783,7.0,1,0,1,1,0,1,1,0,0,Apartment,Semi_Furnished,West,Under_Construction,Medium,1,: ,8550.0,0,0,0,0
2.0,11.0,6,9,48.0,1.0,1.0,1350.0,17.4142774,78.3689991,7.0,1,0,0,1,0,1,1,1,0,Apartment,Furnished,West,Under_Construction,Medium,1,: ,9259.0,0,0,0,0
4.0,2.0,3,3,19.0,0.5384615384615384,1.0,1350.0,17.4308299,78.6101105,7.0,1,0,0,1,0,1,1,0,0,Builder_Floor,Semi_Furnished,East,Resale_Very_Old,Medium,1,: ,106666.0,1,0,0,0
3.0,10.0,5,5,50.0,0.2,2.0,1515.0,17.47078,78.30668,7.0,1,0,0,1,0,0,1,0,0,Apartment,Furnished,East,Resale_Very_Old,Medium,2,: ,7656.0,0,0,0,0
5.0,3.0,2,2,46.0,0.5384615384615384,3.0,1440.0,17.4941514,78.584106,7.0,1,0,0,1,0,1,0,0,0,Villa,Semi_Furnished,East,Under_Construction,Medium,3+,: ,112500.0,1,0,0,0
2.0,9.0,16,16,12.0,0.6666666666666666,1.0,1225.0,17.3828053,78.3437872,7.0,1,0,1,1,0,0,1,0,0,Apartment,Semi_Furnished,East,Under_Construction,Medium,1,Narsingi,9669.0,0,0,0,0
4.0,2.0,4,5,43.0,0.5384615384615384,2.0,200.0,17.5295781,78.485132,7.0,1,0,0,1,0,1,1,0,0,Villa,Semi_Furnished,West,0_5_yrs,Micro,2,: ,115000.0,1,0,0,0
3.0,2.0,17,19,8.0,0.5384615384615384,1.0,1602.0,17.443354,78.182044,7.0,0,1,1,1,0,0,1,0,0,Villa,Furnished,East,Resale_Old,Medium,1,: ,114512.0,1,0,0,0
2.0,5.0,20,20,37.0,0.6,2.0,1500.0,17.538237,78.480804,7.0,1,0,0,1,0,0,1,0,0,Apartment,Semi_Furnished,East,Resale_Very_Old,Medium,2,: ,5000.0,0,0,0,0
2.0,5.0,12,12,25.0,0.4,1.0,1303.0,17.551645,78.4884578,7.0,1,0,0,1,0,0,1,0,0,Apartment,Semi_Furnished,West,Resale_Very_Old,Medium,1,: ,5007.0,0,0,0,0
3.0,9.0,3,3,12.0,0.6666666666666666,1.0,1528.0,17.3923634,78.3621784,7.0,1,0,1,1,0,1,1,0,0,Apartment,Semi_Furnished,East,Under_Construction,Medium,1,: ,7500.0,0,0,0,0
2.0,9.0,3,3,12.0,0.5555555555555556,1.0,1145.0,17.3923634,78.3621784,7.0,1,0,1,1,0,1,1,0,0,Apartment,Semi_Furnished,East,Under_Construction,Small,1,: ,7500.0,0,0,0,0
4.0,2.0,8,8,6.0,0.5384615384615384,3.0,2360.0,17.542319,78.226934,7.0,0,1,0,1,0,0,0,0,0,Villa,Semi_Furnished,East,Resale_Old,Large,3+,: ,4600.0,1,0,0,0
4.0,4.0,23,23,10.0,0.5384615384615384,4.0,585.0,17.5468498,78.3650231,7.0,1,0,0,1,0,0,0,0,0,Villa,Furnished,North,Resale_Very_Old,Micro,3+,: ,152307.0,1,0,0,0
2.0,1.0,14,14,6.0,0.5384615384615384,3.0,140.0,17.542319,78.226934,7.0,1,0,0,1,0,0,0,0,0,Villa,Semi_Furnished,East,Resale_Very_Old,Micro,3+,: ,67857.0,1,0,0,0
2.0,1.0,15,15,6.0,0.5384615384615384,3.0,1170.0,17.542319,78.226934,7.0,1,0,0,1,0,0,1,0,0,Villa,Semi_Furnished,East,Resale_Very_Old,Small,3+,: ,53846.0,1,0,0,0
2.0,12.0,8,8,50.0,0.6666666666666666,1.0,1155.0,17.469858,78.35783,7.0,1,0,0,1,0,1,1,0,0,Apartment,Semi_Furnished,West,Under_Construction,Small,1,: ,8000.0,0,0,0,0
3.0,12.0,7,7,50.0,0.75,2.0,1676.0,17.469858,78.35783,7.0,1,0,0,1,0,1,1,0,0,Apartment,Semi_Furnished,East,Under_Construction,Medium,2,: ,7999.0,0,0,0,0
3.0,12.0,7,7,50.0,0.6666666666666666,2.0,1696.0,17.469858,78.35783,7.0,1,0,0,1,0,1,1,0,0,Apartment,Semi_Furnished,East,Under_Construction,Medium,2,: ,7998.0,0,0,0,0
2.0,12.0,6,6,50.0,0.5,1.0,1300.0,17.469858,78.35783,7.0,1,0,0,1,0,1,1,0,0,Apartment,Semi_Furnished,East,Under_Construction,Medium,1,: ,8000.0,0,0,0,0
2.0,9.0,13,13,12.0,0.6666666666666666,1.0,1255.0,17.3828053,78.3437872,7.0,1,0,1,1,0,0,1,0,0,Apartment,Semi_Furnished,East,Resale_Very_Old,Medium,1,Narsingi,7499.0,0,0,0,0
4.0,18.0,9,9,43.0,0.8333333333333334,2.0,3750.0,17.444443,78.367262,7.0,1,0,0,1,0,0,1,0,0,Apartment,Furnished,South,0_5_yrs,XL,2,: ,13600.0,0,0,0,0
2.0,35.0,12,12,8.0,0.5142857142857142,1.0,1278.0,17.475742,78.391786,7.0,1,0,0,1,0,0,1,0,0,Apartment,Furnished,Unknown,Under_Construction,Medium,1,: ,10563.0,0,0,0,0
3.0,6.0,2,2,47.0,0.6666666666666666,1.0,1601.0,17.459435,78.35466,7.0,1,0,0,1,0,1,1,0,0,Apartment,Semi_Furnished,East,Under_Construction,Medium,1,: ,6870.0,0,0,0,0
3.0,6.0,4,4,47.0,0.6666666666666666,1.0,1600.0,17.459435,78.35466,7.0,1,0,0,1,0,1,1,0,0,Apartment,Semi_Furnished,East,Under_Construction,Medium,1,: ,6875.0,0,0,0,0
4.0,25.0,10,10,12.0,0.64,2.0,3350.0,17.45753,78.36247,7.0,1,0,1,1,0,0,1,0,0,Apartment,Semi_Furnished,West,Resale_Very_Old,XL,2,: ,11522.0,0,0,0,0
3.0,9.0,8,8,12.0,0.3333333333333333,1.0,1528.0,17.3828053,78.3437872,7.0,1,0,1,1,0,0,1,0,0,Apartment,Semi_Furnished,East,Resale_Very_Old,Medium,1,: ,8180.0,0,0,0,0
3.0,5.0,4,4,37.0,0.6,2.0,1660.0,17.538237,78.480804,7.0,1,0,0,1,0,0,1,0,0,Apartment,Semi_Furnished,West,0_5_yrs,Medium,2,: ,5722.0,0,0,0,0
3.0,5.0,7,7,6.0,0.4,2.0,1450.0,17.529701,78.333031,7.0,1,0,0,1,0,0,1,0,0,Apartment,Semi_Furnished,West,Resale_Very_Old,Medium,2,: ,5241.0,0,0,0,0
2.0,9.0,10,11,3.0,0.3333333333333333,1.0,1261.0,17.455613,78.291029,7.0,1,0,1,1,0,0,1,0,0,Apartment,Semi_Furnished,East,Resale_Very_Old,Medium,1,: ,9516.0,0,0,0,0
3.0,12.0,2,2,15.0,0.5833333333333334,1.0,1935.0,17.40223,78.3444,7.0,1,0,1,1,0,0,1,0,0,Apartment,Semi_Furnished,East,Resale_Very_Old,Large,1,: ,8299.0,0,0,0,0
2.0,12.0,2,2,15.0,0.5,1.0,1330.0,17.40223,78.3444,7.0,1,0,1,1,0,0,1,0,0,Apartment,Semi_Furnished,East,Resale_Very_Old,Medium,1,: ,8300.0,0,0,0,0
2.0,9.0,19,19,0.0,0.3333333333333333,1.0,1315.0,78.48667,17.38504,7.0,1,0,0,1,0,0,1,0,0,Apartment,Semi_Furnished,Unknown,Resale_Very_Old,Medium,1,: ,5799.0,0,0,0,0
3.0,17.0,21,23,12.0,0.2352941176470588,3.0,2300.0,17.39992,78.36983,14.0,0,1,1,1,0,0,1,0,0,Apartment,Semi_Furnished,West,Resale_Old,Large,3+,Puppalaguda,7150.0,0,0,0,0
3.0,2.0,11,11,17.0,0.5384615384615384,1.0,1602.0,17.4664197,78.285342,14.0,1,0,0,1,0,0,1,0,0,Villa,Semi_Furnished,East,Resale_Very_Old,Medium,1,Tellapur,10130.0,1,0,0,0
2.0,32.0,15,15,17.0,0.4375,1.0,1375.0,17.4664197,78.285342,14.0,0,1,0,1,0,0,1,0,0,Apartment,Semi_Furnished,East,Resale_Old,Medium,1,Tellapur,3999.0,0,0,0,0
5.0,3.0,2,2,50.0,0.5384615384615384,3.0,1440.0,17.50892,78.50437,14.0,1,0,0,1,0,1,0,0,0,Villa,Semi_Furnished,East,Under_Construction,Medium,3+,: ,118750.0,1,0,0,0
2.0,5.0,7,7,50.0,0.2,2.0,1245.0,17.50892,78.50437,14.0,1,0,0,1,0,1,1,0,0,Apartment,Semi_Furnished,East,Under_Construction,Medium,2,: ,5500.0,0,0,0,0
2.0,9.0,17,17,12.0,0.6666666666666666,1.0,1145.0,17.3828053,78.3437872,14.0,1,0,1,1,0,0,1,0,0,Apartment,Semi_Furnished,East,Under_Construction,Small,1,Narsingi,7499.0,0,0,0,0
2.0,9.0,4,7,12.0,0.4444444444444444,1.0,1155.0,17.5203424,78.3970205,14.0,0,1,1,1,0,0,1,0,0,Apartment,Semi_Furnished,West,Resale_Old,Small,1,: ,6753.0,0,0,0,0
4.0,3.0,12,12,37.0,0.5384615384615384,3.0,3114.0,17.538237,78.480804,14.0,1,0,0,1,0,0,0,0,0,Villa,Semi_Furnished,West,Resale_Very_Old,XL,3+,: ,109826.0,1,0,0,0
3.0,2.0,23,23,4.0,0.5384615384615384,2.0,2900.0,17.56162,78.40555,14.0,1,0,0,1,0,0,0,0,0,Villa,Semi_Furnished,East,Resale_Very_Old,XL,2,: ,6379.0,1,0,0,0
4.0,3.0,7,8,50.0,0.5384615384615384,2.0,7200.0,17.498892,78.353062,14.0,1,0,0,1,0,0,1,0,0,Villa,Semi_Furnished,Unknown,Resale_Very_Old,XXL,2,: ,3472.0,1,0,0,0
3.0,2.0,7,7,8.0,0.5384615384615384,1.0,2754.0,17.443354,78.182044,14.0,1,0,1,1,0,1,1,0,0,Villa,Semi_Furnished,West,Under_Construction,XL,1,: ,105898.0,1,0,0,0
4.0,2.0,7,7,8.0,0.5384615384615384,1.0,278.0,17.430693,78.199165,14.0,1,0,1,1,0,1,1,0,0,Villa,Semi_Furnished,West,Under_Construction,Micro,1,: ,115827.0,1,0,0,0
4.0,2.0,7,7,8.0,0.5384615384615384,1.0,2889.0,17.443354,78.182044,14.0,1,0,1,1,0,1,1,0,0,Villa,Semi_Furnished,East,Under_Construction,XL,1,: ,118380.0,1,0,0,0
3.0,2.0,7,7,8.0,0.5384615384615384,1.0,1602.0,17.443354,78.182044,14.0,1,0,1,1,0,1,1,0,0,Villa,Semi_Furnished,East,Under_Construction,Medium,1,: ,113842.0,1,0,0,0
3.0,2.0,7,7,8.0,0.5384615384615384,1.0,1602.0,17.443354,78.182044,14.0,1,0,1,1,0,1,1,0,0,Villa,Semi_Furnished,East,Under_Construction,Medium,1,: ,112359.0,1,0,0,0
3.0,8.0,8,11,6.0,0.875,2.0,1660.0,17.349758,78.360196,14.0,1,0,0,1,0,0,1,0,0,Apartment,Furnished,West,Under_Construction,Medium,2,: ,7530.0,0,0,0,0
3.0,2.0,20,20,48.0,0.5384615384615384,2.0,1994.0,17.5316,78.26729,14.0,0,1,0,1,0,0,0,0,0,Villa,Semi_Furnished,East,Resale_Old,Large,2,: ,6979.0,1,0,0,0
2.0,12.0,13,13,48.0,0.25,1.0,1428.0,17.5316,78.26729,14.0,0,1,0,1,0,0,1,0,0,Apartment,Semi_Furnished,East,Resale_Old,Medium,1,: ,4998.0,0,0,0,0
2.0,12.0,13,13,48.0,0.4166666666666667,1.0,1323.0,17.5316,78.26729,14.0,0,1,0,1,0,0,1,0,0,Apartment,Semi_Furnished,East,Resale_Old,Medium,1,: ,4630.0,0,0,0,0
3.0,2.0,19,19,48.0,0.5384615384615384,2.0,3500.0,17.5316,78.26729,14.0,0,1,0,1,0,0,0,0,0,Villa,Semi_Furnished,East,Resale_Old,XL,2,: ,3285.0,1,0,0,0
3.0,2.0,20,20,8.0,0.5384615384615384,1.0,1854.0,17.428952,78.197469,14.0,1,0,1,1,0,0,1,0,0,Villa,Semi_Furnished,East,Under_Construction,Large,1,Mokila,9844.0,1,0,0,0
2.0,5.0,11,11,47.0,0.6,1.0,1280.0,17.49182,78.32617,14.0,0,1,0,1,0,0,1,0,0,Apartment,Semi_Furnished,East,Resale_Old,Medium,1,Chandanagar,8082.0,0,0,0,0
2.0,25.0,8,10,13.0,0.6,1.0,1275.0,17.47078,78.30668,14.0,1,0,1,1,0,0,1,0,0,Apartment,Semi_Furnished,East,Resale_Very_Old,Medium,1,: ,10980.0,0,0,0,0
2.0,12.0,25,25,48.0,0.5,1.0,1337.0,17.5316,78.26729,14.0,0,1,0,1,0,0,1,0,0,Apartment,Semi_Furnished,East,Resale_Old,Medium,1,: ,3440.0,0,0,0,0
3.0,12.0,29,29,48.0,0.5,2.0,1721.0,17.5316,78.26729,14.0,0,1,0,1,0,0,1,0,0,Apartment,Semi_Furnished,East,Resale_Old,Medium,2,: ,3312.0,0,0,0,0
3.0,2.0,17,19,8.0,0.5384615384615384,1.0,2380.0,17.428952,78.197469,14.0,0,1,1,1,0,0,1,0,0,Villa,Furnished,East,Resale_Old,Large,1,Mokila,8600.0,1,0,0,0
3.0,2.0,15,15,0.0,0.5384615384615384,1.0,1602.0,17.443354,78.182044,14.0,1,0,0,1,0,0,1,0,0,Villa,Semi_Furnished,East,Under_Construction,Medium,1,Mokila,10130.0,1,0,0,0
2.0,9.0,15,17,12.0,1.0,1.0,1250.0,17.3828053,78.3437872,14.0,1,0,1,1,0,0,1,1,0,Apartment,Semi_Furnished,East,Resale_Very_Old,Medium,1,Narsingi,8300.0,0,0,0,0
2.0,9.0,8,10,50.0,0.5555555555555556,1.0,1155.0,17.517666,78.395903,14.0,0,1,0,1,0,0,1,0,0,Apartment,Semi_Furnished,East,Resale_Old,Small,1,: ,6666.0,0,0,0,0
3.0,15.0,7,7,15.0,0.8666666666666667,2.0,1496.0,17.4609913,78.3532083,14.0,1,0,1,1,0,1,1,0,0,Apartment,Semi_Furnished,East,Under_Construction,Medium,2,: ,10000.0,0,0,0,0
2.0,25.0,7,7,13.0,0.32,1.0,1340.0,17.47078,78.30668,14.0,1,0,1,1,0,1,1,0,0,Apartment,Semi_Furnished,East,Under_Construction,Medium,1,: ,10000.0,0,0,0,0
3.0,25.0,8,8,13.0,0.56,2.0,2040.0,17.47078,78.30668,14.0,1,0,1,1,0,1,1,0,0,Apartment,Semi_Furnished,East,Under_Construction,Large,2,: ,10000.0,0,0,0,0
3.0,20.0,8,8,15.0,0.9,1.0,1490.0,17.4609913,78.3532083,14.0,1,0,0,1,0,1,1,0,0,Apartment,Unfurnished,East,Under_Construction,Medium,1,: ,9932.0,0,0,0,0
3.0,15.0,8,8,15.0,0.7333333333333333,2.0,1798.0,17.4609913,78.3532083,14.0,1,0,1,1,0,1,1,0,0,Apartment,Semi_Furnished,East,Under_Construction,Medium,2,: ,10000.0,0,0,0,0
3.0,20.0,6,6,15.0,0.7,1.0,1900.0,17.4609913,78.3532083,14.0,1,0,0,1,0,1,1,0,0,Apartment,Semi_Furnished,East,Under_Construction,Large,1,: ,10000.0,0,0,0,0
2.0,15.0,7,7,15.0,0.5333333333333333,1.0,1297.0,17.4609913,78.3532083,14.0,1,0,1,1,0,1,1,0,0,Apartment,Semi_Furnished,East,Under_Construction,Medium,1,: ,9953.0,0,0,0,0
3.0,25.0,8,8,13.0,0.48,2.0,1935.0,17.47078,78.30668,14.0,1,0,1,1,0,1,1,0,0,Apartment,Semi_Furnished,East,Under_Construction,Large,2,: ,10000.0,0,0,0,0
3.0,25.0,7,7,13.0,0.88,2.0,1865.0,17.47078,78.30668,14.0,1,0,1,1,0,1,1,0,0,Apartment,Unfurnished,East,Under_Construction,Large,2,: ,10000.0,0,0,0,0
3.0,21.0,7,7,11.0,0.3809523809523809,2.0,2440.0,17.464802,78.34477,14.0,1,0,1,1,0,1,1,0,0,Apartment,Semi_Furnished,East,Under_Construction,Large,2,: ,11885.0,0,0,0,0
3.0,21.0,6,6,11.0,0.6666666666666666,2.0,2315.0,17.4609913,78.3532083,14.0,1,0,1,1,0,1,1,0,0,Apartment,Semi_Furnished,East,Under_Construction,Large,2,: ,9999.0,0,0,0,0
3.0,36.0,27,28,13.0,0.5555555555555556,1.0,3430.0,17.430915,78.37728,14.0,1,0,0,1,0,0,1,0,0,Apartment,Semi_Furnished,West,Under_Construction,XL,1,: ,23323.0,0,0,0,0
3.0,14.0,7,7,32.0,0.6428571428571429,2.0,1685.0,17.41365,78.34361,14.0,1,0,0,1,0,1,1,0,0,Apartment,Semi_Furnished,West,Under_Construction,Medium,2,: ,7000.0,0,0,0,0
2.0,14.0,6,6,32.0,0.5714285714285714,1.0,1360.0,17.41365,78.34361,14.0,1,0,0,1,0,1,1,0,0,Apartment,Semi_Furnished,West,Under_Construction,Medium,1,: ,7000.0,0,0,0,0
3.0,14.0,7,8,32.0,0.5714285714285714,1.0,1620.0,17.41365,78.34361,14.0,1,0,0,1,0,1,1,0,0,Apartment,Unfurnished,West,Under_Construction,Medium,1,: ,7000.0,0,0,0,0
3.0,25.0,8,10,13.0,0.72,1.0,1565.0,17.47078,78.30668,14.0,1,0,1,1,0,0,1,0,0,Apartment,Semi_Furnished,East,Resale_Very_Old,Medium,1,: ,10223.0,0,0,0,0
3.0,2.0,9,10,21.0,0.5384615384615384,2.0,238.0,17.5554546,78.4867612,14.0,1,0,0,1,0,1,0,0,0,Villa,Semi_Furnished,West,Resale_Very_Old,Micro,2,: ,172487.0,1,0,0,0
2.0,6.0,8,8,50.0,0.5,1.0,1160.0,17.495438,78.2960172,14.0,1,0,1,1,0,0,1,0,0,Apartment,Semi_Furnished,West,Resale_Very_Old,Small,1,: ,6499.0,0,0,0,0
2.0,25.0,8,8,13.0,0.32,1.0,1275.0,17.47078,78.30668,14.0,1,0,1,1,0,1,1,0,0,Apartment,Semi_Furnished,North,Under_Construction,Medium,1,: ,9999.0,0,0,0,0
3.0,5.0,11,11,0.0,0.6,2.0,1362.0,78.48667,17.38504,14.0,1,0,0,1,0,0,1,0,0,Apartment,Semi_Furnished,West,Resale_Very_Old,Medium,2,: ,6240.0,0,0,0,0
2.0,35.0,20,21,8.0,0.1428571428571428,2.0,1476.0,17.475742,78.391786,21.0,1,0,0,1,0,0,1,0,0,Apartment,Semi_Furnished,East,Under_Construction,Medium,2,5th Phase KPHB,9485.0,0,0,0,0
3.0,5.0,8,11,50.0,1.0,1.0,1513.0,17.47946,78.33037,21.0,1,0,1,1,0,0,1,1,0,Apartment,Semi_Furnished,East,Resale_Very_Old,Medium,1,: ,8195.0,0,0,0,0
2.0,32.0,24,24,0.0,0.5,1.0,1375.0,17.443855,78.250431,21.0,0,1,0,1,0,0,1,0,0,Apartment,Semi_Furnished,East,Resale_Old,Medium,1,Kollur,4679.0,0,0,0,0
3.0,2.0,14,14,17.0,0.5384615384615384,1.0,1602.0,17.4664197,78.285342,21.0,1,0,0,1,0,0,1,0,0,Villa,Semi_Furnished,East,Resale_Very_Old,Medium,1,Tellapur,12647.0,1,0,0,0
2.0,5.0,10,11,8.0,0.6,1.0,1300.0,17.500911,78.324889,21.0,0,1,1,1,0,0,1,0,0,Apartment,Semi_Furnished,East,Resale_Old,Medium,1,Chandanagar,5999.0,0,0,0,0
2.0,35.0,21,24,8.0,0.1428571428571428,2.0,1476.0,17.475742,78.391786,21.0,1,0,0,1,0,0,1,0,0,Apartment,Semi_Furnished,Unknown,Under_Construction,Medium,2,5th Phase KPHB,9485.0,0,0,0,0
4.0,14.0,8,10,3.0,0.1428571428571428,1.0,2311.0,17.41214,78.36431,21.0,1,0,0,1,0,0,1,0,0,Apartment,Semi_Furnished,West,Under_Construction,Large,1,: ,7918.0,0,0,0,0
3.0,34.0,8,11,13.0,0.4705882352941176,1.0,1390.0,17.40223,78.3444,21.0,1,0,1,1,0,0,1,0,0,Apartment,Semi_Furnished,West,Resale_Very_Old,Medium,1,: ,10000.0,0,0,0,0
3.0,32.0,8,11,13.0,0.25,1.0,2235.0,17.40223,78.3444,21.0,1,0,1,1,0,0,1,0,0,Apartment,Semi_Furnished,East,Resale_Very_Old,Large,1,: ,11498.0,0,0,0,0
3.0,2.0,8,11,0.0,0.5384615384615384,2.0,267.0,17.443855,78.250431,21.0,1,0,0,1,0,0,1,0,0,Villa,Semi_Furnished,East,Resale_Very_Old,Micro,2,: ,161048.0,1,0,0,0
3.0,35.0,8,10,10.0,0.5142857142857142,1.0,1993.0,17.4359437,78.3416731,21.0,1,0,1,1,0,0,1,0,0,Apartment,Semi_Furnished,East,Resale_Very_Old,Large,1,: ,10286.0,0,0,0,0
3.0,31.0,3,6,12.0,0.3548387096774194,1.0,1834.0,17.3973794,78.3856447,21.0,1,0,0,1,0,1,1,0,0,Apartment,Furnished,North,Under_Construction,Large,1,: ,12813.0,0,0,0,0
4.0,2.0,15,16,0.0,0.5384615384615384,2.0,2403.0,78.49827,17.43993,21.0,1,0,0,1,0,0,1,0,0,Villa,Semi_Furnished,West,Under_Construction,Large,2,: ,198501.0,1,0,0,0
3.0,35.0,3,3,10.0,0.4285714285714285,2.0,2876.0,17.4066129,78.3941767,21.0,0,1,1,1,0,0,1,0,0,Apartment,Semi_Furnished,West,Resale_Old,XL,2,: ,15994.0,0,0,0,0
3.0,14.0,8,10,3.0,0.8571428571428571,1.0,1384.0,17.41214,78.36431,21.0,1,0,0,1,0,0,1,0,0,Apartment,Semi_Furnished,West,Under_Construction,Medium,1,: ,7586.0,0,0,0,0
3.0,14.0,8,11,12.0,0.3571428571428571,1.0,2215.0,17.3973794,78.3856447,21.0,0,1,1,1,0,0,1,0,0,Apartment,Semi_Furnished,West,Resale_Old,Large,1,: ,7099.0,0,0,0,0
4.0,2.0,5,5,26.0,0.5384615384615384,2.0,4000.0,17.40223,78.3444,21.0,1,0,0,1,0,1,1,0,0,Villa,Furnished,East,0_5_yrs,XL,2,: ,25000.0,1,0,0,0
3.0,25.0,5,7,13.0,0.68,2.0,1545.0,17.47078,78.30668,28.0,1,0,1,1,0,0,1,0,0,Apartment,Semi_Furnished,West,Resale_Very_Old,Medium,2,: ,10032.0,0,0,0,0
4.0,2.0,20,22,7.0,0.5384615384615384,3.0,2130.0,17.549646,78.269435,28.0,0,1,1,1,0,0,1,0,0,Villa,Semi_Furnished,East,Resale_Old,Large,3+,Patancheru,7511.0,1,0,0,0
3.0,2.0,18,20,8.0,0.5384615384615384,3.0,2384.0,17.428952,78.197469,28.0,1,0,1,1,0,0,1,0,0,Villa,Semi_Furnished,East,Resale_Very_Old,Large,3+,Mokila,8389.0,1,0,0,0
2.0,9.0,8,8,10.0,0.4444444444444444,1.0,1205.0,17.5468498,78.3650231,28.0,1,0,0,1,0,0,1,0,0,Apartment,Semi_Furnished,West,Resale_Very_Old,Medium,1,: ,5799.0,0,0,0,0
2.0,14.0,6,6,12.0,0.5714285714285714,1.0,1360.0,17.400112,78.3702,30.0,1,0,1,1,0,1,1,0,0,Apartment,Unfurnished,West,Under_Construction,Medium,1,: ,9000.0,0,0,0,0
3.0,14.0,7,7,12.0,0.8571428571428571,2.0,1795.0,17.3973794,78.3856447,30.0,1,0,1,1,0,1,1,0,0,Apartment,Unfurnished,East,Under_Construction,Medium,2,: ,9000.0,0,0,0,0
3.0,15.0,8,10,15.0,0.6666666666666666,1.0,2275.0,17.4609913,78.3532083,30.0,1,0,0,1,0,0,1,0,0,Apartment,Semi_Furnished,East,Resale_Very_Old,Large,1,: ,9670.0,0,0,0,0
3.0,22.0,8,10,9.0,0.7272727272727273,1.0,1545.0,17.47078,78.30668,30.0,1,0,1,1,0,0,1,0,0,Apartment,Semi_Furnished,West,Resale_Very_Old,Medium,1,: ,9255.0,0,0,0,0
2.0,5.0,7,7,49.0,0.6,2.0,1150.0,17.5206695,78.323723,30.0,1,0,0,1,0,0,1,0,0,Apartment,Semi_Furnished,North,Resale_Very_Old,Small,2,: ,4913.0,0,0,0,0
3.0,21.0,20,23,17.0,0.8571428571428571,2.0,2400.0,17.311940823733476,78.47302608769566,30.0,0,1,0,1,0,0,1,0,0,Apartment,Semi_Furnished,East,Resale_Old,Large,2,: ,7200.0,0,0,0,0
4.0,3.0,8,11,17.0,0.5384615384615384,3.0,3150.0,17.4664197,78.285342,30.0,1,0,0,1,0,0,1,0,0,Villa,Semi_Furnished,East,Under_Construction,XL,3+,: ,171428.0,1,0,0,0
3.0,21.0,8,10,11.0,0.6666666666666666,2.0,2390.0,17.4609913,78.3532083,30.0,1,0,1,1,0,0,1,0,0,Apartment,Semi_Furnished,West,Resale_Very_Old,Large,2,: ,11589.0,0,0,0,0
4.0,3.0,17,20,15.0,0.5384615384615384,2.0,4159.0,17.4359437,78.3416731,30.0,1,0,1,1,0,0,1,0,0,Villa,Semi_Furnished,East,Resale_Very_Old,XL,2,: ,18000.0,1,0,0,0
3.0,25.0,8,11,13.0,0.12,1.0,1960.0,17.47078,78.30668,30.0,1,0,1,1,0,0,1,0,0,Apartment,Semi_Furnished,West,Under_Construction,Large,1,: ,11734.0,0,0,0,0
3.0,20.0,8,8,48.0,0.65,3.0,1890.0,17.42278,78.34724,30.0,1,0,0,1,0,0,1,0,0,Apartment,Furnished,East,Resale_Very_Old,Large,3+,: ,12169.0,0,0,0,0
3.0,21.0,4,4,11.0,0.5238095238095238,2.0,1825.0,17.4609913,78.3532083,30.0,1,0,1,1,0,1,1,0,0,Apartment,Semi_Furnished,East,Under_Construction,Large,2,: ,11000.0,0,0,0,0
3.0,15.0,6,6,48.0,0.8,2.0,1700.0,17.46432,78.37295,30.0,1,0,0,1,0,1,1,0,0,Apartment,Semi_Furnished,East,Under_Construction,Medium,2,: ,11000.0,0,0,0,0
3.0,20.0,3,3,15.0,0.55,1.0,1490.0,17.4609913,78.3532083,30.0,1,0,0,1,0,1,1,0,0,Apartment,Semi_Furnished,West,Under_Construction,Medium,1,: ,12000.0,0,0,0,0
3.0,31.0,6,6,12.0,0.3870967741935484,1.0,1834.0,17.3973794,78.3856447,30.0,1,0,0,1,0,1,1,0,0,Apartment,Semi_Furnished,East,Under_Construction,Large,1,: ,11000.0,0,0,0,0
3.0,25.0,8,8,13.0,0.52,1.0,1510.0,17.47078,78.30668,30.0,1,0,1,1,0,1,1,0,0,Apartment,Semi_Furnished,West,Under_Construction,Medium,1,: ,10000.0,0,0,0,0
3.0,15.0,6,6,48.0,0.6,2.0,1695.0,17.46432,78.37295,30.0,1,0,0,1,0,1,1,0,0,Apartment,Semi_Furnished,East,Under_Construction,Medium,2,: ,11000.0,0,0,0,0
2.0,20.0,3,3,15.0,0.35,1.0,1295.0,17.4609913,78.3532083,30.0,1,0,0,1,0,1,1,0,0,Apartment,Semi_Furnished,East,Under_Construction,Medium,1,: ,12000.0,0,0,0,0
3.0,21.0,4,4,11.0,0.5714285714285714,2.0,2170.0,17.4609913,78.3532083,30.0,1,0,1,1,0,1,1,0,0,Apartment,Semi_Furnished,West,Under_Construction,Large,2,: ,11000.0,0,0,0,0
3.0,20.0,7,9,1.0,0.55,2.0,1981.0,17.442196,78.280067,30.0,0,1,0,1,0,0,1,0,0,Apartment,Semi_Furnished,East,Resale_Old,Large,2,: ,5800.0,0,0,0,0
3.0,20.0,25,28,15.0,0.95,1.0,1505.0,17.4609913,78.3532083,30.0,1,0,0,1,0,0,1,0,0,Apartment,Furnished,West,Under_Construction,Medium,1,: ,11428.0,0,0,0,0
3.0,10.0,20,20,50.0,0.2,2.0,2160.0,17.416278,78.579471,30.0,1,0,0,1,0,0,1,0,0,Apartment,Semi_Furnished,North,Resale_Very_Old,Large,2,: ,9000.0,0,0,0,0
3.0,14.0,8,10,3.0,0.3571428571428571,2.0,1801.0,17.41214,78.36431,30.0,1,0,0,1,0,0,1,0,0,Apartment,Semi_Furnished,West,Under_Construction,Large,2,: ,7384.0,0,0,0,0
4.0,3.0,3,5,15.0,0.5384615384615384,3.0,2448.0,17.4664197,78.285342,30.0,1,0,1,1,0,0,1,0,0,Villa,Semi_Furnished,West,Resale_Very_Old,Large,3+,: ,202205.0,1,0,0,0
4.0,2.0,18,18,0.0,0.5384615384615384,2.0,3737.0,78.48667,17.38504,30.0,0,1,0,1,0,0,1,0,0,Villa,Semi_Furnished,Unknown,Resale_Old,XL,2,: ,7500.0,1,0,0,0
3.0,10.0,8,8,49.0,0.6,2.0,2125.0,17.4609913,78.3532083,30.0,1,0,1,1,0,0,1,0,0,Apartment,Semi_Furnished,East,Resale_Very_Old,Large,2,: ,9000.0,0,0,0,0
3.0,5.0,5,6,42.0,1.0,2.0,3473.0,17.430185,78.370314,30.0,1,0,0,1,0,1,1,1,0,Apartment,Furnished,SE,Under_Construction,XL,2,: ,11085.0,0,0,0,0
3.0,32.0,8,8,13.0,0.84375,1.0,1585.0,17.40223,78.3444,30.0,1,0,1,1,0,0,1,0,0,Apartment,Semi_Furnished,West,Resale_Very_Old,Medium,1,: ,15583.0,0,0,0,0
3.0,32.0,8,8,13.0,0.71875,1.0,2235.0,17.463388,78.29396,30.0,1,0,1,1,0,1,1,0,0,Apartment,Semi_Furnished,East,Under_Construction,Large,1,: ,10514.0,0,0,0,0
2.0,17.0,17,17,0.0,0.4705882352941176,1.0,1215.0,78.48667,17.38504,30.0,0,1,0,1,0,0,1,0,0,Apartment,Semi_Furnished,NE,Resale_Old,Medium,1,: ,5596.0,0,0,0,0
2.0,5.0,10,10,8.0,0.4,1.0,1300.0,17.500911,78.324889,30.0,0,1,1,1,0,0,1,0,0,Apartment,Semi_Furnished,East,Resale_Old,Medium,1,: ,6000.0,0,0,0,0
3.0,2.0,2,2,48.0,0.5384615384615384,2.0,1197.0,17.43993,78.49827,30.0,1,0,0,1,0,0,0,0,0,Villa,Semi_Furnished,South,0_5_yrs,Small,2,: ,139097.0,1,0,0,0
5.0,2.0,1,0,50.0,0.5384615384615384,2.0,1656.0,17.526495,78.5051,30.0,1,0,0,1,0,1,0,0,0,Villa,Semi_Furnished,East,0_5_yrs,Medium,2,: ,76086.0,1,0,0,0
4.0,3.0,1,1,50.0,0.5384615384615384,2.0,990.0,17.526495,78.5051,30.0,1,0,0,1,0,1,1,0,0,Villa,Semi_Furnished,East,Under_Construction,Small,2,: ,136363.0,1,0,0,0
4.0,3.0,1,1,50.0,0.5384615384615384,2.0,990.0,17.526548,78.50529,30.0,1,0,0,1,0,1,1,0,0,Villa,Semi_Furnished,West,Under_Construction,Small,2,: ,145454.0,1,0,0,0
4.0,3.0,2,2,50.0,0.5384615384615384,3.0,990.0,17.526554,78.50513,30.0,1,0,0,1,0,1,0,0,0,Villa,Semi_Furnished,East,Under_Construction,Small,3+,: ,136363.0,1,0,0,0
2.0,3.0,1,2,50.0,0.6666666666666666,1.0,1031.0,17.4930942,78.5036065,30.0,1,0,0,1,0,1,1,0,0,Apartment,Furnished,East,Under_Construction,Small,1,: ,5819.0,0,0,0,0
2.0,4.0,2,2,50.0,0.75,1.0,1160.0,17.52403,78.50463,30.0,1,0,0,1,0,1,1,0,0,Apartment,Semi_Furnished,East,Under_Construction,Small,1,: ,4827.0,0,0,0,0
3.0,33.0,8,8,10.0,0.7878787878787878,1.0,1993.0,17.4359437,78.3416731,30.0,1,0,1,1,0,0,1,0,0,Apartment,Semi_Furnished,East,Resale_Very_Old,Large,1,: ,11540.0,0,0,0,0
3.0,2.0,19,19,8.0,0.5384615384615384,2.0,2384.0,17.428952,78.197469,30.0,0,1,1,1,0,0,1,0,0,Villa,Semi_Furnished,East,Resale_Old,Large,2,: ,10100.0,1,0,0,0
3.0,36.0,8,8,13.0,0.3888888888888889,1.0,2680.0,17.4480919,78.3787508,30.0,1,0,0,1,0,1,1,0,0,Apartment,Semi_Furnished,East,Under_Construction,XL,1,: ,20000.0,0,0,0,0
3.0,36.0,8,8,13.0,0.3333333333333333,1.0,2595.0,17.4480919,78.3787508,30.0,1,0,0,1,0,1,1,0,0,Apartment,Semi_Furnished,North,Under_Construction,XL,1,: ,20000.0,0,0,0,0
3.0,21.0,8,8,11.0,0.7142857142857143,2.0,2025.0,17.469719,78.35772,30.0,1,0,1,1,0,0,1,0,0,Apartment,Semi_Furnished,East,Under_Construction,Large,2,: ,12197.0,0,0,0,0
3.0,10.0,8,8,49.0,0.6,2.0,1765.0,17.4609913,78.3532083,30.0,1,0,1,1,0,1,1,0,0,Apartment,Semi_Furnished,West,Under_Construction,Medium,2,: ,9500.0,0,0,0,0
3.0,10.0,8,8,49.0,0.8,2.0,1915.0,17.4609913,78.3532083,30.0,1,0,1,1,0,1,1,0,0,Apartment,Semi_Furnished,North,Under_Construction,Large,2,: ,9500.0,0,0,0,0
3.0,10.0,8,8,49.0,0.5,2.0,1715.0,17.4609913,78.3532083,30.0,1,0,1,1,0,1,1,0,0,Apartment,Semi_Furnished,West,Under_Construction,Medium,2,: ,9500.0,0,0,0,0
4.0,1.0,16,17,6.0,0.5384615384615384,2.0,3000.0,17.34259,78.396008,30.0,0,1,1,1,0,0,1,0,0,Villa,Semi_Furnished,NE,Resale_Old,XL,2,: ,12000.0,1,0,0,0
3.0,21.0,8,8,11.0,0.7142857142857143,2.0,2170.0,17.4609913,78.3532083,30.0,1,0,1,1,0,1,1,0,0,Apartment,Semi_Furnished,East,Under_Construction,Large,2,: ,12000.0,0,0,0,0
3.0,21.0,5,5,11.0,0.238095238095238,2.0,1825.0,17.4609913,78.3532083,30.0,1,0,1,1,0,1,1,0,0,Apartment,Semi_Furnished,East,Under_Construction,Large,2,: ,12000.0,0,0,0,0
3.0,32.0,3,5,13.0,0.78125,2.0,1957.0,17.40223,78.3444,30.0,1,0,1,1,0,1,1,0,0,Apartment,Semi_Furnished,West,Under_Construction,Large,2,: ,10730.0,0,0,0,0
3.0,25.0,4,6,13.0,0.8,2.0,1565.0,17.399403,78.36901,30.0,1,0,1,1,0,1,1,0,0,Apartment,Semi_Furnished,West,Under_Construction,Medium,2,: ,10543.0,0,0,0,0
3.0,25.0,4,6,12.0,0.56,2.0,1855.0,17.4609913,78.3532083,30.0,1,0,1,1,0,1,1,0,0,Apartment,Semi_Furnished,East,Under_Construction,Large,2,: ,11967.0,0,0,0,0
3.0,32.0,6,6,13.0,0.25,1.0,1957.0,17.40223,78.3444,30.0,1,0,1,1,0,1,1,0,0,Apartment,Semi_Furnished,West,Under_Construction,Large,1,: ,12000.0,0,0,0,0
2.0,25.0,7,7,13.0,0.32,1.0,1275.0,17.469719,78.35772,30.0,1,0,1,1,0,1,1,0,0,Apartment,Unfurnished,West,Under_Construction,Medium,1,: ,11000.0,0,0,0,0
2.0,25.0,8,8,13.0,0.32,2.0,1305.0,17.469719,78.35772,30.0,1,0,1,1,0,1,1,0,0,Apartment,Unfurnished,East,Under_Construction,Medium,2,: ,11000.0,0,0,0,0
3.0,32.0,7,7,13.0,0.375,1.0,1957.0,17.40223,78.3444,30.0,1,0,1,1,0,1,1,0,0,Apartment,Semi_Furnished,East,Under_Construction,Large,1,: ,11000.0,0,0,0,0
3.0,21.0,6,6,11.0,0.6190476190476191,2.0,2050.0,17.4609913,78.3532083,30.0,1,0,1,1,0,1,1,0,0,Apartment,Semi_Furnished,East,Under_Construction,Large,2,: ,12000.0,0,0,0,0
3.0,21.0,8,8,11.0,0.5714285714285714,2.0,2065.0,17.469719,78.35772,30.0,1,0,1,1,0,1,1,0,0,Apartment,Semi_Furnished,East,Under_Construction,Large,2,: ,12000.0,0,0,0,0
3.0,25.0,7,7,13.0,0.52,2.0,1540.0,17.47078,78.30668,30.0,1,0,1,1,0,1,1,0,0,Apartment,Semi_Furnished,East,Under_Construction,Medium,2,: ,11000.0,0,0,0,0
3.0,12.0,7,7,50.0,0.5,2.0,1680.0,17.47078,78.30668,30.0,0,1,0,1,0,0,1,0,0,Apartment,Semi_Furnished,Unknown,Resale_Old,Medium,2,: ,4600.0,0,0,0,0
3.0,5.0,27,30,49.0,0.2,2.0,1585.0,17.455364,78.438058,30.0,1,0,0,1,0,0,1,0,0,Apartment,Semi_Furnished,East,5_10_yrs,Medium,2,Czech Colony,7570.0,0,0,0,0
3.0,10.0,9,9,50.0,0.7,2.0,1600.0,17.473514,78.312623,30.0,1,0,0,1,0,0,1,0,0,Apartment,Furnished,Unknown,0_5_yrs,Medium,2,: ,9062.0,0,0,0,0
2.0,5.0,12,13,6.0,0.6,1.0,1197.0,17.529701,78.333031,30.0,0,1,0,1,0,0,1,0,0,Apartment,Semi_Furnished,East,Resale_Old,Small,1,: ,4500.0,0,0,0,0
3.0,2.0,18,18,0.0,0.5384615384615384,1.0,1602.0,17.443855,78.250431,30.0,1,0,0,1,0,0,1,0,0,Villa,Semi_Furnished,East,Resale_Very_Old,Medium,1,Kollur,10150.0,1,0,0,0
3.0,2.0,13,13,0.0,0.5384615384615384,2.0,2384.0,17.443354,78.182044,30.0,1,0,0,1,0,0,0,0,0,Villa,Semi_Furnished,West,Resale_Very_Old,Large,2,: ,8500.0,1,0,0,0
3.0,2.0,19,19,0.0,0.5384615384615384,2.0,2780.0,17.443354,78.182044,30.0,1,0,0,1,0,0,0,0,0,Villa,Semi_Furnished,Unknown,Resale_Very_Old,XL,2,: ,8600.0,1,0,0,0
3.0,1.0,16,16,0.0,0.5384615384615384,2.0,2384.0,17.443354,78.182044,30.0,1,0,0,1,0,0,0,0,0,Villa,Semi_Furnished,East,Resale_Very_Old,Large,2,: ,8550.0,1,0,0,0
3.0,36.0,6,9,13.0,0.6944444444444444,1.0,2595.0,17.4480919,78.3787508,30.0,1,0,0,1,0,0,1,0,0,Apartment,Furnished,West,Under_Construction,XL,1,: ,20231.0,0,0,0,0
3.0,2.0,8,8,0.0,0.5384615384615384,1.0,2780.0,17.443354,78.182044,30.0,1,0,0,1,0,0,0,0,0,Villa,Furnished,East,Resale_Very_Old,XL,1,Mokila,10772.0,1,0,0,0
4.0,3.0,19,21,9.0,0.5384615384615384,3.0,3270.0,17.575957,78.471167,30.0,0,1,0,1,0,0,0,0,0,Villa,Semi_Furnished,East,Resale_Old,XL,3+,Gundlapochampalli,6555.0,1,0,0,0
3.0,6.0,6,6,50.0,0.1666666666666666,1.0,1610.0,17.50064,78.42723,30.0,1,0,0,1,0,0,1,0,0,Apartment,Semi_Furnished,West,Resale_Very_Old,Medium,1,Sriram Nagar ,6875.0,0,0,0,0
3.0,2.0,17,17,8.0,0.5384615384615384,1.0,1854.0,17.428952,78.197469,30.0,1,0,1,1,0,0,1,0,0,Villa,Semi_Furnished,East,Resale_Very_Old,Large,1,Mokila,10130.0,1,0,0,0
3.0,2.0,16,16,0.0,0.5384615384615384,1.0,1854.0,17.443354,78.182044,30.0,1,0,0,1,0,0,0,0,0,Villa,Furnished,Unknown,Resale_Very_Old,Large,1,Mokila,114708.0,1,0,0,0
3.0,2.0,22,24,0.0,0.5384615384615384,1.0,178.0,17.443354,78.182044,30.0,1,0,0,1,0,0,0,0,0,Villa,Furnished,East,Resale_Very_Old,Micro,1,Mokila,8598.0,1,0,0,0
2.0,9.0,17,17,50.0,0.1111111111111111,1.0,1185.0,17.47105,78.310167,60.0,1,0,0,1,0,0,1,0,0,Apartment,Semi_Furnished,North,Resale_Very_Old,Small,1,: ,6600.0,0,0,0,0
3.0,5.0,7,7,50.0,0.6,1.0,1450.0,17.458436,78.30638,60.0,1,0,0,1,0,0,1,0,0,Apartment,Furnished,Unknown,0_5_yrs,Medium,1,: ,5379.0,0,0,0,0
3.0,30.0,17,17,8.0,0.1666666666666666,1.0,2125.0,17.400284,78.350663,0.0,1,0,0,1,0,0,1,0,0,Apartment,Semi_Furnished,East,Resale_Very_Old,Large,1,: ,12000.0,0,0,0,0
3.0,30.0,20,20,8.0,0.6666666666666666,1.0,2075.0,17.400284,78.350663,0.0,1,0,0,1,0,0,1,0,0,Apartment,Semi_Furnished,West,Resale_Very_Old,Large,1,: ,12000.0,0,0,0,0
4.0,5.0,1,0,49.0,0.5384615384615384,2.0,2025.0,17.38504,78.48667,,1,0,0,1,0,0,0,0,0,Villa,Furnished,East,Under_Construction,Large,2,: ,66666.0,1,0,0,1
2.0,5.0,5,6,5.0,1.0,1.0,1345.0,17.509181,78.3521088,3.0,1,0,1,1,0,0,1,1,0,Apartment,Semi_Furnished,East,Resale_Very_Old,Medium,1,: ,6800.0,0,0,0,0
3.0,25.0,8,10,12.0,0.64,2.0,2290.0,17.4609913,78.3532083,4.0,1,0,1,1,0,0,1,0,0,Apartment,Semi_Furnished,East,Resale_Very_Old,Large,2,: ,11484.0,0,0,0,0
3.0,6.0,8,11,5.0,0.8333333333333334,1.0,1680.0,17.3946444,78.357812,4.0,1,0,0,1,0,1,1,0,0,Apartment,Furnished,East,Under_Construction,Medium,1,: ,6190.0,0,0,0,0
2.0,20.0,8,11,4.0,0.85,1.0,1392.0,17.3605187,78.3722118,5.0,1,0,1,1,0,1,1,0,0,Apartment,Furnished,East,Resale_Very_Old,Medium,1,: ,8979.0,0,0,0,0
3.0,10.0,23,23,1.0,0.7,1.0,1880.0,17.442196,78.280067,7.0,0,1,0,1,0,0,1,0,0,Apartment,Semi_Furnished,East,Resale_Old,Large,1,: ,5797.0,0,0,0,0
3.0,10.0,19,20,1.0,0.9,1.0,1875.0,17.442196,78.280067,7.0,0,1,0,1,0,0,1,0,0,Apartment,Semi_Furnished,West,Resale_Old,Large,1,: ,5800.0,0,0,0,0
3.0,22.0,19,20,1.0,0.3181818181818182,1.0,1981.0,17.442196,78.280067,7.0,0,1,0,1,0,0,1,0,0,Apartment,Semi_Furnished,East,Resale_Old,Large,1,: ,6007.0,0,0,0,0
3.0,22.0,21,23,1.0,0.4090909090909091,1.0,1836.0,17.442196,78.280067,7.0,0,1,0,1,0,0,1,0,0,Apartment,Semi_Furnished,East,Resale_Old,Large,1,: ,6000.0,0,0,0,0
4.0,3.0,16,17,1.0,0.5384615384615384,3.0,4550.0,17.450947,78.281192,7.0,1,0,1,1,0,0,1,0,0,Villa,Semi_Furnished,West,Resale_Very_Old,XL,3+,: ,16483.0,1,0,0,0
4.0,3.0,17,18,3.0,0.5384615384615384,3.0,3416.0,17.461305,78.273389,7.0,1,0,1,1,0,0,1,0,0,Villa,Semi_Furnished,East,Resale_Very_Old,XL,3+,: ,13173.0,1,0,0,0
3.0,16.0,16,16,49.0,0.625,2.0,1585.0,17.4609913,78.3532083,7.0,0,1,1,1,0,0,1,0,0,Apartment,Semi_Furnished,East,Resale_Old,Medium,2,: ,7999.0,0,0,0,0
3.0,34.0,17,19,13.0,0.4411764705882353,2.0,2048.0,17.396947,78.340246,7.0,0,1,1,1,0,0,1,0,0,Apartment,Semi_Furnished,West,Resale_Old,Large,2,: ,11133.0,0,0,0,0
3.0,34.0,19,20,13.0,0.6470588235294118,1.0,2048.0,17.396947,78.340246,7.0,0,1,1,1,0,0,1,0,0,Apartment,Semi_Furnished,West,Resale_Old,Large,1,: ,11230.0,0,0,0,0
3.0,42.0,19,19,50.0,0.5952380952380952,1.0,1508.0,17.509181,78.3521088,7.0,0,1,0,1,0,0,1,0,0,Apartment,Semi_Furnished,East,Resale_Old,Medium,1,: ,6503.0,0,0,0,0
3.0,5.0,5,5,47.0,0.2,1.0,1450.0,17.4794485,78.5914228,7.0,1,0,0,1,0,1,1,0,0,Apartment,Semi_Furnished,East,Resale_Very_Old,Medium,1,: ,5448.0,0,0,0,0
3.0,18.0,4,7,10.0,0.3333333333333333,1.0,1535.0,17.3923634,78.3621784,7.0,1,0,1,1,0,0,1,0,0,Apartment,Semi_Furnished,East,Resale_Very_Old,Medium,1,: ,11074.0,0,0,0,0
3.0,8.0,6,6,15.0,0.625,3.0,1960.0,17.40223,78.3444,7.0,0,1,1,1,0,0,1,0,0,Apartment,Semi_Furnished,West,Resale_Old,Large,3+,: ,7000.0,0,0,0,0
2.0,14.0,4,7,5.0,1.0,1.0,1397.0,17.3820898,78.3465208,7.0,1,0,1,1,0,1,1,1,0,Apartment,Semi_Furnished,West,Resale_Very_Old,Medium,1,: ,8160.0,0,0,0,0
2.0,4.0,5,5,10.0,0.5,1.0,1220.0,17.4615043,78.6295919,7.0,1,0,0,1,0,1,1,0,0,Apartment,Semi_Furnished,East,Resale_Very_Old,Medium,1,: ,3688.0,0,0,0,0
2.0,5.0,16,17,47.0,0.6,2.0,1200.0,17.4991116,78.317176,7.0,1,0,0,1,0,1,1,0,0,Apartment,Semi_Furnished,East,Resale_Very_Old,Small,2,: ,7998.0,0,0,0,0
3.0,26.0,20,20,12.0,0.8461538461538461,1.0,1825.0,17.4692958,78.333071,7.0,0,1,1,1,0,0,1,0,0,Apartment,Semi_Furnished,West,Resale_Old,Large,1,: ,8500.0,0,0,0,0
2.0,35.0,19,20,12.0,0.4,1.0,1440.0,17.4692958,78.333071,7.0,0,1,1,1,0,0,1,0,0,Apartment,Semi_Furnished,West,Resale_Old,Medium,1,: ,8200.0,0,0,0,0
3.0,35.0,22,24,12.0,0.6857142857142857,1.0,2355.0,17.4692958,78.333071,7.0,1,0,1,1,0,0,1,0,0,Apartment,Semi_Furnished,East,Resale_Very_Old,Large,1,: ,9554.0,0,0,0,0
3.0,15.0,8,11,9.0,0.2666666666666666,3.0,2320.0,17.4432175,78.2770726,7.0,1,0,0,1,0,1,1,0,0,Apartment,Furnished,West,Resale_Very_Old,Large,3+,: ,9698.0,0,0,0,0
3.0,25.0,8,11,12.0,0.4,1.0,1855.0,17.4609913,78.3532083,7.0,1,0,1,1,0,1,1,0,0,Apartment,Semi_Furnished,East,Under_Construction,Large,1,: ,11859.0,0,0,0,0
3.0,24.0,8,11,14.0,0.8333333333333334,1.0,1198.0,17.411744,78.341175,7.0,1,0,0,1,0,1,1,0,0,Apartment,Semi_Furnished,West,Under_Construction,Small,1,: ,8338.0,0,0,0,0
4.0,5.0,15,17,0.0,0.5384615384615384,2.0,3966.0,17.436222,78.238903,14.0,1,0,1,1,0,0,1,0,0,Villa,Semi_Furnished,East,Under_Construction,XL,2,: ,15000.0,1,0,0,1
3.0,4.0,6,6,49.0,0.5,1.0,1500.0,17.5076858,78.3378883,14.0,1,0,0,1,0,1,1,0,0,Apartment,Furnished,West,Under_Construction,Medium,1,: ,5666.0,0,0,0,0
3.0,5.0,7,9,50.0,0.4,3.0,1700.0,17.4352458,78.4311165,14.0,1,0,0,1,0,1,1,0,0,Apartment,Furnished,North,0_5_yrs,Medium,3+,: ,7764.0,0,0,0,0
10.0,2.0,2,3,6.0,0.5384615384615384,3.0,3456.0,17.548606,78.210422,14.0,1,0,0,1,0,0,0,0,0,Villa,Furnished,NW,Under_Construction,XL,3+,: ,7060.0,1,0,0,0
3.0,1.0,3,3,23.0,0.5384615384615384,1.0,2040.0,17.4692968,78.6135607,21.0,1,0,1,1,0,1,1,0,0,Villa,Semi_Furnished,East,Resale_Very_Old,Large,1,: ,7352.0,1,0,0,0
3.0,4.0,3,3,46.0,0.25,2.0,2600.0,17.4769491,78.5598292,21.0,1,0,0,1,0,0,1,0,0,Apartment,Semi_Furnished,North,Resale_Very_Old,XL,2,: ,6000.0,0,0,0,0
2.0,5.0,4,4,5.0,0.2,1.0,1220.0,17.5030809,78.6287025,21.0,1,0,0,1,0,1,1,0,0,Apartment,Semi_Furnished,East,Resale_Very_Old,Medium,1,: ,3770.0,0,0,0,0
3.0,14.0,21,23,11.0,0.5,1.0,1700.0,17.51003,78.24035,21.0,0,1,1,1,0,0,1,0,0,Apartment,Semi_Furnished,West,Resale_Old,Medium,1,: ,5800.0,0,0,0,0
4.0,5.0,23,25,0.0,0.5384615384615384,2.0,2885.0,17.4421911,78.2689383,21.0,1,0,1,1,0,1,1,0,0,Villa,Semi_Furnished,West,Under_Construction,XL,2,: ,13000.0,1,0,0,1
4.0,5.0,17,19,0.0,0.5384615384615384,2.0,3085.0,17.436222,78.238903,21.0,1,0,1,1,0,0,1,0,0,Villa,Semi_Furnished,West,Under_Construction,XL,2,: ,13000.0,1,0,0,1
4.0,42.0,4,5,12.0,0.3333333333333333,2.0,2928.0,17.4480919,78.3787508,21.0,0,1,1,1,0,0,1,0,0,Apartment,Semi_Furnished,East,Resale_Old,XL,2,: ,12124.0,0,0,0,0
3.0,12.0,24,27,15.0,0.1666666666666666,2.0,1845.0,17.4359437,78.3416731,21.0,1,0,0,1,0,0,1,0,0,Apartment,Furnished,West,Under_Construction,Large,2,Gachibowli,9214.0,0,0,0,0
3.0,35.0,8,10,50.0,0.2285714285714285,1.0,2081.0,17.4011618,78.37569,21.0,1,0,0,1,0,1,1,0,0,Apartment,Furnished,West,0_5_yrs,Large,1,: ,8409.0,0,0,0,0
2.0,5.0,8,11,50.0,0.5384615384615384,1.0,1210.0,17.4011618,78.37569,21.0,1,0,0,1,0,0,1,0,0,Apartment,Semi_Furnished,East,Under_Construction,Medium,1,: ,7933.0,1,0,0,0
4.0,3.0,16,17,1.0,0.5384615384615384,3.0,4550.0,17.450947,78.281192,28.0,1,0,1,1,0,0,1,0,0,Villa,Semi_Furnished,West,Resale_Very_Old,XL,3+,: ,15934.0,1,0,0,0
4.0,3.0,17,20,4.0,0.5384615384615384,4.0,8000.0,17.385392,78.33106,28.0,1,0,0,1,0,0,1,0,0,Villa,Furnished,North,Resale_Very_Old,XXL,3+,: ,15625.0,1,0,0,0
4.0,2.0,16,17,0.0,0.5384615384615384,3.0,3788.0,17.42169,78.21842,28.0,0,1,0,1,0,0,1,0,0,Villa,Semi_Furnished,West,Resale_Old,XL,3+,: ,8711.0,1,0,0,0
4.0,2.0,16,17,0.0,0.5384615384615384,3.0,3788.0,17.42169,78.21842,28.0,0,1,0,1,0,0,1,0,0,Villa,Semi_Furnished,East,Resale_Old,XL,3+,: ,9240.0,1,0,0,0
4.0,5.0,25,27,42.0,0.2,2.0,2700.0,17.4559433,78.3701241,28.0,1,0,0,1,0,0,1,0,0,Apartment,Furnished,East,Under_Construction,XL,2,: ,8703.0,0,0,0,0
3.0,5.0,21,23,50.0,0.8,1.0,1325.0,17.464303,78.305173,28.0,1,0,0,1,0,0,1,0,0,Apartment,Furnished,West,Under_Construction,Medium,1,: ,6943.0,0,0,0,0
3.0,35.0,2,3,13.0,0.6,1.0,1470.0,17.40223,78.3444,28.0,0,1,1,1,0,0,1,0,0,Apartment,Semi_Furnished,East,Resale_Old,Medium,1,: ,8300.0,0,0,0,0
2.0,35.0,2,3,13.0,0.5714285714285714,1.0,1075.0,17.40223,78.3444,28.0,0,1,1,1,0,0,1,0,0,Apartment,Semi_Furnished,East,Resale_Old,Small,1,: ,8300.0,0,0,0,0
2.0,9.0,2,2,3.0,0.3333333333333333,1.0,1233.0,17.40223,78.3444,28.0,0,1,1,1,0,0,1,0,0,Apartment,Semi_Furnished,West,Resale_Old,Medium,1,: ,7461.0,0,0,0,0
2.0,4.0,4,4,50.0,1.0,1.0,1200.0,17.4537795,78.527185,30.0,1,0,0,1,0,1,1,1,0,Apartment,Furnished,South,0_5_yrs,Small,1,: ,6000.0,0,0,0,0
3.0,22.0,21,22,13.0,0.5454545454545454,2.0,1678.0,17.4359437,78.3416731,30.0,0,1,1,1,0,0,1,0,0,Apartment,Semi_Furnished,East,Resale_Old,Medium,2,: ,6287.0,0,0,0,0
3.0,40.0,14,15,15.0,0.25,2.0,1540.0,17.3923634,78.3621784,30.0,0,1,1,1,0,0,1,0,0,Apartment,Semi_Furnished,East,Resale_Old,Medium,2,: ,7300.0,0,0,0,0
3.0,5.0,5,5,46.0,0.2,3.0,2600.0,17.4963594,78.5580901,30.0,1,0,0,1,0,1,1,0,0,Apartment,Semi_Furnished,West,Resale_Very_Old,XL,3+,: ,5000.0,0,0,0,0
3.0,5.0,25,27,10.0,0.5384615384615384,2.0,2560.0,17.16648,78.45784,30.0,1,0,1,1,0,0,1,0,0,Villa,Semi_Furnished,NW,Under_Construction,XL,2,: ,6600.0,1,0,0,1
3.0,5.0,23,25,10.0,0.5384615384615384,2.0,2800.0,17.16648,78.45784,30.0,1,0,1,1,0,0,1,0,0,Villa,Semi_Furnished,West,Under_Construction,XL,2,: ,6700.0,1,0,0,1
4.0,5.0,25,27,0.0,0.5384615384615384,2.0,6476.0,17.43932,78.24244,30.0,0,1,0,1,0,0,1,0,0,Villa,Semi_Furnished,East,Resale_Old,XXL,2,: ,13000.0,1,0,0,1
3.0,15.0,8,10,8.0,0.4,3.0,2680.0,17.411744,78.341175,30.0,1,0,1,1,0,0,1,0,0,Apartment,Semi_Furnished,East,Resale_Very_Old,XL,3+,: ,10074.0,0,0,0,0
4.0,15.0,8,10,8.0,0.2,3.0,4340.0,17.411744,78.341175,30.0,1,0,1,1,0,0,1,0,0,Apartment,Semi_Furnished,West,Resale_Very_Old,XL,3+,: ,10300.0,0,0,0,0
3.0,2.0,5,5,1.0,0.5384615384615384,2.0,1566.0,17.509668,78.196121,30.0,1,0,0,1,0,0,0,0,0,Villa,Semi_Furnished,West,Resale_Very_Old,Medium,2,: ,77586.0,1,0,0,0
3.0,2.0,6,7,1.0,0.5384615384615384,2.0,1566.0,17.509668,78.196121,30.0,1,0,0,1,0,0,0,0,0,Villa,Semi_Furnished,West,Resale_Very_Old,Medium,2,: ,77586.0,1,0,0,0
3.0,15.0,5,5,33.0,0.1333333333333333,2.0,2014.0,17.411744,78.341175,30.0,1,0,1,1,0,0,1,0,0,Apartment,Semi_Furnished,West,Resale_Very_Old,Large,2,: ,9500.0,0,0,0,0
3.0,20.0,26,29,48.0,0.65,3.0,1890.0,17.42278,78.34724,30.0,1,0,0,1,0,0,1,0,0,Apartment,Furnished,North,Resale_Very_Old,Large,3+,Nanakramguda,11957.0,0,0,0,0
3.0,13.0,8,10,47.0,0.3846153846153846,1.0,1801.0,17.4359437,78.3416731,30.0,1,0,0,1,0,1,1,0,0,Apartment,Semi_Furnished,West,0_5_yrs,Large,1,: ,7773.0,0,0,0,0
1.0,1.0,2,3,17.0,0.5384615384615384,0.0,648.0,17.311940823733476,78.47302608769566,30.0,1,0,0,1,0,0,0,0,0,Villa,Semi_Furnished,West,Under_Construction,Micro,Unknown,: ,9722.0,1,0,0,0
3.0,15.0,7,11,9.0,0.6,3.0,2210.0,17.463388,78.29396,30.0,1,0,0,1,0,0,1,0,0,Apartment,Furnished,East,Under_Construction,Large,3+,: ,7104.0,0,0,0,0
3.0,9.0,8,11,45.0,0.4444444444444444,1.0,1400.0,17.4178862,78.3641592,30.0,1,0,0,1,0,1,1,0,0,Apartment,Furnished,East,Under_Construction,Medium,1,: ,10500.0,0,0,0,0
3.0,32.0,3,4,13.0,0.875,1.0,2235.0,17.40223,78.3444,30.0,0,1,1,1,0,0,1,0,0,Apartment,Semi_Furnished,East,Resale_Old,Large,1,: ,10290.0,0,0,0,0
4.0,2.0,20,22,1.0,0.5384615384615384,3.0,2865.0,17.591122,78.569709,30.0,0,1,0,1,0,0,1,0,0,Villa,Semi_Furnished,East,Resale_Old,XL,3+,: ,5905.0,1,0,0,0
4.0,2.0,19,21,1.0,0.5384615384615384,3.0,3478.0,17.591122,78.569709,30.0,0,1,0,1,0,0,1,0,0,Villa,Semi_Furnished,East,Resale_Old,XL,3+,: ,5925.0,1,0,0,0
3.0,34.0,17,18,13.0,0.3529411764705882,1.0,2048.0,17.396947,78.340246,30.0,0,1,1,1,0,0,1,0,0,Apartment,Semi_Furnished,West,Resale_Old,Large,1,: ,11083.0,0,0,0,0
3.0,22.0,8,10,13.0,0.2272727272727272,1.0,2000.0,17.4359437,78.3416731,30.0,1,0,1,1,0,1,1,0,0,Apartment,Semi_Furnished,West,Under_Construction,Large,1,: ,7500.0,0,0,0,0
3.0,5.0,8,10,10.0,0.8,1.0,1706.0,17.443855,78.250431,30.0,1,0,1,1,0,1,1,0,0,Apartment,Semi_Furnished,East,Under_Construction,Medium,1,: ,5041.0,0,0,0,0
4.0,5.0,25,27,0.0,0.5384615384615384,2.0,4104.0,17.436222,78.238903,30.0,1,0,1,1,0,0,1,0,0,Villa,Semi_Furnished,West,Under_Construction,XL,2,: ,13003.0,1,0,0,1
4.0,3.0,17,18,15.0,0.5384615384615384,2.0,4159.0,17.477174,78.314374,30.0,0,1,1,1,0,0,1,0,0,Villa,Semi_Furnished,West,Resale_Old,XL,2,: ,17999.0,1,0,0,0
4.0,5.0,25,27,0.0,0.5384615384615384,2.0,2321.0,17.436222,78.238903,30.0,1,0,1,1,0,0,1,0,0,Villa,Semi_Furnished,East,Under_Construction,Large,2,: ,12500.0,1,0,0,1
2.0,4.0,3,3,50.0,0.25,1.0,1050.0,17.4318182,78.5172156,30.0,1,0,0,1,0,1,1,0,0,Apartment,Semi_Furnished,East,Resale_Very_Old,Small,1,: ,6380.0,0,0,0,0
2.0,31.0,22,25,12.0,0.2903225806451613,1.0,1314.0,17.3973794,78.3856447,30.0,1,0,0,1,0,0,1,0,0,Apartment,Furnished,East,Under_Construction,Medium,1,Puppalaguda,15000.0,0,0,0,0
3.0,16.0,16,16,25.0,0.625,2.0,1390.0,17.3923634,78.3621784,30.0,0,1,0,1,0,0,1,0,0,Apartment,Semi_Furnished,East,Resale_Old,Medium,2,: ,6899.0,0,0,0,0
2.0,16.0,15,15,25.0,0.375,1.0,1375.0,17.3923634,78.3621784,30.0,0,1,0,1,0,0,1,0,0,Apartment,Semi_Furnished,East,Resale_Old,Medium,1,: ,6899.0,0,0,0,0
3.0,12.0,2,2,8.0,0.6666666666666666,2.0,1465.0,17.349758,78.360196,30.0,0,1,1,1,0,0,1,0,0,Apartment,Semi_Furnished,East,Resale_Old,Medium,2,: ,5600.0,0,0,0,0
2.0,22.0,3,3,13.0,0.4545454545454545,1.0,1100.0,17.4359437,78.3416731,30.0,0,1,1,1,0,0,1,0,0,Apartment,Semi_Furnished,East,Resale_Old,Small,1,: ,6296.0,0,0,0,0
4.0,22.0,3,4,13.0,0.4545454545454545,2.0,2338.0,17.4359437,78.3416731,30.0,0,1,1,1,0,0,1,0,0,Apartment,Semi_Furnished,East,Resale_Old,Large,2,: ,6285.0,0,0,0,0
3.0,12.0,8,10,48.0,0.9166666666666666,2.0,1670.0,17.41214,78.36431,30.0,1,0,0,1,0,1,1,0,0,Apartment,Semi_Furnished,West,0_5_yrs,Medium,2,: ,6586.0,0,0,0,0
2.0,1.0,3,5,50.0,0.5384615384615384,1.0,3150.0,17.3761525,78.5462098,30.0,1,0,0,1,0,0,1,0,0,Villa,Furnished,Unknown,5_10_yrs,XL,1,Kothapet,120000.0,1,0,0,0
3.0,13.0,8,10,47.0,0.3846153846153846,1.0,1384.0,17.4359437,78.3416731,30.0,1,0,0,1,0,0,1,0,0,Apartment,Furnished,East,0_5_yrs,Medium,1,: ,9031.0,0,0,0,0
3.0,25.0,20,21,12.0,0.44,1.0,1855.0,17.45753,78.36247,30.0,0,1,1,1,0,0,1,0,0,Apartment,Semi_Furnished,North,Resale_Old,Large,1,: ,11967.0,0,0,0,0
3.0,20.0,26,28,15.0,0.95,1.0,1505.0,17.464041,78.337481,30.0,1,0,0,1,0,0,1,0,0,Apartment,Furnished,West,Resale_Very_Old,Medium,1,: ,11295.0,0,0,0,0
3.0,31.0,5,6,15.0,0.6451612903225806,1.0,1600.0,17.42278,78.34724,30.0,1,0,0,1,0,0,1,0,0,Apartment,Furnished,North,Resale_Very_Old,Medium,1,: ,11250.0,0,0,0,0
3.0,35.0,20,21,10.0,0.5142857142857142,2.0,1993.0,17.41341,78.339447,30.0,1,0,1,1,0,0,1,0,0,Apartment,Semi_Furnished,East,Resale_Very_Old,Large,2,: ,10286.0,0,0,0,0
4.0,5.0,17,19,0.0,0.5384615384615384,2.0,6391.0,17.43932,78.24244,30.0,0,1,0,1,0,0,1,0,0,Villa,Semi_Furnished,West,Resale_Old,XXL,2,: ,13000.0,1,0,0,1
4.0,5.0,18,20,0.0,0.5384615384615384,2.0,8515.0,17.43932,78.24244,30.0,0,1,0,1,0,0,1,0,0,Villa,Semi_Furnished,East,Resale_Old,XXL,2,: ,13000.0,1,0,0,1
4.0,2.0,18,20,0.0,0.5384615384615384,2.0,5873.0,17.43932,78.24244,30.0,0,1,0,1,0,0,1,0,0,Villa,Semi_Furnished,West,Resale_Old,XXL,2,: ,13000.0,1,0,0,0
3.0,9.0,20,22,11.0,0.4444444444444444,2.0,2435.0,17.39382,78.33795,30.0,0,1,1,1,0,0,1,0,0,Apartment,Semi_Furnished,West,Resale_Old,Large,2,: ,7300.0,0,0,0,0
3.0,9.0,19,21,11.0,0.5555555555555556,1.0,1775.0,17.39382,78.33795,30.0,0,1,0,1,0,0,1,0,0,Apartment,Semi_Furnished,East,Resale_Old,Medium,1,: ,7300.0,0,0,0,0
4.0,2.0,25,27,0.0,0.5384615384615384,2.0,3076.0,17.436222,78.238903,30.0,1,0,1,1,0,1,1,0,0,Villa,Semi_Furnished,West,Under_Construction,XL,2,: ,12500.0,1,0,0,0
2.0,31.0,3,4,12.0,0.6774193548387096,1.0,1314.0,17.3973794,78.3856447,30.0,1,0,0,1,0,0,1,0,0,Apartment,Furnished,East,Resale_Very_Old,Medium,1,: ,11111.0,0,0,0,0
4.0,2.0,27,29,0.0,0.5384615384615384,3.0,4275.0,17.443354,78.182044,30.0,0,1,0,1,0,0,1,0,0,Villa,Semi_Furnished,West,Resale_Old,XL,3+,: ,7799.0,1,0,0,0
2.0,18.0,8,10,12.0,0.2777777777777778,2.0,1340.0,17.4609913,78.3532083,5.0,1,0,1,1,0,0,1,0,0,Apartment,Semi_Furnished,East,Resale_Very_Old,Medium,2,: ,10500.0,0,0,0,0
2.0,9.0,8,10,12.0,0.7777777777777778,2.0,1250.0,17.3923634,78.3621784,7.0,1,0,1,1,0,0,1,0,0,Apartment,Semi_Furnished,East,Resale_Very_Old,Medium,2,: ,7200.0,0,0,0,0
3.0,12.0,8,11,49.0,0.75,2.0,1685.0,17.38504,78.48667,7.0,0,1,0,1,0,0,1,0,0,Apartment,Semi_Furnished,East,Resale_Old,Medium,2,: ,5500.0,0,0,0,0
3.0,9.0,8,11,12.0,0.8888888888888888,2.0,1750.0,17.3923634,78.3621784,7.0,1,0,1,1,0,0,1,0,0,Apartment,Semi_Furnished,West,Resale_Very_Old,Medium,2,: ,7000.0,0,0,0,0
3.0,13.0,16,19,47.0,0.5384615384615384,1.0,1665.0,17.5034194,78.3262573,7.0,1,0,0,1,0,0,1,0,0,Apartment,Semi_Furnished,West,Resale_Very_Old,Medium,1,Bandam Kommu,7747.0,1,0,0,0
3.0,2.0,8,8,50.0,0.5384615384615384,2.0,2000.0,17.5179636,78.3813785,14.0,1,0,0,1,0,0,0,0,0,Villa,Furnished,West,0_5_yrs,Large,2,: ,12500.0,1,0,0,0
3.0,20.0,8,10,48.0,0.5384615384615384,2.0,3255.0,17.42278,78.34724,14.0,1,0,0,1,0,0,1,0,0,Apartment,Semi_Furnished,East,Under_Construction,XL,2,: ,100000.0,1,0,0,0
3.0,15.0,8,11,26.0,0.6,3.0,2490.0,17.40223,78.3444,30.0,1,0,0,1,0,0,1,0,0,Apartment,Furnished,West,Under_Construction,Large,3+,: ,13253.0,0,0,0,0
3.0,30.0,8,11,8.0,0.6,1.0,2075.0,17.3923634,78.3621784,30.0,1,0,0,1,0,0,1,0,0,Apartment,Semi_Furnished,East,Resale_Very_Old,Large,1,: ,11500.0,0,0,0,0
3.0,30.0,8,10,8.0,0.1,1.0,2125.0,17.3923634,78.3621784,30.0,1,0,0,1,0,0,1,0,0,Apartment,Semi_Furnished,West,Resale_Very_Old,Large,1,: ,11300.0,0,0,0,0
3.0,31.0,3,3,13.0,0.3225806451612903,2.0,2230.0,17.4654443,78.4017102,21.0,1,0,0,1,0,1,1,0,0,Apartment,Semi_Furnished,East,Resale_Very_Old,Large,2,: ,9417.0,0,0,0,0
3.0,31.0,3,3,13.0,0.8709677419354839,1.0,2220.0,17.4660065,78.4270835,30.0,1,0,0,1,0,1,1,0,0,Apartment,Semi_Furnished,West,Resale_Very_Old,Large,1,: ,8558.0,0,0,0,0
3.0,5.0,2,3,45.0,1.0,1.0,1663.0,17.4473984,78.3996337,30.0,1,0,0,1,0,1,1,1,0,Apartment,Semi_Furnished,North,Under_Construction,Medium,1,: ,10463.0,0,0,0,0
3.0,31.0,3,3,13.0,0.2258064516129032,2.0,2230.0,17.465172,78.4073071,30.0,1,0,0,1,0,1,1,0,0,Apartment,Semi_Furnished,East,Resale_Very_Old,Large,2,: ,9327.0,0,0,0,0
3.0,31.0,3,3,13.0,0.4838709677419355,2.0,2230.0,17.4647856,78.4005796,30.0,1,0,0,1,0,1,1,0,0,Apartment,Semi_Furnished,East,Resale_Very_Old,Large,2,: ,10089.0,0,0,0,0
3.0,31.0,3,3,13.0,0.4516129032258064,1.0,1650.0,17.4480919,78.3787508,30.0,1,0,0,1,0,0,1,0,0,Apartment,Semi_Furnished,East,Resale_Very_Old,Medium,1,: ,10181.0,0,0,0,0
2.0,31.0,4,4,13.0,0.5483870967741935,1.0,1160.0,17.4662557,78.4075027,30.0,1,0,0,1,0,1,1,0,0,Apartment,Semi_Furnished,East,Resale_Very_Old,Small,1,: ,9913.0,0,0,0,0
3.0,31.0,3,3,13.0,0.8064516129032258,1.0,1400.0,17.4563946,78.4049347,30.0,1,0,0,1,0,1,1,0,0,Apartment,Semi_Furnished,North,Resale_Very_Old,Medium,1,: ,9285.0,0,0,0,0
4.0,31.0,8,8,13.0,0.967741935483871,2.0,3360.0,17.4656408,78.4072899,30.0,1,0,0,1,0,1,1,0,0,Apartment,Semi_Furnished,East,Resale_Very_Old,XL,2,: ,10121.0,0,0,0,0
3.0,20.0,3,4,15.0,0.35,1.0,1490.0,17.4609913,78.3532083,30.0,1,0,0,1,0,0,1,0,0,Apartment,Furnished,East,Under_Construction,Medium,1,: ,12751.0,0,0,0,0
3.0,14.0,3,4,12.0,0.6428571428571429,1.0,1950.0,17.3973794,78.3856447,30.0,0,1,1,1,0,0,1,0,0,Apartment,Semi_Furnished,Unknown,Resale_Old,Large,1,: ,7350.0,0,0,0,0
4.0,2.0,5,5,50.0,0.5384615384615384,1.0,1080.0,17.536121,78.289779,7.0,1,0,0,1,0,0,0,0,0,Villa,Semi_Furnished,NE,Resale_Very_Old,Small,1,: ,5434.0,1,0,0,0
3.0,40.0,8,8,25.0,0.475,2.0,3000.0,17.3923634,78.3621784,7.0,0,1,0,1,0,0,1,0,0,Apartment,Semi_Furnished,East,Resale_Old,XL,2,: ,6300.0,0,0,0,0
4.0,3.0,8,10,50.0,0.5384615384615384,3.0,3500.0,17.3697735,78.5618265,7.0,0,1,0,1,0,0,1,0,0,Villa,Semi_Furnished,East,Resale_Old,XL,3+,: ,9999.0,1,0,0,0
2.0,5.0,8,11,13.0,0.6,2.0,1100.0,17.5789054,78.4268758,7.0,0,1,0,1,0,0,1,0,0,Apartment,Semi_Furnished,East,Resale_Old,Small,2,: ,3800.0,0,0,0,0
4.0,3.0,8,10,3.0,0.5384615384615384,3.0,3040.0,17.47661,78.173427,7.0,0,1,0,1,0,0,1,0,0,Villa,Semi_Furnished,East,Resale_Old,XL,3+,: ,6513.0,1,0,0,0
3.0,23.0,4,7,11.0,0.217391304347826,3.0,1600.0,17.5316,78.26729,21.0,0,1,1,1,0,0,1,0,0,Apartment,Semi_Furnished,East,Resale_Old,Medium,3+,: ,4200.0,0,0,0,0
4.0,3.0,7,8,0.0,0.5384615384615384,2.0,3392.0,17.443855,78.250431,28.0,0,1,0,1,0,0,1,0,0,Villa,Semi_Furnished,East,Resale_Old,XL,2,: ,9139.0,1,0,0,0
4.0,2.0,7,9,47.0,0.5384615384615384,3.0,5000.0,17.4359437,78.3416731,30.0,0,1,0,1,0,0,1,0,0,Villa,Semi_Furnished,East,Resale_Old,XL,3+,: ,7000.0,1,0,0,0
4.0,2.0,6,7,4.0,0.5384615384615384,3.0,2500.0,17.56162,78.40555,30.0,0,1,0,1,0,0,1,0,0,Villa,Unfurnished,East,Resale_Old,Large,3+,: ,8400.0,1,0,0,0
3.0,2.0,5,7,50.0,0.5384615384615384,3.0,2900.0,17.509181,78.3521088,30.0,1,0,0,1,0,0,1,0,0,Villa,Semi_Furnished,East,Resale_Very_Old,XL,3+,: ,7241.0,1,0,0,0
3.0,2.0,6,8,13.0,1.0,3.0,1725.0,17.5789054,78.4268758,30.0,0,1,0,1,0,0,1,1,0,Apartment,Semi_Furnished,East,Resale_Old,Medium,3+,: ,5507.0,0,0,0,0
3.0,38.0,3,4,50.0,0.131578947368421,2.0,2000.0,17.495438,78.2960172,30.0,0,1,0,1,0,0,1,0,0,Apartment,Semi_Furnished,East,Resale_Old,Large,2,: ,5800.0,0,0,0,0
2.0,38.0,6,8,50.0,0.131578947368421,2.0,1300.0,17.495438,78.2960172,30.0,0,1,0,1,0,0,1,0,0,Apartment,Semi_Furnished,East,Resale_Old,Medium,2,: ,5800.0,0,0,0,0
2.0,17.0,7,9,47.0,0.2352941176470588,2.0,1250.0,17.4359437,78.3416731,30.0,0,1,0,1,0,0,1,0,0,Apartment,Semi_Furnished,East,Resale_Old,Medium,2,: ,5520.0,0,0,0,0
2.0,10.0,8,10,50.0,0.4,2.0,1260.0,17.5203424,78.3970205,30.0,0,1,0,1,0,0,1,0,0,Apartment,Semi_Furnished,East,Resale_Old,Medium,2,: ,6349.0,0,0,0,0
2.0,5.0,8,10,50.0,0.4,2.0,1100.0,17.5179636,78.3813785,30.0,0,1,0,1,0,0,1,0,0,Apartment,Semi_Furnished,West,Resale_Old,Small,2,: ,3600.0,0,0,0,0
3.0,5.0,8,10,6.0,0.6,2.0,1400.0,17.5564,78.36389,30.0,0,1,1,1,0,0,1,0,0,Apartment,Semi_Furnished,East,Resale_Old,Medium,2,: ,3999.0,0,0,0,0
2.0,5.0,3,6,10.0,0.4,2.0,1100.0,17.5468498,78.3650231,30.0,0,1,0,1,0,0,1,0,0,Apartment,Semi_Furnished,East,Resale_Old,Small,2,: ,3600.0,0,0,0,0
5.0,3.0,6,9,0.0,0.5384615384615384,3.0,4900.0,17.443354,78.182044,30.0,0,1,0,1,0,0,1,0,0,Villa,Semi_Furnished,East,Resale_Old,XL,3+,: ,7142.0,1,0,0,0
4.0,3.0,3,6,50.0,0.5384615384615384,3.0,2450.0,17.5090182,78.3001801,30.0,0,1,0,1,0,0,1,0,0,Villa,Semi_Furnished,East,Resale_Old,Large,3+,: ,6938.0,1,0,0,0
3.0,1.0,0,0,36.0,0.5384615384615384,2.0,100.0,17.397509,78.614876,30.0,1,0,0,1,0,1,0,0,0,Villa,Semi_Furnished,East,Under_Construction,Micro,2,: ,80000.0,1,0,0,0
2.0,14.0,21,21,37.0,0.2857142857142857,2.0,1320.0,17.538237,78.480804,21.0,0,1,0,1,0,0,1,0,0,Apartment,Semi_Furnished,NE,Resale_Old,Medium,2,: ,4194.0,0,0,0,0
3.0,5.0,4,5,46.0,0.2,3.0,1800.0,17.4164707,78.4382469,21.0,1,0,0,1,0,0,1,0,0,Apartment,Semi_Furnished,Unknown,Resale_Very_Old,Medium,3+,: ,7500.0,0,0,0,0
4.0,3.0,22,25,3.0,0.5384615384615384,3.0,3080.0,17.20869,78.47603,30.0,0,1,0,1,0,0,1,0,0,Villa,Semi_Furnished,East,Resale_Old,XL,3+,: ,7142.0,1,0,0,0
2.0,25.0,19,19,12.0,0.64,1.0,1290.0,17.45753,78.36247,21.0,0,1,1,1,0,0,1,0,0,Apartment,Semi_Furnished,West,Resale_Old,Medium,1,: ,10542.0,0,0,0,0
3.0,27.0,15,15,10.0,0.2592592592592592,2.0,2050.0,17.46658,78.411635,21.0,0,1,1,1,0,0,1,0,0,Apartment,Semi_Furnished,West,Resale_Old,Large,2,: ,8000.0,0,0,0,0
3.0,31.0,17,17,13.0,0.8064516129032258,1.0,2220.0,17.4656832,78.4077025,21.0,1,0,0,1,0,1,1,0,0,Apartment,Semi_Furnished,West,Resale_Very_Old,Large,1,: ,9234.0,0,0,0,0
3.0,31.0,17,17,13.0,0.5483870967741935,2.0,2000.0,17.465823,78.407845,30.0,1,0,0,1,0,0,1,0,0,Apartment,Semi_Furnished,West,Resale_Very_Old,Large,2,: ,9525.0,0,0,0,0
3.0,27.0,16,16,10.0,0.3333333333333333,1.0,1700.0,17.46658,78.411635,30.0,0,1,1,1,0,0,1,0,0,Apartment,Semi_Furnished,West,Resale_Old,Medium,1,: ,8823.0,0,0,0,0
2.0,5.0,8,11,9.0,0.8,2.0,1145.0,17.5564,78.36389,14.0,1,0,1,1,0,0,1,0,0,Apartment,Semi_Furnished,NE,Resale_Very_Old,Small,2,Mallampet,5240.0,0,0,0,0
4.0,35.0,8,10,10.0,0.6,3.0,2713.0,17.41341,78.339447,,1,0,1,1,0,0,1,0,0,Apartment,Semi_Furnished,East,Resale_Very_Old,XL,3+,: ,15889.0,0,0,0,0
3.0,35.0,8,10,10.0,0.8285714285714286,1.0,1993.0,17.41341,78.339447,,1,0,1,1,0,0,1,0,0,Apartment,Semi_Furnished,East,Resale_Very_Old,Large,1,: ,15320.0,0,0,0,0
4.0,35.0,8,10,10.0,0.5714285714285714,3.0,2713.0,17.41341,78.339447,7.0,1,0,1,1,0,0,1,0,0,Apartment,Semi_Furnished,West,Resale_Very_Old,XL,3+,: ,16648.0,0,0,0,0
4.0,35.0,8,10,10.0,0.8571428571428571,3.0,2848.0,17.41341,78.339447,7.0,1,0,1,1,0,0,1,0,0,Apartment,Semi_Furnished,North,Resale_Very_Old,XL,3+,: ,16375.0,0,0,0,0
3.0,35.0,8,10,10.0,0.1714285714285714,2.0,4070.0,17.41341,78.339447,7.0,1,0,1,1,0,0,1,0,0,Apartment,Semi_Furnished,North,Resale_Very_Old,XL,2,: ,15073.0,0,0,0,0
3.0,35.0,8,10,10.0,0.4571428571428571,1.0,1742.0,17.41341,78.339447,7.0,1,0,1,1,0,0,1,0,0,Apartment,Semi_Furnished,West,Resale_Very_Old,Medium,1,: ,15837.0,0,0,0,0
2.0,35.0,8,10,10.0,0.5714285714285714,1.0,1492.0,17.41341,78.339447,7.0,1,0,1,1,0,0,1,0,0,Apartment,Semi_Furnished,West,Resale_Very_Old,Medium,1,: ,15520.0,0,0,0,0
2.0,35.0,8,10,10.0,0.2285714285714285,1.0,1283.0,17.41341,78.339447,7.0,1,0,1,1,0,0,1,0,0,Apartment,Semi_Furnished,NE,Resale_Very_Old,Medium,1,: ,11466.0,0,0,0,0
3.0,35.0,8,10,10.0,0.8571428571428571,1.0,1993.0,17.41341,78.339447,7.0,1,0,1,1,0,0,1,0,0,Apartment,Semi_Furnished,East,Resale_Very_Old,Large,1,: ,15446.0,0,0,0,0
2.0,35.0,8,10,10.0,0.8857142857142857,1.0,1283.0,17.41341,78.339447,7.0,1,0,1,1,0,0,1,0,0,Apartment,Semi_Furnished,East,Resale_Very_Old,Medium,1,: ,16800.0,0,0,0,0
2.0,35.0,8,10,10.0,0.1142857142857142,1.0,1492.0,17.41341,78.339447,14.0,1,0,1,1,0,0,1,0,0,Apartment,Semi_Furnished,NW,Resale_Very_Old,Medium,1,: ,17190.0,0,0,0,0
4.0,36.0,8,10,13.0,0.3055555555555556,3.0,2708.0,17.402291123438,78.338167423361,21.0,0,1,1,1,0,0,1,0,0,Apartment,Semi_Furnished,East,Resale_Old,XL,3+,: ,14293.0,0,0,0,0
3.0,35.0,8,10,10.0,0.6,2.0,4069.0,17.41341,78.339447,21.0,1,0,1,1,0,0,1,0,0,Apartment,Semi_Furnished,NE,Resale_Very_Old,XL,2,: ,14321.0,0,0,0,0
3.0,35.0,8,10,10.0,0.2571428571428571,2.0,4070.0,17.41341,78.339447,21.0,1,0,1,1,0,0,1,0,0,Apartment,Semi_Furnished,North,Resale_Very_Old,XL,2,: ,15753.0,0,0,0,0
4.0,35.0,8,10,10.0,0.4857142857142857,3.0,2848.0,17.41341,78.339447,21.0,1,0,1,1,0,0,1,0,0,Apartment,Semi_Furnished,NW,Resale_Very_Old,XL,3+,: ,16163.0,0,0,0,0
4.0,35.0,8,10,10.0,0.5714285714285714,2.0,2729.0,17.41341,78.339447,21.0,1,0,1,1,0,0,1,0,0,Apartment,Semi_Furnished,NW,Resale_Very_Old,XL,2,: ,10736.0,0,0,0,0
3.0,35.0,8,10,10.0,0.0857142857142857,1.0,1993.0,17.41341,78.339447,21.0,1,0,1,1,0,0,1,0,0,Apartment,Semi_Furnished,East,Resale_Very_Old,Large,1,: ,15226.0,0,0,0,0
3.0,35.0,7,9,10.0,0.2571428571428571,1.0,1742.0,17.41341,78.339447,21.0,1,0,1,1,0,0,1,0,0,Apartment,Semi_Furnished,West,Resale_Very_Old,Medium,1,: ,15422.0,0,0,0,0
2.0,35.0,8,10,10.0,0.2285714285714285,1.0,1492.0,17.41341,78.339447,21.0,1,0,1,1,0,0,1,0,0,Apartment,Semi_Furnished,West,Resale_Very_Old,Medium,1,: ,15618.0,0,0,0,0
2.0,35.0,6,8,10.0,0.4857142857142857,1.0,1283.0,17.41341,78.339447,21.0,1,0,1,1,0,0,1,0,0,Apartment,Semi_Furnished,East,Resale_Very_Old,Medium,1,: ,15657.0,0,0,0,0
3.0,9.0,8,8,12.0,0.7777777777777778,2.0,2050.0,17.3828053,78.3437872,30.0,1,0,1,1,0,0,1,0,0,Apartment,Semi_Furnished,East,Resale_Very_Old,Large,2,: ,7804.0,0,0,0,0
3.0,9.0,7,7,15.0,0.8888888888888888,2.0,1717.0,17.3828053,78.3437872,30.0,1,0,1,1,0,0,1,0,0,Apartment,Semi_Furnished,West,Resale_Very_Old,Medium,2,: ,7862.0,0,0,0,0
3.0,9.0,8,8,4.0,0.2222222222222222,1.0,2160.0,17.384283,78.328435,30.0,1,0,1,1,0,0,1,0,0,Apartment,Semi_Furnished,North,Resale_Very_Old,Large,1,: ,9490.0,0,0,0,0
4.0,36.0,8,8,13.0,0.3333333333333333,3.0,2708.0,17.402291123438,78.338167423361,30.0,0,1,1,1,0,0,1,0,0,Apartment,Semi_Furnished,NE,Resale_Old,XL,3+,: ,12635.0,0,0,0,0
3.0,36.0,8,8,13.0,0.7777777777777778,2.0,1796.0,17.402291123438,78.338167423361,30.0,0,1,1,1,0,0,1,0,0,Apartment,Semi_Furnished,East,Resale_Old,Medium,2,: ,13327.0,0,0,0,0
3.0,36.0,8,10,13.0,0.4444444444444444,2.0,2124.0,17.402291123438,78.338167423361,30.0,0,1,1,1,0,0,1,0,0,Apartment,Semi_Furnished,West,Resale_Old,Large,2,: ,13601.0,0,0,0,0
3.0,35.0,8,10,10.0,0.7142857142857143,2.0,4069.0,17.41341,78.339447,30.0,1,0,1,1,0,0,1,0,0,Apartment,Semi_Furnished,East,Resale_Very_Old,XL,2,: ,14643.0,0,0,0,0
4.0,35.0,8,10,10.0,0.5428571428571428,2.0,2729.0,17.41341,78.339447,30.0,1,0,1,1,0,0,1,0,0,Apartment,Semi_Furnished,West,Resale_Very_Old,XL,2,: ,15658.0,0,0,0,0
4.0,35.0,8,10,10.0,0.2857142857142857,3.0,2848.0,17.41341,78.339447,30.0,1,0,1,1,0,0,1,0,0,Apartment,Semi_Furnished,North,Resale_Very_Old,XL,3+,: ,16428.0,0,0,0,0
3.0,35.0,8,10,10.0,0.0857142857142857,1.0,1993.0,17.41341,78.339447,30.0,1,0,1,1,0,0,1,0,0,Apartment,Semi_Furnished,East,Resale_Very_Old,Large,1,: ,10486.0,0,0,0,0
3.0,35.0,8,10,10.0,0.4857142857142857,1.0,1742.0,17.41341,78.339447,30.0,1,0,1,1,0,0,1,0,0,Apartment,Semi_Furnished,NW,Resale_Very_Old,Medium,1,: ,15174.0,0,0,0,0
2.0,35.0,8,10,10.0,0.2285714285714285,1.0,1492.0,17.41341,78.339447,30.0,1,0,1,1,0,0,1,0,0,Apartment,Semi_Furnished,West,Resale_Very_Old,Medium,1,: ,15717.0,0,0,0,0
2.0,35.0,8,10,10.0,0.2857142857142857,1.0,1283.0,17.41341,78.339447,30.0,1,0,1,1,0,0,1,0,0,Apartment,Semi_Furnished,East,Resale_Very_Old,Medium,1,: ,15885.0,0,0,0,0
3.0,35.0,8,10,10.0,0.8,2.0,4069.0,17.41341,78.339447,30.0,1,0,1,1,0,0,1,0,0,Apartment,Semi_Furnished,NE,Resale_Very_Old,XL,2,: ,15216.0,0,0,0,0
3.0,35.0,6,8,10.0,0.5428571428571428,3.0,4069.0,17.41341,78.339447,30.0,1,0,1,1,0,0,1,0,0,Apartment,Semi_Furnished,NE,Resale_Very_Old,XL,3+,: ,14679.0,0,0,0,0
2.0,5.0,7,8,6.0,0.6,1.0,1290.0,17.5564,78.36389,30.0,0,1,1,1,0,0,1,0,0,Apartment,Semi_Furnished,East,Resale_Old,Medium,1,: ,4000.0,0,0,0,0
3.0,9.0,8,8,4.0,0.2222222222222222,2.0,2160.0,17.384283,78.328435,30.0,1,0,1,1,0,0,1,0,0,Apartment,Semi_Furnished,North,Resale_Very_Old,Large,2,: ,9722.0,0,0,0,0
3.0,36.0,8,8,13.0,0.4444444444444444,2.0,2124.0,17.402291123438,78.338167423361,30.0,0,1,1,1,0,0,1,0,0,Apartment,Semi_Furnished,West,Resale_Old,Large,2,: ,13446.0,0,0,0,0
4.0,36.0,8,8,13.0,0.3333333333333333,3.0,2708.0,17.402291123438,78.338167423361,30.0,0,1,1,1,0,0,1,0,0,Apartment,Semi_Furnished,West,Resale_Old,XL,3+,: ,12835.0,0,0,0,0
3.0,36.0,8,8,13.0,0.7777777777777778,2.0,1796.0,17.402291123438,78.338167423361,30.0,0,1,1,1,0,0,1,0,0,Apartment,Semi_Furnished,East,Resale_Old,Medium,2,: ,13236.0,0,0,0,0
3.0,36.0,8,8,13.0,0.4444444444444444,2.0,2124.0,17.402291123438,78.338167423361,30.0,0,1,1,1,0,0,1,0,0,Apartment,Semi_Furnished,West,Resale_Old,Large,2,: ,13292.0,0,0,0,0
3.0,36.0,8,8,13.0,0.8055555555555556,2.0,1796.0,17.40223,78.3444,30.0,0,1,1,1,0,0,1,0,0,Apartment,Semi_Furnished,East,Resale_Old,Medium,2,: ,8101.0,0,0,0,0
3.0,15.0,4,5,50.0,0.4666666666666667,2.0,2150.0,17.47078,78.30668,30.0,1,0,0,1,0,0,1,0,0,Apartment,Semi_Furnished,East,Resale_Very_Old,Large,2,: ,7069.0,0,0,0,0
3.0,5.0,8,10,0.0,0.6,1.0,1740.0,78.48667,17.38504,2.0,1,0,0,1,0,0,1,0,0,Apartment,Semi_Furnished,West,0_5_yrs,Medium,1,Khajaguda,8620.0,0,0,0,0
3.0,1.0,10,10,0.0,0.5384615384615384,2.0,800.0,78.48667,17.38504,3.0,1,0,0,1,0,0,1,0,0,Villa,Semi_Furnished,North,Under_Construction,Micro,2,hayatt palace,6632.0,1,0,0,0
1.0,1.0,1,2,6.0,0.5384615384615384,0.0,1800.0,17.529701,78.333031,4.0,1,0,0,1,0,0,1,0,0,Villa,Semi_Furnished,West,5_10_yrs,Medium,Unknown,: ,6666.0,1,0,0,0
3.0,2.0,1,1,0.0,0.5384615384615384,1.0,1602.0,17.445927,78.14929,4.0,1,0,0,1,0,0,1,0,0,Villa,Semi_Furnished,East,Under_Construction,Medium,1,: ,10299.0,1,0,0,0
4.0,3.0,16,16,49.0,0.5384615384615384,2.0,2430.0,17.38504,78.48667,7.0,0,1,0,1,0,0,1,0,0,Villa,Semi_Furnished,East,Resale_Old,Large,2,: ,20576.0,1,0,0,0
3.0,14.0,8,10,12.0,0.7857142857142857,2.0,2300.0,17.39992,78.36983,21.0,0,1,1,1,0,0,1,0,0,Apartment,Semi_Furnished,East,Resale_Old,Large,2,: ,7300.0,0,0,0,0
2.0,5.0,7,7,6.0,0.8,3.0,1260.0,17.542319,78.226934,28.0,0,1,0,1,0,0,1,0,0,Apartment,Semi_Furnished,East,Resale_Old,Medium,3+,: ,3500.0,0,0,0,0
2.0,5.0,5,5,6.0,0.4,3.0,1240.0,17.548606,78.210422,28.0,0,1,0,1,0,0,1,0,0,Apartment,Semi_Furnished,East,Resale_Old,Medium,3+,: ,3500.0,0,0,0,0
2.0,5.0,7,7,6.0,0.8,3.0,1260.0,17.548606,78.210422,28.0,0,1,0,1,0,0,1,0,0,Apartment,Furnished,East,Resale_Old,Medium,3+,: ,3700.0,0,0,0,0
2.0,5.0,7,7,6.0,0.4,3.0,1240.0,17.542319,78.226934,28.0,0,1,0,1,0,0,1,0,0,Apartment,Semi_Furnished,East,Resale_Old,Medium,3+,: ,3508.0,0,0,0,0
2.0,5.0,6,6,6.0,0.8,3.0,1215.0,17.548606,78.210422,28.0,0,1,0,1,0,0,1,0,0,Apartment,Semi_Furnished,East,Resale_Old,Medium,3+,: ,3506.0,0,0,0,0
2.0,5.0,6,6,50.0,0.4,2.0,1100.0,17.5090182,78.3001801,28.0,0,1,0,1,0,0,1,0,0,Apartment,Semi_Furnished,East,Resale_Old,Small,2,: ,4504.0,0,0,0,0
2.0,5.0,7,7,0.0,0.8,3.0,1215.0,78.48667,17.38504,28.0,0,1,0,1,0,0,1,0,0,Apartment,Semi_Furnished,East,Resale_Old,Medium,3+,PATANCHERU MAIN ROAD,3501.0,0,0,0,0
2.0,5.0,7,7,0.0,0.8,4.0,1260.0,78.48667,17.38504,28.0,0,1,0,1,0,0,1,0,0,Apartment,Semi_Furnished,East,Resale_Old,Medium,3+,PATANCHERUVA NEAR,3504.0,0,0,0,0
2.0,5.0,6,6,0.0,0.8,3.0,1240.0,78.48667,17.38504,28.0,0,1,0,1,0,0,1,0,0,Apartment,Semi_Furnished,East,Resale_Old,Medium,3+,PATANCHERUVU MAIN ROAD,3503.0,0,0,0,0
2.0,5.0,5,5,0.0,0.8,3.0,1240.0,78.48667,17.38504,28.0,0,1,0,1,0,0,1,0,0,Apartment,Semi_Furnished,East,Resale_Old,Medium,3+,"LIGAMPALLY,CHANDA NAGAR",3509.0,0,0,0,0
2.0,5.0,7,7,50.0,0.8,3.0,1215.0,17.5090182,78.3001801,28.0,0,1,0,1,0,0,1,0,0,Apartment,Semi_Furnished,East,Resale_Old,Medium,3+,Beeramguda,3501.0,0,0,0,0
2.0,5.0,8,8,6.0,0.8,3.0,1240.0,17.542319,78.226934,28.0,0,1,0,1,0,0,1,0,0,Apartment,Semi_Furnished,East,Resale_Old,Medium,3+,: ,3500.0,0,0,0,0
2.0,5.0,20,20,30.0,0.8,1.0,1240.0,17.39406,78.36492,28.0,1,0,0,1,0,0,1,0,0,Apartment,Semi_Furnished,East,Resale_Very_Old,Medium,1,: ,3500.0,0,0,0,0
2.0,5.0,5,5,0.0,0.4,2.0,1100.0,78.48667,17.38504,28.0,0,1,0,1,0,0,1,0,0,Apartment,Semi_Furnished,Unknown,Resale_Old,Small,2,: ,4505.0,0,0,0,0
2.0,5.0,6,6,0.0,0.4,2.0,1100.0,78.48667,17.38504,28.0,0,1,0,1,0,0,1,0,0,Apartment,Semi_Furnished,East,Resale_Old,Small,2,: ,4505.0,0,0,0,0
2.0,5.0,5,5,0.0,0.4,2.0,1100.0,78.48667,17.38504,28.0,0,1,0,1,0,0,1,0,0,Apartment,Semi_Furnished,West,Resale_Old,Small,2,: ,4400.0,0,0,0,0
2.0,5.0,3,3,0.0,0.4,2.0,1100.0,78.48667,17.38504,28.0,0,1,0,1,0,0,1,0,0,Apartment,Semi_Furnished,East,Resale_Old,Small,2,: ,4400.0,0,0,0,0
2.0,5.0,6,6,0.0,0.8,3.0,1215.0,78.48667,17.38504,28.0,0,1,0,1,0,0,1,0,0,Apartment,Semi_Furnished,East,Resale_Old,Medium,3+,: ,3744.0,0,0,0,0
2.0,5.0,6,6,0.0,0.8,3.0,1260.0,78.48667,17.38504,28.0,0,1,0,1,0,0,1,0,0,Apartment,Semi_Furnished,East,Resale_Old,Medium,3+,: ,3500.0,0,0,0,0
2.0,5.0,4,4,6.0,0.8,2.0,1215.0,17.548606,78.210422,28.0,0,1,0,1,0,0,1,0,0,Apartment,Semi_Furnished,East,Resale_Old,Medium,2,: ,3621.0,0,0,0,0
2.0,5.0,8,8,6.0,0.8,3.0,1215.0,17.542319,78.226934,28.0,0,1,0,1,0,0,1,0,0,Apartment,Semi_Furnished,East,Resale_Old,Medium,3+,: ,3745.0,0,0,0,0
2.0,5.0,7,7,6.0,0.8,3.0,1260.0,17.542319,78.226934,28.0,0,1,0,1,0,0,1,0,0,Apartment,Semi_Furnished,East,Resale_Old,Medium,3+,Muthangi,3504.0,0,0,0,0
2.0,5.0,6,6,0.0,0.8,3.0,1215.0,78.48667,17.38504,28.0,0,1,0,1,0,0,1,0,0,Apartment,Semi_Furnished,East,Resale_Old,Medium,3+,: ,3500.0,0,0,0,0
2.0,5.0,6,6,50.0,0.4,3.0,1260.0,17.5090182,78.3001801,28.0,0,1,0,1,0,0,1,0,0,Apartment,Semi_Furnished,East,Resale_Old,Medium,3+,: ,3769.0,0,0,0,0
2.0,5.0,5,5,0.0,0.4,3.0,1240.0,78.48667,17.38504,28.0,0,1,0,1,0,0,1,0,0,Apartment,Semi_Furnished,East,Resale_Old,Medium,3+,: ,3750.0,0,0,0,0
2.0,5.0,7,7,6.0,0.8,2.0,1215.0,17.548606,78.210422,28.0,0,1,0,1,0,0,1,0,0,Apartment,Semi_Furnished,East,Resale_Old,Medium,2,: ,3500.0,0,0,0,0
2.0,5.0,14,14,0.0,0.8,2.0,1260.0,78.48667,17.38504,28.0,0,1,0,1,0,0,1,0,0,Apartment,Semi_Furnished,East,Resale_Old,Medium,2,: ,3769.0,0,0,0,0
2.0,5.0,4,4,0.0,0.4,2.0,1240.0,78.48667,17.38504,28.0,0,1,0,1,0,0,1,0,0,Apartment,Semi_Furnished,East,Resale_Old,Medium,2,: ,3508.0,0,0,0,0
2.0,5.0,5,5,0.0,0.8,2.0,1240.0,78.48667,17.38504,28.0,0,1,0,1,0,0,1,0,0,Apartment,Semi_Furnished,East,Resale_Old,Medium,2,: ,3500.0,0,0,0,0
3.0,5.0,3,3,50.0,0.6,2.0,1600.0,17.5203424,78.3970205,28.0,0,1,0,1,0,0,1,0,0,Apartment,Semi_Furnished,East,Resale_Old,Medium,2,: ,4203.0,0,0,0,0
3.0,5.0,4,4,0.0,0.6,2.0,1600.0,78.48667,17.38504,28.0,0,1,0,1,0,0,1,0,0,Apartment,Semi_Furnished,East,Resale_Old,Medium,2,: ,4268.0,0,0,0,0
2.0,5.0,3,3,0.0,0.8,2.0,1260.0,78.48667,17.38504,28.0,0,1,0,1,0,0,1,0,0,Apartment,Semi_Furnished,East,Resale_Old,Medium,2,: ,3611.0,0,0,0,0
3.0,5.0,5,5,0.0,0.2,2.0,1600.0,78.48667,17.38504,28.0,0,1,0,1,0,0,1,0,0,Apartment,Semi_Furnished,East,Resale_Old,Medium,2,: ,4200.0,0,0,0,0
2.0,5.0,5,5,46.0,0.4,2.0,1100.0,17.5330867548758,78.2682745858627,28.0,0,1,0,1,0,0,1,0,0,Apartment,Semi_Furnished,Unknown,Resale_Old,Small,2,: ,4500.0,0,0,0,0
2.0,5.0,4,4,0.0,0.8,2.0,1240.0,78.48667,17.38504,28.0,0,1,0,1,0,0,1,0,0,Apartment,Semi_Furnished,Unknown,Resale_Old,Medium,2,: ,3629.0,0,0,0,0
3.0,5.0,3,3,47.0,0.6,2.0,1610.0,17.496402,78.3941299,28.0,0,1,0,1,0,0,1,0,0,Apartment,Semi_Furnished,Unknown,Resale_Old,Medium,2,: ,4503.0,0,0,0,0
2.0,5.0,4,4,50.0,0.4,2.0,1100.0,17.5090182,78.3001801,28.0,0,1,0,1,0,0,1,0,0,Apartment,Semi_Furnished,East,Resale_Old,Small,2,: ,4509.0,0,0,0,0
2.0,5.0,20,20,49.0,0.8,1.0,1240.0,17.514614,78.33945,28.0,1,0,0,1,0,0,1,0,0,Apartment,Semi_Furnished,West,Resale_Very_Old,Medium,1,: ,3500.0,0,0,0,0
2.0,5.0,20,20,49.0,0.8,1.0,1240.0,17.515013,78.33899,28.0,1,0,0,1,0,0,1,0,0,Apartment,Semi_Furnished,West,Resale_Very_Old,Medium,1,: ,3500.0,0,0,0,0
2.0,5.0,0,0,49.0,0.8,1.0,1260.0,17.515013,78.33899,28.0,1,0,0,1,0,0,1,0,0,Apartment,Semi_Furnished,East,Resale_Very_Old,Medium,1,: ,3500.0,0,0,0,0
2.0,5.0,20,20,49.0,0.8,1.0,1240.0,17.515013,78.33899,28.0,1,0,0,1,0,0,1,0,0,Apartment,Semi_Furnished,West,Resale_Very_Old,Medium,1,: ,3500.0,0,0,0,0
2.0,5.0,14,14,49.0,0.4,1.0,1260.0,17.515013,78.33899,28.0,1,0,0,1,0,0,1,0,0,Apartment,Semi_Furnished,West,Resale_Very_Old,Medium,1,: ,3500.0,0,0,0,0
2.0,5.0,20,20,49.0,0.8,1.0,1215.0,17.515013,78.33899,28.0,1,0,0,1,0,0,1,0,0,Apartment,Semi_Furnished,East,Resale_Very_Old,Medium,1,: ,3572.0,0,0,0,0
2.0,5.0,14,14,49.0,0.4,1.0,1260.0,17.515013,78.33899,28.0,1,0,0,1,0,0,1,0,0,Apartment,Semi_Furnished,East,Resale_Very_Old,Medium,1,: ,3500.0,0,0,0,0
2.0,5.0,20,20,49.0,0.8,1.0,1215.0,17.51459,78.33948,28.0,1,0,0,1,0,0,1,0,0,Apartment,Semi_Furnished,West,Resale_Very_Old,Medium,1,: ,3572.0,0,0,0,0
2.0,5.0,20,20,49.0,0.8,1.0,1240.0,17.51459,78.33948,28.0,1,0,0,1,0,0,1,0,0,Apartment,Semi_Furnished,East,Resale_Very_Old,Medium,1,: ,3500.0,0,0,0,0
2.0,5.0,14,14,49.0,0.4,1.0,1260.0,17.51459,78.33948,28.0,1,0,0,1,0,0,1,0,0,Apartment,Semi_Furnished,NE,Resale_Very_Old,Medium,1,: ,3500.0,0,0,0,0
2.0,5.0,14,14,50.0,0.4,1.0,1260.0,17.531847,78.29359,28.0,1,0,0,1,0,0,1,0,0,Apartment,Semi_Furnished,East,Resale_Very_Old,Medium,1,: ,3500.0,0,0,0,0
2.0,5.0,20,20,50.0,0.8,1.0,1215.0,17.531847,78.29359,28.0,1,0,0,1,0,0,1,0,0,Apartment,Semi_Furnished,East,Resale_Very_Old,Medium,1,: ,3572.0,0,0,0,0
2.0,5.0,14,14,48.0,0.4,1.0,1260.0,17.531643,78.293884,28.0,1,0,0,1,0,0,1,0,0,Apartment,Semi_Furnished,West,Resale_Very_Old,Medium,1,: ,3500.0,0,0,0,0
2.0,5.0,20,20,48.0,0.8,1.0,1215.0,17.531643,78.293884,28.0,1,0,0,1,0,0,1,0,0,Apartment,Semi_Furnished,West,Resale_Very_Old,Medium,1,: ,3572.0,0,0,0,0
2.0,5.0,20,20,48.0,0.8,1.0,1240.0,17.531643,78.293884,28.0,1,0,0,1,0,0,1,0,0,Apartment,Semi_Furnished,East,Resale_Very_Old,Medium,1,: ,3500.0,0,0,0,0
2.0,5.0,20,20,48.0,0.8,1.0,1215.0,17.531643,78.293884,28.0,1,0,0,1,0,0,1,0,0,Apartment,Semi_Furnished,West,Resale_Very_Old,Medium,1,: ,3572.0,0,0,0,0
2.0,5.0,14,14,48.0,0.4,1.0,1260.0,17.531643,78.293884,28.0,1,0,0,1,0,0,1,0,0,Apartment,Semi_Furnished,East,Resale_Very_Old,Medium,1,: ,3500.0,0,0,0,0
3.0,14.0,30,32,12.0,0.7857142857142857,1.0,1610.0,17.39992,78.36983,30.0,0,1,1,1,0,0,1,0,0,Apartment,Furnished,East,Resale_Old,Medium,1,: ,7200.0,0,0,0,0
3.0,2.0,11,11,1.0,0.5384615384615384,1.0,3613.0,17.509668,78.196121,30.0,0,1,0,1,0,0,1,0,0,Villa,Semi_Furnished,North,Resale_Old,XL,1,: ,5500.0,1,0,0,0
2.0,5.0,8,9,0.0,1.0,1.0,1300.0,78.48667,17.38504,30.0,1,0,0,1,0,0,1,1,0,Apartment,Semi_Furnished,East,Under_Construction,Medium,1,Beverly hills,8076.0,0,0,0,0
2.0,12.0,7,8,0.0,0.75,1.0,1220.0,78.48667,17.38504,30.0,1,0,0,1,0,0,1,0,0,Apartment,Semi_Furnished,West,0_5_yrs,Medium,1,Chandanagar,9221.0,0,0,0,0
3.0,5.0,12,13,0.0,0.2,2.0,1690.0,78.48667,17.38504,30.0,1,0,0,1,0,0,1,0,0,Apartment,Semi_Furnished,East,Resale_Very_Old,Medium,2,Kompally,6250.0,0,0,0,0
2.0,4.0,11,13,49.0,0.5,1.0,1220.0,17.38504,78.48667,30.0,1,0,0,1,0,0,1,0,0,Apartment,Semi_Furnished,East,Under_Construction,Medium,1,: ,5000.0,0,0,0,0
3.0,1.0,8,8,47.0,1.0,2.0,2150.0,17.447862,78.459592,30.0,1,0,0,1,0,0,1,1,0,Apartment,Semi_Furnished,East,0_5_yrs,Large,2,: ,10465.0,0,0,0,0
3.0,1.0,7,8,0.0,1.0,2.0,1850.0,78.48667,17.38504,30.0,1,0,0,1,0,0,1,1,0,Apartment,Semi_Furnished,East,Under_Construction,Large,2,: ,12162.0,0,0,0,0
4.0,7.0,9,9,49.0,0.4285714285714285,4.0,3600.0,17.4609913,78.3532083,60.0,1,0,0,1,0,0,1,0,0,Apartment,Unfurnished,West,0_5_yrs,XL,3+,: ,11458.0,0,0,0,0
4.0,3.0,13,15,5.0,0.5384615384615384,1.0,160.0,17.4975882,78.6313624,2.0,0,1,0,1,0,0,0,0,0,Villa,Furnished,West,Resale_Old,Micro,1,: ,73750.0,1,0,0,0
2.0,0.0,3,3,5.0,0.5384615384615384,2.0,850.0,17.4975882,78.6313624,3.0,0,1,0,1,0,0,0,0,0,Villa,Furnished,East,Resale_Old,Small,2,: ,5523.0,1,0,0,0
3.0,0.0,17,19,2.0,0.5384615384615384,1.0,2160.0,17.5280399,78.6540576,,1,0,0,1,0,0,0,0,0,Villa,Furnished,SW,Resale_Very_Old,Large,1,: ,5115.0,1,0,0,0
3.0,0.0,17,17,2.0,0.5384615384615384,1.0,1530.0,17.5280399,78.6540576,5.0,0,1,0,1,0,0,0,0,0,Villa,Furnished,East,Resale_Old,Medium,1,: ,4712.0,1,0,0,0
2.0,1.0,13,15,2.0,0.5384615384615384,1.0,1150.0,17.5280399,78.6540576,30.0,0,1,0,1,0,0,0,0,0,Villa,Furnished,East,Resale_Old,Small,1,: ,5695.0,1,0,0,0
2.0,1.0,14,14,2.0,0.5384615384615384,1.0,1098.0,17.5280399,78.6540576,7.0,1,0,0,1,0,0,1,0,0,Villa,Furnished,East,Resale_Very_Old,Small,1,: ,6000.0,1,0,0,0
2.0,1.0,8,8,49.0,0.5384615384615384,1.0,1800.0,17.4630853,78.5699888,30.0,1,0,0,1,0,0,1,0,0,Villa,Furnished,West,Resale_Very_Old,Medium,1,ECIL,4627.0,1,0,0,0
2.0,0.0,14,16,16.0,0.5384615384615384,1.0,100.0,17.4953835,78.6239692,60.0,0,1,0,1,0,0,0,0,0,Villa,Furnished,West,Resale_Old,Micro,1,: ,58000.0,1,0,0,0
4.0,2.0,8,8,0.0,0.5384615384615384,2.0,1485.0,78.48667,17.38504,,0,1,0,1,0,0,1,0,0,Villa,Semi_Furnished,East,Resale_Old,Medium,2,Kishareddypet,10240.0,1,0,0,0
3.0,31.0,7,9,12.0,0.5161290322580645,1.0,1834.0,17.3973794,78.3856447,,1,0,0,1,0,1,1,0,0,Apartment,Furnished,West,Under_Construction,Large,1,: ,11723.0,0,0,0,0
3.0,31.0,7,8,12.0,0.7419354838709677,1.0,1700.0,17.3973794,78.3856447,,1,0,0,1,0,1,1,0,0,Apartment,Furnished,East,Under_Construction,Medium,1,: ,13235.0,0,0,0,0
3.0,30.0,8,11,44.0,0.9333333333333332,1.0,2018.0,17.440084,78.348915,2.0,1,0,0,1,0,1,1,0,0,Apartment,Semi_Furnished,East,0_5_yrs,Large,1,: ,9100.0,0,0,0,0
3.0,19.0,8,8,4.0,0.7368421052631579,2.0,2210.0,17.4609913,78.3532083,2.0,1,0,1,1,0,0,1,0,0,Apartment,Semi_Furnished,East,Under_Construction,Large,2,: ,11990.0,0,0,0,0
3.0,19.0,8,8,4.0,0.8947368421052632,2.0,2645.0,17.4609913,78.3532083,2.0,1,0,1,1,0,0,1,0,0,Apartment,Semi_Furnished,East,Under_Construction,XL,2,: ,11984.0,0,0,0,0
4.0,19.0,8,8,4.0,0.1578947368421052,2.0,4095.0,17.4609913,78.3532083,2.0,1,0,1,1,0,0,1,0,0,Apartment,Semi_Furnished,East,Under_Construction,XL,2,: ,12576.0,0,0,0,0
3.0,19.0,8,8,4.0,0.5789473684210527,2.0,2215.0,17.4609913,78.3532083,2.0,1,0,1,1,0,0,1,0,0,Apartment,Semi_Furnished,West,Under_Construction,Large,2,: ,11963.0,0,0,0,0
4.0,3.0,8,10,50.0,0.5384615384615384,2.0,2700.0,17.5090182,78.3001801,5.0,0,1,0,1,0,0,1,0,0,Villa,Semi_Furnished,East,Resale_Old,XL,2,Beeramguda,5700.0,1,0,0,0
3.0,34.0,31,33,13.0,0.3823529411764705,1.0,1390.0,17.40223,78.3444,7.0,0,1,1,1,0,0,1,0,0,Apartment,Semi_Furnished,West,Resale_Old,Medium,1,: ,10072.0,0,0,0,0
3.0,10.0,7,9,4.0,0.4,1.0,2045.0,17.452404,78.36719,7.0,1,0,1,1,0,1,1,0,0,Apartment,Semi_Furnished,East,Under_Construction,Large,1,: ,10171.0,0,0,0,0
4.0,10.0,7,9,4.0,1.0,2.0,3050.0,17.4609913,78.3532083,7.0,1,0,1,1,0,1,1,1,0,Apartment,Semi_Furnished,West,Under_Construction,XL,2,: ,9967.0,0,0,0,0
3.0,10.0,7,9,4.0,0.7,1.0,1870.0,17.4609913,78.3532083,7.0,1,0,1,1,0,1,1,0,0,Apartment,Semi_Furnished,East,Under_Construction,Large,1,: ,10198.0,0,0,0,0
3.0,34.0,30,32,13.0,0.2058823529411764,1.0,2049.0,17.40223,78.3444,7.0,0,1,1,1,0,0,1,0,0,Apartment,Semi_Furnished,East,Resale_Old,Large,1,: ,9760.0,0,0,0,0
3.0,10.0,7,10,4.0,0.2,2.0,2290.0,17.4609913,78.3532083,7.0,1,0,1,1,0,1,1,0,0,Apartment,Furnished,West,Under_Construction,Large,2,: ,10043.0,0,0,0,0
3.0,10.0,8,10,4.0,1.0,2.0,2300.0,17.4609913,78.3532083,7.0,1,0,1,1,0,1,1,1,0,Apartment,Semi_Furnished,East,Under_Construction,Large,2,: ,10000.0,0,0,0,0
4.0,3.0,8,10,50.0,0.5384615384615384,3.0,1501.0,17.536121,78.289779,7.0,0,1,0,1,0,0,0,0,0,Villa,Semi_Furnished,East,Resale_Old,Medium,3+,: ,10193.0,1,0,0,0
3.0,10.0,8,10,4.0,0.9,1.0,2280.0,17.4609913,78.3532083,7.0,1,0,1,1,0,1,1,0,0,Apartment,Semi_Furnished,East,Under_Construction,Large,1,: ,9429.0,0,0,0,0
3.0,14.0,3,4,49.0,0.8571428571428571,3.0,2671.0,17.4609913,78.3532083,7.0,1,0,0,1,0,1,1,0,0,Apartment,Furnished,West,0_5_yrs,XL,3+,: ,7300.0,0,0,0,0
3.0,3.0,18,19,4.0,0.5384615384615384,3.0,1500.0,17.261839,78.54463,14.0,1,0,0,1,0,1,1,0,0,Villa,Semi_Furnished,East,Under_Construction,Medium,3+,: ,10066.0,1,0,0,0
4.0,3.0,8,10,50.0,0.5384615384615384,2.0,2700.0,17.5090182,78.3001801,14.0,0,1,0,1,0,0,1,0,0,Villa,Semi_Furnished,East,Resale_Old,XL,2,Beeramguda,5500.0,1,0,0,0
3.0,2.0,12,14,0.0,0.5384615384615384,1.0,2700.0,17.469239,78.20223,14.0,1,0,1,1,0,0,1,0,0,Villa,Semi_Furnished,East,Resale_Very_Old,XL,1,: ,9444.0,1,0,0,0
3.0,14.0,8,11,41.0,0.6428571428571429,2.0,2959.0,17.454485,78.37039,14.0,1,0,0,1,0,1,1,0,0,Apartment,Semi_Furnished,East,Under_Construction,XL,2,: ,8448.0,0,0,0,0
3.0,10.0,7,10,4.0,0.3,1.0,2185.0,17.454485,78.37039,14.0,1,0,1,1,0,1,1,0,0,Apartment,Semi_Furnished,East,Under_Construction,Large,1,: ,11212.0,0,0,0,0
3.0,10.0,3,4,4.0,0.2,1.0,2185.0,17.454485,78.37039,14.0,1,0,1,1,0,1,1,0,0,Apartment,Furnished,West,Under_Construction,Large,1,: ,10297.0,0,0,0,0
3.0,10.0,8,8,4.0,0.7,1.0,1870.0,17.4609913,78.3532083,14.0,1,0,1,1,0,1,1,0,0,Apartment,Semi_Furnished,West,Under_Construction,Large,1,: ,10160.0,0,0,0,0
3.0,10.0,8,8,4.0,1.0,1.0,2300.0,17.452614,78.36758,14.0,1,0,1,1,0,1,1,1,0,Apartment,Semi_Furnished,East,Under_Construction,Large,1,: ,10217.0,0,0,0,0
3.0,1.0,7,7,3.0,0.5384615384615384,1.0,2600.0,17.47661,78.173427,14.0,1,0,0,1,0,0,0,0,0,Villa,Semi_Furnished,East,Resale_Very_Old,XL,1,Bhanur,9230.0,1,0,0,0
3.0,8.0,7,8,41.0,0.25,2.0,1650.0,17.454262,78.366306,14.0,1,0,0,1,0,0,1,0,0,Apartment,Furnished,North,Under_Construction,Medium,2,: ,10000.0,0,0,0,0
3.0,30.0,8,8,8.0,0.1,1.0,2055.0,17.3923634,78.3621784,14.0,1,0,0,1,0,0,1,0,0,Apartment,Semi_Furnished,East,Under_Construction,Large,1,: ,11192.0,0,0,0,0
4.0,3.0,8,11,50.0,0.5384615384615384,2.0,3400.0,17.536121,78.289779,14.0,0,1,0,1,0,0,1,0,0,Villa,Semi_Furnished,East,Resale_Old,XL,2,Krishna Reddy Pet,5588.0,1,0,0,0
4.0,3.0,8,10,0.0,0.5384615384615384,2.0,2700.0,17.563151,78.296336,14.0,0,1,0,1,0,0,1,0,0,Villa,Semi_Furnished,East,Resale_Old,XL,2,Wadakpally,5555.0,1,0,0,0
4.0,10.0,8,10,4.0,0.2,2.0,2860.0,17.4525975,78.3675771,21.0,1,0,1,1,0,1,1,0,0,Apartment,Semi_Furnished,West,Resale_Very_Old,XL,2,: ,10000.0,0,0,0,0
3.0,5.0,0,1,49.0,0.6,1.0,1100.0,17.38504,78.48667,21.0,1,0,0,1,0,0,1,0,0,Apartment,Unfurnished,North,5_10_yrs,Small,1,: ,6181.0,0,0,0,0
1.0,2.0,0,0,50.0,1.0,1.0,530.0,17.426833,78.534737,21.0,1,0,0,1,0,0,1,1,0,Apartment,Unfurnished,East,5_10_yrs,Micro,1,: ,5283.0,0,0,0,0
4.0,2.0,8,11,50.0,0.5384615384615384,2.0,3400.0,17.5090182,78.3001801,21.0,0,1,0,1,0,0,1,0,0,Villa,Semi_Furnished,West,Resale_Old,XL,2,Beeramguda,5588.0,1,0,0,0
4.0,2.0,8,10,50.0,0.5384615384615384,3.0,1503.0,17.5090182,78.3001801,21.0,0,1,0,1,0,0,1,0,0,Villa,Semi_Furnished,East,Resale_Old,Medium,3+,Beeramguda,9980.0,1,0,0,0
3.0,14.0,2,3,48.0,0.7857142857142857,1.0,2440.0,17.42278,78.34724,28.0,1,0,0,1,0,0,1,0,0,Apartment,Furnished,East,0_5_yrs,Large,1,: ,10655.0,0,0,0,0
3.0,0.0,0,0,50.0,0.5384615384615384,0.0,2160.0,17.435821,78.560357,30.0,1,0,0,1,0,0,1,0,0,Villa,Semi_Furnished,East,5_10_yrs,Large,Unknown,: ,90000.0,1,0,0,0
2.0,5.0,1,1,50.0,0.6,1.0,1050.0,17.434712,78.51859,30.0,1,0,0,1,0,0,1,0,0,Apartment,Unfurnished,North,Resale_Very_Old,Small,1,: ,7142.0,0,0,0,0
2.0,3.0,0,0,49.0,0.3333333333333333,1.0,1125.0,17.38504,78.48667,30.0,1,0,0,1,0,0,1,0,0,Apartment,Furnished,East,5_10_yrs,Small,1,: ,4888.0,0,0,0,0
4.0,3.0,8,10,50.0,0.5384615384615384,3.0,2700.0,17.5090182,78.3001801,30.0,0,1,0,1,0,0,1,0,0,Villa,Semi_Furnished,East,Resale_Old,XL,3+,: ,5518.0,1,0,0,0
4.0,5.0,8,11,50.0,0.5384615384615384,3.0,1503.0,17.536121,78.289779,30.0,0,1,0,1,0,0,1,0,0,Villa,Furnished,West,Resale_Old,Medium,3+,: ,9913.0,1,0,0,0
3.0,4.0,1,0,49.0,1.0,2.0,1558.0,17.38504,78.48667,30.0,1,0,0,1,0,0,1,1,0,Apartment,Semi_Furnished,East,Resale_Very_Old,Medium,2,: ,8793.0,0,0,0,0
2.0,5.0,0,0,50.0,0.6,1.0,950.0,17.435821,78.560357,30.0,1,0,0,1,0,0,1,0,0,Apartment,Furnished,North,5_10_yrs,Small,1,: ,4421.0,0,0,0,0
8.0,3.0,0,0,50.0,0.5384615384615384,3.0,2250.0,17.435821,78.560357,30.0,1,0,0,1,0,0,0,0,0,Villa,Unfurnished,South,5_10_yrs,Large,3+,: ,100000.0,1,0,0,0
3.0,5.0,1,1,49.0,0.2,2.0,2500.0,17.38504,78.48667,30.0,1,0,0,1,0,0,1,0,0,Apartment,Semi_Furnished,East,Resale_Very_Old,Large,2,: ,8280.0,0,0,0,0
2.0,5.0,4,5,50.0,0.2,1.0,900.0,17.4068127,78.5476296,30.0,1,0,0,1,0,0,1,0,0,Apartment,Semi_Furnished,South,5_10_yrs,Small,1,: ,6888.0,0,0,0,0
2.0,5.0,3,4,0.0,0.6,1.0,960.0,78.49827,17.43993,30.0,1,0,0,1,0,0,1,0,0,Apartment,Semi_Furnished,West,5_10_yrs,Small,1,: ,5208.0,0,0,0,0
3.0,5.0,5,7,10.0,0.8,2.0,1445.0,17.5468498,78.3650231,30.0,1,0,0,1,0,0,1,0,0,Apartment,Semi_Furnished,West,Under_Construction,Medium,2,Bachupally,5190.0,0,0,0,0
3.0,5.0,4,4,50.0,0.8,2.0,1810.0,17.435821,78.560357,30.0,1,0,0,1,0,0,1,0,0,Apartment,Furnished,East,Under_Construction,Large,2,: ,6906.0,0,0,0,0
2.0,5.0,0,0,49.0,0.6,1.0,750.0,17.38504,78.48667,30.0,1,0,0,1,0,0,1,0,0,Apartment,Semi_Furnished,East,5_10_yrs,Micro,1,: ,5066.0,0,0,0,0
3.0,4.0,10,11,0.0,1.0,2.0,1160.0,78.49827,17.43993,30.0,1,0,0,1,0,0,1,1,0,Apartment,Semi_Furnished,North,5_10_yrs,Small,2,: ,5172.0,0,0,0,0
4.0,2.0,1,2,46.0,0.5384615384615384,2.0,1800.0,17.4164707,78.4382469,30.0,1,0,0,1,0,0,0,0,0,Villa,Furnished,South,5_10_yrs,Medium,2,Banjara hills,158000.0,1,0,0,0
3.0,2.0,8,11,6.0,0.5384615384615384,3.0,2000.0,17.542319,78.226934,30.0,0,1,0,1,0,0,0,0,0,Villa,Semi_Furnished,East,Resale_Old,Large,3+,Muthangi,4000.0,1,0,0,0
4.0,3.0,8,10,50.0,0.5384615384615384,3.0,2765.0,17.536121,78.289779,30.0,0,1,0,1,0,0,1,0,0,Villa,Semi_Furnished,East,Resale_Old,XL,3+,: ,5135.0,1,0,0,0
3.0,5.0,8,10,50.0,0.8,2.0,1450.0,17.5203424,78.3970205,30.0,1,0,0,1,0,0,1,0,0,Apartment,Semi_Furnished,North,Resale_Very_Old,Medium,2,Pragathi Nagar,5172.0,0,0,0,0
3.0,8.0,8,8,49.0,1.0,2.0,2400.0,17.4609913,78.3532083,30.0,1,0,1,1,0,0,1,1,0,Apartment,Semi_Furnished,West,Under_Construction,Large,2,Kondapur,9083.0,0,0,0,0
3.0,36.0,8,8,13.0,0.7777777777777778,1.0,2595.0,17.4480919,78.3787508,30.0,1,0,0,1,0,0,1,0,0,Apartment,Semi_Furnished,West,0_5_yrs,XL,1,Hi Tech City,20231.0,0,0,0,0
4.0,3.0,8,10,0.0,0.5384615384615384,3.0,3600.0,17.436949,78.268649,30.0,1,0,0,1,0,0,1,0,0,Villa,Semi_Furnished,East,Resale_Very_Old,XL,3+,: ,13555.0,1,0,0,0
5.0,3.0,16,18,47.0,0.5384615384615384,3.0,1503.0,17.5337007,78.401286,0.0,0,1,0,1,0,0,0,0,0,Villa,Semi_Furnished,NE,Resale_Old,Medium,3+,: ,77844.0,1,0,0,0
5.0,3.0,14,16,4.0,0.5384615384615384,2.0,1800.0,17.56162,78.40555,0.0,0,1,0,1,0,0,0,0,0,Villa,Semi_Furnished,NE,Resale_Old,Medium,2,: ,70000.0,1,0,0,0
6.0,3.0,14,16,4.0,0.5384615384615384,3.0,1503.0,17.56162,78.40555,0.0,0,1,0,1,0,0,0,0,0,Villa,Semi_Furnished,East,Resale_Old,Medium,3+,: ,71856.0,1,0,0,0
6.0,3.0,14,16,0.0,0.5384615384615384,3.0,1800.0,17.61031,78.39133,0.0,0,1,0,1,0,0,0,0,0,Villa,Semi_Furnished,NE,Resale_Old,Medium,3+,: ,50000.0,1,0,0,0
5.0,3.0,14,16,0.0,0.5384615384615384,3.0,1503.0,17.61031,78.39133,0.0,0,1,0,1,0,0,0,0,0,Villa,Semi_Furnished,NE,Resale_Old,Medium,3+,: ,53892.0,1,0,0,0
6.0,3.0,14,16,50.0,0.5384615384615384,2.0,1800.0,17.5090182,78.3001801,0.0,0,1,0,1,0,0,0,0,0,Villa,Semi_Furnished,NE,Resale_Old,Medium,2,: ,75000.0,1,0,0,0
5.0,3.0,15,17,50.0,0.5384615384615384,2.0,1503.0,17.5090182,78.3001801,0.0,0,1,0,1,0,0,0,0,0,Villa,Semi_Furnished,NE,Resale_Old,Medium,2,: ,77844.0,1,0,0,0
5.0,3.0,14,16,50.0,0.5384615384615384,3.0,1503.0,17.5179636,78.3813785,2.0,0,1,0,1,0,0,0,0,0,Villa,Semi_Furnished,NE,Resale_Old,Medium,3+,: ,77844.0,1,0,0,0
5.0,3.0,15,17,6.0,0.5384615384615384,3.0,1503.0,17.5564,78.36389,2.0,0,1,0,1,0,0,0,0,0,Villa,Semi_Furnished,East,Resale_Old,Medium,3+,: ,65868.0,1,0,0,0
5.0,3.0,15,17,10.0,0.5384615384615384,3.0,1503.0,17.5468498,78.3650231,2.0,0,1,0,1,0,0,0,0,0,Villa,Semi_Furnished,NE,Resale_Old,Medium,3+,: ,71856.0,1,0,0,0
6.0,3.0,14,16,13.0,0.5384615384615384,2.0,1503.0,17.5789054,78.4268758,2.0,0,1,0,1,0,0,0,0,0,Villa,Semi_Furnished,East,Resale_Old,Medium,2,: ,83832.0,1,0,0,0
6.0,3.0,14,16,0.0,0.5384615384615384,3.0,1800.0,17.626354,78.400816,2.0,0,1,0,1,0,0,0,0,0,Villa,Semi_Furnished,East,Resale_Old,Medium,3+,: ,75000.0,1,0,0,0
6.0,3.0,16,18,0.0,0.5384615384615384,3.0,1503.0,17.626354,78.400816,2.0,0,1,0,1,0,0,0,0,0,Villa,Semi_Furnished,East,Resale_Old,Medium,3+,: ,71856.0,1,0,0,0
3.0,2.0,9,10,39.0,0.5384615384615384,1.0,1440.0,17.553842,78.273153,2.0,1,0,0,1,0,0,1,0,0,Villa,Semi_Furnished,East,Resale_Very_Old,Medium,1,: ,89375.0,1,0,0,0
3.0,33.0,14,16,10.0,0.3333333333333333,2.0,1600.0,17.5468498,78.3650231,4.0,0,1,0,1,0,0,1,0,0,Apartment,Semi_Furnished,East,Resale_Old,Medium,2,: ,4062.0,0,0,0,0
2.0,33.0,14,15,10.0,0.7575757575757576,1.0,1200.0,17.5468498,78.3650231,4.0,0,1,0,1,0,0,1,0,0,Apartment,Semi_Furnished,East,Resale_Old,Small,1,: ,4583.0,0,0,0,0
3.0,33.0,14,16,50.0,0.4242424242424242,2.0,1600.0,17.5179636,78.3813785,4.0,0,1,0,1,0,0,1,0,0,Apartment,Semi_Furnished,East,Resale_Old,Medium,2,: ,4375.0,0,0,0,0
3.0,33.0,14,16,50.0,0.6363636363636364,2.0,1600.0,17.5203424,78.3970205,4.0,0,1,0,1,0,0,1,0,0,Apartment,Semi_Furnished,NE,Resale_Old,Medium,2,: ,4500.0,0,0,0,0
2.0,33.0,14,16,50.0,0.5151515151515151,1.0,1200.0,17.5203424,78.3970205,4.0,0,1,0,1,0,0,1,0,0,Apartment,Semi_Furnished,NE,Resale_Old,Small,1,: ,4500.0,0,0,0,0
4.0,3.0,2,3,15.0,0.5384615384615384,1.0,4146.0,17.4653919,78.2632133,4.0,1,0,1,1,0,1,1,0,0,Villa,Semi_Furnished,West,Resale_Very_Old,XL,1,: ,15653.0,1,0,0,0
2.0,12.0,8,8,50.0,0.5,1.0,1385.0,17.471308969470805,78.35772746316867,5.0,1,0,0,1,0,1,1,0,0,Apartment,Semi_Furnished,East,Resale_Very_Old,Medium,1,: ,7942.0,0,0,0,0
3.0,2.0,11,12,39.0,0.5384615384615384,1.0,2210.0,17.553842,78.273153,6.0,0,1,0,1,0,0,1,0,0,Villa,Semi_Furnished,East,Resale_Old,Large,1,: ,6500.0,1,0,0,0
2.0,27.0,7,8,10.0,0.2222222222222222,1.0,1250.0,17.4480919,78.3787508,7.0,0,1,1,1,0,0,1,0,0,Apartment,Semi_Furnished,West,Resale_Old,Medium,1,: ,8960.0,0,0,0,0
2.0,12.0,7,7,10.0,0.6666666666666666,1.0,1180.0,17.4359437,78.3416731,7.0,1,0,1,1,0,0,1,0,0,Apartment,Semi_Furnished,West,Resale_Very_Old,Small,1,: ,8474.0,0,0,0,0
3.0,12.0,7,7,10.0,0.6666666666666666,1.0,1655.0,17.4359437,78.3416731,7.0,1,0,1,1,0,0,1,0,0,Apartment,Semi_Furnished,West,Resale_Very_Old,Medium,1,: ,8459.0,0,0,0,0
3.0,32.0,3,3,13.0,0.40625,1.0,1957.0,17.40223,78.3444,7.0,1,0,1,1,0,0,1,0,0,Apartment,Semi_Furnished,East,Resale_Very_Old,Large,1,: ,10986.0,0,0,0,0
2.0,11.0,13,15,0.0,0.8181818181818182,1.0,1100.0,17.626354,78.400816,7.0,0,1,0,1,0,0,1,0,0,Apartment,Semi_Furnished,East,Resale_Old,Small,1,: ,3363.0,0,0,0,0
3.0,11.0,13,15,13.0,0.2727272727272727,2.0,1400.0,17.5789054,78.4268758,7.0,0,1,0,1,0,0,1,0,0,Apartment,Semi_Furnished,East,Resale_Old,Medium,2,: ,3214.0,0,0,0,0
2.0,11.0,13,14,13.0,0.4545454545454545,1.0,1100.0,17.5789054,78.4268758,7.0,0,1,0,1,0,0,1,0,0,Apartment,Semi_Furnished,East,Resale_Old,Small,1,: ,3545.0,0,0,0,0
2.0,5.0,3,3,6.0,0.6,2.0,1200.0,17.5564,78.36389,7.0,1,0,0,1,0,0,1,0,0,Apartment,Semi_Furnished,East,Resale_Very_Old,Small,2,: ,4300.0,0,0,0,0
3.0,2.0,8,10,49.0,0.5384615384615384,2.0,2384.0,17.38504,78.48667,7.0,1,0,0,1,0,0,0,0,0,Villa,Semi_Furnished,East,Resale_Very_Old,Large,2,: ,9144.0,1,0,0,0
3.0,31.0,3,3,12.0,0.935483870967742,1.0,1834.0,17.3973794,78.3856447,7.0,1,0,0,1,0,0,1,0,0,Apartment,Semi_Furnished,West,Under_Construction,Large,1,: ,11450.0,0,0,0,0
1.0,6.0,6,7,49.0,0.1666666666666666,1.0,500.0,17.4609913,78.3532083,7.0,0,1,0,1,0,0,1,0,0,Apartment,Semi_Furnished,East,Resale_Old,Micro,1,Kondapur,6400.0,0,0,0,0
3.0,2.0,13,13,8.0,0.5384615384615384,2.0,2780.0,17.428952,78.197469,7.0,1,0,1,1,0,0,1,0,0,Villa,Semi_Furnished,East,Resale_Very_Old,XL,2,: ,8899.0,1,0,0,0
2.0,5.0,6,7,49.0,0.6,1.0,1210.0,17.4609913,78.3532083,14.0,1,0,0,1,0,0,1,0,0,Apartment,Furnished,West,Under_Construction,Medium,1,: ,7851.0,0,0,0,0
3.0,14.0,15,16,43.0,1.0,2.0,2430.0,17.4213447,78.3409343,14.0,1,0,0,1,0,1,1,1,0,Apartment,Furnished,West,0_5_yrs,Large,2,: ,11571.0,0,0,0,0
2.0,5.0,0,0,49.0,0.8,1.0,1104.0,17.516907,78.34283,14.0,1,0,0,1,0,1,1,0,0,Apartment,Semi_Furnished,NE,Under_Construction,Small,1,: ,7880.0,0,0,0,0
2.0,5.0,1,0,49.0,0.4,1.0,1106.0,17.516907,78.34283,14.0,1,0,0,1,0,1,1,0,0,Apartment,Unfurnished,NE,Under_Construction,Small,1,: ,7820.0,0,0,0,0
2.0,12.0,0,0,49.0,0.0833333333333333,1.0,1105.0,17.516907,78.34283,14.0,1,0,0,1,0,1,1,0,0,Apartment,Semi_Furnished,East,Under_Construction,Small,1,: ,7782.0,0,0,0,0
2.0,5.0,0,0,50.0,0.2,1.0,1107.0,17.450455,78.424385,14.0,1,0,0,1,0,1,1,0,0,Apartment,Semi_Furnished,NE,Under_Construction,Small,1,: ,7804.0,0,0,0,0
2.0,10.0,3,3,11.0,0.4,1.0,1385.0,17.509181,78.3521088,14.0,1,0,1,1,0,1,1,0,0,Apartment,Semi_Furnished,NE,Under_Construction,Medium,1,: ,6787.0,0,0,0,0
4.0,2.0,14,16,49.0,0.5384615384615384,2.0,2960.0,17.4609913,78.3532083,14.0,1,0,0,1,0,0,0,0,0,Villa,Semi_Furnished,NE,Resale_Very_Old,XL,2,: ,6081.0,1,0,0,0
4.0,1.0,14,14,47.0,0.5384615384615384,2.0,3100.0,17.4359437,78.3416731,14.0,1,0,0,1,0,0,0,0,0,Villa,Semi_Furnished,NE,Resale_Very_Old,XL,2,: ,7419.0,1,0,0,0
4.0,1.0,14,16,26.0,0.5384615384615384,2.0,2500.0,17.40223,78.3444,14.0,1,0,0,1,0,0,0,0,0,Villa,Unfurnished,NE,Resale_Very_Old,Large,2,: ,6400.0,1,0,0,0
4.0,3.0,14,16,26.0,0.5384615384615384,1.0,3000.0,17.40223,78.3444,14.0,1,0,0,1,0,0,0,0,0,Villa,Semi_Furnished,NE,Resale_Very_Old,XL,1,: ,6666.0,1,0,0,0
4.0,1.0,15,17,50.0,0.5384615384615384,2.0,3000.0,17.4011618,78.37569,14.0,1,0,0,1,0,0,0,0,0,Villa,Semi_Furnished,East,Resale_Very_Old,XL,2,: ,6000.0,1,0,0,0
3.0,5.0,1,1,50.0,0.6,2.0,1615.0,17.5203424,78.3970205,14.0,1,0,0,1,0,0,1,0,0,Apartment,Semi_Furnished,East,Resale_Very_Old,Medium,2,: ,5700.0,0,0,0,0
2.0,5.0,10,10,50.0,0.4,2.0,1250.0,17.5203424,78.3970205,14.0,1,0,0,1,0,0,1,0,0,Apartment,Semi_Furnished,North,Resale_Very_Old,Medium,2,: ,5700.0,0,0,0,0
4.0,3.0,2,2,15.0,0.5384615384615384,1.0,3223.0,17.4673741,78.2646719,14.0,1,0,1,1,0,1,1,0,0,Villa,Semi_Furnished,East,Resale_Very_Old,XL,1,: ,16103.0,1,0,0,0
3.0,14.0,7,7,12.0,0.5714285714285714,2.0,2350.0,17.3973794,78.3856447,21.0,1,0,1,1,0,1,1,0,0,Apartment,Semi_Furnished,East,Under_Construction,Large,2,: ,6998.0,0,0,0,0
3.0,14.0,11,11,12.0,0.3571428571428571,1.0,2100.0,17.39992,78.36983,21.0,1,0,1,1,0,1,1,0,0,Apartment,Semi_Furnished,East,Under_Construction,Large,1,: ,7047.0,0,0,0,0
3.0,14.0,8,8,12.0,0.6428571428571429,2.0,2350.0,17.400322,78.36916,21.0,1,0,1,1,0,1,1,0,0,Apartment,Semi_Furnished,East,Under_Construction,Large,2,: ,6999.0,0,0,0,0
3.0,14.0,8,8,12.0,0.8571428571428571,2.0,2215.0,17.3973794,78.3856447,21.0,1,0,1,1,0,1,1,0,0,Apartment,Unfurnished,East,Under_Construction,Large,2,: ,6999.0,0,0,0,0
3.0,14.0,16,16,12.0,0.2857142857142857,1.0,2350.0,17.39992,78.36983,21.0,1,0,1,1,0,1,1,0,0,Apartment,Semi_Furnished,East,Under_Construction,Large,1,: ,6638.0,0,0,0,0
3.0,14.0,8,8,12.0,0.4285714285714285,2.0,2170.0,17.3973794,78.3856447,21.0,1,0,1,1,0,1,1,0,0,Apartment,Semi_Furnished,West,Under_Construction,Large,2,: ,6998.0,0,0,0,0
3.0,14.0,8,8,12.0,0.5714285714285714,2.0,2065.0,17.40054,78.369026,21.0,1,0,1,1,0,1,1,0,0,Apartment,Semi_Furnished,West,Under_Construction,Large,2,: ,6999.0,0,0,0,0
3.0,14.0,8,8,12.0,0.6428571428571429,2.0,2215.0,17.3973794,78.3856447,21.0,1,0,1,1,0,1,1,0,0,Apartment,Semi_Furnished,SW,Under_Construction,Large,2,: ,6999.0,0,0,0,0
3.0,14.0,7,7,12.0,0.8571428571428571,2.0,2300.0,17.3973794,78.3856447,21.0,1,0,1,1,0,1,1,0,0,Apartment,Semi_Furnished,West,Under_Construction,Large,2,: ,6998.0,0,0,0,0
3.0,14.0,8,8,12.0,0.8571428571428571,2.0,2350.0,17.3973794,78.3856447,21.0,1,0,1,1,0,1,1,0,0,Apartment,Semi_Furnished,West,Under_Construction,Large,2,: ,6998.0,0,0,0,0
3.0,14.0,11,11,12.0,0.2857142857142857,1.0,2215.0,17.39992,78.36983,21.0,1,0,1,1,0,1,1,0,0,Apartment,Semi_Furnished,SW,Under_Construction,Large,1,: ,7038.0,0,0,0,0
3.0,14.0,8,8,12.0,1.0,2.0,2065.0,17.3973794,78.3856447,21.0,1,0,1,1,0,1,1,1,0,Apartment,Unfurnished,West,Under_Construction,Large,2,: ,6999.0,0,0,0,0
3.0,14.0,8,8,12.0,1.0,2.0,2215.0,17.3973794,78.3856447,21.0,1,0,1,1,0,1,1,1,0,Apartment,Semi_Furnished,West,Under_Construction,Large,2,: ,6998.0,0,0,0,0
3.0,14.0,6,6,12.0,0.8571428571428571,2.0,2100.0,17.3973794,78.3856447,21.0,1,0,1,1,0,0,1,0,0,Apartment,Semi_Furnished,West,Under_Construction,Large,2,: ,6998.0,0,0,0,0
3.0,14.0,8,8,12.0,0.8571428571428571,2.0,2170.0,17.3973794,78.3856447,21.0,1,0,1,1,0,0,1,0,0,Apartment,Semi_Furnished,East,Under_Construction,Large,2,: ,6999.0,0,0,0,0
3.0,14.0,8,8,12.0,0.5,2.0,2100.0,17.3973794,78.3856447,21.0,1,0,1,1,0,0,1,0,0,Apartment,Semi_Furnished,West,Under_Construction,Large,2,: ,6998.0,0,0,0,0
3.0,36.0,3,4,13.0,0.2777777777777778,2.0,3430.0,17.4480919,78.3787508,21.0,1,0,0,1,0,0,1,0,0,Apartment,Semi_Furnished,East,Resale_Very_Old,XL,2,: ,22594.0,0,0,0,0
3.0,36.0,3,4,13.0,0.8055555555555556,1.0,2595.0,17.4480919,78.3787508,21.0,1,0,0,1,0,0,1,0,0,Apartment,Furnished,West,Resale_Very_Old,XL,1,: ,20423.0,0,0,0,0
2.0,5.0,14,16,0.0,0.4,1.0,1380.0,78.48667,17.38504,21.0,1,0,0,1,0,0,1,0,0,Apartment,Semi_Furnished,NE,Resale_Very_Old,Medium,1,: ,3260.0,0,0,0,0
2.0,6.0,17,19,10.0,0.5,1.0,1290.0,17.5468498,78.3650231,21.0,1,0,0,1,0,0,1,0,0,Apartment,Semi_Furnished,NE,Resale_Very_Old,Medium,1,: ,3875.0,0,0,0,0
3.0,6.0,16,18,10.0,0.1666666666666666,1.0,1520.0,17.5468498,78.3650231,21.0,1,0,0,1,0,0,1,0,0,Apartment,Semi_Furnished,NE,Resale_Very_Old,Medium,1,: ,3618.0,0,0,0,0
3.0,35.0,8,10,10.0,0.5428571428571428,1.0,1993.0,17.41341,78.339447,21.0,1,0,1,1,0,1,1,0,0,Apartment,Semi_Furnished,East,Under_Construction,Large,1,: ,10787.0,0,0,0,0
4.0,35.0,8,10,10.0,0.4857142857142857,3.0,2713.0,17.4359437,78.3416731,21.0,1,0,1,1,0,1,1,0,0,Apartment,Semi_Furnished,NW,Under_Construction,XL,3+,: ,10799.0,0,0,0,0
4.0,35.0,8,10,10.0,0.4857142857142857,3.0,2848.0,17.4359437,78.3416731,21.0,1,0,1,1,0,1,1,0,0,Apartment,Semi_Furnished,NW,Under_Construction,XL,3+,: ,10779.0,0,0,0,0
3.0,35.0,8,10,10.0,0.5428571428571428,1.0,1742.0,17.4359437,78.3416731,21.0,1,0,1,1,0,1,1,0,0,Apartment,Semi_Furnished,West,Under_Construction,Medium,1,: ,10792.0,0,0,0,0
2.0,5.0,11,11,49.0,0.4,2.0,1200.0,17.50028,78.34084,21.0,1,0,0,1,0,0,1,0,0,Apartment,Semi_Furnished,East,Resale_Very_Old,Small,2,: ,5833.0,0,0,0,0
3.0,12.0,8,8,49.0,0.4166666666666667,2.0,1628.0,17.4609913,78.3532083,21.0,1,0,1,1,0,1,1,0,0,Apartment,Semi_Furnished,West,Under_Construction,Medium,2,: ,7985.0,0,0,0,0
2.0,12.0,8,8,50.0,0.3333333333333333,1.0,1385.0,17.467117,78.34888,21.0,1,0,0,1,0,1,1,0,0,Apartment,Semi_Furnished,West,Under_Construction,Medium,1,: ,7942.0,0,0,0,0
3.0,9.0,8,8,12.0,0.6666666666666666,2.0,1750.0,17.3923634,78.3621784,28.0,1,0,1,1,0,1,1,0,0,Apartment,Semi_Furnished,East,Under_Construction,Medium,2,Narsingi,6999.0,0,0,0,0
3.0,9.0,12,12,12.0,0.5555555555555556,2.0,1528.0,17.3923634,78.3621784,28.0,1,0,1,1,0,1,1,0,0,Apartment,Semi_Furnished,East,Under_Construction,Medium,2,Narsingi,7500.0,0,0,0,0
2.0,9.0,7,8,12.0,0.6666666666666666,1.0,1290.0,17.3923634,78.3621784,28.0,1,0,1,1,0,1,1,0,0,Apartment,Unfurnished,West,Under_Construction,Medium,1,: ,6999.0,0,0,0,0
3.0,9.0,13,13,12.0,0.8888888888888888,2.0,1650.0,17.3923634,78.3621784,28.0,1,0,1,1,0,1,1,0,0,Apartment,Semi_Furnished,East,Under_Construction,Medium,2,Narsingi,7500.0,0,0,0,0
2.0,9.0,8,8,12.0,0.4444444444444444,1.0,1145.0,17.3923634,78.3621784,28.0,1,0,1,1,0,1,1,0,0,Apartment,Semi_Furnished,East,Under_Construction,Small,1,: ,6999.0,0,0,0,0
2.0,10.0,8,8,25.0,0.7,1.0,1300.0,17.3923634,78.3621784,28.0,1,0,1,1,0,1,1,0,0,Apartment,Semi_Furnished,NE,Under_Construction,Medium,1,: ,6999.0,0,0,0,0
3.0,14.0,8,8,12.0,0.3571428571428571,1.0,2100.0,17.3973794,78.3856447,28.0,1,0,1,1,0,1,1,0,0,Apartment,Semi_Furnished,East,Under_Construction,Large,1,: ,6998.0,0,0,0,0
3.0,14.0,7,7,12.0,0.4285714285714285,1.0,2100.0,17.42231,78.39414,28.0,1,0,1,1,0,1,1,0,0,Apartment,Unfurnished,East,Under_Construction,Large,1,: ,6998.0,0,0,0,0
3.0,14.0,8,8,12.0,0.4285714285714285,2.0,2170.0,17.42231,78.39414,28.0,1,0,1,1,0,1,1,0,0,Apartment,Semi_Furnished,West,Under_Construction,Large,2,: ,6999.0,0,0,0,0
3.0,14.0,8,8,12.0,0.4285714285714285,2.0,2215.0,17.42231,78.39414,28.0,1,0,1,1,0,1,1,0,0,Apartment,Semi_Furnished,East,Under_Construction,Large,2,: ,6999.0,0,0,0,0
3.0,14.0,7,7,12.0,0.5,2.0,2350.0,17.3973794,78.3856447,28.0,1,0,1,1,0,1,1,0,0,Apartment,Semi_Furnished,West,Under_Construction,Large,2,: ,6999.0,0,0,0,0
3.0,14.0,8,8,12.0,0.5,1.0,2170.0,17.42231,78.39414,28.0,1,0,1,1,0,1,1,0,0,Apartment,Semi_Furnished,East,Under_Construction,Large,1,: ,6998.0,0,0,0,0
3.0,14.0,3,3,12.0,0.5714285714285714,2.0,2300.0,17.3973794,78.3856447,28.0,1,0,1,1,0,1,1,0,0,Apartment,Semi_Furnished,West,Under_Construction,Large,2,: ,6999.0,0,0,0,0
3.0,14.0,8,8,12.0,0.4285714285714285,2.0,2065.0,17.3973794,78.3856447,28.0,1,0,1,1,0,1,1,0,0,Apartment,Unfurnished,East,Under_Construction,Large,2,: ,6999.0,0,0,0,0
3.0,14.0,8,8,12.0,0.4285714285714285,1.0,2065.0,17.398212,78.374855,28.0,1,0,1,1,0,1,1,0,0,Apartment,Semi_Furnished,SW,Under_Construction,Large,1,: ,6999.0,0,0,0,0
3.0,14.0,8,8,12.0,0.4285714285714285,2.0,2100.0,17.398212,78.374855,28.0,1,0,1,1,0,1,1,0,0,Apartment,Semi_Furnished,West,Under_Construction,Large,2,: ,6998.0,0,0,0,0
3.0,14.0,8,8,12.0,0.5714285714285714,2.0,2065.0,17.398212,78.374855,28.0,1,0,1,1,0,1,1,0,0,Apartment,Semi_Furnished,East,Under_Construction,Large,2,: ,6999.0,0,0,0,0
3.0,14.0,8,8,12.0,0.2857142857142857,1.0,2170.0,17.398212,78.374855,28.0,1,0,1,1,0,1,1,0,0,Apartment,Semi_Furnished,East,Under_Construction,Large,1,: ,6934.0,0,0,0,0
3.0,14.0,8,8,12.0,0.6428571428571429,1.0,2100.0,17.398212,78.374855,28.0,1,0,1,1,0,1,1,0,0,Apartment,Semi_Furnished,East,Under_Construction,Large,1,: ,6999.0,0,0,0,0
3.0,14.0,3,3,12.0,0.5714285714285714,2.0,2100.0,17.398212,78.374855,28.0,1,0,1,1,0,1,1,0,0,Apartment,Semi_Furnished,East,Under_Construction,Large,2,: ,6998.0,0,0,0,0
3.0,12.0,0,0,50.0,0.3333333333333333,2.0,1629.0,17.47946,78.33037,28.0,1,0,1,1,0,1,1,0,0,Apartment,Semi_Furnished,NE,Under_Construction,Medium,2,: ,8000.0,0,0,0,0
3.0,14.0,8,8,12.0,0.8571428571428571,2.0,2170.0,17.3973794,78.3856447,30.0,1,0,1,1,0,1,1,0,0,Apartment,Semi_Furnished,East,Under_Construction,Large,2,: ,6999.0,0,0,0,0
2.0,12.0,8,8,50.0,0.3333333333333333,2.0,1304.0,17.469862,78.35783,30.0,1,0,0,1,0,1,1,0,0,Apartment,Semi_Furnished,NE,Under_Construction,Medium,2,: ,8052.0,0,0,0,0
2.0,12.0,8,8,50.0,0.4166666666666667,1.0,1303.0,17.47946,78.33037,30.0,1,0,1,1,0,1,1,0,0,Apartment,Semi_Furnished,East,Under_Construction,Medium,1,: ,8058.0,0,0,0,0
2.0,12.0,8,8,50.0,0.25,1.0,1385.0,17.482796,78.32642,30.0,1,0,0,1,0,1,1,0,0,Apartment,Semi_Furnished,East,Under_Construction,Medium,1,: ,8014.0,0,0,0,0
2.0,12.0,8,8,50.0,0.4166666666666667,1.0,1302.0,17.47946,78.33037,30.0,1,0,1,1,0,1,1,0,0,Apartment,Semi_Furnished,East,Under_Construction,Medium,1,: ,8064.0,0,0,0,0
3.0,12.0,8,8,50.0,0.4166666666666667,2.0,1628.0,17.47946,78.33037,30.0,1,0,1,1,0,1,1,0,0,Apartment,Semi_Furnished,NE,Under_Construction,Medium,2,: ,8108.0,0,0,0,0
3.0,12.0,8,8,50.0,0.3333333333333333,2.0,1815.0,17.47946,78.33037,30.0,1,0,1,1,0,1,1,0,0,Apartment,Semi_Furnished,West,Under_Construction,Large,2,: ,8044.0,0,0,0,0
3.0,12.0,8,8,50.0,0.1666666666666666,2.0,1816.0,17.47946,78.33037,30.0,1,0,1,1,0,1,1,0,0,Apartment,Semi_Furnished,East,Under_Construction,Large,2,: ,8039.0,0,0,0,0
2.0,5.0,1,1,0.0,0.4,2.0,1000.0,78.48667,17.38504,30.0,1,0,0,1,0,0,1,0,0,Apartment,Semi_Furnished,North,Resale_Very_Old,Small,2,: ,4850.0,0,0,0,0
2.0,5.0,4,4,6.0,0.6,2.0,1242.0,17.5564,78.36389,30.0,1,0,0,1,0,0,1,0,0,Apartment,Semi_Furnished,East,Resale_Very_Old,Medium,2,: ,3900.0,0,0,0,0
3.0,14.0,7,10,39.0,0.5714285714285714,2.0,1730.0,17.4480919,78.3787508,30.0,1,0,0,1,0,0,1,0,0,Apartment,Semi_Furnished,West,Resale_Very_Old,Medium,2,: ,10289.0,0,0,0,0
4.0,15.0,13,13,0.0,0.5384615384615384,4.0,3660.0,78.48667,17.38504,30.0,0,1,0,1,0,0,1,0,0,Villa,Furnished,East,Resale_Old,XL,3+,PRAGATINAGAR,6399.0,1,0,0,0
2.0,15.0,10,10,0.0,0.2,1.0,1190.0,78.48667,17.38504,30.0,0,1,0,1,0,0,1,0,0,Apartment,Furnished,East,Resale_Old,Small,1,PRAGATINAGAR,5697.0,0,0,0,0
3.0,24.0,7,7,9.0,0.5833333333333334,1.0,2500.0,17.4480919,78.3787508,30.0,1,0,1,1,0,0,1,0,0,Apartment,Semi_Furnished,West,Resale_Very_Old,Large,1,: ,10000.0,0,0,0,0
3.0,16.0,6,7,9.0,0.875,1.0,1583.0,17.4459627,78.4197681,30.0,0,1,1,1,0,0,1,0,0,Apartment,Semi_Furnished,West,Resale_Old,Medium,1,: ,9475.0,0,0,0,0
2.0,47.0,8,8,13.0,0.5106382978723404,1.0,1296.0,17.4609913,78.3532083,30.0,0,1,1,1,0,0,1,0,0,Apartment,Semi_Furnished,NE,Resale_Old,Medium,1,: ,6299.0,0,0,0,0
2.0,39.0,7,8,13.0,0.8205128205128205,1.0,1370.0,17.3923634,78.3621784,30.0,0,1,1,1,0,0,1,0,0,Apartment,Semi_Furnished,East,Resale_Old,Medium,1,: ,10948.0,0,0,0,0
3.0,36.0,3,4,13.0,0.2222222222222222,2.0,3430.0,17.4480919,78.3787508,30.0,1,0,0,1,0,0,1,0,0,Apartment,Furnished,West,Under_Construction,XL,2,: ,22000.0,0,0,0,0
3.0,24.0,7,8,9.0,0.375,1.0,1580.0,17.467762,78.408146,30.0,1,0,1,1,0,1,1,0,0,Apartment,Unfurnished,East,Under_Construction,Medium,1,: ,11582.0,0,0,0,0
3.0,2.0,12,13,46.0,0.5384615384615384,1.0,3080.0,17.5330867548758,78.2682745858627,30.0,0,1,0,1,0,0,1,0,0,Villa,Semi_Furnished,East,Resale_Old,XL,1,: ,6499.0,1,0,0,0
4.0,3.0,3,3,17.0,0.5384615384615384,1.0,3400.0,17.4664197,78.285342,30.0,1,0,0,1,0,0,1,0,0,Villa,Semi_Furnished,West,Resale_Very_Old,XL,1,: ,11176.0,1,0,0,0
3.0,31.0,8,10,12.0,0.8387096774193549,1.0,1835.0,17.398775,78.355493,30.0,1,0,0,1,0,1,1,0,0,Apartment,Furnished,West,Under_Construction,Large,1,: ,12806.0,0,0,0,0
3.0,18.0,7,9,10.0,0.0555555555555555,1.0,1535.0,17.387587,78.348054,30.0,1,0,1,1,0,1,1,0,0,Apartment,Semi_Furnished,East,Under_Construction,Medium,1,: ,7296.0,0,0,0,0
3.0,18.0,8,10,10.0,0.4444444444444444,1.0,1875.0,17.387587,78.348054,30.0,1,0,1,1,0,1,1,0,0,Apartment,Semi_Furnished,West,Under_Construction,Large,1,: ,8533.0,0,0,0,0
3.0,31.0,8,10,15.0,0.2258064516129032,3.0,1925.0,17.422314,78.35153,30.0,1,0,0,1,0,1,1,0,0,Apartment,Furnished,East,Under_Construction,Large,3+,: ,12467.0,0,0,0,0
4.0,31.0,8,10,15.0,0.967741935483871,4.0,3800.0,17.422584,78.350841,30.0,1,0,0,1,0,1,1,0,0,Apartment,Semi_Furnished,West,Under_Construction,XL,3+,: ,17105.0,0,0,0,0
3.0,12.0,8,10,15.0,0.1666666666666666,1.0,1580.0,17.398994,78.357662,30.0,1,0,1,1,0,1,1,0,0,Apartment,Semi_Furnished,East,Under_Construction,Medium,1,: ,10443.0,0,0,0,0
2.0,12.0,8,10,13.0,0.25,1.0,1300.0,17.398994,78.357662,30.0,1,0,1,1,0,1,1,0,0,Apartment,Furnished,West,Under_Construction,Medium,1,: ,11153.0,0,0,0,0
2.0,3.0,1,1,49.0,0.3333333333333333,1.0,1100.0,17.38504,78.48667,30.0,1,0,0,1,0,0,1,0,0,Apartment,Furnished,East,0_5_yrs,Small,1,: ,5090.0,0,0,0,0
2.0,13.0,8,10,47.0,0.6153846153846154,2.0,1006.0,17.4359437,78.3416731,30.0,1,0,0,1,0,0,1,0,0,Apartment,Furnished,East,Under_Construction,Small,2,: ,10437.0,0,0,0,0
2.0,5.0,3,3,0.0,0.4,2.0,1140.0,78.48667,17.38504,30.0,1,0,0,1,0,0,1,0,0,Apartment,Semi_Furnished,East,Resale_Very_Old,Small,2,: ,5000.0,0,0,0,0
3.0,18.0,8,10,10.0,0.0555555555555555,1.0,1535.0,17.387587,78.348054,30.0,1,0,1,1,0,1,1,0,0,Apartment,Semi_Furnished,East,Under_Construction,Medium,1,: ,7166.0,0,0,0,0
3.0,12.0,7,9,15.0,0.1666666666666666,1.0,1580.0,17.398994,78.357662,30.0,1,0,1,1,0,1,1,0,0,Apartment,Semi_Furnished,West,Under_Construction,Medium,1,: ,10443.0,0,0,0,0
2.0,31.0,8,10,12.0,0.5161290322580645,1.0,1315.0,17.398775,78.355493,30.0,1,0,0,1,0,0,1,0,0,Apartment,Semi_Furnished,West,Under_Construction,Medium,1,: ,12167.0,0,0,0,0
2.0,31.0,7,9,12.0,0.8064516129032258,1.0,1315.0,17.398775,78.355493,30.0,1,0,0,1,0,0,1,0,0,Apartment,Furnished,East,Under_Construction,Medium,1,: ,11407.0,0,0,0,0
3.0,18.0,6,8,10.0,0.1666666666666666,1.0,1535.0,17.387587,78.348054,30.0,1,0,1,1,0,0,1,0,0,Apartment,Furnished,East,Under_Construction,Medium,1,: ,10097.0,0,0,0,0
3.0,2.0,10,11,39.0,0.5384615384615384,2.0,1440.0,17.553842,78.273153,30.0,0,1,0,1,0,0,1,0,0,Villa,Semi_Furnished,East,Resale_Old,Medium,2,: ,81250.0,1,0,0,0
4.0,7.0,20,21,43.0,0.4285714285714285,3.0,3780.0,17.459445,78.371177,30.0,1,0,0,1,0,0,1,0,0,Apartment,Furnished,West,5_10_yrs,XL,3+,: ,10967.0,0,0,0,0
2.0,11.0,16,18,0.0,0.6363636363636364,1.0,1260.0,17.443855,78.250431,30.0,1,0,0,1,0,0,1,0,0,Apartment,Furnished,East,Resale_Very_Old,Medium,1,: ,4365.0,0,0,0,0
2.0,16.0,3,4,9.0,0.4375,1.0,1366.0,17.4459627,78.4197681,30.0,0,1,1,1,0,0,1,0,0,Apartment,Semi_Furnished,East,Resale_Old,Medium,1,: ,7686.0,0,0,0,0
3.0,2.0,10,11,46.0,0.5384615384615384,2.0,160.0,17.5330867548758,78.2682745858627,30.0,0,1,0,1,0,0,1,0,0,Villa,Semi_Furnished,East,Resale_Old,Micro,2,: ,90100.0,1,0,0,0
4.0,14.0,14,15,47.0,0.5714285714285714,3.0,3925.0,17.4359437,78.3416731,30.0,1,0,0,1,0,0,1,0,0,Apartment,Furnished,West,0_5_yrs,XL,3+,Gachibowli,11878.0,0,0,0,0
4.0,14.0,11,12,47.0,0.5714285714285714,3.0,3935.0,17.4359437,78.3416731,30.0,1,0,0,1,0,0,1,0,0,Apartment,Furnished,Unknown,0_5_yrs,XL,3+,: ,12121.0,0,0,0,0
3.0,14.0,18,19,43.0,0.1428571428571428,2.0,2320.0,17.421388,78.340833,30.0,1,0,0,1,0,0,1,0,0,Apartment,Furnished,Unknown,0_5_yrs,Large,2,: ,11575.0,0,0,0,0
3.0,35.0,7,8,10.0,0.2,1.0,1742.0,17.4359437,78.3416731,30.0,1,0,1,1,0,0,1,0,0,Apartment,Semi_Furnished,West,Under_Construction,Medium,1,: ,11021.0,0,0,0,0
2.0,31.0,8,11,13.0,0.6451612903225806,1.0,1250.0,17.4480919,78.3787508,30.0,1,0,0,1,0,0,1,0,0,Apartment,Semi_Furnished,East,Resale_Very_Old,Medium,1,: ,9280.0,0,0,0,0
2.0,31.0,6,7,13.0,0.8387096774193549,1.0,1250.0,17.4480919,78.3787508,30.0,1,0,0,1,0,0,1,0,0,Apartment,Semi_Furnished,East,Resale_Very_Old,Medium,1,: ,9360.0,0,0,0,0
4.0,3.0,1,1,50.0,0.5384615384615384,2.0,3416.0,17.4739709,78.2939945,30.0,1,0,1,1,0,1,1,0,0,Villa,Semi_Furnished,East,Resale_Very_Old,XL,2,: ,13173.0,1,0,0,0
2.0,12.0,14,16,46.0,0.1666666666666666,1.0,1200.0,17.5330867548758,78.2682745858627,30.0,1,0,0,1,0,0,1,0,0,Apartment,Semi_Furnished,East,Resale_Very_Old,Small,1,: ,4166.0,0,0,0,0
2.0,12.0,14,16,48.0,0.5833333333333334,1.0,1200.0,17.42278,78.34724,30.0,1,0,0,1,0,0,1,0,0,Apartment,Semi_Furnished,Unknown,Resale_Very_Old,Small,1,: ,5833.0,0,0,0,0
2.0,12.0,15,17,17.0,0.25,1.0,1200.0,17.4664197,78.285342,30.0,1,0,0,1,0,0,1,0,0,Apartment,Semi_Furnished,East,Resale_Very_Old,Small,1,: ,5000.0,0,0,0,0
2.0,12.0,18,20,47.0,0.5833333333333334,1.0,1200.0,17.4359437,78.3416731,30.0,1,0,0,1,0,0,1,0,0,Apartment,Semi_Furnished,East,Resale_Very_Old,Small,1,: ,5833.0,0,0,0,0
2.0,11.0,15,17,47.0,0.5454545454545454,1.0,1100.0,17.49182,78.32617,30.0,1,0,0,1,0,0,1,0,0,Apartment,Semi_Furnished,East,Resale_Very_Old,Small,1,: ,5454.0,0,0,0,0
2.0,11.0,15,17,50.0,0.5454545454545454,1.0,1100.0,17.509181,78.3521088,30.0,1,0,0,1,0,0,1,0,0,Apartment,Semi_Furnished,East,Resale_Very_Old,Small,1,: ,5000.0,0,0,0,0
2.0,6.0,15,17,0.0,0.3333333333333333,1.0,1050.0,78.48667,17.38504,30.0,1,0,0,1,0,0,1,0,0,Apartment,Semi_Furnished,East,Resale_Very_Old,Small,1,: ,3619.0,0,0,0,0
2.0,12.0,20,20,49.0,0.25,1.0,1379.0,17.466434,78.34865,30.0,1,0,0,1,0,1,1,0,0,Apartment,Semi_Furnished,East,Under_Construction,Medium,1,: ,8194.0,0,0,0,0
3.0,12.0,7,7,49.0,0.3333333333333333,2.0,1628.0,17.466434,78.34865,30.0,1,0,1,1,0,1,1,0,0,Apartment,Semi_Furnished,East,Under_Construction,Medium,2,: ,8292.0,0,0,0,0
2.0,12.0,8,8,49.0,0.5833333333333334,1.0,1370.0,17.466434,78.34865,30.0,1,0,1,1,0,1,1,0,0,Apartment,Semi_Furnished,East,Under_Construction,Medium,1,: ,8248.0,0,0,0,0
2.0,12.0,8,8,49.0,0.3333333333333333,1.0,1303.0,17.51691,78.34283,30.0,1,0,1,1,0,1,1,0,0,Apartment,Semi_Furnished,NE,Under_Construction,Medium,1,: ,8365.0,0,0,0,0
2.0,12.0,8,8,50.0,0.1666666666666666,1.0,1371.0,17.47946,78.33037,30.0,1,0,1,1,0,1,1,0,0,Apartment,Semi_Furnished,East,Under_Construction,Medium,1,: ,8242.0,0,0,0,0
3.0,10.0,8,11,33.0,0.5,2.0,2800.0,17.411744,78.341175,30.0,1,0,0,1,0,0,1,0,0,Apartment,Furnished,East,0_5_yrs,XL,2,: ,9428.0,0,0,0,0
4.0,3.0,2,2,10.0,0.5384615384615384,1.0,4200.0,17.4525178,78.291501,30.0,1,0,0,1,0,1,1,0,0,Villa,Semi_Furnished,West,Resale_Very_Old,XL,1,: ,15476.0,1,0,0,0
5.0,3.0,2,2,10.0,0.5384615384615384,1.0,5000.0,17.452188,78.2922602,30.0,1,0,0,1,0,1,1,0,0,Villa,Semi_Furnished,North,Under_Construction,XL,1,: ,17000.0,1,0,0,0
2.0,5.0,4,4,10.0,0.4,2.0,1100.0,17.5468498,78.3650231,30.0,1,0,0,1,0,0,1,0,0,Apartment,Semi_Furnished,East,Resale_Very_Old,Small,2,: ,5200.0,0,0,0,0
3.0,36.0,3,4,13.0,0.3611111111111111,1.0,2595.0,17.4480919,78.3787508,30.0,1,0,0,1,0,0,1,0,0,Apartment,Semi_Furnished,West,Under_Construction,XL,1,: ,22736.0,0,0,0,0
3.0,20.0,8,10,48.0,0.65,4.0,2165.0,17.42278,78.34724,30.0,1,0,0,1,0,0,1,0,0,Apartment,Furnished,West,Under_Construction,Large,3+,: ,10623.0,0,0,0,0
3.0,14.0,8,8,48.0,0.1428571428571428,1.0,2440.0,17.42278,78.34724,30.0,1,0,0,1,0,0,1,0,0,Apartment,Furnished,West,0_5_yrs,Large,1,: ,9016.0,0,0,0,0
4.0,14.0,8,10,48.0,0.2857142857142857,4.0,3800.0,17.4411482,78.3910691,30.0,1,0,0,1,0,0,1,0,0,Apartment,Furnished,West,Under_Construction,XL,3+,: ,15000.0,0,0,0,0
3.0,9.0,7,9,50.0,0.8888888888888888,2.0,1576.0,17.50993,78.36858,30.0,1,0,0,1,0,0,1,0,0,Apartment,Furnished,West,Under_Construction,Medium,2,: ,7741.0,0,0,0,0
5.0,6.0,7,8,50.0,0.8333333333333334,3.0,6200.0,17.4011618,78.37569,60.0,1,0,0,1,0,0,1,0,0,Apartment,Furnished,West,0_5_yrs,XXL,3+,: ,6129.0,0,0,0,0
3.0,14.0,8,11,39.0,0.1428571428571428,2.0,1810.0,17.4480919,78.3787508,60.0,1,0,0,1,0,0,1,0,0,Apartment,Semi_Furnished,West,Resale_Very_Old,Large,2,: ,10386.0,0,0,0,0
4.0,2.0,0,0,15.0,0.5384615384615384,2.0,3220.0,17.465956,78.261911,30.0,1,0,1,1,0,0,1,0,0,Villa,Unfurnished,Unknown,Resale_Very_Old,XL,2,: ,16459.0,1,0,0,0
3.0,2.0,8,10,37.0,0.5384615384615384,2.0,2500.0,17.538237,78.480804,7.0,1,0,1,1,0,0,1,0,0,Villa,Semi_Furnished,West,Resale_Very_Old,Large,2,: ,7200.0,1,0,0,0
4.0,9.0,7,11,50.0,0.8888888888888888,2.0,3700.0,17.463252,78.354557,30.0,1,0,0,1,0,0,1,0,0,Apartment,Semi_Furnished,NW,5_10_yrs,XL,2,: ,8918.0,0,0,0,0
2.0,40.0,26,28,47.0,0.675,2.0,1275.0,17.49182,78.32617,30.0,0,1,0,1,0,0,1,0,0,Apartment,Semi_Furnished,East,Resale_Old,Medium,2,Chandanagar,4627.0,0,0,0,0
2.0,18.0,31,33,0.0,0.6111111111111112,2.0,1235.0,17.443855,78.250431,30.0,0,1,0,1,0,0,1,0,0,Apartment,Semi_Furnished,East,Resale_Old,Medium,2,Kollur,4858.0,0,0,0,0
2.0,30.0,31,33,0.0,0.6666666666666666,2.0,1235.0,78.48667,17.38504,30.0,0,1,0,1,0,0,1,0,0,Apartment,Semi_Furnished,East,Resale_Old,Medium,2,Aminpur,4655.0,0,0,0,0
2.0,32.0,31,33,50.0,0.625,2.0,1275.0,17.509181,78.3521088,30.0,0,1,0,1,0,0,1,0,0,Apartment,Semi_Furnished,East,Resale_Old,Medium,2,Miyapur,4705.0,0,0,0,0
2.0,32.0,31,33,47.0,0.71875,2.0,1260.0,17.49182,78.32617,30.0,0,1,0,1,0,0,1,0,0,Apartment,Semi_Furnished,East,Resale_Old,Medium,2,Chandanagar,4166.0,0,0,0,0
2.0,28.0,31,33,50.0,0.75,2.0,1265.0,17.495438,78.2960172,30.0,0,1,0,1,0,0,1,0,0,Apartment,Semi_Furnished,East,Resale_Old,Medium,2,BHEL,3478.0,0,0,0,0
2.0,18.0,31,33,0.0,0.6111111111111112,2.0,1245.0,17.443855,78.250431,30.0,0,1,0,1,0,0,1,0,0,Apartment,Semi_Furnished,East,Resale_Old,Medium,2,Kollur,3915.0,0,0,0,0
3.0,36.0,31,33,50.0,0.5555555555555556,4.0,1650.0,17.509181,78.3521088,30.0,0,1,0,1,0,0,1,0,0,Apartment,Semi_Furnished,East,Resale_Old,Medium,3+,Miyapur,3909.0,0,0,0,0
2.0,18.0,31,33,50.0,0.7777777777777778,2.0,1250.0,17.509181,78.3521088,30.0,0,1,0,1,0,0,1,0,0,Apartment,Semi_Furnished,East,Resale_Old,Medium,2,Miyapur,4000.0,0,0,0,0
2.0,18.0,31,33,50.0,0.7777777777777778,2.0,1200.0,17.509181,78.3521088,30.0,0,1,0,1,0,0,1,0,0,Apartment,Semi_Furnished,East,Resale_Old,Small,2,Miyapur,4583.0,0,0,0,0
2.0,18.0,31,33,50.0,1.0,2.0,1200.0,17.509181,78.3521088,30.0,0,1,0,1,0,0,1,1,0,Apartment,Semi_Furnished,East,Resale_Old,Small,2,Miyapur,4041.0,0,0,0,0
2.0,36.0,31,33,47.0,0.3888888888888889,2.0,1180.0,17.49182,78.32617,30.0,0,1,0,1,0,0,1,0,0,Apartment,Semi_Furnished,East,Resale_Old,Small,2,Chandanagar,5508.0,0,0,0,0
3.0,36.0,31,33,50.0,0.3888888888888889,4.0,1500.0,17.495438,78.2960172,30.0,0,1,0,1,0,0,1,0,0,Apartment,Semi_Furnished,East,Resale_Old,Medium,3+,BHEL,3300.0,0,0,0,0
3.0,18.0,31,33,47.0,0.6666666666666666,4.0,1715.0,17.49182,78.32617,30.0,0,1,0,1,0,0,1,0,0,Apartment,Semi_Furnished,East,Resale_Old,Medium,3+,Chandanagar,3498.0,0,0,0,0
3.0,36.0,31,33,0.0,0.5,4.0,1675.0,17.443855,78.250431,30.0,0,1,0,1,0,0,1,0,0,Apartment,Semi_Furnished,East,Resale_Old,Medium,3+,Kollur,3447.0,0,0,0,0
3.0,18.0,31,33,0.0,0.6666666666666666,4.0,1675.0,17.443855,78.250431,30.0,0,1,0,1,0,0,1,0,0,Apartment,Semi_Furnished,East,Resale_Old,Medium,3+,Kollur,3558.0,0,0,0,0
2.0,23.0,9,9,13.0,0.782608695652174,1.0,1280.0,17.405995,78.4055545,30.0,1,0,0,1,0,1,1,0,0,Apartment,Semi_Furnished,Unknown,Resale_Very_Old,Medium,1,: ,10000.0,0,0,0,0
3.0,23.0,10,10,13.0,0.2608695652173913,1.0,2275.0,17.4059656,78.4054404,30.0,1,0,0,1,0,1,1,0,0,Apartment,Semi_Furnished,Unknown,Resale_Very_Old,Large,1,Jubilee Hills,10000.0,0,0,0,0
3.0,18.0,14,16,10.0,1.0,1.0,1535.0,17.3907794,78.3489984,30.0,1,0,1,1,0,1,1,1,0,Apartment,Semi_Furnished,East,Resale_Very_Old,Medium,1,: ,9250.0,0,0,0,0
3.0,8.0,10,12,38.0,0.75,2.0,2750.0,17.4112375,78.35086,30.0,1,0,0,1,0,1,1,0,0,Apartment,Semi_Furnished,East,Resale_Very_Old,XL,2,Nanakramguda,9454.0,0,0,0,0
2.0,8.0,10,13,39.0,0.875,2.0,1250.0,17.411191,78.351451,30.0,1,0,0,1,0,0,1,0,0,Apartment,Furnished,West,Resale_Very_Old,Medium,2,Nanakramguda,11440.0,0,0,0,0
3.0,23.0,9,9,13.0,0.391304347826087,1.0,2260.0,17.405956,78.404979,30.0,1,0,0,1,0,0,1,0,0,Apartment,Semi_Furnished,Unknown,Resale_Very_Old,Large,1,Jubilee Hills,10000.0,0,0,0,0
2.0,23.0,10,12,13.0,0.217391304347826,1.0,1220.0,17.405956,78.404979,30.0,1,0,0,1,0,0,1,0,0,Apartment,Semi_Furnished,East,Resale_Very_Old,Medium,1,: ,10000.0,0,0,0,0
4.0,47.0,31,33,48.0,0.3191489361702128,2.0,3000.0,17.42278,78.34724,7.0,0,1,0,1,0,0,1,0,0,Apartment,Semi_Furnished,East,Resale_Old,XL,2,Nanakramguda,6300.0,0,0,0,0
3.0,47.0,31,33,25.0,0.425531914893617,2.0,3600.0,17.3923634,78.3621784,7.0,0,1,0,1,0,0,1,0,0,Apartment,Semi_Furnished,East,Resale_Old,XL,2,Narsingi,6300.0,0,0,0,0
3.0,17.0,8,10,1.0,0.7058823529411765,1.0,1601.0,17.442196,78.280067,14.0,0,1,0,1,0,0,1,0,0,Apartment,Semi_Furnished,East,Resale_Old,Medium,1,Osman Nagar,6000.0,0,0,0,0
3.0,22.0,23,25,17.0,0.4545454545454545,2.0,1615.0,17.4664197,78.285342,21.0,0,1,0,1,0,0,1,0,0,Apartment,Semi_Furnished,East,Resale_Old,Medium,2,: ,5999.0,0,0,0,0
2.0,22.0,22,24,1.0,0.4545454545454545,1.0,1345.0,17.442196,78.280067,21.0,0,1,0,1,0,0,1,0,0,Apartment,Semi_Furnished,East,Resale_Old,Medium,1,: ,6000.0,0,0,0,0
2.0,19.0,9,9,9.0,0.4736842105263157,2.0,1330.0,17.43498,78.175278,30.0,0,1,1,1,0,0,1,0,0,Apartment,Semi_Furnished,East,Resale_Old,Medium,2,: ,5398.0,0,0,0,0
3.0,2.0,20,20,9.0,0.5384615384615384,2.0,1800.0,17.575957,78.471167,30.0,0,1,0,1,0,0,1,0,0,Villa,Semi_Furnished,East,Resale_Old,Medium,2,: ,63250.0,1,0,0,0
3.0,2.0,20,20,9.0,0.5384615384615384,2.0,1800.0,17.575957,78.471167,30.0,0,1,0,1,0,0,1,0,0,Villa,Semi_Furnished,North,Resale_Old,Medium,2,: ,63250.0,1,0,0,0
3.0,2.0,27,27,9.0,0.5384615384615384,2.0,1503.0,17.575957,78.471167,30.0,0,1,0,1,0,0,1,0,0,Villa,Semi_Furnished,East,Resale_Old,Medium,2,: ,59281.0,1,0,0,0
3.0,2.0,27,27,9.0,0.5384615384615384,2.0,1503.0,17.575957,78.471167,30.0,0,1,0,1,0,0,1,0,0,Villa,Semi_Furnished,North,Resale_Old,Medium,2,: ,59281.0,1,0,0,0
4.0,50.0,26,29,48.0,0.4,3.0,5039.0,17.41214,78.36431,60.0,0,1,0,1,0,0,1,0,0,Apartment,Semi_Furnished,East,Resale_Old,XXL,3+,Khajaguda,11000.0,0,0,0,0
4.0,3.0,20,20,1.0,0.5384615384615384,3.0,280.0,17.442196,78.280067,14.0,0,1,1,1,0,0,1,0,0,Villa,Semi_Furnished,East,Resale_Old,Micro,3+,: ,13675.0,1,0,0,0
3.0,15.0,24,24,8.0,0.4,2.0,2360.0,17.4125664,78.3404365,30.0,1,0,1,1,0,0,1,0,0,Apartment,Semi_Furnished,East,Resale_Very_Old,Large,2,: ,9700.0,0,0,0,0
3.0,15.0,20,20,8.0,0.5333333333333333,1.0,2680.0,17.411744,78.341175,30.0,1,0,1,1,0,0,1,0,0,Apartment,Semi_Furnished,West,Resale_Very_Old,XL,1,: ,9000.0,0,0,0,0
3.0,15.0,8,8,8.0,0.4666666666666667,2.0,2360.0,17.411744,78.341175,30.0,1,0,1,1,0,0,1,0,0,Apartment,Semi_Furnished,East,Resale_Very_Old,Large,2,: ,9000.0,0,0,0,0
2.0,5.0,8,11,17.0,0.4,1.0,1150.0,17.311940823733476,78.47302608769566,30.0,1,0,0,1,0,0,1,0,0,Apartment,Semi_Furnished,West,Under_Construction,Small,1,: ,7826.0,0,0,0,0
3.0,35.0,8,11,10.0,0.1142857142857142,1.0,1492.0,17.4359437,78.3416731,30.0,1,0,1,1,0,0,1,0,0,Apartment,Furnished,West,Under_Construction,Medium,1,: ,11662.0,0,0,0,0
3.0,18.0,13,15,12.0,0.6666666666666666,2.0,1720.0,17.466742,78.337059,0.0,1,0,1,1,0,0,1,0,0,Apartment,Semi_Furnished,East,Resale_Very_Old,Medium,2,: ,10500.0,0,0,0,0
3.0,22.0,14,16,9.0,0.2272727272727272,2.0,1945.0,17.478221,78.312255,0.0,1,0,1,1,0,0,1,0,0,Apartment,Semi_Furnished,West,Resale_Very_Old,Large,2,: ,9511.0,0,0,0,0
3.0,35.0,16,18,10.0,0.4571428571428571,2.0,1742.0,17.41341,78.339447,,1,0,1,1,0,0,1,0,0,Apartment,Furnished,West,Under_Construction,Medium,2,: ,13777.0,0,0,0,0
3.0,22.0,16,18,9.0,0.3636363636363636,1.0,1550.0,17.478221,78.312255,,1,0,1,1,0,0,1,0,0,Apartment,Semi_Furnished,West,Under_Construction,Medium,1,: ,10322.0,0,0,0,0
3.0,18.0,15,17,12.0,0.9444444444444444,2.0,2710.0,17.466742,78.337059,2.0,1,0,1,1,0,0,1,0,0,Apartment,Semi_Furnished,West,Under_Construction,XL,2,: ,10750.0,0,0,0,0
3.0,32.0,10,12,13.0,0.75,1.0,2235.0,17.40223,78.3444,3.0,1,0,1,1,0,0,1,0,0,Apartment,Semi_Furnished,East,Resale_Very_Old,Large,1,: ,13055.0,0,0,0,0
2.0,18.0,11,13,12.0,0.2777777777777778,1.0,1340.0,17.4609913,78.3532083,3.0,1,0,1,1,0,0,1,0,0,Apartment,Semi_Furnished,East,Resale_Very_Old,Medium,1,: ,11725.0,0,0,0,0
3.0,18.0,9,11,12.0,0.7777777777777778,2.0,2080.0,17.4609913,78.3532083,3.0,1,0,1,1,0,0,1,0,0,Apartment,Semi_Furnished,East,Resale_Very_Old,Large,2,: ,12117.0,0,0,0,0
3.0,21.0,18,20,12.0,0.3333333333333333,2.0,1860.0,17.4692958,78.333071,7.0,1,0,1,1,0,0,1,0,0,Apartment,Semi_Furnished,West,Under_Construction,Large,2,: ,8387.0,0,0,0,0
3.0,18.0,9,9,12.0,0.5,2.0,1505.0,17.466742,78.337059,14.0,1,0,1,1,0,0,1,0,0,Apartment,Furnished,Unknown,Under_Construction,Medium,2,: ,10299.0,0,0,0,0
3.0,31.0,14,16,48.0,0.5384615384615384,2.0,2405.0,17.42278,78.34724,14.0,1,0,0,1,0,0,1,0,0,Apartment,Furnished,East,Under_Construction,Large,2,: ,11000.0,1,0,0,0
3.0,31.0,14,16,15.0,0.1935483870967742,3.0,1925.0,17.422584,78.350841,14.0,1,0,0,1,0,0,1,0,0,Apartment,Furnished,East,Under_Construction,Large,3+,: ,11948.0,0,0,0,0
3.0,18.0,12,14,12.0,0.9444444444444444,2.0,1505.0,17.466742,78.337059,14.0,1,0,1,1,0,0,1,0,0,Apartment,Semi_Furnished,East,Resale_Very_Old,Medium,2,: ,10963.0,0,0,0,0
3.0,17.0,14,16,48.0,0.7058823529411765,1.0,1835.0,17.433847,78.332074,14.0,1,0,0,1,0,0,1,0,0,Apartment,Furnished,West,Under_Construction,Large,1,: ,11907.0,0,0,0,0
3.0,30.0,13,15,8.0,0.5333333333333333,2.0,2055.0,17.400284,78.350663,14.0,1,0,0,1,0,0,1,0,0,Apartment,Semi_Furnished,East,Under_Construction,Large,2,: ,13442.0,0,0,0,0
2.0,31.0,20,22,15.0,0.7419354838709677,1.0,1245.0,17.422584,78.350841,14.0,1,0,0,1,0,0,1,0,0,Apartment,Unfurnished,North,Under_Construction,Medium,1,: ,14000.0,0,0,0,0
2.0,5.0,3,3,12.0,0.2,1.0,1125.0,17.311940823733476,78.47302608769566,21.0,1,0,1,1,0,0,1,0,0,Apartment,Semi_Furnished,East,Resale_Very_Old,Small,1,: ,5511.0,0,0,0,0
2.0,5.0,5,5,46.0,0.4,1.0,1130.0,17.4769491,78.5598292,30.0,1,0,0,1,0,0,1,0,0,Apartment,Semi_Furnished,East,Resale_Very_Old,Small,1,: ,5044.0,0,0,0,0
4.0,2.0,2,2,10.0,0.5384615384615384,3.0,2250.0,17.33746,78.38138,30.0,0,1,1,1,0,0,1,0,0,Villa,Semi_Furnished,West,Resale_Old,Large,3+,: ,152000.0,1,0,0,0
2.0,4.0,3,4,50.0,1.0,1.0,1050.0,17.4478104,78.5263305,30.0,1,0,0,1,0,0,1,1,0,Apartment,Furnished,NE,0_5_yrs,Small,1,: ,5904.0,0,0,0,0
3.0,25.0,24,27,13.0,0.44,2.0,1955.0,17.466409,78.311677,30.0,1,0,1,1,0,0,1,0,0,Apartment,Semi_Furnished,West,Resale_Very_Old,Large,2,Nallagandla,18371.0,0,0,0,0
3.0,5.0,7,8,49.0,0.4,2.0,1500.0,17.4417749,78.5010847,5.0,1,0,0,1,0,1,1,0,0,Apartment,Furnished,East,0_5_yrs,Medium,2,SD Road,8000.0,0,0,0,0
1.0,3.0,5,5,46.0,0.5384615384615384,1.0,500.0,17.4876857,78.5483395,6.0,1,0,0,1,0,0,1,0,0,Apartment,Furnished,East,0_5_yrs,Micro,1,Sainikpuri,5300.0,1,0,0,0
3.0,5.0,5,6,49.0,0.6,2.0,1325.0,17.4838,78.478233,6.0,1,0,0,1,0,0,1,0,0,Apartment,Furnished,West,0_5_yrs,Medium,2,Old Bowenpally,4981.0,0,0,0,0
2.0,5.0,4,4,49.0,0.4,2.0,1000.0,17.485456,78.487045,6.0,1,0,0,1,0,0,1,0,0,Apartment,Furnished,East,0_5_yrs,Small,2,Satya Sai Enclave,5200.0,0,0,0,0
2.0,5.0,4,5,50.0,0.6,2.0,1160.0,17.5179636,78.3813785,7.0,1,0,0,1,0,0,1,0,0,Apartment,Furnished,NE,Resale_Very_Old,Small,2,Nizampet,7327.0,0,0,0,0
4.0,1.0,3,3,46.0,0.5384615384615384,2.0,1197.0,17.4876857,78.5483395,7.0,1,0,0,1,0,0,0,0,0,Villa,Furnished,NE,0_5_yrs,Small,2,: ,75187.0,1,0,0,0
6.0,2.0,2,2,24.0,0.5384615384615384,3.0,1350.0,17.50107,78.59508,7.0,1,0,0,1,0,0,0,0,0,Builder_Floor,Furnished,NE,0_5_yrs,Medium,3+,: ,86666.0,1,0,0,0
2.0,0.0,3,3,11.0,0.5384615384615384,2.0,1503.0,17.4626216,78.6313624,7.0,1,0,0,1,0,0,0,0,0,Villa,Semi_Furnished,NE,Under_Construction,Medium,2,: ,47305.0,1,0,0,0
2.0,5.0,4,5,46.0,0.2,2.0,1000.0,17.4769491,78.5598292,7.0,1,0,0,1,0,0,1,0,0,Apartment,Furnished,East,0_5_yrs,Small,2,Dr AS Rao Nagar,5000.0,0,0,0,0
3.0,5.0,6,7,46.0,0.8,2.0,2219.0,17.4164707,78.4382469,14.0,1,0,0,1,0,0,1,0,0,Apartment,Furnished,West,5_10_yrs,Large,2,Banjara hills,7503.0,0,0,0,0
3.0,5.0,4,5,50.0,0.2,2.0,2600.0,17.413956,78.408351,14.0,1,0,0,1,0,0,1,0,0,Apartment,Furnished,SE,0_5_yrs,XL,2,Film Nagar,15384.0,0,0,0,0
2.0,5.0,7,7,50.0,0.8,1.0,1080.0,17.44704,78.50547,21.0,1,0,0,1,0,0,1,0,0,Apartment,Furnished,North,5_10_yrs,Small,1,Marredpally,8333.0,0,0,0,0
3.0,5.0,7,7,43.0,0.2,2.0,1675.0,17.4458134,78.4022389,30.0,1,0,0,1,0,1,1,0,0,Apartment,Semi_Furnished,Unknown,Resale_Very_Old,Medium,2,: ,10149.0,0,0,0,0
3.0,3.0,4,4,50.0,1.0,2.0,1440.0,17.449237,78.5007657,30.0,1,0,0,1,0,0,1,1,0,Apartment,Furnished,SE,5_10_yrs,Medium,2,West Marredpally,5208.0,0,0,0,0
3.0,5.0,9,11,50.0,0.8,2.0,1600.0,17.47078,78.30668,7.0,0,1,0,1,0,0,1,0,0,Apartment,Semi_Furnished,East,Resale_Old,Medium,2,Nallagandla,6400.0,0,0,0,0
2.0,5.0,7,9,50.0,0.6,2.0,1220.0,17.4011618,78.37569,14.0,1,0,0,1,0,0,1,0,0,Apartment,Semi_Furnished,East,Resale_Very_Old,Medium,2,Manikonda,5328.0,0,0,0,0
